front_img,back_img,class_id,class_path,coin_name
1211201795_front_crop.jpg,1211201795_back_crop.jpg,55,机制银币 > 地方省造 > 广东省造 > 光绪元宝 > 三钱六分,广东省造二角
1211201797_front_crop.jpg,1211201797_back_crop.jpg,55,机制银币 > 地方省造 > 广东省造 > 光绪元宝 > 三钱六分,广东省造二角
1211201799_front_crop.jpg,1211201799_back_crop.jpg,55,机制银币 > 地方省造 > 广东省造 > 光绪元宝 > 三钱六分,广东省造二角
1211201803_front_crop.jpg,1211201803_back_crop.jpg,55,机制银币 > 地方省造 > 广东省造 > 光绪元宝 > 三钱六分,广东省造二角
1211201805_front_crop.jpg,1211201805_back_crop.jpg,55,机制银币 > 地方省造 > 广东省造 > 光绪元宝 > 三钱六分,广东省造二角
1211201807_front_crop.jpg,1211201807_back_crop.jpg,55,机制银币 > 地方省造 > 广东省造 > 光绪元宝 > 三钱六分,广东省造二角
1211201809_front_crop.jpg,1211201809_back_crop.jpg,55,机制银币 > 地方省造 > 广东省造 > 光绪元宝 > 三钱六分,广东省造二角
1211201811_front_crop.jpg,1211201811_back_crop.jpg,55,机制银币 > 地方省造 > 广东省造 > 光绪元宝 > 三钱六分,广东省造二角
1211201813_front_crop.jpg,1211201813_back_crop.jpg,55,机制银币 > 地方省造 > 广东省造 > 光绪元宝 > 三钱六分,广东省造二角
1211201815_front_crop.jpg,1211201815_back_crop.jpg,55,机制银币 > 地方省造 > 广东省造 > 光绪元宝 > 三钱六分,广东省造二角
1211201817_front_crop.jpg,1211201817_back_crop.jpg,55,机制银币 > 地方省造 > 广东省造 > 光绪元宝 > 三钱六分,广东省造二角
1211201819_front_crop.jpg,1211201819_back_crop.jpg,55,机制银币 > 地方省造 > 广东省造 > 光绪元宝 > 三钱六分,广东省造二角
1211201821_front_crop.jpg,1211201821_back_crop.jpg,55,机制银币 > 地方省造 > 广东省造 > 光绪元宝 > 三钱六分,广东省造二角
1211201823_front_crop.jpg,1211201823_back_crop.jpg,55,机制银币 > 地方省造 > 广东省造 > 光绪元宝 > 三钱六分,广东省造二角
1211201827_front_crop.jpg,1211201827_back_crop.jpg,55,机制银币 > 地方省造 > 广东省造 > 光绪元宝 > 三钱六分,广东省造二角
1211201835_front_crop.jpg,1211201835_back_crop.jpg,55,机制银币 > 地方省造 > 广东省造 > 光绪元宝 > 三钱六分,广东省造二角
1211201837_front_crop.jpg,1211201837_back_crop.jpg,55,机制银币 > 地方省造 > 广东省造 > 光绪元宝 > 三钱六分,广东省造二角
1211201839_front_crop.jpg,1211201839_back_crop.jpg,55,机制银币 > 地方省造 > 广东省造 > 光绪元宝 > 三钱六分,广东省造二角
1211201841_front_crop.jpg,1211201841_back_crop.jpg,55,机制银币 > 地方省造 > 广东省造 > 光绪元宝 > 三钱六分,广东省造二角
1211201849_front_crop.jpg,1211201849_back_crop.jpg,9,机制银币 > 地方省造 > 湖北省造 > 双龙 > 一两 > 小字,西藏银币十两
1211201851_front_crop.jpg,1211201851_back_crop.jpg,9,机制银币 > 地方省造 > 湖北省造 > 双龙 > 一两 > 小字,西藏银币十两
1211201853_front_crop.jpg,1211201853_back_crop.jpg,9,机制银币 > 地方省造 > 湖北省造 > 双龙 > 一两 > 小字,西藏银币十两
1211201855_front_crop.jpg,1211201855_back_crop.jpg,9,机制银币 > 地方省造 > 湖北省造 > 双龙 > 一两 > 小字,西藏银币十两
1211201857_front_crop.jpg,1211201857_back_crop.jpg,58,机制银币 > 民国中央 > 袁世凯像 > 民国九年 > 壹圆 > 精发,袁世凯像壹圆
1211201859_front_crop.jpg,1211201859_back_crop.jpg,58,机制银币 > 民国中央 > 袁世凯像 > 民国九年 > 壹圆 > 精发,袁世凯像壹圆
1211201861_front_crop.jpg,1211201861_back_crop.jpg,58,机制银币 > 民国中央 > 袁世凯像 > 民国九年 > 壹圆 > 精发,袁世凯像壹圆
1211201863_front_crop.jpg,1211201863_back_crop.jpg,58,机制银币 > 民国中央 > 袁世凯像 > 民国九年 > 壹圆 > 精发,袁世凯像壹圆
1211201865_front_crop.jpg,1211201865_back_crop.jpg,58,机制银币 > 民国中央 > 袁世凯像 > 民国九年 > 壹圆 > 精发,袁世凯像壹圆
1211201867_front_crop.jpg,1211201867_back_crop.jpg,58,机制银币 > 民国中央 > 袁世凯像 > 民国九年 > 壹圆 > 精发,袁世凯像壹圆
1211201869_front_crop.jpg,1211201869_back_crop.jpg,58,机制银币 > 民国中央 > 袁世凯像 > 民国九年 > 壹圆 > 精发,袁世凯像壹圆
1211201871_front_crop.jpg,1211201871_back_crop.jpg,58,机制银币 > 民国中央 > 袁世凯像 > 民国九年 > 壹圆 > 精发,袁世凯像壹圆
1211201873_front_crop.jpg,1211201873_back_crop.jpg,58,机制银币 > 民国中央 > 袁世凯像 > 民国九年 > 壹圆 > 精发,袁世凯像壹圆
1211201875_front_crop.jpg,1211201875_back_crop.jpg,58,机制银币 > 民国中央 > 袁世凯像 > 民国九年 > 壹圆 > 精发,袁世凯像壹圆
1211201877_front_crop.jpg,1211201877_back_crop.jpg,58,机制银币 > 民国中央 > 袁世凯像 > 民国九年 > 壹圆 > 精发,袁世凯像壹圆
1211201879_front_crop.jpg,1211201879_back_crop.jpg,58,机制银币 > 民国中央 > 袁世凯像 > 民国九年 > 壹圆 > 精发,袁世凯像壹圆
1211201881_front_crop.jpg,1211201881_back_crop.jpg,58,机制银币 > 民国中央 > 袁世凯像 > 民国九年 > 壹圆 > 精发,袁世凯像壹圆
1211201883_front_crop.jpg,1211201883_back_crop.jpg,58,机制银币 > 民国中央 > 袁世凯像 > 民国九年 > 壹圆 > 精发,袁世凯像壹圆
1211201885_front_crop.jpg,1211201885_back_crop.jpg,58,机制银币 > 民国中央 > 袁世凯像 > 民国九年 > 壹圆 > 精发,袁世凯像壹圆
1211201887_front_crop.jpg,1211201887_back_crop.jpg,58,机制银币 > 民国中央 > 袁世凯像 > 民国九年 > 壹圆 > 精发,袁世凯像壹圆
1211201891_front_crop.jpg,1211201891_back_crop.jpg,58,机制银币 > 民国中央 > 袁世凯像 > 民国九年 > 壹圆 > 精发,袁世凯像壹圆
1211201893_front_crop.jpg,1211201893_back_crop.jpg,58,机制银币 > 民国中央 > 袁世凯像 > 民国九年 > 壹圆 > 精发,袁世凯像壹圆
1211201895_front_crop.jpg,1211201895_back_crop.jpg,58,机制银币 > 民国中央 > 袁世凯像 > 民国九年 > 壹圆 > 精发,袁世凯像壹圆
1211201897_front_crop.jpg,1211201897_back_crop.jpg,58,机制银币 > 民国中央 > 袁世凯像 > 民国九年 > 壹圆 > 精发,袁世凯像壹圆
1211201899_front_crop.jpg,1211201899_back_crop.jpg,58,机制银币 > 民国中央 > 袁世凯像 > 民国九年 > 壹圆 > 精发,袁世凯像壹圆
1211201901_front_crop.jpg,1211201901_back_crop.jpg,58,机制银币 > 民国中央 > 袁世凯像 > 民国九年 > 壹圆 > 精发,袁世凯像壹圆
1211201903_front_crop.jpg,1211201903_back_crop.jpg,58,机制银币 > 民国中央 > 袁世凯像 > 民国九年 > 壹圆 > 精发,袁世凯像壹圆
1211201905_front_crop.jpg,1211201905_back_crop.jpg,58,机制银币 > 民国中央 > 袁世凯像 > 民国九年 > 壹圆 > 精发,袁世凯像壹圆
1211201907_front_crop.jpg,1211201907_back_crop.jpg,58,机制银币 > 民国中央 > 袁世凯像 > 民国九年 > 壹圆 > 精发,袁世凯像壹圆
1211201909_front_crop.jpg,1211201909_back_crop.jpg,58,机制银币 > 民国中央 > 袁世凯像 > 民国九年 > 壹圆 > 精发,袁世凯像壹圆
1211201911_front_crop.jpg,1211201911_back_crop.jpg,58,机制银币 > 民国中央 > 袁世凯像 > 民国九年 > 壹圆 > 精发,袁世凯像壹圆
1211201913_front_crop.jpg,1211201913_back_crop.jpg,58,机制银币 > 民国中央 > 袁世凯像 > 民国九年 > 壹圆 > 精发,袁世凯像壹圆
1211201919_front_crop.jpg,1211201919_back_crop.jpg,41,机制银币 > 地方省造 > 奉天省造 > 光绪25年 > 一圆 > 有圈,造币总厂一圆
1211201923_front_crop.jpg,1211201923_back_crop.jpg,85,机制银币 > 纪念币 > 唐继尧像 > 拥护共和 > 三钱六分 > 正像,唐继尧像半圆
1211201925_front_crop.jpg,1211201925_back_crop.jpg,12,机制银币 > 地方省造 > 云南省造 > 光绪元宝 > 七钱二分 > 老龙,云南省造半圆
1211201937_front_crop.jpg,1211201937_back_crop.jpg,12,机制银币 > 地方省造 > 云南省造 > 光绪元宝 > 七钱二分 > 老龙,云南省造半圆
1211201943_front_crop.jpg,1211201943_back_crop.jpg,6,机制银币 > 地方省造 > 四川省造 > 光绪元宝 > 七钱二分 > 四角龙,福建省造二角
1211201945_front_crop.jpg,1211201945_back_crop.jpg,69,机制银币 > 民国中央 > 孙中山像 > 民国17年 > 壹圆 > 甘肃省造,孙中山像壹毫
1211201949_front_crop.jpg,1211201949_back_crop.jpg,58,机制银币 > 民国中央 > 袁世凯像 > 民国九年 > 壹圆 > 精发,袁世凯像壹圆
1211201955_front_crop.jpg,1211201955_back_crop.jpg,58,机制银币 > 民国中央 > 袁世凯像 > 民国九年 > 壹圆 > 精发,袁世凯像壹圆
1211202285_front_crop.jpg,1211202285_back_crop.jpg,87,机制银币 > 清代中央 > 光绪年造 > 丁未大清银币 > 壹圆,大清银币壹圆
1211202289_front_crop.jpg,1211202289_back_crop.jpg,70,机制银币 > 民国中央 > 孙中山像 > 开国纪念 > 壹圆 > 下五星,开国纪念壹圆
1211202291_front_crop.jpg,1211202291_back_crop.jpg,85,机制银币 > 纪念币 > 唐继尧像 > 拥护共和 > 三钱六分 > 正像,唐继尧像半圆
1211202297_front_crop.jpg,1211202297_back_crop.jpg,58,机制银币 > 民国中央 > 袁世凯像 > 民国九年 > 壹圆 > 精发,袁世凯像壹圆
1211202299_front_crop.jpg,1211202299_back_crop.jpg,58,机制银币 > 民国中央 > 袁世凯像 > 民国九年 > 壹圆 > 精发,袁世凯像壹圆
1211202301_front_crop.jpg,1211202301_back_crop.jpg,58,机制银币 > 民国中央 > 袁世凯像 > 民国九年 > 壹圆 > 精发,袁世凯像壹圆
1211202303_front_crop.jpg,1211202303_back_crop.jpg,58,机制银币 > 民国中央 > 袁世凯像 > 民国九年 > 壹圆 > 精发,袁世凯像壹圆
1211202307_front_crop.jpg,1211202307_back_crop.jpg,58,机制银币 > 民国中央 > 袁世凯像 > 民国九年 > 壹圆 > 精发,袁世凯像壹圆
1211202309_front_crop.jpg,1211202309_back_crop.jpg,58,机制银币 > 民国中央 > 袁世凯像 > 民国九年 > 壹圆 > 精发,袁世凯像壹圆
1211202311_front_crop.jpg,1211202311_back_crop.jpg,58,机制银币 > 民国中央 > 袁世凯像 > 民国九年 > 壹圆 > 精发,袁世凯像壹圆
1211202313_front_crop.jpg,1211202313_back_crop.jpg,58,机制银币 > 民国中央 > 袁世凯像 > 民国九年 > 壹圆 > 精发,袁世凯像壹圆
1211202315_front_crop.jpg,1211202315_back_crop.jpg,58,机制银币 > 民国中央 > 袁世凯像 > 民国九年 > 壹圆 > 精发,袁世凯像壹圆
1211202317_front_crop.jpg,1211202317_back_crop.jpg,58,机制银币 > 民国中央 > 袁世凯像 > 民国九年 > 壹圆 > 精发,袁世凯像壹圆
1211202319_front_crop.jpg,1211202319_back_crop.jpg,58,机制银币 > 民国中央 > 袁世凯像 > 民国九年 > 壹圆 > 精发,袁世凯像壹圆
1211202325_front_crop.jpg,1211202325_back_crop.jpg,58,机制银币 > 民国中央 > 袁世凯像 > 民国九年 > 壹圆 > 精发,袁世凯像壹圆
1211202331_front_crop.jpg,1211202331_back_crop.jpg,58,机制银币 > 民国中央 > 袁世凯像 > 民国九年 > 壹圆 > 精发,袁世凯像壹圆
1211202333_front_crop.jpg,1211202333_back_crop.jpg,58,机制银币 > 民国中央 > 袁世凯像 > 民国九年 > 壹圆 > 精发,袁世凯像壹圆
1211202337_front_crop.jpg,1211202337_back_crop.jpg,58,机制银币 > 民国中央 > 袁世凯像 > 民国九年 > 壹圆 > 精发,袁世凯像壹圆
1211202339_front_crop.jpg,1211202339_back_crop.jpg,58,机制银币 > 民国中央 > 袁世凯像 > 民国九年 > 壹圆 > 精发,袁世凯像壹圆
1211202345_front_crop.jpg,1211202345_back_crop.jpg,12,机制银币 > 地方省造 > 云南省造 > 光绪元宝 > 七钱二分 > 老龙,云南省造半圆
1211202647_front_crop.jpg,1211202647_back_crop.jpg,58,机制银币 > 民国中央 > 袁世凯像 > 民国九年 > 壹圆 > 精发,袁世凯像壹圆
1211202649_front_crop.jpg,1211202649_back_crop.jpg,58,机制银币 > 民国中央 > 袁世凯像 > 民国九年 > 壹圆 > 精发,袁世凯像壹圆
1211202651_front_crop.jpg,1211202651_back_crop.jpg,58,机制银币 > 民国中央 > 袁世凯像 > 民国九年 > 壹圆 > 精发,袁世凯像壹圆
1211202653_front_crop.jpg,1211202653_back_crop.jpg,58,机制银币 > 民国中央 > 袁世凯像 > 民国九年 > 壹圆 > 精发,袁世凯像壹圆
1211202655_front_crop.jpg,1211202655_back_crop.jpg,58,机制银币 > 民国中央 > 袁世凯像 > 民国九年 > 壹圆 > 精发,袁世凯像壹圆
1211202659_front_crop.jpg,1211202659_back_crop.jpg,69,机制银币 > 民国中央 > 孙中山像 > 民国17年 > 壹圆 > 甘肃省造,孙中山像壹圆
1211202661_front_crop.jpg,1211202661_back_crop.jpg,69,机制银币 > 民国中央 > 孙中山像 > 民国17年 > 壹圆 > 甘肃省造,孙中山像壹圆
1211202667_front_crop.jpg,1211202667_back_crop.jpg,69,机制银币 > 民国中央 > 孙中山像 > 民国17年 > 壹圆 > 甘肃省造,孙中山像壹圆
1211202873_front_crop.jpg,1211202873_back_crop.jpg,58,机制银币 > 民国中央 > 袁世凯像 > 民国九年 > 壹圆 > 精发,袁世凯像中圆
1211203293_front_crop.jpg,1211203293_back_crop.jpg,70,机制银币 > 民国中央 > 孙中山像 > 开国纪念 > 壹圆 > 下五星,开国纪念壹圆
1211203297_front_crop.jpg,1211203297_back_crop.jpg,58,机制银币 > 民国中央 > 袁世凯像 > 民国九年 > 壹圆 > 精发,袁世凯像壹圆
1211203305_front_crop.jpg,1211203305_back_crop.jpg,58,机制银币 > 民国中央 > 袁世凯像 > 民国九年 > 壹圆 > 精发,袁世凯像壹圆
1211203489_front_crop.jpg,1211203489_back_crop.jpg,58,机制银币 > 民国中央 > 袁世凯像 > 民国九年 > 壹圆 > 精发,袁世凯像壹圆
1211203491_front_crop.jpg,1211203491_back_crop.jpg,58,机制银币 > 民国中央 > 袁世凯像 > 民国九年 > 壹圆 > 精发,袁世凯像壹圆
1211203493_front_crop.jpg,1211203493_back_crop.jpg,58,机制银币 > 民国中央 > 袁世凯像 > 民国九年 > 壹圆 > 精发,袁世凯像壹圆
1211203495_front_crop.jpg,1211203495_back_crop.jpg,58,机制银币 > 民国中央 > 袁世凯像 > 民国九年 > 壹圆 > 精发,袁世凯像壹圆
1211203497_front_crop.jpg,1211203497_back_crop.jpg,58,机制银币 > 民国中央 > 袁世凯像 > 民国九年 > 壹圆 > 精发,袁世凯像壹圆
1211203499_front_crop.jpg,1211203499_back_crop.jpg,58,机制银币 > 民国中央 > 袁世凯像 > 民国九年 > 壹圆 > 精发,袁世凯像壹圆
1211203501_front_crop.jpg,1211203501_back_crop.jpg,58,机制银币 > 民国中央 > 袁世凯像 > 民国九年 > 壹圆 > 精发,袁世凯像壹圆
1211203509_front_crop.jpg,1211203509_back_crop.jpg,58,机制银币 > 民国中央 > 袁世凯像 > 民国九年 > 壹圆 > 精发,袁世凯像壹圆
1211203511_front_crop.jpg,1211203511_back_crop.jpg,58,机制银币 > 民国中央 > 袁世凯像 > 民国九年 > 壹圆 > 精发,袁世凯像壹圆
1211204021_front_crop.jpg,1211204021_back_crop.jpg,46,机制银币 > 地方省造 > 北洋造 > 光绪24年 > 壹圆,北洋局造一圆
1211204023_front_crop.jpg,1211204023_back_crop.jpg,58,机制银币 > 民国中央 > 袁世凯像 > 民国九年 > 壹圆 > 精发,袁世凯像壹圆
1211204025_front_crop.jpg,1211204025_back_crop.jpg,58,机制银币 > 民国中央 > 袁世凯像 > 民国九年 > 壹圆 > 精发,袁世凯像壹圆
1211204027_front_crop.jpg,1211204027_back_crop.jpg,58,机制银币 > 民国中央 > 袁世凯像 > 民国九年 > 壹圆 > 精发,袁世凯像壹圆
1211204029_front_crop.jpg,1211204029_back_crop.jpg,58,机制银币 > 民国中央 > 袁世凯像 > 民国九年 > 壹圆 > 精发,袁世凯像壹圆
1211204031_front_crop.jpg,1211204031_back_crop.jpg,58,机制银币 > 民国中央 > 袁世凯像 > 民国九年 > 壹圆 > 精发,袁世凯像壹圆
1211204033_front_crop.jpg,1211204033_back_crop.jpg,58,机制银币 > 民国中央 > 袁世凯像 > 民国九年 > 壹圆 > 精发,袁世凯像壹圆
1211204035_front_crop.jpg,1211204035_back_crop.jpg,58,机制银币 > 民国中央 > 袁世凯像 > 民国九年 > 壹圆 > 精发,袁世凯像壹圆
1211204037_front_crop.jpg,1211204037_back_crop.jpg,58,机制银币 > 民国中央 > 袁世凯像 > 民国九年 > 壹圆 > 精发,袁世凯像壹圆
1211204039_front_crop.jpg,1211204039_back_crop.jpg,58,机制银币 > 民国中央 > 袁世凯像 > 民国九年 > 壹圆 > 精发,袁世凯像壹圆
1211204041_front_crop.jpg,1211204041_back_crop.jpg,58,机制银币 > 民国中央 > 袁世凯像 > 民国九年 > 壹圆 > 精发,袁世凯像壹圆
1211204043_front_crop.jpg,1211204043_back_crop.jpg,58,机制银币 > 民国中央 > 袁世凯像 > 民国九年 > 壹圆 > 精发,袁世凯像壹圆
1211204045_front_crop.jpg,1211204045_back_crop.jpg,58,机制银币 > 民国中央 > 袁世凯像 > 民国九年 > 壹圆 > 精发,袁世凯像壹圆
1211204047_front_crop.jpg,1211204047_back_crop.jpg,58,机制银币 > 民国中央 > 袁世凯像 > 民国九年 > 壹圆 > 精发,袁世凯像壹圆
1211204049_front_crop.jpg,1211204049_back_crop.jpg,58,机制银币 > 民国中央 > 袁世凯像 > 民国九年 > 壹圆 > 精发,袁世凯像壹圆
1211204051_front_crop.jpg,1211204051_back_crop.jpg,58,机制银币 > 民国中央 > 袁世凯像 > 民国九年 > 壹圆 > 精发,袁世凯像壹圆
1211204053_front_crop.jpg,1211204053_back_crop.jpg,58,机制银币 > 民国中央 > 袁世凯像 > 民国九年 > 壹圆 > 精发,袁世凯像壹圆
1211204055_front_crop.jpg,1211204055_back_crop.jpg,58,机制银币 > 民国中央 > 袁世凯像 > 民国九年 > 壹圆 > 精发,袁世凯像壹圆
1211204057_front_crop.jpg,1211204057_back_crop.jpg,58,机制银币 > 民国中央 > 袁世凯像 > 民国九年 > 壹圆 > 精发,袁世凯像壹圆
1211204059_front_crop.jpg,1211204059_back_crop.jpg,69,机制银币 > 民国中央 > 孙中山像 > 民国17年 > 壹圆 > 甘肃省造,孙中山像壹圆
1211204061_front_crop.jpg,1211204061_back_crop.jpg,69,机制银币 > 民国中央 > 孙中山像 > 民国17年 > 壹圆 > 甘肃省造,孙中山像壹圆
1211204063_front_crop.jpg,1211204063_back_crop.jpg,69,机制银币 > 民国中央 > 孙中山像 > 民国17年 > 壹圆 > 甘肃省造,孙中山像壹圆
1211204065_front_crop.jpg,1211204065_back_crop.jpg,69,机制银币 > 民国中央 > 孙中山像 > 民国17年 > 壹圆 > 甘肃省造,孙中山像壹圆
1211204067_front_crop.jpg,1211204067_back_crop.jpg,69,机制银币 > 民国中央 > 孙中山像 > 民国17年 > 壹圆 > 甘肃省造,孙中山像壹圆
1211204069_front_crop.jpg,1211204069_back_crop.jpg,69,机制银币 > 民国中央 > 孙中山像 > 民国17年 > 壹圆 > 甘肃省造,孙中山像壹圆
1211204071_front_crop.jpg,1211204071_back_crop.jpg,69,机制银币 > 民国中央 > 孙中山像 > 民国17年 > 壹圆 > 甘肃省造,孙中山像壹圆
1211204073_front_crop.jpg,1211204073_back_crop.jpg,69,机制银币 > 民国中央 > 孙中山像 > 民国17年 > 壹圆 > 甘肃省造,孙中山像壹圆
1211204075_front_crop.jpg,1211204075_back_crop.jpg,69,机制银币 > 民国中央 > 孙中山像 > 民国17年 > 壹圆 > 甘肃省造,孙中山像壹圆
1211204077_front_crop.jpg,1211204077_back_crop.jpg,69,机制银币 > 民国中央 > 孙中山像 > 民国17年 > 壹圆 > 甘肃省造,孙中山像壹圆
1211204079_front_crop.jpg,1211204079_back_crop.jpg,69,机制银币 > 民国中央 > 孙中山像 > 民国17年 > 壹圆 > 甘肃省造,孙中山像壹圆
1211204081_front_crop.jpg,1211204081_back_crop.jpg,69,机制银币 > 民国中央 > 孙中山像 > 民国17年 > 壹圆 > 甘肃省造,孙中山像壹圆
1211204083_front_crop.jpg,1211204083_back_crop.jpg,69,机制银币 > 民国中央 > 孙中山像 > 民国17年 > 壹圆 > 甘肃省造,孙中山像壹圆
1211204085_front_crop.jpg,1211204085_back_crop.jpg,69,机制银币 > 民国中央 > 孙中山像 > 民国17年 > 壹圆 > 甘肃省造,孙中山像壹圆
1211204087_front_crop.jpg,1211204087_back_crop.jpg,69,机制银币 > 民国中央 > 孙中山像 > 民国17年 > 壹圆 > 甘肃省造,孙中山像壹圆
1211204089_front_crop.jpg,1211204089_back_crop.jpg,69,机制银币 > 民国中央 > 孙中山像 > 民国17年 > 壹圆 > 甘肃省造,孙中山像壹圆
1211204093_front_crop.jpg,1211204093_back_crop.jpg,58,机制银币 > 民国中央 > 袁世凯像 > 民国九年 > 壹圆 > 精发,袁世凯像壹圆
1211204097_front_crop.jpg,1211204097_back_crop.jpg,70,机制银币 > 民国中央 > 孙中山像 > 开国纪念 > 壹圆 > 下五星,开国纪念壹圆
1211204099_front_crop.jpg,1211204099_back_crop.jpg,70,机制银币 > 民国中央 > 孙中山像 > 开国纪念 > 壹圆 > 下五星,开国纪念壹圆
1211204101_front_crop.jpg,1211204101_back_crop.jpg,70,机制银币 > 民国中央 > 孙中山像 > 开国纪念 > 壹圆 > 下五星,开国纪念壹圆
1211204117_front_crop.jpg,1211204117_back_crop.jpg,58,机制银币 > 民国中央 > 袁世凯像 > 民国九年 > 壹圆 > 精发,袁世凯像壹圆
1211204119_front_crop.jpg,1211204119_back_crop.jpg,58,机制银币 > 民国中央 > 袁世凯像 > 民国九年 > 壹圆 > 精发,袁世凯像壹圆
1211204121_front_crop.jpg,1211204121_back_crop.jpg,70,机制银币 > 民国中央 > 孙中山像 > 开国纪念 > 壹圆 > 下五星,开国纪念壹圆
1211204125_front_crop.jpg,1211204125_back_crop.jpg,58,机制银币 > 民国中央 > 袁世凯像 > 民国九年 > 壹圆 > 精发,袁世凯像壹圆
1211204127_front_crop.jpg,1211204127_back_crop.jpg,58,机制银币 > 民国中央 > 袁世凯像 > 民国九年 > 壹圆 > 精发,袁世凯像壹圆
1211204131_front_crop.jpg,1211204131_back_crop.jpg,12,机制银币 > 地方省造 > 云南省造 > 光绪元宝 > 七钱二分 > 老龙,云南省造半圆
1211204133_front_crop.jpg,1211204133_back_crop.jpg,12,机制银币 > 地方省造 > 云南省造 > 光绪元宝 > 七钱二分 > 老龙,云南省造半圆
1211204135_front_crop.jpg,1211204135_back_crop.jpg,69,机制银币 > 民国中央 > 孙中山像 > 民国17年 > 壹圆 > 甘肃省造,孙中山像壹圆
1211204137_front_crop.jpg,1211204137_back_crop.jpg,12,机制银币 > 地方省造 > 云南省造 > 光绪元宝 > 七钱二分 > 老龙,云南省造贰角
1211204139_front_crop.jpg,1211204139_back_crop.jpg,12,机制银币 > 地方省造 > 云南省造 > 光绪元宝 > 七钱二分 > 老龙,云南省造半圆
1211204141_front_crop.jpg,1211204141_back_crop.jpg,12,机制银币 > 地方省造 > 云南省造 > 光绪元宝 > 七钱二分 > 老龙,云南省造半圆
1211204145_front_crop.jpg,1211204145_back_crop.jpg,12,机制银币 > 地方省造 > 云南省造 > 光绪元宝 > 七钱二分 > 老龙,云南省造半圆
1211204153_front_crop.jpg,1211204153_back_crop.jpg,12,机制银币 > 地方省造 > 云南省造 > 光绪元宝 > 七钱二分 > 老龙,云南省造半圆
1211204155_front_crop.jpg,1211204155_back_crop.jpg,12,机制银币 > 地方省造 > 云南省造 > 光绪元宝 > 七钱二分 > 老龙,云南省造半圆
1211204161_front_crop.jpg,1211204161_back_crop.jpg,12,机制银币 > 地方省造 > 云南省造 > 光绪元宝 > 七钱二分 > 老龙,云南省造半圆
1211204163_front_crop.jpg,1211204163_back_crop.jpg,12,机制银币 > 地方省造 > 云南省造 > 光绪元宝 > 七钱二分 > 老龙,云南省造半圆
1211204165_front_crop.jpg,1211204165_back_crop.jpg,0,机制银币 > 地方省造 > 四川省造 > 军政府 > 壹圆 > 普通,四川银币壹圆
1211204167_front_crop.jpg,1211204167_back_crop.jpg,0,机制银币 > 地方省造 > 四川省造 > 军政府 > 壹圆 > 普通,四川银币壹圆
1211204169_front_crop.jpg,1211204169_back_crop.jpg,0,机制银币 > 地方省造 > 四川省造 > 军政府 > 壹圆 > 普通,四川银币壹圆
1211204219_front_crop.jpg,1211204219_back_crop.jpg,69,机制银币 > 民国中央 > 孙中山像 > 民国17年 > 壹圆 > 甘肃省造,孙中山像壹圆
1211204221_front_crop.jpg,1211204221_back_crop.jpg,69,机制银币 > 民国中央 > 孙中山像 > 民国17年 > 壹圆 > 甘肃省造,孙中山像壹圆
1211204223_front_crop.jpg,1211204223_back_crop.jpg,69,机制银币 > 民国中央 > 孙中山像 > 民国17年 > 壹圆 > 甘肃省造,孙中山像壹圆
1211204225_front_crop.jpg,1211204225_back_crop.jpg,69,机制银币 > 民国中央 > 孙中山像 > 民国17年 > 壹圆 > 甘肃省造,孙中山像壹圆
1211204227_front_crop.jpg,1211204227_back_crop.jpg,69,机制银币 > 民国中央 > 孙中山像 > 民国17年 > 壹圆 > 甘肃省造,孙中山像壹圆
1211204229_front_crop.jpg,1211204229_back_crop.jpg,69,机制银币 > 民国中央 > 孙中山像 > 民国17年 > 壹圆 > 甘肃省造,孙中山像壹圆
1211204231_front_crop.jpg,1211204231_back_crop.jpg,69,机制银币 > 民国中央 > 孙中山像 > 民国17年 > 壹圆 > 甘肃省造,孙中山像壹圆
1211204233_front_crop.jpg,1211204233_back_crop.jpg,69,机制银币 > 民国中央 > 孙中山像 > 民国17年 > 壹圆 > 甘肃省造,孙中山像壹圆
1211204235_front_crop.jpg,1211204235_back_crop.jpg,69,机制银币 > 民国中央 > 孙中山像 > 民国17年 > 壹圆 > 甘肃省造,孙中山像壹圆
1211204237_front_crop.jpg,1211204237_back_crop.jpg,69,机制银币 > 民国中央 > 孙中山像 > 民国17年 > 壹圆 > 甘肃省造,孙中山像壹圆
1211204239_front_crop.jpg,1211204239_back_crop.jpg,69,机制银币 > 民国中央 > 孙中山像 > 民国17年 > 壹圆 > 甘肃省造,孙中山像壹圆
1211204241_front_crop.jpg,1211204241_back_crop.jpg,69,机制银币 > 民国中央 > 孙中山像 > 民国17年 > 壹圆 > 甘肃省造,孙中山像壹圆
1211204243_front_crop.jpg,1211204243_back_crop.jpg,58,机制银币 > 民国中央 > 袁世凯像 > 民国九年 > 壹圆 > 精发,袁世凯像壹圆
1211204245_front_crop.jpg,1211204245_back_crop.jpg,58,机制银币 > 民国中央 > 袁世凯像 > 民国九年 > 壹圆 > 精发,袁世凯像壹圆
1211204247_front_crop.jpg,1211204247_back_crop.jpg,58,机制银币 > 民国中央 > 袁世凯像 > 民国九年 > 壹圆 > 精发,袁世凯像壹圆
1211204249_front_crop.jpg,1211204249_back_crop.jpg,58,机制银币 > 民国中央 > 袁世凯像 > 民国九年 > 壹圆 > 精发,袁世凯像壹圆
1211204251_front_crop.jpg,1211204251_back_crop.jpg,58,机制银币 > 民国中央 > 袁世凯像 > 民国九年 > 壹圆 > 精发,袁世凯像壹圆
1211204253_front_crop.jpg,1211204253_back_crop.jpg,58,机制银币 > 民国中央 > 袁世凯像 > 民国九年 > 壹圆 > 精发,袁世凯像壹圆
1211204255_front_crop.jpg,1211204255_back_crop.jpg,58,机制银币 > 民国中央 > 袁世凯像 > 民国九年 > 壹圆 > 精发,袁世凯像壹圆
1211204257_front_crop.jpg,1211204257_back_crop.jpg,58,机制银币 > 民国中央 > 袁世凯像 > 民国九年 > 壹圆 > 精发,袁世凯像壹圆
1211204259_front_crop.jpg,1211204259_back_crop.jpg,58,机制银币 > 民国中央 > 袁世凯像 > 民国九年 > 壹圆 > 精发,袁世凯像壹圆
1211204261_front_crop.jpg,1211204261_back_crop.jpg,58,机制银币 > 民国中央 > 袁世凯像 > 民国九年 > 壹圆 > 精发,袁世凯像壹圆
1211204267_front_crop.jpg,1211204267_back_crop.jpg,12,机制银币 > 地方省造 > 云南省造 > 光绪元宝 > 七钱二分 > 老龙,云南省造半圆
1211204269_front_crop.jpg,1211204269_back_crop.jpg,12,机制银币 > 地方省造 > 云南省造 > 光绪元宝 > 七钱二分 > 老龙,云南省造半圆
1211204271_front_crop.jpg,1211204271_back_crop.jpg,12,机制银币 > 地方省造 > 云南省造 > 光绪元宝 > 七钱二分 > 老龙,云南省造半圆
1211204273_front_crop.jpg,1211204273_back_crop.jpg,12,机制银币 > 地方省造 > 云南省造 > 光绪元宝 > 七钱二分 > 老龙,云南省造半圆
1211204275_front_crop.jpg,1211204275_back_crop.jpg,12,机制银币 > 地方省造 > 云南省造 > 光绪元宝 > 七钱二分 > 老龙,云南省造半圆
1211204277_front_crop.jpg,1211204277_back_crop.jpg,12,机制银币 > 地方省造 > 云南省造 > 光绪元宝 > 七钱二分 > 老龙,云南省造半圆
1211204281_front_crop.jpg,1211204281_back_crop.jpg,12,机制银币 > 地方省造 > 云南省造 > 光绪元宝 > 七钱二分 > 老龙,云南省造半圆
1211204283_front_crop.jpg,1211204283_back_crop.jpg,12,机制银币 > 地方省造 > 云南省造 > 光绪元宝 > 七钱二分 > 老龙,云南省造半圆
1211204319_front_crop.jpg,1211204319_back_crop.jpg,58,机制银币 > 民国中央 > 袁世凯像 > 民国九年 > 壹圆 > 精发,袁世凯像壹圆
1211204321_front_crop.jpg,1211204321_back_crop.jpg,58,机制银币 > 民国中央 > 袁世凯像 > 民国九年 > 壹圆 > 精发,袁世凯像壹圆
1211204323_front_crop.jpg,1211204323_back_crop.jpg,69,机制银币 > 民国中央 > 孙中山像 > 民国17年 > 壹圆 > 甘肃省造,孙中山像壹圆
1211204325_front_crop.jpg,1211204325_back_crop.jpg,69,机制银币 > 民国中央 > 孙中山像 > 民国17年 > 壹圆 > 甘肃省造,孙中山像壹圆
1211204327_front_crop.jpg,1211204327_back_crop.jpg,69,机制银币 > 民国中央 > 孙中山像 > 民国17年 > 壹圆 > 甘肃省造,孙中山像壹圆
1211204329_front_crop.jpg,1211204329_back_crop.jpg,69,机制银币 > 民国中央 > 孙中山像 > 民国17年 > 壹圆 > 甘肃省造,孙中山像壹圆
1211204331_front_crop.jpg,1211204331_back_crop.jpg,58,机制银币 > 民国中央 > 袁世凯像 > 民国九年 > 壹圆 > 精发,袁世凯像壹圆
1211204335_front_crop.jpg,1211204335_back_crop.jpg,58,机制银币 > 民国中央 > 袁世凯像 > 民国九年 > 壹圆 > 精发,袁世凯像壹圆
1211204375_front_crop.jpg,1211204375_back_crop.jpg,58,机制银币 > 民国中央 > 袁世凯像 > 民国九年 > 壹圆 > 精发,袁世凯像壹圆
1211204377_front_crop.jpg,1211204377_back_crop.jpg,58,机制银币 > 民国中央 > 袁世凯像 > 民国九年 > 壹圆 > 精发,袁世凯像壹圆
1211204379_front_crop.jpg,1211204379_back_crop.jpg,58,机制银币 > 民国中央 > 袁世凯像 > 民国九年 > 壹圆 > 精发,袁世凯像壹圆
1211204381_front_crop.jpg,1211204381_back_crop.jpg,58,机制银币 > 民国中央 > 袁世凯像 > 民国九年 > 壹圆 > 精发,袁世凯像壹圆
1211204383_front_crop.jpg,1211204383_back_crop.jpg,58,机制银币 > 民国中央 > 袁世凯像 > 民国九年 > 壹圆 > 精发,袁世凯像壹圆
1211204407_front_crop.jpg,1211204407_back_crop.jpg,58,机制银币 > 民国中央 > 袁世凯像 > 民国九年 > 壹圆 > 精发,袁世凯像壹圆
1211204421_front_crop.jpg,1211204421_back_crop.jpg,69,机制银币 > 民国中央 > 孙中山像 > 民国17年 > 壹圆 > 甘肃省造,孙中山像壹圆
1211204423_front_crop.jpg,1211204423_back_crop.jpg,58,机制银币 > 民国中央 > 袁世凯像 > 民国九年 > 壹圆 > 精发,袁世凯像壹圆
1211204427_front_crop.jpg,1211204427_back_crop.jpg,58,机制银币 > 民国中央 > 袁世凯像 > 民国九年 > 壹圆 > 精发,袁世凯像壹圆
1211204431_front_crop.jpg,1211204431_back_crop.jpg,58,机制银币 > 民国中央 > 袁世凯像 > 民国九年 > 壹圆 > 精发,袁世凯像壹圆
1211204433_front_crop.jpg,1211204433_back_crop.jpg,58,机制银币 > 民国中央 > 袁世凯像 > 民国九年 > 壹圆 > 精发,袁世凯像壹圆
1211204435_front_crop.jpg,1211204435_back_crop.jpg,58,机制银币 > 民国中央 > 袁世凯像 > 民国九年 > 壹圆 > 精发,袁世凯像壹圆
1211204439_front_crop.jpg,1211204439_back_crop.jpg,70,机制银币 > 民国中央 > 孙中山像 > 开国纪念 > 壹圆 > 下五星,开国纪念壹圆
1211204441_front_crop.jpg,1211204441_back_crop.jpg,70,机制银币 > 民国中央 > 孙中山像 > 开国纪念 > 壹圆 > 下五星,开国纪念壹圆
1211204443_front_crop.jpg,1211204443_back_crop.jpg,70,机制银币 > 民国中央 > 孙中山像 > 开国纪念 > 壹圆 > 下五星,开国纪念壹圆
1211204445_front_crop.jpg,1211204445_back_crop.jpg,70,机制银币 > 民国中央 > 孙中山像 > 开国纪念 > 壹圆 > 下五星,开国纪念壹圆
1211204447_front_crop.jpg,1211204447_back_crop.jpg,70,机制银币 > 民国中央 > 孙中山像 > 开国纪念 > 壹圆 > 下五星,开国纪念壹圆
1211204449_front_crop.jpg,1211204449_back_crop.jpg,70,机制银币 > 民国中央 > 孙中山像 > 开国纪念 > 壹圆 > 下五星,开国纪念壹圆
1211204451_front_crop.jpg,1211204451_back_crop.jpg,70,机制银币 > 民国中央 > 孙中山像 > 开国纪念 > 壹圆 > 下五星,开国纪念壹圆
1211204453_front_crop.jpg,1211204453_back_crop.jpg,70,机制银币 > 民国中央 > 孙中山像 > 开国纪念 > 壹圆 > 下五星,开国纪念壹圆
1211204455_front_crop.jpg,1211204455_back_crop.jpg,70,机制银币 > 民国中央 > 孙中山像 > 开国纪念 > 壹圆 > 下五星,开国纪念壹圆
1211204457_front_crop.jpg,1211204457_back_crop.jpg,70,机制银币 > 民国中央 > 孙中山像 > 开国纪念 > 壹圆 > 下五星,开国纪念壹圆
1211204459_front_crop.jpg,1211204459_back_crop.jpg,70,机制银币 > 民国中央 > 孙中山像 > 开国纪念 > 壹圆 > 下五星,开国纪念壹圆
1211204461_front_crop.jpg,1211204461_back_crop.jpg,70,机制银币 > 民国中央 > 孙中山像 > 开国纪念 > 壹圆 > 下五星,开国纪念壹圆
1211204463_front_crop.jpg,1211204463_back_crop.jpg,70,机制银币 > 民国中央 > 孙中山像 > 开国纪念 > 壹圆 > 下五星,开国纪念壹圆
1211204507_front_crop.jpg,1211204507_back_crop.jpg,4,机制银币 > 地方省造 > 四川省造 > 光绪元宝 > 三钱六分 > 银币,西藏银币三两
1211204509_front_crop.jpg,1211204509_back_crop.jpg,12,机制银币 > 地方省造 > 云南省造 > 光绪元宝 > 七钱二分 > 老龙,云南省造半圆
1211204515_front_crop.jpg,1211204515_back_crop.jpg,58,机制银币 > 民国中央 > 袁世凯像 > 民国九年 > 壹圆 > 精发,袁世凯像壹圆
1211204517_front_crop.jpg,1211204517_back_crop.jpg,58,机制银币 > 民国中央 > 袁世凯像 > 民国九年 > 壹圆 > 精发,袁世凯像壹圆
1211204521_front_crop.jpg,1211204521_back_crop.jpg,46,机制银币 > 地方省造 > 北洋造 > 光绪24年 > 壹圆,北洋局造一圆
1211204527_front_crop.jpg,1211204527_back_crop.jpg,69,机制银币 > 民国中央 > 孙中山像 > 民国17年 > 壹圆 > 甘肃省造,孙中山像壹圆
1211204529_front_crop.jpg,1211204529_back_crop.jpg,87,机制银币 > 清代中央 > 光绪年造 > 丁未大清银币 > 壹圆,大清银币壹圆
1211204531_front_crop.jpg,1211204531_back_crop.jpg,41,机制银币 > 地方省造 > 奉天省造 > 光绪25年 > 一圆 > 有圈,造币总厂一圆
1211204545_front_crop.jpg,1211204545_back_crop.jpg,9,机制银币 > 地方省造 > 湖北省造 > 双龙 > 一两 > 小字,西藏银币十两
1211204547_front_crop.jpg,1211204547_back_crop.jpg,9,机制银币 > 地方省造 > 湖北省造 > 双龙 > 一两 > 小字,西藏银币十两
1211204549_front_crop.jpg,1211204549_back_crop.jpg,9,机制银币 > 地方省造 > 湖北省造 > 双龙 > 一两 > 小字,西藏银币十两
1211204553_front_crop.jpg,1211204553_back_crop.jpg,9,机制银币 > 地方省造 > 湖北省造 > 双龙 > 一两 > 小字,西藏银币十两
1211204555_front_crop.jpg,1211204555_back_crop.jpg,9,机制银币 > 地方省造 > 湖北省造 > 双龙 > 一两 > 小字,西藏银币十两
1211204559_front_crop.jpg,1211204559_back_crop.jpg,9,机制银币 > 地方省造 > 湖北省造 > 双龙 > 一两 > 小字,西藏银币十两
1211204563_front_crop.jpg,1211204563_back_crop.jpg,1,机制银币 > 地方省造 > 四川省造 > 军政府 > 五角 > 普通,西藏银币五钱
1211204613_front_crop.jpg,1211204613_back_crop.jpg,70,机制银币 > 民国中央 > 孙中山像 > 开国纪念 > 壹圆 > 下五星,开国纪念壹圆
1211204615_front_crop.jpg,1211204615_back_crop.jpg,70,机制银币 > 民国中央 > 孙中山像 > 开国纪念 > 壹圆 > 下五星,开国纪念壹圆
1211204617_front_crop.jpg,1211204617_back_crop.jpg,70,机制银币 > 民国中央 > 孙中山像 > 开国纪念 > 壹圆 > 下五星,开国纪念壹圆
1211204619_front_crop.jpg,1211204619_back_crop.jpg,70,机制银币 > 民国中央 > 孙中山像 > 开国纪念 > 壹圆 > 下五星,开国纪念壹圆
1211204621_front_crop.jpg,1211204621_back_crop.jpg,70,机制银币 > 民国中央 > 孙中山像 > 开国纪念 > 壹圆 > 下五星,开国纪念壹圆
1211204623_front_crop.jpg,1211204623_back_crop.jpg,70,机制银币 > 民国中央 > 孙中山像 > 开国纪念 > 壹圆 > 下五星,开国纪念壹圆
1211204625_front_crop.jpg,1211204625_back_crop.jpg,70,机制银币 > 民国中央 > 孙中山像 > 开国纪念 > 壹圆 > 下五星,开国纪念壹圆
1211204631_front_crop.jpg,1211204631_back_crop.jpg,46,机制银币 > 地方省造 > 北洋造 > 光绪24年 > 壹圆,北洋局造一圆
1211204633_front_crop.jpg,1211204633_back_crop.jpg,46,机制银币 > 地方省造 > 北洋造 > 光绪24年 > 壹圆,北洋局造一圆
1211204639_front_crop.jpg,1211204639_back_crop.jpg,58,机制银币 > 民国中央 > 袁世凯像 > 民国九年 > 壹圆 > 精发,袁世凯像壹圆
1211204641_front_crop.jpg,1211204641_back_crop.jpg,58,机制银币 > 民国中央 > 袁世凯像 > 民国九年 > 壹圆 > 精发,袁世凯像壹圆
1211204663_front_crop.jpg,1211204663_back_crop.jpg,58,机制银币 > 民国中央 > 袁世凯像 > 民国九年 > 壹圆 > 精发,袁世凯像壹圆
1211204665_front_crop.jpg,1211204665_back_crop.jpg,58,机制银币 > 民国中央 > 袁世凯像 > 民国九年 > 壹圆 > 精发,袁世凯像壹圆
1211204667_front_crop.jpg,1211204667_back_crop.jpg,58,机制银币 > 民国中央 > 袁世凯像 > 民国九年 > 壹圆 > 精发,袁世凯像壹圆
1211204671_front_crop.jpg,1211204671_back_crop.jpg,58,机制银币 > 民国中央 > 袁世凯像 > 民国九年 > 壹圆 > 精发,袁世凯像壹圆
1211204679_front_crop.jpg,1211204679_back_crop.jpg,58,机制银币 > 民国中央 > 袁世凯像 > 民国九年 > 壹圆 > 精发,袁世凯像壹圆
1211204701_front_crop.jpg,1211204701_back_crop.jpg,58,机制银币 > 民国中央 > 袁世凯像 > 民国九年 > 壹圆 > 精发,袁世凯像壹圆
1211204705_front_crop.jpg,1211204705_back_crop.jpg,58,机制银币 > 民国中央 > 袁世凯像 > 民国九年 > 壹圆 > 精发,袁世凯像壹圆
1211204711_front_crop.jpg,1211204711_back_crop.jpg,9,机制银币 > 地方省造 > 湖北省造 > 双龙 > 一两 > 小字,西藏银币十两
1211204727_front_crop.jpg,1211204727_back_crop.jpg,70,机制银币 > 民国中央 > 孙中山像 > 开国纪念 > 壹圆 > 下五星,开国纪念壹圆
1211204729_front_crop.jpg,1211204729_back_crop.jpg,58,机制银币 > 民国中央 > 袁世凯像 > 民国九年 > 壹圆 > 精发,袁世凯像壹圆
1211204731_front_crop.jpg,1211204731_back_crop.jpg,58,机制银币 > 民国中央 > 袁世凯像 > 民国九年 > 壹圆 > 精发,袁世凯像壹圆
1211204733_front_crop.jpg,1211204733_back_crop.jpg,58,机制银币 > 民国中央 > 袁世凯像 > 民国九年 > 壹圆 > 精发,袁世凯像壹圆
1211204735_front_crop.jpg,1211204735_back_crop.jpg,58,机制银币 > 民国中央 > 袁世凯像 > 民国九年 > 壹圆 > 精发,袁世凯像壹圆
1211204737_front_crop.jpg,1211204737_back_crop.jpg,58,机制银币 > 民国中央 > 袁世凯像 > 民国九年 > 壹圆 > 精发,袁世凯像壹圆
1211204739_front_crop.jpg,1211204739_back_crop.jpg,58,机制银币 > 民国中央 > 袁世凯像 > 民国九年 > 壹圆 > 精发,袁世凯像壹圆
1211204741_front_crop.jpg,1211204741_back_crop.jpg,58,机制银币 > 民国中央 > 袁世凯像 > 民国九年 > 壹圆 > 精发,袁世凯像壹圆
1211204743_front_crop.jpg,1211204743_back_crop.jpg,58,机制银币 > 民国中央 > 袁世凯像 > 民国九年 > 壹圆 > 精发,袁世凯像壹圆
1211204745_front_crop.jpg,1211204745_back_crop.jpg,58,机制银币 > 民国中央 > 袁世凯像 > 民国九年 > 壹圆 > 精发,袁世凯像壹圆
1211204751_front_crop.jpg,1211204751_back_crop.jpg,58,机制银币 > 民国中央 > 袁世凯像 > 民国九年 > 壹圆 > 精发,袁世凯像壹圆
1211204753_front_crop.jpg,1211204753_back_crop.jpg,12,机制银币 > 地方省造 > 云南省造 > 光绪元宝 > 七钱二分 > 老龙,云南省造半圆
1211204755_front_crop.jpg,1211204755_back_crop.jpg,12,机制银币 > 地方省造 > 云南省造 > 光绪元宝 > 七钱二分 > 老龙,云南省造贰角
1211204757_front_crop.jpg,1211204757_back_crop.jpg,12,机制银币 > 地方省造 > 云南省造 > 光绪元宝 > 七钱二分 > 老龙,云南省造贰角
1211204765_front_crop.jpg,1211204765_back_crop.jpg,46,机制银币 > 地方省造 > 北洋造 > 光绪24年 > 壹圆,北洋局造一圆
1211204973_front_crop.jpg,1211204973_back_crop.jpg,58,机制银币 > 民国中央 > 袁世凯像 > 民国九年 > 壹圆 > 精发,袁世凯像壹圆
1211204981_front_crop.jpg,1211204981_back_crop.jpg,58,机制银币 > 民国中央 > 袁世凯像 > 民国九年 > 壹圆 > 精发,袁世凯像壹角
1211205797_front_crop.jpg,1211205797_back_crop.jpg,58,机制银币 > 民国中央 > 袁世凯像 > 民国九年 > 壹圆 > 精发,袁世凯像壹圆
1211205801_front_crop.jpg,1211205801_back_crop.jpg,70,机制银币 > 民国中央 > 孙中山像 > 开国纪念 > 壹圆 > 下五星,开国纪念壹圆
1211205803_front_crop.jpg,1211205803_back_crop.jpg,0,机制银币 > 地方省造 > 四川省造 > 军政府 > 壹圆 > 普通,四川银币壹圆
1211205805_front_crop.jpg,1211205805_back_crop.jpg,0,机制银币 > 地方省造 > 四川省造 > 军政府 > 壹圆 > 普通,四川省造卢比
1211205807_front_crop.jpg,1211205807_back_crop.jpg,12,机制银币 > 地方省造 > 云南省造 > 光绪元宝 > 七钱二分 > 老龙,云南省造半圆
1211205809_front_crop.jpg,1211205809_back_crop.jpg,12,机制银币 > 地方省造 > 云南省造 > 光绪元宝 > 七钱二分 > 老龙,云南省造半圆
1211205821_front_crop.jpg,1211205821_back_crop.jpg,58,机制银币 > 民国中央 > 袁世凯像 > 民国九年 > 壹圆 > 精发,袁世凯像壹圆
1211205823_front_crop.jpg,1211205823_back_crop.jpg,58,机制银币 > 民国中央 > 袁世凯像 > 民国九年 > 壹圆 > 精发,袁世凯像壹圆
1211205825_front_crop.jpg,1211205825_back_crop.jpg,58,机制银币 > 民国中央 > 袁世凯像 > 民国九年 > 壹圆 > 精发,袁世凯像壹圆
1211205827_front_crop.jpg,1211205827_back_crop.jpg,58,机制银币 > 民国中央 > 袁世凯像 > 民国九年 > 壹圆 > 精发,袁世凯像壹圆
1211205829_front_crop.jpg,1211205829_back_crop.jpg,58,机制银币 > 民国中央 > 袁世凯像 > 民国九年 > 壹圆 > 精发,袁世凯像壹圆
1211205831_front_crop.jpg,1211205831_back_crop.jpg,58,机制银币 > 民国中央 > 袁世凯像 > 民国九年 > 壹圆 > 精发,袁世凯像壹圆
1211205843_front_crop.jpg,1211205843_back_crop.jpg,58,机制银币 > 民国中央 > 袁世凯像 > 民国九年 > 壹圆 > 精发,袁世凯像壹圆
1211205847_front_crop.jpg,1211205847_back_crop.jpg,69,机制银币 > 民国中央 > 孙中山像 > 民国17年 > 壹圆 > 甘肃省造,孙中山像壹圆
1211205849_front_crop.jpg,1211205849_back_crop.jpg,69,机制银币 > 民国中央 > 孙中山像 > 民国17年 > 壹圆 > 甘肃省造,孙中山像壹圆
1211205861_front_crop.jpg,1211205861_back_crop.jpg,58,机制银币 > 民国中央 > 袁世凯像 > 民国九年 > 壹圆 > 精发,袁世凯像贰角
1211205863_front_crop.jpg,1211205863_back_crop.jpg,58,机制银币 > 民国中央 > 袁世凯像 > 民国九年 > 壹圆 > 精发,袁世凯像壹圆
1211205865_front_crop.jpg,1211205865_back_crop.jpg,58,机制银币 > 民国中央 > 袁世凯像 > 民国九年 > 壹圆 > 精发,袁世凯像壹圆
1211205887_front_crop.jpg,1211205887_back_crop.jpg,58,机制银币 > 民国中央 > 袁世凯像 > 民国九年 > 壹圆 > 精发,袁世凯像壹圆
1211205889_front_crop.jpg,1211205889_back_crop.jpg,58,机制银币 > 民国中央 > 袁世凯像 > 民国九年 > 壹圆 > 精发,袁世凯像壹圆
1211205903_front_crop.jpg,1211205903_back_crop.jpg,69,机制银币 > 民国中央 > 孙中山像 > 民国17年 > 壹圆 > 甘肃省造,孙中山像壹圆
1211205925_front_crop.jpg,1211205925_back_crop.jpg,12,机制银币 > 地方省造 > 云南省造 > 光绪元宝 > 七钱二分 > 老龙,云南省造贰角
1211205931_front_crop.jpg,1211205931_back_crop.jpg,18,机制银币 > 地方省造 > 东三省造 > 光绪元宝 > 七钱二分,东三省造二角
1211205933_front_crop.jpg,1211205933_back_crop.jpg,18,机制银币 > 地方省造 > 东三省造 > 光绪元宝 > 七钱二分,东三省造二角
1211205935_front_crop.jpg,1211205935_back_crop.jpg,18,机制银币 > 地方省造 > 东三省造 > 光绪元宝 > 七钱二分,东三省造二角
1211205939_front_crop.jpg,1211205939_back_crop.jpg,18,机制银币 > 地方省造 > 东三省造 > 光绪元宝 > 七钱二分,东三省造二角
1211205941_front_crop.jpg,1211205941_back_crop.jpg,18,机制银币 > 地方省造 > 东三省造 > 光绪元宝 > 七钱二分,东三省造二角
1211205943_front_crop.jpg,1211205943_back_crop.jpg,18,机制银币 > 地方省造 > 东三省造 > 光绪元宝 > 七钱二分,东三省造二角
1211205999_front_crop.jpg,1211205999_back_crop.jpg,18,机制银币 > 地方省造 > 东三省造 > 光绪元宝 > 七钱二分,东三省造二角
1211206003_front_crop.jpg,1211206003_back_crop.jpg,55,机制银币 > 地方省造 > 广东省造 > 光绪元宝 > 三钱六分,广东省造贰毫
1211206005_front_crop.jpg,1211206005_back_crop.jpg,55,机制银币 > 地方省造 > 广东省造 > 光绪元宝 > 三钱六分,广东省造贰毫
1211206007_front_crop.jpg,1211206007_back_crop.jpg,55,机制银币 > 地方省造 > 广东省造 > 光绪元宝 > 三钱六分,广东省造贰毫
1211206009_front_crop.jpg,1211206009_back_crop.jpg,55,机制银币 > 地方省造 > 广东省造 > 光绪元宝 > 三钱六分,广东省造贰毫
1211206011_front_crop.jpg,1211206011_back_crop.jpg,55,机制银币 > 地方省造 > 广东省造 > 光绪元宝 > 三钱六分,广东省造贰毫
1211206013_front_crop.jpg,1211206013_back_crop.jpg,55,机制银币 > 地方省造 > 广东省造 > 光绪元宝 > 三钱六分,广东省造贰毫
1211206015_front_crop.jpg,1211206015_back_crop.jpg,55,机制银币 > 地方省造 > 广东省造 > 光绪元宝 > 三钱六分,广东省造贰毫
1211206017_front_crop.jpg,1211206017_back_crop.jpg,55,机制银币 > 地方省造 > 广东省造 > 光绪元宝 > 三钱六分,广东省造贰毫
1211206019_front_crop.jpg,1211206019_back_crop.jpg,55,机制银币 > 地方省造 > 广东省造 > 光绪元宝 > 三钱六分,广东省造贰毫
1211206021_front_crop.jpg,1211206021_back_crop.jpg,55,机制银币 > 地方省造 > 广东省造 > 光绪元宝 > 三钱六分,广东省造贰毫
1211206027_front_crop.jpg,1211206027_back_crop.jpg,55,机制银币 > 地方省造 > 广东省造 > 光绪元宝 > 三钱六分,广东省造贰毫
1211206029_front_crop.jpg,1211206029_back_crop.jpg,55,机制银币 > 地方省造 > 广东省造 > 光绪元宝 > 三钱六分,广东省造贰毫
1211206031_front_crop.jpg,1211206031_back_crop.jpg,55,机制银币 > 地方省造 > 广东省造 > 光绪元宝 > 三钱六分,广东省造贰毫
1211206033_front_crop.jpg,1211206033_back_crop.jpg,55,机制银币 > 地方省造 > 广东省造 > 光绪元宝 > 三钱六分,广东省造贰毫
1211206035_front_crop.jpg,1211206035_back_crop.jpg,55,机制银币 > 地方省造 > 广东省造 > 光绪元宝 > 三钱六分,广东省造贰毫
1211206037_front_crop.jpg,1211206037_back_crop.jpg,55,机制银币 > 地方省造 > 广东省造 > 光绪元宝 > 三钱六分,广东省造贰毫
1211206039_front_crop.jpg,1211206039_back_crop.jpg,55,机制银币 > 地方省造 > 广东省造 > 光绪元宝 > 三钱六分,广东省造贰毫
1211206041_front_crop.jpg,1211206041_back_crop.jpg,55,机制银币 > 地方省造 > 广东省造 > 光绪元宝 > 三钱六分,广东省造贰毫
1211206043_front_crop.jpg,1211206043_back_crop.jpg,55,机制银币 > 地方省造 > 广东省造 > 光绪元宝 > 三钱六分,广东省造贰毫
1211206049_front_crop.jpg,1211206049_back_crop.jpg,55,机制银币 > 地方省造 > 广东省造 > 光绪元宝 > 三钱六分,广东省造贰毫
1211206051_front_crop.jpg,1211206051_back_crop.jpg,55,机制银币 > 地方省造 > 广东省造 > 光绪元宝 > 三钱六分,广东省造贰毫
1211206053_front_crop.jpg,1211206053_back_crop.jpg,55,机制银币 > 地方省造 > 广东省造 > 光绪元宝 > 三钱六分,广东省造贰毫
1211206055_front_crop.jpg,1211206055_back_crop.jpg,55,机制银币 > 地方省造 > 广东省造 > 光绪元宝 > 三钱六分,广东省造贰毫
1211206057_front_crop.jpg,1211206057_back_crop.jpg,55,机制银币 > 地方省造 > 广东省造 > 光绪元宝 > 三钱六分,广东省造贰毫
1211206059_front_crop.jpg,1211206059_back_crop.jpg,55,机制银币 > 地方省造 > 广东省造 > 光绪元宝 > 三钱六分,广东省造贰毫
1211206061_front_crop.jpg,1211206061_back_crop.jpg,55,机制银币 > 地方省造 > 广东省造 > 光绪元宝 > 三钱六分,广东省造贰毫
1211206065_front_crop.jpg,1211206065_back_crop.jpg,55,机制银币 > 地方省造 > 广东省造 > 光绪元宝 > 三钱六分,广东省造贰毫
1211206069_front_crop.jpg,1211206069_back_crop.jpg,55,机制银币 > 地方省造 > 广东省造 > 光绪元宝 > 三钱六分,广东省造贰毫
1211206071_front_crop.jpg,1211206071_back_crop.jpg,55,机制银币 > 地方省造 > 广东省造 > 光绪元宝 > 三钱六分,广东省造贰毫
1211206073_front_crop.jpg,1211206073_back_crop.jpg,55,机制银币 > 地方省造 > 广东省造 > 光绪元宝 > 三钱六分,广东省造贰毫
1211206075_front_crop.jpg,1211206075_back_crop.jpg,55,机制银币 > 地方省造 > 广东省造 > 光绪元宝 > 三钱六分,广东省造贰毫
1211206079_front_crop.jpg,1211206079_back_crop.jpg,55,机制银币 > 地方省造 > 广东省造 > 光绪元宝 > 三钱六分,广东省造贰毫
1211206083_front_crop.jpg,1211206083_back_crop.jpg,55,机制银币 > 地方省造 > 广东省造 > 光绪元宝 > 三钱六分,广东省造贰毫
1211206085_front_crop.jpg,1211206085_back_crop.jpg,55,机制银币 > 地方省造 > 广东省造 > 光绪元宝 > 三钱六分,广东省造贰毫
1211206087_front_crop.jpg,1211206087_back_crop.jpg,55,机制银币 > 地方省造 > 广东省造 > 光绪元宝 > 三钱六分,广东省造贰毫
1211206089_front_crop.jpg,1211206089_back_crop.jpg,55,机制银币 > 地方省造 > 广东省造 > 光绪元宝 > 三钱六分,广东省造贰毫
1211206091_front_crop.jpg,1211206091_back_crop.jpg,55,机制银币 > 地方省造 > 广东省造 > 光绪元宝 > 三钱六分,广东省造贰毫
1211206093_front_crop.jpg,1211206093_back_crop.jpg,55,机制银币 > 地方省造 > 广东省造 > 光绪元宝 > 三钱六分,广东省造贰毫
1211206095_front_crop.jpg,1211206095_back_crop.jpg,55,机制银币 > 地方省造 > 广东省造 > 光绪元宝 > 三钱六分,广东省造贰毫
1211206097_front_crop.jpg,1211206097_back_crop.jpg,55,机制银币 > 地方省造 > 广东省造 > 光绪元宝 > 三钱六分,广东省造贰毫
1211206099_front_crop.jpg,1211206099_back_crop.jpg,55,机制银币 > 地方省造 > 广东省造 > 光绪元宝 > 三钱六分,广东省造贰毫
1211206101_front_crop.jpg,1211206101_back_crop.jpg,55,机制银币 > 地方省造 > 广东省造 > 光绪元宝 > 三钱六分,广东省造贰毫
1211206103_front_crop.jpg,1211206103_back_crop.jpg,55,机制银币 > 地方省造 > 广东省造 > 光绪元宝 > 三钱六分,广东省造贰毫
1211206105_front_crop.jpg,1211206105_back_crop.jpg,55,机制银币 > 地方省造 > 广东省造 > 光绪元宝 > 三钱六分,广东省造贰毫
1211206109_front_crop.jpg,1211206109_back_crop.jpg,55,机制银币 > 地方省造 > 广东省造 > 光绪元宝 > 三钱六分,广东省造贰毫
1211206111_front_crop.jpg,1211206111_back_crop.jpg,55,机制银币 > 地方省造 > 广东省造 > 光绪元宝 > 三钱六分,广东省造贰毫
1211206113_front_crop.jpg,1211206113_back_crop.jpg,55,机制银币 > 地方省造 > 广东省造 > 光绪元宝 > 三钱六分,广东省造贰毫
1211206115_front_crop.jpg,1211206115_back_crop.jpg,55,机制银币 > 地方省造 > 广东省造 > 光绪元宝 > 三钱六分,广东省造贰毫
1211206119_front_crop.jpg,1211206119_back_crop.jpg,55,机制银币 > 地方省造 > 广东省造 > 光绪元宝 > 三钱六分,广东省造贰毫
1211206121_front_crop.jpg,1211206121_back_crop.jpg,55,机制银币 > 地方省造 > 广东省造 > 光绪元宝 > 三钱六分,广东省造贰毫
1211206123_front_crop.jpg,1211206123_back_crop.jpg,55,机制银币 > 地方省造 > 广东省造 > 光绪元宝 > 三钱六分,广东省造贰毫
1211206125_front_crop.jpg,1211206125_back_crop.jpg,55,机制银币 > 地方省造 > 广东省造 > 光绪元宝 > 三钱六分,广东省造贰毫
1211206127_front_crop.jpg,1211206127_back_crop.jpg,55,机制银币 > 地方省造 > 广东省造 > 光绪元宝 > 三钱六分,广东省造贰毫
1211206129_front_crop.jpg,1211206129_back_crop.jpg,55,机制银币 > 地方省造 > 广东省造 > 光绪元宝 > 三钱六分,广东省造贰毫
1211206131_front_crop.jpg,1211206131_back_crop.jpg,55,机制银币 > 地方省造 > 广东省造 > 光绪元宝 > 三钱六分,广东省造贰毫
1211206133_front_crop.jpg,1211206133_back_crop.jpg,12,机制银币 > 地方省造 > 云南省造 > 光绪元宝 > 七钱二分 > 老龙,云南省造半圆
1211206135_front_crop.jpg,1211206135_back_crop.jpg,12,机制银币 > 地方省造 > 云南省造 > 光绪元宝 > 七钱二分 > 老龙,云南省造半圆
1211206137_front_crop.jpg,1211206137_back_crop.jpg,12,机制银币 > 地方省造 > 云南省造 > 光绪元宝 > 七钱二分 > 老龙,云南省造半圆
1211206139_front_crop.jpg,1211206139_back_crop.jpg,12,机制银币 > 地方省造 > 云南省造 > 光绪元宝 > 七钱二分 > 老龙,云南省造半圆
1211206141_front_crop.jpg,1211206141_back_crop.jpg,12,机制银币 > 地方省造 > 云南省造 > 光绪元宝 > 七钱二分 > 老龙,云南省造半圆
1211206143_front_crop.jpg,1211206143_back_crop.jpg,12,机制银币 > 地方省造 > 云南省造 > 光绪元宝 > 七钱二分 > 老龙,云南省造半圆
1211206145_front_crop.jpg,1211206145_back_crop.jpg,12,机制银币 > 地方省造 > 云南省造 > 光绪元宝 > 七钱二分 > 老龙,云南省造半圆
1211206147_front_crop.jpg,1211206147_back_crop.jpg,12,机制银币 > 地方省造 > 云南省造 > 光绪元宝 > 七钱二分 > 老龙,云南省造半圆
1211206149_front_crop.jpg,1211206149_back_crop.jpg,12,机制银币 > 地方省造 > 云南省造 > 光绪元宝 > 七钱二分 > 老龙,云南省造半圆
1211206151_front_crop.jpg,1211206151_back_crop.jpg,12,机制银币 > 地方省造 > 云南省造 > 光绪元宝 > 七钱二分 > 老龙,云南省造半圆
1211206153_front_crop.jpg,1211206153_back_crop.jpg,12,机制银币 > 地方省造 > 云南省造 > 光绪元宝 > 七钱二分 > 老龙,云南省造半圆
1211206155_front_crop.jpg,1211206155_back_crop.jpg,12,机制银币 > 地方省造 > 云南省造 > 光绪元宝 > 七钱二分 > 老龙,云南省造半圆
1211206157_front_crop.jpg,1211206157_back_crop.jpg,12,机制银币 > 地方省造 > 云南省造 > 光绪元宝 > 七钱二分 > 老龙,云南省造半圆
1211206159_front_crop.jpg,1211206159_back_crop.jpg,12,机制银币 > 地方省造 > 云南省造 > 光绪元宝 > 七钱二分 > 老龙,云南省造半圆
1211206161_front_crop.jpg,1211206161_back_crop.jpg,12,机制银币 > 地方省造 > 云南省造 > 光绪元宝 > 七钱二分 > 老龙,云南省造半圆
1211206163_front_crop.jpg,1211206163_back_crop.jpg,12,机制银币 > 地方省造 > 云南省造 > 光绪元宝 > 七钱二分 > 老龙,云南省造半圆
1211206165_front_crop.jpg,1211206165_back_crop.jpg,12,机制银币 > 地方省造 > 云南省造 > 光绪元宝 > 七钱二分 > 老龙,云南省造半圆
1211206167_front_crop.jpg,1211206167_back_crop.jpg,12,机制银币 > 地方省造 > 云南省造 > 光绪元宝 > 七钱二分 > 老龙,云南省造半圆
1211206169_front_crop.jpg,1211206169_back_crop.jpg,12,机制银币 > 地方省造 > 云南省造 > 光绪元宝 > 七钱二分 > 老龙,云南省造半圆
1211206171_front_crop.jpg,1211206171_back_crop.jpg,12,机制银币 > 地方省造 > 云南省造 > 光绪元宝 > 七钱二分 > 老龙,云南省造半圆
1211206173_front_crop.jpg,1211206173_back_crop.jpg,12,机制银币 > 地方省造 > 云南省造 > 光绪元宝 > 七钱二分 > 老龙,云南省造半圆
1211206175_front_crop.jpg,1211206175_back_crop.jpg,12,机制银币 > 地方省造 > 云南省造 > 光绪元宝 > 七钱二分 > 老龙,云南省造半圆
1211206177_front_crop.jpg,1211206177_back_crop.jpg,12,机制银币 > 地方省造 > 云南省造 > 光绪元宝 > 七钱二分 > 老龙,云南省造半圆
1211206179_front_crop.jpg,1211206179_back_crop.jpg,12,机制银币 > 地方省造 > 云南省造 > 光绪元宝 > 七钱二分 > 老龙,云南省造半圆
1211206181_front_crop.jpg,1211206181_back_crop.jpg,12,机制银币 > 地方省造 > 云南省造 > 光绪元宝 > 七钱二分 > 老龙,云南省造半圆
1211206183_front_crop.jpg,1211206183_back_crop.jpg,12,机制银币 > 地方省造 > 云南省造 > 光绪元宝 > 七钱二分 > 老龙,云南省造半圆
1211206187_front_crop.jpg,1211206187_back_crop.jpg,12,机制银币 > 地方省造 > 云南省造 > 光绪元宝 > 七钱二分 > 老龙,云南省造半圆
1211206189_front_crop.jpg,1211206189_back_crop.jpg,12,机制银币 > 地方省造 > 云南省造 > 光绪元宝 > 七钱二分 > 老龙,云南省造半圆
1211206191_front_crop.jpg,1211206191_back_crop.jpg,12,机制银币 > 地方省造 > 云南省造 > 光绪元宝 > 七钱二分 > 老龙,云南省造半圆
1211206193_front_crop.jpg,1211206193_back_crop.jpg,12,机制银币 > 地方省造 > 云南省造 > 光绪元宝 > 七钱二分 > 老龙,云南省造半圆
1211206195_front_crop.jpg,1211206195_back_crop.jpg,12,机制银币 > 地方省造 > 云南省造 > 光绪元宝 > 七钱二分 > 老龙,云南省造半圆
1211206197_front_crop.jpg,1211206197_back_crop.jpg,12,机制银币 > 地方省造 > 云南省造 > 光绪元宝 > 七钱二分 > 老龙,云南省造半圆
1211206199_front_crop.jpg,1211206199_back_crop.jpg,12,机制银币 > 地方省造 > 云南省造 > 光绪元宝 > 七钱二分 > 老龙,云南省造半圆
1211206201_front_crop.jpg,1211206201_back_crop.jpg,12,机制银币 > 地方省造 > 云南省造 > 光绪元宝 > 七钱二分 > 老龙,云南省造半圆
1211206203_front_crop.jpg,1211206203_back_crop.jpg,12,机制银币 > 地方省造 > 云南省造 > 光绪元宝 > 七钱二分 > 老龙,云南省造半圆
1211206205_front_crop.jpg,1211206205_back_crop.jpg,12,机制银币 > 地方省造 > 云南省造 > 光绪元宝 > 七钱二分 > 老龙,云南省造半圆
1211206207_front_crop.jpg,1211206207_back_crop.jpg,12,机制银币 > 地方省造 > 云南省造 > 光绪元宝 > 七钱二分 > 老龙,云南省造半圆
1211206209_front_crop.jpg,1211206209_back_crop.jpg,12,机制银币 > 地方省造 > 云南省造 > 光绪元宝 > 七钱二分 > 老龙,云南省造半圆
1211206211_front_crop.jpg,1211206211_back_crop.jpg,12,机制银币 > 地方省造 > 云南省造 > 光绪元宝 > 七钱二分 > 老龙,云南省造半圆
1211206215_front_crop.jpg,1211206215_back_crop.jpg,12,机制银币 > 地方省造 > 云南省造 > 光绪元宝 > 七钱二分 > 老龙,云南省造半圆
1211206217_front_crop.jpg,1211206217_back_crop.jpg,12,机制银币 > 地方省造 > 云南省造 > 光绪元宝 > 七钱二分 > 老龙,云南省造半圆
1211206219_front_crop.jpg,1211206219_back_crop.jpg,12,机制银币 > 地方省造 > 云南省造 > 光绪元宝 > 七钱二分 > 老龙,云南省造半圆
1211206221_front_crop.jpg,1211206221_back_crop.jpg,12,机制银币 > 地方省造 > 云南省造 > 光绪元宝 > 七钱二分 > 老龙,云南省造半圆
1211206223_front_crop.jpg,1211206223_back_crop.jpg,12,机制银币 > 地方省造 > 云南省造 > 光绪元宝 > 七钱二分 > 老龙,云南省造半圆
1211206225_front_crop.jpg,1211206225_back_crop.jpg,12,机制银币 > 地方省造 > 云南省造 > 光绪元宝 > 七钱二分 > 老龙,云南省造半圆
1211206227_front_crop.jpg,1211206227_back_crop.jpg,12,机制银币 > 地方省造 > 云南省造 > 光绪元宝 > 七钱二分 > 老龙,云南省造半圆
1211206229_front_crop.jpg,1211206229_back_crop.jpg,12,机制银币 > 地方省造 > 云南省造 > 光绪元宝 > 七钱二分 > 老龙,云南省造半圆
1211206231_front_crop.jpg,1211206231_back_crop.jpg,12,机制银币 > 地方省造 > 云南省造 > 光绪元宝 > 七钱二分 > 老龙,云南省造半圆
1211206233_front_crop.jpg,1211206233_back_crop.jpg,12,机制银币 > 地方省造 > 云南省造 > 光绪元宝 > 七钱二分 > 老龙,云南省造半圆
1211206235_front_crop.jpg,1211206235_back_crop.jpg,12,机制银币 > 地方省造 > 云南省造 > 光绪元宝 > 七钱二分 > 老龙,云南省造半圆
1211206237_front_crop.jpg,1211206237_back_crop.jpg,70,机制银币 > 民国中央 > 孙中山像 > 开国纪念 > 壹圆 > 下五星,开国纪念壹圆
1211206239_front_crop.jpg,1211206239_back_crop.jpg,69,机制银币 > 民国中央 > 孙中山像 > 民国17年 > 壹圆 > 甘肃省造,孙中山像壹圆
1211206241_front_crop.jpg,1211206241_back_crop.jpg,58,机制银币 > 民国中央 > 袁世凯像 > 民国九年 > 壹圆 > 精发,袁世凯像壹圆
1211206243_front_crop.jpg,1211206243_back_crop.jpg,58,机制银币 > 民国中央 > 袁世凯像 > 民国九年 > 壹圆 > 精发,袁世凯像壹圆
1211206245_front_crop.jpg,1211206245_back_crop.jpg,58,机制银币 > 民国中央 > 袁世凯像 > 民国九年 > 壹圆 > 精发,袁世凯像壹圆
1211206255_front_crop.jpg,1211206255_back_crop.jpg,55,机制银币 > 地方省造 > 广东省造 > 光绪元宝 > 三钱六分,广东省造贰毫
1211206257_front_crop.jpg,1211206257_back_crop.jpg,55,机制银币 > 地方省造 > 广东省造 > 光绪元宝 > 三钱六分,广东省造贰毫
1211206259_front_crop.jpg,1211206259_back_crop.jpg,55,机制银币 > 地方省造 > 广东省造 > 光绪元宝 > 三钱六分,广东省造贰毫
1211206261_front_crop.jpg,1211206261_back_crop.jpg,55,机制银币 > 地方省造 > 广东省造 > 光绪元宝 > 三钱六分,广东省造贰毫
1211206267_front_crop.jpg,1211206267_back_crop.jpg,55,机制银币 > 地方省造 > 广东省造 > 光绪元宝 > 三钱六分,广东省造贰毫
1211206269_front_crop.jpg,1211206269_back_crop.jpg,55,机制银币 > 地方省造 > 广东省造 > 光绪元宝 > 三钱六分,广东省造贰毫
1211206277_front_crop.jpg,1211206277_back_crop.jpg,55,机制银币 > 地方省造 > 广东省造 > 光绪元宝 > 三钱六分,广东省造贰毫
1211206279_front_crop.jpg,1211206279_back_crop.jpg,55,机制银币 > 地方省造 > 广东省造 > 光绪元宝 > 三钱六分,广东省造贰毫
1211206285_front_crop.jpg,1211206285_back_crop.jpg,55,机制银币 > 地方省造 > 广东省造 > 光绪元宝 > 三钱六分,广东省造贰毫
1211206291_front_crop.jpg,1211206291_back_crop.jpg,55,机制银币 > 地方省造 > 广东省造 > 光绪元宝 > 三钱六分,广东省造贰毫
1211206295_front_crop.jpg,1211206295_back_crop.jpg,55,机制银币 > 地方省造 > 广东省造 > 光绪元宝 > 三钱六分,广东省造贰毫
1211206297_front_crop.jpg,1211206297_back_crop.jpg,55,机制银币 > 地方省造 > 广东省造 > 光绪元宝 > 三钱六分,广东省造贰毫
1211206301_front_crop.jpg,1211206301_back_crop.jpg,55,机制银币 > 地方省造 > 广东省造 > 光绪元宝 > 三钱六分,广东省造贰毫
1211206303_front_crop.jpg,1211206303_back_crop.jpg,55,机制银币 > 地方省造 > 广东省造 > 光绪元宝 > 三钱六分,广东省造贰毫
1211206307_front_crop.jpg,1211206307_back_crop.jpg,55,机制银币 > 地方省造 > 广东省造 > 光绪元宝 > 三钱六分,广东省造贰毫
1211206311_front_crop.jpg,1211206311_back_crop.jpg,55,机制银币 > 地方省造 > 广东省造 > 光绪元宝 > 三钱六分,广东省造贰毫
1211206313_front_crop.jpg,1211206313_back_crop.jpg,55,机制银币 > 地方省造 > 广东省造 > 光绪元宝 > 三钱六分,广东省造贰毫
1211206315_front_crop.jpg,1211206315_back_crop.jpg,55,机制银币 > 地方省造 > 广东省造 > 光绪元宝 > 三钱六分,广东省造贰毫
1211206317_front_crop.jpg,1211206317_back_crop.jpg,55,机制银币 > 地方省造 > 广东省造 > 光绪元宝 > 三钱六分,广东省造贰毫
1211206319_front_crop.jpg,1211206319_back_crop.jpg,55,机制银币 > 地方省造 > 广东省造 > 光绪元宝 > 三钱六分,广东省造贰毫
1211206327_front_crop.jpg,1211206327_back_crop.jpg,55,机制银币 > 地方省造 > 广东省造 > 光绪元宝 > 三钱六分,广东省造贰毫
1211206329_front_crop.jpg,1211206329_back_crop.jpg,55,机制银币 > 地方省造 > 广东省造 > 光绪元宝 > 三钱六分,广东省造贰毫
1211206333_front_crop.jpg,1211206333_back_crop.jpg,55,机制银币 > 地方省造 > 广东省造 > 光绪元宝 > 三钱六分,广东省造贰毫
1211206337_front_crop.jpg,1211206337_back_crop.jpg,55,机制银币 > 地方省造 > 广东省造 > 光绪元宝 > 三钱六分,广东省造贰毫
1211206339_front_crop.jpg,1211206339_back_crop.jpg,55,机制银币 > 地方省造 > 广东省造 > 光绪元宝 > 三钱六分,广东省造贰毫
1211206343_front_crop.jpg,1211206343_back_crop.jpg,55,机制银币 > 地方省造 > 广东省造 > 光绪元宝 > 三钱六分,广东省造贰毫
1211206345_front_crop.jpg,1211206345_back_crop.jpg,55,机制银币 > 地方省造 > 广东省造 > 光绪元宝 > 三钱六分,广东省造贰毫
1211206351_front_crop.jpg,1211206351_back_crop.jpg,87,机制银币 > 清代中央 > 光绪年造 > 丁未大清银币 > 壹圆,大清银币壹圆
1211206389_front_crop.jpg,1211206389_back_crop.jpg,55,机制银币 > 地方省造 > 广东省造 > 光绪元宝 > 三钱六分,广东省造贰毫
1211206391_front_crop.jpg,1211206391_back_crop.jpg,55,机制银币 > 地方省造 > 广东省造 > 光绪元宝 > 三钱六分,广东省造贰毫
1211206393_front_crop.jpg,1211206393_back_crop.jpg,55,机制银币 > 地方省造 > 广东省造 > 光绪元宝 > 三钱六分,广东省造贰毫
1211206395_front_crop.jpg,1211206395_back_crop.jpg,55,机制银币 > 地方省造 > 广东省造 > 光绪元宝 > 三钱六分,广东省造贰毫
1211206397_front_crop.jpg,1211206397_back_crop.jpg,55,机制银币 > 地方省造 > 广东省造 > 光绪元宝 > 三钱六分,广东省造贰毫
1211206399_front_crop.jpg,1211206399_back_crop.jpg,55,机制银币 > 地方省造 > 广东省造 > 光绪元宝 > 三钱六分,广东省造贰毫
1211206401_front_crop.jpg,1211206401_back_crop.jpg,55,机制银币 > 地方省造 > 广东省造 > 光绪元宝 > 三钱六分,广东省造贰毫
1211206403_front_crop.jpg,1211206403_back_crop.jpg,55,机制银币 > 地方省造 > 广东省造 > 光绪元宝 > 三钱六分,广东省造贰毫
1211206405_front_crop.jpg,1211206405_back_crop.jpg,55,机制银币 > 地方省造 > 广东省造 > 光绪元宝 > 三钱六分,广东省造贰毫
1211206407_front_crop.jpg,1211206407_back_crop.jpg,55,机制银币 > 地方省造 > 广东省造 > 光绪元宝 > 三钱六分,广东省造贰毫
1211206409_front_crop.jpg,1211206409_back_crop.jpg,55,机制银币 > 地方省造 > 广东省造 > 光绪元宝 > 三钱六分,广东省造贰毫
1211206411_front_crop.jpg,1211206411_back_crop.jpg,55,机制银币 > 地方省造 > 广东省造 > 光绪元宝 > 三钱六分,广东省造贰毫
1211206415_front_crop.jpg,1211206415_back_crop.jpg,55,机制银币 > 地方省造 > 广东省造 > 光绪元宝 > 三钱六分,广东省造贰毫
1211206417_front_crop.jpg,1211206417_back_crop.jpg,55,机制银币 > 地方省造 > 广东省造 > 光绪元宝 > 三钱六分,广东省造贰毫
1211206419_front_crop.jpg,1211206419_back_crop.jpg,55,机制银币 > 地方省造 > 广东省造 > 光绪元宝 > 三钱六分,广东省造贰毫
1211206421_front_crop.jpg,1211206421_back_crop.jpg,55,机制银币 > 地方省造 > 广东省造 > 光绪元宝 > 三钱六分,广东省造贰毫
1211206423_front_crop.jpg,1211206423_back_crop.jpg,55,机制银币 > 地方省造 > 广东省造 > 光绪元宝 > 三钱六分,广东省造贰毫
1211206425_front_crop.jpg,1211206425_back_crop.jpg,55,机制银币 > 地方省造 > 广东省造 > 光绪元宝 > 三钱六分,广东省造贰毫
1211206427_front_crop.jpg,1211206427_back_crop.jpg,55,机制银币 > 地方省造 > 广东省造 > 光绪元宝 > 三钱六分,广东省造贰毫
1211206429_front_crop.jpg,1211206429_back_crop.jpg,55,机制银币 > 地方省造 > 广东省造 > 光绪元宝 > 三钱六分,广东省造贰毫
1211206431_front_crop.jpg,1211206431_back_crop.jpg,55,机制银币 > 地方省造 > 广东省造 > 光绪元宝 > 三钱六分,广东省造贰毫
1211206433_front_crop.jpg,1211206433_back_crop.jpg,55,机制银币 > 地方省造 > 广东省造 > 光绪元宝 > 三钱六分,广东省造贰毫
1211206435_front_crop.jpg,1211206435_back_crop.jpg,55,机制银币 > 地方省造 > 广东省造 > 光绪元宝 > 三钱六分,广东省造贰毫
1211206437_front_crop.jpg,1211206437_back_crop.jpg,55,机制银币 > 地方省造 > 广东省造 > 光绪元宝 > 三钱六分,广东省造贰毫
1211206439_front_crop.jpg,1211206439_back_crop.jpg,55,机制银币 > 地方省造 > 广东省造 > 光绪元宝 > 三钱六分,广东省造贰毫
1211206441_front_crop.jpg,1211206441_back_crop.jpg,55,机制银币 > 地方省造 > 广东省造 > 光绪元宝 > 三钱六分,广东省造贰毫
1211206445_front_crop.jpg,1211206445_back_crop.jpg,55,机制银币 > 地方省造 > 广东省造 > 光绪元宝 > 三钱六分,广东省造贰毫
1211206447_front_crop.jpg,1211206447_back_crop.jpg,55,机制银币 > 地方省造 > 广东省造 > 光绪元宝 > 三钱六分,广东省造贰毫
1211206449_front_crop.jpg,1211206449_back_crop.jpg,55,机制银币 > 地方省造 > 广东省造 > 光绪元宝 > 三钱六分,广东省造贰毫
1211206453_front_crop.jpg,1211206453_back_crop.jpg,55,机制银币 > 地方省造 > 广东省造 > 光绪元宝 > 三钱六分,广东省造贰毫
1211206455_front_crop.jpg,1211206455_back_crop.jpg,55,机制银币 > 地方省造 > 广东省造 > 光绪元宝 > 三钱六分,广东省造贰毫
1211206457_front_crop.jpg,1211206457_back_crop.jpg,55,机制银币 > 地方省造 > 广东省造 > 光绪元宝 > 三钱六分,广东省造贰毫
1211206459_front_crop.jpg,1211206459_back_crop.jpg,55,机制银币 > 地方省造 > 广东省造 > 光绪元宝 > 三钱六分,广东省造贰毫
1211206461_front_crop.jpg,1211206461_back_crop.jpg,55,机制银币 > 地方省造 > 广东省造 > 光绪元宝 > 三钱六分,广东省造贰毫
1211206463_front_crop.jpg,1211206463_back_crop.jpg,55,机制银币 > 地方省造 > 广东省造 > 光绪元宝 > 三钱六分,广东省造贰毫
1211206465_front_crop.jpg,1211206465_back_crop.jpg,55,机制银币 > 地方省造 > 广东省造 > 光绪元宝 > 三钱六分,广东省造贰毫
1211206467_front_crop.jpg,1211206467_back_crop.jpg,55,机制银币 > 地方省造 > 广东省造 > 光绪元宝 > 三钱六分,广东省造贰毫
1211206469_front_crop.jpg,1211206469_back_crop.jpg,55,机制银币 > 地方省造 > 广东省造 > 光绪元宝 > 三钱六分,广东省造贰毫
1211206471_front_crop.jpg,1211206471_back_crop.jpg,55,机制银币 > 地方省造 > 广东省造 > 光绪元宝 > 三钱六分,广东省造贰毫
1211206475_front_crop.jpg,1211206475_back_crop.jpg,55,机制银币 > 地方省造 > 广东省造 > 光绪元宝 > 三钱六分,广东省造贰毫
1211206477_front_crop.jpg,1211206477_back_crop.jpg,55,机制银币 > 地方省造 > 广东省造 > 光绪元宝 > 三钱六分,广东省造贰毫
1211206479_front_crop.jpg,1211206479_back_crop.jpg,55,机制银币 > 地方省造 > 广东省造 > 光绪元宝 > 三钱六分,广东省造贰毫
1211206481_front_crop.jpg,1211206481_back_crop.jpg,55,机制银币 > 地方省造 > 广东省造 > 光绪元宝 > 三钱六分,广东省造贰毫
1211206483_front_crop.jpg,1211206483_back_crop.jpg,55,机制银币 > 地方省造 > 广东省造 > 光绪元宝 > 三钱六分,广东省造贰毫
1211206485_front_crop.jpg,1211206485_back_crop.jpg,55,机制银币 > 地方省造 > 广东省造 > 光绪元宝 > 三钱六分,广东省造贰毫
1211206487_front_crop.jpg,1211206487_back_crop.jpg,55,机制银币 > 地方省造 > 广东省造 > 光绪元宝 > 三钱六分,广东省造贰毫
1211206489_front_crop.jpg,1211206489_back_crop.jpg,55,机制银币 > 地方省造 > 广东省造 > 光绪元宝 > 三钱六分,广东省造贰毫
1211206491_front_crop.jpg,1211206491_back_crop.jpg,55,机制银币 > 地方省造 > 广东省造 > 光绪元宝 > 三钱六分,广东省造贰毫
1211206493_front_crop.jpg,1211206493_back_crop.jpg,55,机制银币 > 地方省造 > 广东省造 > 光绪元宝 > 三钱六分,广东省造贰毫
1211206495_front_crop.jpg,1211206495_back_crop.jpg,55,机制银币 > 地方省造 > 广东省造 > 光绪元宝 > 三钱六分,广东省造贰毫
1211206497_front_crop.jpg,1211206497_back_crop.jpg,55,机制银币 > 地方省造 > 广东省造 > 光绪元宝 > 三钱六分,广东省造贰毫
1211206499_front_crop.jpg,1211206499_back_crop.jpg,55,机制银币 > 地方省造 > 广东省造 > 光绪元宝 > 三钱六分,广东省造贰毫
1211206503_front_crop.jpg,1211206503_back_crop.jpg,55,机制银币 > 地方省造 > 广东省造 > 光绪元宝 > 三钱六分,广东省造贰毫
1211206505_front_crop.jpg,1211206505_back_crop.jpg,55,机制银币 > 地方省造 > 广东省造 > 光绪元宝 > 三钱六分,广东省造贰毫
1211206507_front_crop.jpg,1211206507_back_crop.jpg,55,机制银币 > 地方省造 > 广东省造 > 光绪元宝 > 三钱六分,广东省造贰毫
1211206511_front_crop.jpg,1211206511_back_crop.jpg,55,机制银币 > 地方省造 > 广东省造 > 光绪元宝 > 三钱六分,广东省造贰毫
1211206513_front_crop.jpg,1211206513_back_crop.jpg,55,机制银币 > 地方省造 > 广东省造 > 光绪元宝 > 三钱六分,广东省造贰毫
1211206515_front_crop.jpg,1211206515_back_crop.jpg,55,机制银币 > 地方省造 > 广东省造 > 光绪元宝 > 三钱六分,广东省造贰毫
1211206519_front_crop.jpg,1211206519_back_crop.jpg,55,机制银币 > 地方省造 > 广东省造 > 光绪元宝 > 三钱六分,广东省造贰毫
1211206521_front_crop.jpg,1211206521_back_crop.jpg,55,机制银币 > 地方省造 > 广东省造 > 光绪元宝 > 三钱六分,广东省造贰毫
1211206523_front_crop.jpg,1211206523_back_crop.jpg,55,机制银币 > 地方省造 > 广东省造 > 光绪元宝 > 三钱六分,广东省造贰毫
1211206525_front_crop.jpg,1211206525_back_crop.jpg,55,机制银币 > 地方省造 > 广东省造 > 光绪元宝 > 三钱六分,广东省造贰毫
1211206527_front_crop.jpg,1211206527_back_crop.jpg,55,机制银币 > 地方省造 > 广东省造 > 光绪元宝 > 三钱六分,广东省造贰毫
1211206529_front_crop.jpg,1211206529_back_crop.jpg,55,机制银币 > 地方省造 > 广东省造 > 光绪元宝 > 三钱六分,广东省造贰毫
1211206531_front_crop.jpg,1211206531_back_crop.jpg,55,机制银币 > 地方省造 > 广东省造 > 光绪元宝 > 三钱六分,广东省造贰毫
1211206533_front_crop.jpg,1211206533_back_crop.jpg,55,机制银币 > 地方省造 > 广东省造 > 光绪元宝 > 三钱六分,广东省造贰毫
1211206535_front_crop.jpg,1211206535_back_crop.jpg,55,机制银币 > 地方省造 > 广东省造 > 光绪元宝 > 三钱六分,广东省造贰毫
1211206537_front_crop.jpg,1211206537_back_crop.jpg,55,机制银币 > 地方省造 > 广东省造 > 光绪元宝 > 三钱六分,广东省造贰毫
1211206539_front_crop.jpg,1211206539_back_crop.jpg,55,机制银币 > 地方省造 > 广东省造 > 光绪元宝 > 三钱六分,广东省造贰毫
1211206545_front_crop.jpg,1211206545_back_crop.jpg,55,机制银币 > 地方省造 > 广东省造 > 光绪元宝 > 三钱六分,广东省造贰毫
1211206549_front_crop.jpg,1211206549_back_crop.jpg,55,机制银币 > 地方省造 > 广东省造 > 光绪元宝 > 三钱六分,广东省造贰毫
1211206551_front_crop.jpg,1211206551_back_crop.jpg,55,机制银币 > 地方省造 > 广东省造 > 光绪元宝 > 三钱六分,广东省造贰毫
1211206553_front_crop.jpg,1211206553_back_crop.jpg,55,机制银币 > 地方省造 > 广东省造 > 光绪元宝 > 三钱六分,广东省造贰毫
1211206555_front_crop.jpg,1211206555_back_crop.jpg,55,机制银币 > 地方省造 > 广东省造 > 光绪元宝 > 三钱六分,广东省造贰毫
1211206559_front_crop.jpg,1211206559_back_crop.jpg,55,机制银币 > 地方省造 > 广东省造 > 光绪元宝 > 三钱六分,广东省造贰毫
1211206561_front_crop.jpg,1211206561_back_crop.jpg,55,机制银币 > 地方省造 > 广东省造 > 光绪元宝 > 三钱六分,广东省造贰毫
1211206563_front_crop.jpg,1211206563_back_crop.jpg,55,机制银币 > 地方省造 > 广东省造 > 光绪元宝 > 三钱六分,广东省造贰毫
1211206565_front_crop.jpg,1211206565_back_crop.jpg,55,机制银币 > 地方省造 > 广东省造 > 光绪元宝 > 三钱六分,广东省造贰毫
1211206567_front_crop.jpg,1211206567_back_crop.jpg,55,机制银币 > 地方省造 > 广东省造 > 光绪元宝 > 三钱六分,广东省造贰毫
1211206569_front_crop.jpg,1211206569_back_crop.jpg,55,机制银币 > 地方省造 > 广东省造 > 光绪元宝 > 三钱六分,广东省造贰毫
1211206571_front_crop.jpg,1211206571_back_crop.jpg,55,机制银币 > 地方省造 > 广东省造 > 光绪元宝 > 三钱六分,广东省造贰毫
1211206575_front_crop.jpg,1211206575_back_crop.jpg,55,机制银币 > 地方省造 > 广东省造 > 光绪元宝 > 三钱六分,广东省造贰毫
1211206587_front_crop.jpg,1211206587_back_crop.jpg,55,机制银币 > 地方省造 > 广东省造 > 光绪元宝 > 三钱六分,广东省造贰毫
1211206589_front_crop.jpg,1211206589_back_crop.jpg,55,机制银币 > 地方省造 > 广东省造 > 光绪元宝 > 三钱六分,广东省造贰毫
1211206591_front_crop.jpg,1211206591_back_crop.jpg,55,机制银币 > 地方省造 > 广东省造 > 光绪元宝 > 三钱六分,广东省造贰毫
1211206593_front_crop.jpg,1211206593_back_crop.jpg,55,机制银币 > 地方省造 > 广东省造 > 光绪元宝 > 三钱六分,广东省造贰毫
1211206599_front_crop.jpg,1211206599_back_crop.jpg,55,机制银币 > 地方省造 > 广东省造 > 光绪元宝 > 三钱六分,广东省造贰毫
1211206605_front_crop.jpg,1211206605_back_crop.jpg,55,机制银币 > 地方省造 > 广东省造 > 光绪元宝 > 三钱六分,广东省造贰毫
1211206607_front_crop.jpg,1211206607_back_crop.jpg,55,机制银币 > 地方省造 > 广东省造 > 光绪元宝 > 三钱六分,广东省造贰毫
1211206611_front_crop.jpg,1211206611_back_crop.jpg,55,机制银币 > 地方省造 > 广东省造 > 光绪元宝 > 三钱六分,广东省造贰毫
1211206613_front_crop.jpg,1211206613_back_crop.jpg,55,机制银币 > 地方省造 > 广东省造 > 光绪元宝 > 三钱六分,广东省造贰毫
1211206615_front_crop.jpg,1211206615_back_crop.jpg,55,机制银币 > 地方省造 > 广东省造 > 光绪元宝 > 三钱六分,广东省造贰毫
1211206617_front_crop.jpg,1211206617_back_crop.jpg,55,机制银币 > 地方省造 > 广东省造 > 光绪元宝 > 三钱六分,广东省造贰毫
1211206621_front_crop.jpg,1211206621_back_crop.jpg,55,机制银币 > 地方省造 > 广东省造 > 光绪元宝 > 三钱六分,广东省造贰毫
1211206625_front_crop.jpg,1211206625_back_crop.jpg,55,机制银币 > 地方省造 > 广东省造 > 光绪元宝 > 三钱六分,广东省造贰毫
1211206627_front_crop.jpg,1211206627_back_crop.jpg,55,机制银币 > 地方省造 > 广东省造 > 光绪元宝 > 三钱六分,广东省造贰毫
1211206635_front_crop.jpg,1211206635_back_crop.jpg,55,机制银币 > 地方省造 > 广东省造 > 光绪元宝 > 三钱六分,广东省造贰毫
1211206637_front_crop.jpg,1211206637_back_crop.jpg,55,机制银币 > 地方省造 > 广东省造 > 光绪元宝 > 三钱六分,广东省造贰毫
1211206641_front_crop.jpg,1211206641_back_crop.jpg,55,机制银币 > 地方省造 > 广东省造 > 光绪元宝 > 三钱六分,广东省造贰毫
1211206643_front_crop.jpg,1211206643_back_crop.jpg,55,机制银币 > 地方省造 > 广东省造 > 光绪元宝 > 三钱六分,广东省造贰毫
1211206645_front_crop.jpg,1211206645_back_crop.jpg,55,机制银币 > 地方省造 > 广东省造 > 光绪元宝 > 三钱六分,广东省造贰毫
1211206651_front_crop.jpg,1211206651_back_crop.jpg,55,机制银币 > 地方省造 > 广东省造 > 光绪元宝 > 三钱六分,广东省造贰毫
1211206655_front_crop.jpg,1211206655_back_crop.jpg,55,机制银币 > 地方省造 > 广东省造 > 光绪元宝 > 三钱六分,广东省造贰毫
1211206657_front_crop.jpg,1211206657_back_crop.jpg,55,机制银币 > 地方省造 > 广东省造 > 光绪元宝 > 三钱六分,广东省造贰毫
1211206671_front_crop.jpg,1211206671_back_crop.jpg,55,机制银币 > 地方省造 > 广东省造 > 光绪元宝 > 三钱六分,广东省造贰毫
1211206675_front_crop.jpg,1211206675_back_crop.jpg,55,机制银币 > 地方省造 > 广东省造 > 光绪元宝 > 三钱六分,广东省造贰毫
1211206677_front_crop.jpg,1211206677_back_crop.jpg,55,机制银币 > 地方省造 > 广东省造 > 光绪元宝 > 三钱六分,广东省造贰毫
1211206681_front_crop.jpg,1211206681_back_crop.jpg,55,机制银币 > 地方省造 > 广东省造 > 光绪元宝 > 三钱六分,广东省造贰毫
1211206683_front_crop.jpg,1211206683_back_crop.jpg,55,机制银币 > 地方省造 > 广东省造 > 光绪元宝 > 三钱六分,广东省造贰毫
1211206691_front_crop.jpg,1211206691_back_crop.jpg,55,机制银币 > 地方省造 > 广东省造 > 光绪元宝 > 三钱六分,广东省造贰毫
1211206695_front_crop.jpg,1211206695_back_crop.jpg,55,机制银币 > 地方省造 > 广东省造 > 光绪元宝 > 三钱六分,广东省造贰毫
1211206699_front_crop.jpg,1211206699_back_crop.jpg,55,机制银币 > 地方省造 > 广东省造 > 光绪元宝 > 三钱六分,广东省造贰毫
1211206701_front_crop.jpg,1211206701_back_crop.jpg,55,机制银币 > 地方省造 > 广东省造 > 光绪元宝 > 三钱六分,广东省造贰毫
1211206703_front_crop.jpg,1211206703_back_crop.jpg,55,机制银币 > 地方省造 > 广东省造 > 光绪元宝 > 三钱六分,广东省造贰毫
1211206707_front_crop.jpg,1211206707_back_crop.jpg,55,机制银币 > 地方省造 > 广东省造 > 光绪元宝 > 三钱六分,广东省造贰毫
1211206709_front_crop.jpg,1211206709_back_crop.jpg,55,机制银币 > 地方省造 > 广东省造 > 光绪元宝 > 三钱六分,广东省造贰毫
1211206715_front_crop.jpg,1211206715_back_crop.jpg,55,机制银币 > 地方省造 > 广东省造 > 光绪元宝 > 三钱六分,广东省造贰毫
1211206717_front_crop.jpg,1211206717_back_crop.jpg,55,机制银币 > 地方省造 > 广东省造 > 光绪元宝 > 三钱六分,广东省造贰毫
1211206719_front_crop.jpg,1211206719_back_crop.jpg,55,机制银币 > 地方省造 > 广东省造 > 光绪元宝 > 三钱六分,广东省造贰毫
1211206721_front_crop.jpg,1211206721_back_crop.jpg,55,机制银币 > 地方省造 > 广东省造 > 光绪元宝 > 三钱六分,广东省造贰毫
1211206725_front_crop.jpg,1211206725_back_crop.jpg,55,机制银币 > 地方省造 > 广东省造 > 光绪元宝 > 三钱六分,广东省造贰毫
1211206731_front_crop.jpg,1211206731_back_crop.jpg,55,机制银币 > 地方省造 > 广东省造 > 光绪元宝 > 三钱六分,广东省造贰毫
1211206733_front_crop.jpg,1211206733_back_crop.jpg,46,机制银币 > 地方省造 > 北洋造 > 光绪24年 > 壹圆,北洋局造一圆
1211206735_front_crop.jpg,1211206735_back_crop.jpg,70,机制银币 > 民国中央 > 孙中山像 > 开国纪念 > 壹圆 > 下五星,开国纪念壹圆
1211206737_front_crop.jpg,1211206737_back_crop.jpg,58,机制银币 > 民国中央 > 袁世凯像 > 民国九年 > 壹圆 > 精发,袁世凯像壹圆
1211206739_front_crop.jpg,1211206739_back_crop.jpg,15,机制银币 > 地方省造 > 云南省造 > 富字 > 半两,富字半两正银
1211206741_front_crop.jpg,1211206741_back_crop.jpg,27,机制银币 > 地方省造 > 江南省造 > 甲辰 > 七钱二分 > 普通,江南省造二角
1211206743_front_crop.jpg,1211206743_back_crop.jpg,6,机制银币 > 地方省造 > 四川省造 > 光绪元宝 > 七钱二分 > 四角龙,奉天省造二角
1211206745_front_crop.jpg,1211206745_back_crop.jpg,52,机制银币 > 地方省造 > 新疆省造 > 造币厂铸 > 壹圆 > 尖足1,新疆喀造伍钱
1211206755_front_crop.jpg,1211206755_back_crop.jpg,58,机制银币 > 民国中央 > 袁世凯像 > 民国九年 > 壹圆 > 精发,袁世凯像壹圆
1211206757_front_crop.jpg,1211206757_back_crop.jpg,58,机制银币 > 民国中央 > 袁世凯像 > 民国九年 > 壹圆 > 精发,袁世凯像壹圆
1211206759_front_crop.jpg,1211206759_back_crop.jpg,58,机制银币 > 民国中央 > 袁世凯像 > 民国九年 > 壹圆 > 精发,袁世凯像壹圆
1211206765_front_crop.jpg,1211206765_back_crop.jpg,55,机制银币 > 地方省造 > 广东省造 > 光绪元宝 > 三钱六分,广东省造贰毫
1211206767_front_crop.jpg,1211206767_back_crop.jpg,55,机制银币 > 地方省造 > 广东省造 > 光绪元宝 > 三钱六分,广东省造贰毫
1211206769_front_crop.jpg,1211206769_back_crop.jpg,55,机制银币 > 地方省造 > 广东省造 > 光绪元宝 > 三钱六分,广东省造贰毫
1211206773_front_crop.jpg,1211206773_back_crop.jpg,55,机制银币 > 地方省造 > 广东省造 > 光绪元宝 > 三钱六分,广东省造贰毫
1211206775_front_crop.jpg,1211206775_back_crop.jpg,55,机制银币 > 地方省造 > 广东省造 > 光绪元宝 > 三钱六分,广东省造贰毫
1211206777_front_crop.jpg,1211206777_back_crop.jpg,55,机制银币 > 地方省造 > 广东省造 > 光绪元宝 > 三钱六分,广东省造贰毫
1211206779_front_crop.jpg,1211206779_back_crop.jpg,55,机制银币 > 地方省造 > 广东省造 > 光绪元宝 > 三钱六分,广东省造贰毫
1211206781_front_crop.jpg,1211206781_back_crop.jpg,55,机制银币 > 地方省造 > 广东省造 > 光绪元宝 > 三钱六分,广东省造贰毫
1211206783_front_crop.jpg,1211206783_back_crop.jpg,55,机制银币 > 地方省造 > 广东省造 > 光绪元宝 > 三钱六分,广东省造贰毫
1211206785_front_crop.jpg,1211206785_back_crop.jpg,55,机制银币 > 地方省造 > 广东省造 > 光绪元宝 > 三钱六分,广东省造贰毫
1211206787_front_crop.jpg,1211206787_back_crop.jpg,55,机制银币 > 地方省造 > 广东省造 > 光绪元宝 > 三钱六分,广东省造贰毫
1211206789_front_crop.jpg,1211206789_back_crop.jpg,55,机制银币 > 地方省造 > 广东省造 > 光绪元宝 > 三钱六分,广东省造贰毫
1211206791_front_crop.jpg,1211206791_back_crop.jpg,55,机制银币 > 地方省造 > 广东省造 > 光绪元宝 > 三钱六分,广东省造贰毫
1211206793_front_crop.jpg,1211206793_back_crop.jpg,55,机制银币 > 地方省造 > 广东省造 > 光绪元宝 > 三钱六分,广东省造贰毫
1211206795_front_crop.jpg,1211206795_back_crop.jpg,55,机制银币 > 地方省造 > 广东省造 > 光绪元宝 > 三钱六分,广东省造贰毫
1211206799_front_crop.jpg,1211206799_back_crop.jpg,55,机制银币 > 地方省造 > 广东省造 > 光绪元宝 > 三钱六分,广东省造贰毫
1211206801_front_crop.jpg,1211206801_back_crop.jpg,55,机制银币 > 地方省造 > 广东省造 > 光绪元宝 > 三钱六分,广东省造贰毫
1211206803_front_crop.jpg,1211206803_back_crop.jpg,55,机制银币 > 地方省造 > 广东省造 > 光绪元宝 > 三钱六分,广东省造贰毫
1211206805_front_crop.jpg,1211206805_back_crop.jpg,55,机制银币 > 地方省造 > 广东省造 > 光绪元宝 > 三钱六分,广东省造贰毫
1211206809_front_crop.jpg,1211206809_back_crop.jpg,55,机制银币 > 地方省造 > 广东省造 > 光绪元宝 > 三钱六分,广东省造贰毫
1211206811_front_crop.jpg,1211206811_back_crop.jpg,55,机制银币 > 地方省造 > 广东省造 > 光绪元宝 > 三钱六分,广东省造贰毫
1211206813_front_crop.jpg,1211206813_back_crop.jpg,55,机制银币 > 地方省造 > 广东省造 > 光绪元宝 > 三钱六分,广东省造贰毫
1211206815_front_crop.jpg,1211206815_back_crop.jpg,55,机制银币 > 地方省造 > 广东省造 > 光绪元宝 > 三钱六分,广东省造贰毫
1211206817_front_crop.jpg,1211206817_back_crop.jpg,55,机制银币 > 地方省造 > 广东省造 > 光绪元宝 > 三钱六分,广东省造贰毫
1211206821_front_crop.jpg,1211206821_back_crop.jpg,55,机制银币 > 地方省造 > 广东省造 > 光绪元宝 > 三钱六分,广东省造贰毫
1211206823_front_crop.jpg,1211206823_back_crop.jpg,55,机制银币 > 地方省造 > 广东省造 > 光绪元宝 > 三钱六分,广东省造贰毫
1211206825_front_crop.jpg,1211206825_back_crop.jpg,55,机制银币 > 地方省造 > 广东省造 > 光绪元宝 > 三钱六分,广东省造贰毫
1211206827_front_crop.jpg,1211206827_back_crop.jpg,55,机制银币 > 地方省造 > 广东省造 > 光绪元宝 > 三钱六分,广东省造贰毫
1211206829_front_crop.jpg,1211206829_back_crop.jpg,55,机制银币 > 地方省造 > 广东省造 > 光绪元宝 > 三钱六分,广东省造贰毫
1211206831_front_crop.jpg,1211206831_back_crop.jpg,55,机制银币 > 地方省造 > 广东省造 > 光绪元宝 > 三钱六分,广东省造贰毫
1211206835_front_crop.jpg,1211206835_back_crop.jpg,55,机制银币 > 地方省造 > 广东省造 > 光绪元宝 > 三钱六分,广东省造贰毫
1211206839_front_crop.jpg,1211206839_back_crop.jpg,55,机制银币 > 地方省造 > 广东省造 > 光绪元宝 > 三钱六分,广东省造贰毫
1211206847_front_crop.jpg,1211206847_back_crop.jpg,55,机制银币 > 地方省造 > 广东省造 > 光绪元宝 > 三钱六分,广东省造贰毫
1211206849_front_crop.jpg,1211206849_back_crop.jpg,55,机制银币 > 地方省造 > 广东省造 > 光绪元宝 > 三钱六分,广东省造贰毫
1211206853_front_crop.jpg,1211206853_back_crop.jpg,55,机制银币 > 地方省造 > 广东省造 > 光绪元宝 > 三钱六分,广东省造贰毫
1211206855_front_crop.jpg,1211206855_back_crop.jpg,55,机制银币 > 地方省造 > 广东省造 > 光绪元宝 > 三钱六分,广东省造贰毫
1211206857_front_crop.jpg,1211206857_back_crop.jpg,55,机制银币 > 地方省造 > 广东省造 > 光绪元宝 > 三钱六分,广东省造贰毫
1211206859_front_crop.jpg,1211206859_back_crop.jpg,55,机制银币 > 地方省造 > 广东省造 > 光绪元宝 > 三钱六分,广东省造贰毫
1211206861_front_crop.jpg,1211206861_back_crop.jpg,55,机制银币 > 地方省造 > 广东省造 > 光绪元宝 > 三钱六分,广东省造贰毫
1211206863_front_crop.jpg,1211206863_back_crop.jpg,55,机制银币 > 地方省造 > 广东省造 > 光绪元宝 > 三钱六分,广东省造贰毫
1211206865_front_crop.jpg,1211206865_back_crop.jpg,55,机制银币 > 地方省造 > 广东省造 > 光绪元宝 > 三钱六分,广东省造贰毫
1211206867_front_crop.jpg,1211206867_back_crop.jpg,55,机制银币 > 地方省造 > 广东省造 > 光绪元宝 > 三钱六分,广东省造贰毫
1211206869_front_crop.jpg,1211206869_back_crop.jpg,55,机制银币 > 地方省造 > 广东省造 > 光绪元宝 > 三钱六分,广东省造贰毫
1211206871_front_crop.jpg,1211206871_back_crop.jpg,55,机制银币 > 地方省造 > 广东省造 > 光绪元宝 > 三钱六分,广东省造贰毫
1211206873_front_crop.jpg,1211206873_back_crop.jpg,55,机制银币 > 地方省造 > 广东省造 > 光绪元宝 > 三钱六分,广东省造贰毫
1211206875_front_crop.jpg,1211206875_back_crop.jpg,55,机制银币 > 地方省造 > 广东省造 > 光绪元宝 > 三钱六分,广东省造贰毫
1211206881_front_crop.jpg,1211206881_back_crop.jpg,55,机制银币 > 地方省造 > 广东省造 > 光绪元宝 > 三钱六分,广东省造贰毫
1211206883_front_crop.jpg,1211206883_back_crop.jpg,55,机制银币 > 地方省造 > 广东省造 > 光绪元宝 > 三钱六分,广东省造贰毫
1211206885_front_crop.jpg,1211206885_back_crop.jpg,55,机制银币 > 地方省造 > 广东省造 > 光绪元宝 > 三钱六分,广东省造贰毫
1211206887_front_crop.jpg,1211206887_back_crop.jpg,55,机制银币 > 地方省造 > 广东省造 > 光绪元宝 > 三钱六分,广东省造贰毫
1211206889_front_crop.jpg,1211206889_back_crop.jpg,55,机制银币 > 地方省造 > 广东省造 > 光绪元宝 > 三钱六分,广东省造贰毫
1211206891_front_crop.jpg,1211206891_back_crop.jpg,55,机制银币 > 地方省造 > 广东省造 > 光绪元宝 > 三钱六分,广东省造贰毫
1211206895_front_crop.jpg,1211206895_back_crop.jpg,55,机制银币 > 地方省造 > 广东省造 > 光绪元宝 > 三钱六分,广东省造贰毫
1211206897_front_crop.jpg,1211206897_back_crop.jpg,55,机制银币 > 地方省造 > 广东省造 > 光绪元宝 > 三钱六分,广东省造贰毫
1211206903_front_crop.jpg,1211206903_back_crop.jpg,55,机制银币 > 地方省造 > 广东省造 > 光绪元宝 > 三钱六分,广东省造贰毫
1211206905_front_crop.jpg,1211206905_back_crop.jpg,55,机制银币 > 地方省造 > 广东省造 > 光绪元宝 > 三钱六分,广东省造贰毫
1211206907_front_crop.jpg,1211206907_back_crop.jpg,55,机制银币 > 地方省造 > 广东省造 > 光绪元宝 > 三钱六分,广东省造贰毫
1211206909_front_crop.jpg,1211206909_back_crop.jpg,55,机制银币 > 地方省造 > 广东省造 > 光绪元宝 > 三钱六分,广东省造贰毫
1211206911_front_crop.jpg,1211206911_back_crop.jpg,55,机制银币 > 地方省造 > 广东省造 > 光绪元宝 > 三钱六分,广东省造贰毫
1211206913_front_crop.jpg,1211206913_back_crop.jpg,55,机制银币 > 地方省造 > 广东省造 > 光绪元宝 > 三钱六分,广东省造贰毫
1211206915_front_crop.jpg,1211206915_back_crop.jpg,55,机制银币 > 地方省造 > 广东省造 > 光绪元宝 > 三钱六分,广东省造贰毫
1211206955_front_crop.jpg,1211206955_back_crop.jpg,69,机制银币 > 民国中央 > 孙中山像 > 民国17年 > 壹圆 > 甘肃省造,孙中山像壹圆
1211206959_front_crop.jpg,1211206959_back_crop.jpg,69,机制银币 > 民国中央 > 孙中山像 > 民国17年 > 壹圆 > 甘肃省造,孙中山像壹圆
1211206971_front_crop.jpg,1211206971_back_crop.jpg,58,机制银币 > 民国中央 > 袁世凯像 > 民国九年 > 壹圆 > 精发,袁世凯像壹圆
1211206973_front_crop.jpg,1211206973_back_crop.jpg,87,机制银币 > 清代中央 > 光绪年造 > 丁未大清银币 > 壹圆,大清银币壹圆
1211206975_front_crop.jpg,1211206975_back_crop.jpg,69,机制银币 > 民国中央 > 孙中山像 > 民国17年 > 壹圆 > 甘肃省造,孙中山像壹圆
1211206977_front_crop.jpg,1211206977_back_crop.jpg,69,机制银币 > 民国中央 > 孙中山像 > 民国17年 > 壹圆 > 甘肃省造,孙中山像壹圆
1211206979_front_crop.jpg,1211206979_back_crop.jpg,69,机制银币 > 民国中央 > 孙中山像 > 民国17年 > 壹圆 > 甘肃省造,孙中山像壹圆
1211206985_front_crop.jpg,1211206985_back_crop.jpg,58,机制银币 > 民国中央 > 袁世凯像 > 民国九年 > 壹圆 > 精发,袁世凯像壹圆
1211206987_front_crop.jpg,1211206987_back_crop.jpg,58,机制银币 > 民国中央 > 袁世凯像 > 民国九年 > 壹圆 > 精发,袁世凯像壹圆
1211206989_front_crop.jpg,1211206989_back_crop.jpg,58,机制银币 > 民国中央 > 袁世凯像 > 民国九年 > 壹圆 > 精发,袁世凯像壹圆
1211206995_front_crop.jpg,1211206995_back_crop.jpg,58,机制银币 > 民国中央 > 袁世凯像 > 民国九年 > 壹圆 > 精发,袁世凯像壹圆
1211206997_front_crop.jpg,1211206997_back_crop.jpg,58,机制银币 > 民国中央 > 袁世凯像 > 民国九年 > 壹圆 > 精发,袁世凯像壹圆
1211206999_front_crop.jpg,1211206999_back_crop.jpg,58,机制银币 > 民国中央 > 袁世凯像 > 民国九年 > 壹圆 > 精发,袁世凯像壹圆
1211207001_front_crop.jpg,1211207001_back_crop.jpg,70,机制银币 > 民国中央 > 孙中山像 > 开国纪念 > 壹圆 > 下五星,开国纪念壹圆
1211207003_front_crop.jpg,1211207003_back_crop.jpg,70,机制银币 > 民国中央 > 孙中山像 > 开国纪念 > 壹圆 > 下五星,开国纪念壹圆
1211207005_front_crop.jpg,1211207005_back_crop.jpg,70,机制银币 > 民国中央 > 孙中山像 > 开国纪念 > 壹圆 > 下五星,开国纪念壹圆
1211207007_front_crop.jpg,1211207007_back_crop.jpg,70,机制银币 > 民国中央 > 孙中山像 > 开国纪念 > 壹圆 > 下五星,开国纪念壹圆
1211207009_front_crop.jpg,1211207009_back_crop.jpg,70,机制银币 > 民国中央 > 孙中山像 > 开国纪念 > 壹圆 > 下五星,开国纪念壹圆
1211207011_front_crop.jpg,1211207011_back_crop.jpg,70,机制银币 > 民国中央 > 孙中山像 > 开国纪念 > 壹圆 > 下五星,开国纪念壹圆
1211207013_front_crop.jpg,1211207013_back_crop.jpg,70,机制银币 > 民国中央 > 孙中山像 > 开国纪念 > 壹圆 > 下五星,开国纪念壹圆
1211207017_front_crop.jpg,1211207017_back_crop.jpg,70,机制银币 > 民国中央 > 孙中山像 > 开国纪念 > 壹圆 > 下五星,开国纪念壹圆
1211207019_front_crop.jpg,1211207019_back_crop.jpg,70,机制银币 > 民国中央 > 孙中山像 > 开国纪念 > 壹圆 > 下五星,开国纪念壹圆
1211207021_front_crop.jpg,1211207021_back_crop.jpg,70,机制银币 > 民国中央 > 孙中山像 > 开国纪念 > 壹圆 > 下五星,开国纪念壹圆
1211207023_front_crop.jpg,1211207023_back_crop.jpg,70,机制银币 > 民国中央 > 孙中山像 > 开国纪念 > 壹圆 > 下五星,开国纪念壹圆
1211207029_front_crop.jpg,1211207029_back_crop.jpg,70,机制银币 > 民国中央 > 孙中山像 > 开国纪念 > 壹圆 > 下五星,开国纪念壹圆
1211207035_front_crop.jpg,1211207035_back_crop.jpg,70,机制银币 > 民国中央 > 孙中山像 > 开国纪念 > 壹圆 > 下五星,开国纪念壹圆
1211207037_front_crop.jpg,1211207037_back_crop.jpg,70,机制银币 > 民国中央 > 孙中山像 > 开国纪念 > 壹圆 > 下五星,开国纪念壹圆
1211207039_front_crop.jpg,1211207039_back_crop.jpg,70,机制银币 > 民国中央 > 孙中山像 > 开国纪念 > 壹圆 > 下五星,开国纪念壹圆
1211207153_front_crop.jpg,1211207153_back_crop.jpg,55,机制银币 > 地方省造 > 广东省造 > 光绪元宝 > 三钱六分,广东省造贰毫
1211207155_front_crop.jpg,1211207155_back_crop.jpg,55,机制银币 > 地方省造 > 广东省造 > 光绪元宝 > 三钱六分,广东省造贰毫
1211207159_front_crop.jpg,1211207159_back_crop.jpg,55,机制银币 > 地方省造 > 广东省造 > 光绪元宝 > 三钱六分,广东省造贰毫
1211207161_front_crop.jpg,1211207161_back_crop.jpg,55,机制银币 > 地方省造 > 广东省造 > 光绪元宝 > 三钱六分,广东省造贰毫
1211207163_front_crop.jpg,1211207163_back_crop.jpg,55,机制银币 > 地方省造 > 广东省造 > 光绪元宝 > 三钱六分,广东省造贰毫
1211207165_front_crop.jpg,1211207165_back_crop.jpg,55,机制银币 > 地方省造 > 广东省造 > 光绪元宝 > 三钱六分,广东省造贰毫
1211207171_front_crop.jpg,1211207171_back_crop.jpg,58,机制银币 > 民国中央 > 袁世凯像 > 民国九年 > 壹圆 > 精发,袁世凯像壹圆
1211207173_front_crop.jpg,1211207173_back_crop.jpg,58,机制银币 > 民国中央 > 袁世凯像 > 民国九年 > 壹圆 > 精发,袁世凯像壹圆
1211207179_front_crop.jpg,1211207179_back_crop.jpg,58,机制银币 > 民国中央 > 袁世凯像 > 民国九年 > 壹圆 > 精发,袁世凯像壹圆
1211207185_front_crop.jpg,1211207185_back_crop.jpg,58,机制银币 > 民国中央 > 袁世凯像 > 民国九年 > 壹圆 > 精发,袁世凯像壹圆
1211207199_front_crop.jpg,1211207199_back_crop.jpg,12,机制银币 > 地方省造 > 云南省造 > 光绪元宝 > 七钱二分 > 老龙,云南省造半圆
1211207205_front_crop.jpg,1211207205_back_crop.jpg,12,机制银币 > 地方省造 > 云南省造 > 光绪元宝 > 七钱二分 > 老龙,云南省造半圆
1211207209_front_crop.jpg,1211207209_back_crop.jpg,12,机制银币 > 地方省造 > 云南省造 > 光绪元宝 > 七钱二分 > 老龙,云南省造半圆
1211207211_front_crop.jpg,1211207211_back_crop.jpg,58,机制银币 > 民国中央 > 袁世凯像 > 民国九年 > 壹圆 > 精发,袁世凯像壹圆
1211207217_front_crop.jpg,1211207217_back_crop.jpg,85,机制银币 > 纪念币 > 唐继尧像 > 拥护共和 > 三钱六分 > 正像,唐继尧像半圆
1211207223_front_crop.jpg,1211207223_back_crop.jpg,58,机制银币 > 民国中央 > 袁世凯像 > 民国九年 > 壹圆 > 精发,袁世凯像壹圆
1211207237_front_crop.jpg,1211207237_back_crop.jpg,58,机制银币 > 民国中央 > 袁世凯像 > 民国九年 > 壹圆 > 精发,袁世凯像壹圆
1211207241_front_crop.jpg,1211207241_back_crop.jpg,58,机制银币 > 民国中央 > 袁世凯像 > 民国九年 > 壹圆 > 精发,袁世凯像壹圆
1211207247_front_crop.jpg,1211207247_back_crop.jpg,58,机制银币 > 民国中央 > 袁世凯像 > 民国九年 > 壹圆 > 精发,袁世凯像壹圆
1211207257_front_crop.jpg,1211207257_back_crop.jpg,70,机制银币 > 民国中央 > 孙中山像 > 开国纪念 > 壹圆 > 下五星,开国纪念壹圆
1211207259_front_crop.jpg,1211207259_back_crop.jpg,0,机制银币 > 地方省造 > 四川省造 > 军政府 > 壹圆 > 普通,四川银币壹圆
1211207263_front_crop.jpg,1211207263_back_crop.jpg,58,机制银币 > 民国中央 > 袁世凯像 > 民国九年 > 壹圆 > 精发,袁世凯像壹圆
1211207265_front_crop.jpg,1211207265_back_crop.jpg,58,机制银币 > 民国中央 > 袁世凯像 > 民国九年 > 壹圆 > 精发,袁世凯像壹圆
1211207267_front_crop.jpg,1211207267_back_crop.jpg,58,机制银币 > 民国中央 > 袁世凯像 > 民国九年 > 壹圆 > 精发,袁世凯像壹圆
1211207323_front_crop.jpg,1211207323_back_crop.jpg,69,机制银币 > 民国中央 > 孙中山像 > 民国17年 > 壹圆 > 甘肃省造,孙中山像壹圆
1211207327_front_crop.jpg,1211207327_back_crop.jpg,58,机制银币 > 民国中央 > 袁世凯像 > 民国九年 > 壹圆 > 精发,袁世凯像壹圆
1211207329_front_crop.jpg,1211207329_back_crop.jpg,58,机制银币 > 民国中央 > 袁世凯像 > 民国九年 > 壹圆 > 精发,袁世凯像壹圆
1211207331_front_crop.jpg,1211207331_back_crop.jpg,58,机制银币 > 民国中央 > 袁世凯像 > 民国九年 > 壹圆 > 精发,袁世凯像壹圆
1211207333_front_crop.jpg,1211207333_back_crop.jpg,58,机制银币 > 民国中央 > 袁世凯像 > 民国九年 > 壹圆 > 精发,袁世凯像壹圆
1211207335_front_crop.jpg,1211207335_back_crop.jpg,58,机制银币 > 民国中央 > 袁世凯像 > 民国九年 > 壹圆 > 精发,袁世凯像壹圆
1211207337_front_crop.jpg,1211207337_back_crop.jpg,58,机制银币 > 民国中央 > 袁世凯像 > 民国九年 > 壹圆 > 精发,袁世凯像壹圆
1211207339_front_crop.jpg,1211207339_back_crop.jpg,87,机制银币 > 清代中央 > 光绪年造 > 丁未大清银币 > 壹圆,大清银币壹圆
1211207341_front_crop.jpg,1211207341_back_crop.jpg,12,机制银币 > 地方省造 > 云南省造 > 光绪元宝 > 七钱二分 > 老龙,云南省造半圆
1211207343_front_crop.jpg,1211207343_back_crop.jpg,12,机制银币 > 地方省造 > 云南省造 > 光绪元宝 > 七钱二分 > 老龙,云南省造半圆
1211207345_front_crop.jpg,1211207345_back_crop.jpg,12,机制银币 > 地方省造 > 云南省造 > 光绪元宝 > 七钱二分 > 老龙,云南省造半圆
1211207347_front_crop.jpg,1211207347_back_crop.jpg,12,机制银币 > 地方省造 > 云南省造 > 光绪元宝 > 七钱二分 > 老龙,云南省造半圆
1211207349_front_crop.jpg,1211207349_back_crop.jpg,12,机制银币 > 地方省造 > 云南省造 > 光绪元宝 > 七钱二分 > 老龙,云南省造半圆
1211207351_front_crop.jpg,1211207351_back_crop.jpg,12,机制银币 > 地方省造 > 云南省造 > 光绪元宝 > 七钱二分 > 老龙,云南省造半圆
1211207353_front_crop.jpg,1211207353_back_crop.jpg,12,机制银币 > 地方省造 > 云南省造 > 光绪元宝 > 七钱二分 > 老龙,云南省造半圆
1211207355_front_crop.jpg,1211207355_back_crop.jpg,12,机制银币 > 地方省造 > 云南省造 > 光绪元宝 > 七钱二分 > 老龙,云南省造半圆
1211207357_front_crop.jpg,1211207357_back_crop.jpg,12,机制银币 > 地方省造 > 云南省造 > 光绪元宝 > 七钱二分 > 老龙,云南省造半圆
1211207359_front_crop.jpg,1211207359_back_crop.jpg,12,机制银币 > 地方省造 > 云南省造 > 光绪元宝 > 七钱二分 > 老龙,云南省造半圆
1211207361_front_crop.jpg,1211207361_back_crop.jpg,12,机制银币 > 地方省造 > 云南省造 > 光绪元宝 > 七钱二分 > 老龙,云南省造半圆
1211207363_front_crop.jpg,1211207363_back_crop.jpg,12,机制银币 > 地方省造 > 云南省造 > 光绪元宝 > 七钱二分 > 老龙,云南省造半圆
1211207365_front_crop.jpg,1211207365_back_crop.jpg,12,机制银币 > 地方省造 > 云南省造 > 光绪元宝 > 七钱二分 > 老龙,云南省造半圆
1211207367_front_crop.jpg,1211207367_back_crop.jpg,12,机制银币 > 地方省造 > 云南省造 > 光绪元宝 > 七钱二分 > 老龙,云南省造半圆
1211207369_front_crop.jpg,1211207369_back_crop.jpg,12,机制银币 > 地方省造 > 云南省造 > 光绪元宝 > 七钱二分 > 老龙,云南省造半圆
1211207371_front_crop.jpg,1211207371_back_crop.jpg,12,机制银币 > 地方省造 > 云南省造 > 光绪元宝 > 七钱二分 > 老龙,云南省造半圆
1211207373_front_crop.jpg,1211207373_back_crop.jpg,12,机制银币 > 地方省造 > 云南省造 > 光绪元宝 > 七钱二分 > 老龙,云南省造半圆
1211207375_front_crop.jpg,1211207375_back_crop.jpg,12,机制银币 > 地方省造 > 云南省造 > 光绪元宝 > 七钱二分 > 老龙,云南省造半圆
1211207377_front_crop.jpg,1211207377_back_crop.jpg,12,机制银币 > 地方省造 > 云南省造 > 光绪元宝 > 七钱二分 > 老龙,云南省造半圆
1211207379_front_crop.jpg,1211207379_back_crop.jpg,12,机制银币 > 地方省造 > 云南省造 > 光绪元宝 > 七钱二分 > 老龙,云南省造半圆
1211207381_front_crop.jpg,1211207381_back_crop.jpg,12,机制银币 > 地方省造 > 云南省造 > 光绪元宝 > 七钱二分 > 老龙,云南省造半圆
1211207389_front_crop.jpg,1211207389_back_crop.jpg,69,机制银币 > 民国中央 > 孙中山像 > 民国17年 > 壹圆 > 甘肃省造,孙中山像贰毫
1211207391_front_crop.jpg,1211207391_back_crop.jpg,69,机制银币 > 民国中央 > 孙中山像 > 民国17年 > 壹圆 > 甘肃省造,孙中山像贰毫
1211207397_front_crop.jpg,1211207397_back_crop.jpg,0,机制银币 > 地方省造 > 四川省造 > 军政府 > 壹圆 > 普通,四川省造卢比
1211207401_front_crop.jpg,1211207401_back_crop.jpg,0,机制银币 > 地方省造 > 四川省造 > 军政府 > 壹圆 > 普通,四川省造卢比
1211207423_front_crop.jpg,1211207423_back_crop.jpg,90,机制银币 > 中华苏维埃 > 苏维埃 > 1932 > 贰角,福建官局贰毫
1211207427_front_crop.jpg,1211207427_back_crop.jpg,90,机制银币 > 中华苏维埃 > 苏维埃 > 1932 > 贰角,福建官局贰毫
1211207429_front_crop.jpg,1211207429_back_crop.jpg,90,机制银币 > 中华苏维埃 > 苏维埃 > 1932 > 贰角,福建官局贰毫
1211207431_front_crop.jpg,1211207431_back_crop.jpg,90,机制银币 > 中华苏维埃 > 苏维埃 > 1932 > 贰角,福建官局贰毫
1211207433_front_crop.jpg,1211207433_back_crop.jpg,90,机制银币 > 中华苏维埃 > 苏维埃 > 1932 > 贰角,福建官局贰毫
1211207435_front_crop.jpg,1211207435_back_crop.jpg,90,机制银币 > 中华苏维埃 > 苏维埃 > 1932 > 贰角,福建官局贰毫
1211207437_front_crop.jpg,1211207437_back_crop.jpg,90,机制银币 > 中华苏维埃 > 苏维埃 > 1932 > 贰角,福建官局贰毫
1211207439_front_crop.jpg,1211207439_back_crop.jpg,90,机制银币 > 中华苏维埃 > 苏维埃 > 1932 > 贰角,福建官局贰毫
1211207465_front_crop.jpg,1211207465_back_crop.jpg,58,机制银币 > 民国中央 > 袁世凯像 > 民国九年 > 壹圆 > 精发,袁世凯像贰角
1211207467_front_crop.jpg,1211207467_back_crop.jpg,58,机制银币 > 民国中央 > 袁世凯像 > 民国九年 > 壹圆 > 精发,袁世凯像贰角
1211207489_front_crop.jpg,1211207489_back_crop.jpg,55,机制银币 > 地方省造 > 广东省造 > 光绪元宝 > 三钱六分,广东省造一角
1211207491_front_crop.jpg,1211207491_back_crop.jpg,55,机制银币 > 地方省造 > 广东省造 > 光绪元宝 > 三钱六分,广东省造一角
1211207493_front_crop.jpg,1211207493_back_crop.jpg,55,机制银币 > 地方省造 > 广东省造 > 光绪元宝 > 三钱六分,广东省造一角
1211207495_front_crop.jpg,1211207495_back_crop.jpg,55,机制银币 > 地方省造 > 广东省造 > 光绪元宝 > 三钱六分,广东省造一角
1211207497_front_crop.jpg,1211207497_back_crop.jpg,55,机制银币 > 地方省造 > 广东省造 > 光绪元宝 > 三钱六分,广东省造一角
1211207499_front_crop.jpg,1211207499_back_crop.jpg,55,机制银币 > 地方省造 > 广东省造 > 光绪元宝 > 三钱六分,广东省造一角
1211207501_front_crop.jpg,1211207501_back_crop.jpg,55,机制银币 > 地方省造 > 广东省造 > 光绪元宝 > 三钱六分,广东省造一角
1211207503_front_crop.jpg,1211207503_back_crop.jpg,55,机制银币 > 地方省造 > 广东省造 > 光绪元宝 > 三钱六分,广东省造一角
1211207505_front_crop.jpg,1211207505_back_crop.jpg,55,机制银币 > 地方省造 > 广东省造 > 光绪元宝 > 三钱六分,广东省造一角
1211207507_front_crop.jpg,1211207507_back_crop.jpg,55,机制银币 > 地方省造 > 广东省造 > 光绪元宝 > 三钱六分,广东省造一角
1211207509_front_crop.jpg,1211207509_back_crop.jpg,55,机制银币 > 地方省造 > 广东省造 > 光绪元宝 > 三钱六分,广东省造一角
1211207511_front_crop.jpg,1211207511_back_crop.jpg,55,机制银币 > 地方省造 > 广东省造 > 光绪元宝 > 三钱六分,广东省造一角
1211207513_front_crop.jpg,1211207513_back_crop.jpg,55,机制银币 > 地方省造 > 广东省造 > 光绪元宝 > 三钱六分,广东省造一角
1211207515_front_crop.jpg,1211207515_back_crop.jpg,55,机制银币 > 地方省造 > 广东省造 > 光绪元宝 > 三钱六分,广东省造一角
1211207517_front_crop.jpg,1211207517_back_crop.jpg,55,机制银币 > 地方省造 > 广东省造 > 光绪元宝 > 三钱六分,广东省造一角
1211207519_front_crop.jpg,1211207519_back_crop.jpg,55,机制银币 > 地方省造 > 广东省造 > 光绪元宝 > 三钱六分,广东省造一角
1211207521_front_crop.jpg,1211207521_back_crop.jpg,55,机制银币 > 地方省造 > 广东省造 > 光绪元宝 > 三钱六分,广东省造一角
1211207523_front_crop.jpg,1211207523_back_crop.jpg,7,机制银币 > 地方省造 > 湖北省造 > 光绪元宝 > 七钱二分 > 普通,湖北省造一角
1211207525_front_crop.jpg,1211207525_back_crop.jpg,7,机制银币 > 地方省造 > 湖北省造 > 光绪元宝 > 七钱二分 > 普通,湖北省造一角
1211207527_front_crop.jpg,1211207527_back_crop.jpg,55,机制银币 > 地方省造 > 广东省造 > 光绪元宝 > 三钱六分,广东省造一角
1211207529_front_crop.jpg,1211207529_back_crop.jpg,55,机制银币 > 地方省造 > 广东省造 > 光绪元宝 > 三钱六分,广东省造一角
1211207531_front_crop.jpg,1211207531_back_crop.jpg,55,机制银币 > 地方省造 > 广东省造 > 光绪元宝 > 三钱六分,广东省造一角
1211207533_front_crop.jpg,1211207533_back_crop.jpg,55,机制银币 > 地方省造 > 广东省造 > 光绪元宝 > 三钱六分,广东省造一角
1211207543_front_crop.jpg,1211207543_back_crop.jpg,58,机制银币 > 民国中央 > 袁世凯像 > 民国九年 > 壹圆 > 精发,袁世凯像壹圆
1211207561_front_crop.jpg,1211207561_back_crop.jpg,58,机制银币 > 民国中央 > 袁世凯像 > 民国九年 > 壹圆 > 精发,袁世凯像壹圆
1211207565_front_crop.jpg,1211207565_back_crop.jpg,58,机制银币 > 民国中央 > 袁世凯像 > 民国九年 > 壹圆 > 精发,袁世凯像壹圆
1211207577_front_crop.jpg,1211207577_back_crop.jpg,58,机制银币 > 民国中央 > 袁世凯像 > 民国九年 > 壹圆 > 精发,袁世凯像壹圆
1211207579_front_crop.jpg,1211207579_back_crop.jpg,55,机制银币 > 地方省造 > 广东省造 > 光绪元宝 > 三钱六分,广东省造一圆
1211207581_front_crop.jpg,1211207581_back_crop.jpg,7,机制银币 > 地方省造 > 湖北省造 > 光绪元宝 > 七钱二分 > 普通,湖北省造一圆
1211207583_front_crop.jpg,1211207583_back_crop.jpg,58,机制银币 > 民国中央 > 袁世凯像 > 民国九年 > 壹圆 > 精发,袁世凯像壹圆
1211207587_front_crop.jpg,1211207587_back_crop.jpg,58,机制银币 > 民国中央 > 袁世凯像 > 民国九年 > 壹圆 > 精发,袁世凯像壹圆
1211207595_front_crop.jpg,1211207595_back_crop.jpg,58,机制银币 > 民国中央 > 袁世凯像 > 民国九年 > 壹圆 > 精发,袁世凯像壹圆
1211207623_front_crop.jpg,1211207623_back_crop.jpg,69,机制银币 > 民国中央 > 孙中山像 > 民国17年 > 壹圆 > 甘肃省造,孙中山像壹圆
1211207625_front_crop.jpg,1211207625_back_crop.jpg,7,机制银币 > 地方省造 > 湖北省造 > 光绪元宝 > 七钱二分 > 普通,湖北省造一圆
1211207627_front_crop.jpg,1211207627_back_crop.jpg,7,机制银币 > 地方省造 > 湖北省造 > 光绪元宝 > 七钱二分 > 普通,湖北省造一圆
1211207629_front_crop.jpg,1211207629_back_crop.jpg,27,机制银币 > 地方省造 > 江南省造 > 甲辰 > 七钱二分 > 普通,江南省造一圆
1211207631_front_crop.jpg,1211207631_back_crop.jpg,27,机制银币 > 地方省造 > 江南省造 > 甲辰 > 七钱二分 > 普通,江南省造一圆
1211207633_front_crop.jpg,1211207633_back_crop.jpg,55,机制银币 > 地方省造 > 广东省造 > 光绪元宝 > 三钱六分,广东省造一圆
1211207643_front_crop.jpg,1211207643_back_crop.jpg,69,机制银币 > 民国中央 > 孙中山像 > 民国17年 > 壹圆 > 甘肃省造,孙中山像壹圆
1211207645_front_crop.jpg,1211207645_back_crop.jpg,58,机制银币 > 民国中央 > 袁世凯像 > 民国九年 > 壹圆 > 精发,袁世凯像壹圆
1211207653_front_crop.jpg,1211207653_back_crop.jpg,46,机制银币 > 地方省造 > 北洋造 > 光绪24年 > 壹圆,北洋局造一圆
1211207657_front_crop.jpg,1211207657_back_crop.jpg,69,机制银币 > 民国中央 > 孙中山像 > 民国17年 > 壹圆 > 甘肃省造,孙中山像壹圆
1211207663_front_crop.jpg,1211207663_back_crop.jpg,12,机制银币 > 地方省造 > 云南省造 > 光绪元宝 > 七钱二分 > 老龙,云南省造半圆
1211207665_front_crop.jpg,1211207665_back_crop.jpg,12,机制银币 > 地方省造 > 云南省造 > 光绪元宝 > 七钱二分 > 老龙,云南省造半圆
1211207669_front_crop.jpg,1211207669_back_crop.jpg,46,机制银币 > 地方省造 > 北洋造 > 光绪24年 > 壹圆,北洋局造一圆
1211207671_front_crop.jpg,1211207671_back_crop.jpg,58,机制银币 > 民国中央 > 袁世凯像 > 民国九年 > 壹圆 > 精发,袁世凯像壹圆
1211207673_front_crop.jpg,1211207673_back_crop.jpg,58,机制银币 > 民国中央 > 袁世凯像 > 民国九年 > 壹圆 > 精发,袁世凯像壹圆
1211207677_front_crop.jpg,1211207677_back_crop.jpg,12,机制银币 > 地方省造 > 云南省造 > 光绪元宝 > 七钱二分 > 老龙,云南省造半圆
1211207679_front_crop.jpg,1211207679_back_crop.jpg,85,机制银币 > 纪念币 > 唐继尧像 > 拥护共和 > 三钱六分 > 正像,唐继尧像半圆
1211207681_front_crop.jpg,1211207681_back_crop.jpg,58,机制银币 > 民国中央 > 袁世凯像 > 民国九年 > 壹圆 > 精发,袁世凯像壹圆
1211207685_front_crop.jpg,1211207685_back_crop.jpg,58,机制银币 > 民国中央 > 袁世凯像 > 民国九年 > 壹圆 > 精发,袁世凯像壹圆
1211207687_front_crop.jpg,1211207687_back_crop.jpg,58,机制银币 > 民国中央 > 袁世凯像 > 民国九年 > 壹圆 > 精发,袁世凯像壹圆
1211207689_front_crop.jpg,1211207689_back_crop.jpg,58,机制银币 > 民国中央 > 袁世凯像 > 民国九年 > 壹圆 > 精发,袁世凯像壹圆
1211207691_front_crop.jpg,1211207691_back_crop.jpg,58,机制银币 > 民国中央 > 袁世凯像 > 民国九年 > 壹圆 > 精发,袁世凯像壹圆
1211207693_front_crop.jpg,1211207693_back_crop.jpg,58,机制银币 > 民国中央 > 袁世凯像 > 民国九年 > 壹圆 > 精发,袁世凯像壹圆
1211207697_front_crop.jpg,1211207697_back_crop.jpg,6,机制银币 > 地方省造 > 四川省造 > 光绪元宝 > 七钱二分 > 四角龙,福建官局二角
1211207701_front_crop.jpg,1211207701_back_crop.jpg,7,机制银币 > 地方省造 > 湖北省造 > 光绪元宝 > 七钱二分 > 普通,湖北省造二角
1211207709_front_crop.jpg,1211207709_back_crop.jpg,69,机制银币 > 民国中央 > 孙中山像 > 民国17年 > 壹圆 > 甘肃省造,孙中山像壹圆
1211207711_front_crop.jpg,1211207711_back_crop.jpg,58,机制银币 > 民国中央 > 袁世凯像 > 民国九年 > 壹圆 > 精发,袁世凯像壹圆
1211207713_front_crop.jpg,1211207713_back_crop.jpg,58,机制银币 > 民国中央 > 袁世凯像 > 民国九年 > 壹圆 > 精发,袁世凯像壹圆
1211207715_front_crop.jpg,1211207715_back_crop.jpg,58,机制银币 > 民国中央 > 袁世凯像 > 民国九年 > 壹圆 > 精发,袁世凯像壹圆
1211207717_front_crop.jpg,1211207717_back_crop.jpg,58,机制银币 > 民国中央 > 袁世凯像 > 民国九年 > 壹圆 > 精发,袁世凯像壹圆
1211207719_front_crop.jpg,1211207719_back_crop.jpg,58,机制银币 > 民国中央 > 袁世凯像 > 民国九年 > 壹圆 > 精发,袁世凯像壹圆
1211207721_front_crop.jpg,1211207721_back_crop.jpg,58,机制银币 > 民国中央 > 袁世凯像 > 民国九年 > 壹圆 > 精发,袁世凯像壹圆
1211207723_front_crop.jpg,1211207723_back_crop.jpg,58,机制银币 > 民国中央 > 袁世凯像 > 民国九年 > 壹圆 > 精发,袁世凯像壹圆
1211207725_front_crop.jpg,1211207725_back_crop.jpg,58,机制银币 > 民国中央 > 袁世凯像 > 民国九年 > 壹圆 > 精发,袁世凯像壹圆
1211207727_front_crop.jpg,1211207727_back_crop.jpg,58,机制银币 > 民国中央 > 袁世凯像 > 民国九年 > 壹圆 > 精发,袁世凯像壹圆
1211207729_front_crop.jpg,1211207729_back_crop.jpg,58,机制银币 > 民国中央 > 袁世凯像 > 民国九年 > 壹圆 > 精发,袁世凯像壹圆
1211207731_front_crop.jpg,1211207731_back_crop.jpg,58,机制银币 > 民国中央 > 袁世凯像 > 民国九年 > 壹圆 > 精发,袁世凯像壹圆
1211207733_front_crop.jpg,1211207733_back_crop.jpg,58,机制银币 > 民国中央 > 袁世凯像 > 民国九年 > 壹圆 > 精发,袁世凯像壹圆
1211207735_front_crop.jpg,1211207735_back_crop.jpg,58,机制银币 > 民国中央 > 袁世凯像 > 民国九年 > 壹圆 > 精发,袁世凯像壹圆
1211207737_front_crop.jpg,1211207737_back_crop.jpg,58,机制银币 > 民国中央 > 袁世凯像 > 民国九年 > 壹圆 > 精发,袁世凯像壹圆
1211207739_front_crop.jpg,1211207739_back_crop.jpg,58,机制银币 > 民国中央 > 袁世凯像 > 民国九年 > 壹圆 > 精发,袁世凯像壹圆
1211207741_front_crop.jpg,1211207741_back_crop.jpg,58,机制银币 > 民国中央 > 袁世凯像 > 民国九年 > 壹圆 > 精发,袁世凯像壹圆
1211207743_front_crop.jpg,1211207743_back_crop.jpg,58,机制银币 > 民国中央 > 袁世凯像 > 民国九年 > 壹圆 > 精发,袁世凯像壹圆
1211207745_front_crop.jpg,1211207745_back_crop.jpg,58,机制银币 > 民国中央 > 袁世凯像 > 民国九年 > 壹圆 > 精发,袁世凯像壹圆
1211207747_front_crop.jpg,1211207747_back_crop.jpg,58,机制银币 > 民国中央 > 袁世凯像 > 民国九年 > 壹圆 > 精发,袁世凯像壹圆
1211207749_front_crop.jpg,1211207749_back_crop.jpg,58,机制银币 > 民国中央 > 袁世凯像 > 民国九年 > 壹圆 > 精发,袁世凯像壹圆
1211207751_front_crop.jpg,1211207751_back_crop.jpg,58,机制银币 > 民国中央 > 袁世凯像 > 民国九年 > 壹圆 > 精发,袁世凯像壹圆
1211207753_front_crop.jpg,1211207753_back_crop.jpg,58,机制银币 > 民国中央 > 袁世凯像 > 民国九年 > 壹圆 > 精发,袁世凯像壹圆
1211207755_front_crop.jpg,1211207755_back_crop.jpg,58,机制银币 > 民国中央 > 袁世凯像 > 民国九年 > 壹圆 > 精发,袁世凯像壹圆
1211207757_front_crop.jpg,1211207757_back_crop.jpg,58,机制银币 > 民国中央 > 袁世凯像 > 民国九年 > 壹圆 > 精发,袁世凯像壹圆
1211207759_front_crop.jpg,1211207759_back_crop.jpg,58,机制银币 > 民国中央 > 袁世凯像 > 民国九年 > 壹圆 > 精发,袁世凯像壹圆
1211207761_front_crop.jpg,1211207761_back_crop.jpg,58,机制银币 > 民国中央 > 袁世凯像 > 民国九年 > 壹圆 > 精发,袁世凯像壹圆
1211207763_front_crop.jpg,1211207763_back_crop.jpg,58,机制银币 > 民国中央 > 袁世凯像 > 民国九年 > 壹圆 > 精发,袁世凯像壹圆
1211207765_front_crop.jpg,1211207765_back_crop.jpg,58,机制银币 > 民国中央 > 袁世凯像 > 民国九年 > 壹圆 > 精发,袁世凯像壹圆
1211207767_front_crop.jpg,1211207767_back_crop.jpg,58,机制银币 > 民国中央 > 袁世凯像 > 民国九年 > 壹圆 > 精发,袁世凯像壹圆
1211207769_front_crop.jpg,1211207769_back_crop.jpg,58,机制银币 > 民国中央 > 袁世凯像 > 民国九年 > 壹圆 > 精发,袁世凯像壹圆
1211207771_front_crop.jpg,1211207771_back_crop.jpg,58,机制银币 > 民国中央 > 袁世凯像 > 民国九年 > 壹圆 > 精发,袁世凯像壹圆
1211207819_front_crop.jpg,1211207819_back_crop.jpg,12,机制银币 > 地方省造 > 云南省造 > 光绪元宝 > 七钱二分 > 老龙,云南省造半圆
1211207825_front_crop.jpg,1211207825_back_crop.jpg,12,机制银币 > 地方省造 > 云南省造 > 光绪元宝 > 七钱二分 > 老龙,云南省造二角
1211207827_front_crop.jpg,1211207827_back_crop.jpg,12,机制银币 > 地方省造 > 云南省造 > 光绪元宝 > 七钱二分 > 老龙,云南省造二角
1211207831_front_crop.jpg,1211207831_back_crop.jpg,12,机制银币 > 地方省造 > 云南省造 > 光绪元宝 > 七钱二分 > 老龙,云南省造二角
1211207833_front_crop.jpg,1211207833_back_crop.jpg,12,机制银币 > 地方省造 > 云南省造 > 光绪元宝 > 七钱二分 > 老龙,云南省造二角
1211207837_front_crop.jpg,1211207837_back_crop.jpg,12,机制银币 > 地方省造 > 云南省造 > 光绪元宝 > 七钱二分 > 老龙,云南省造二角
1211207839_front_crop.jpg,1211207839_back_crop.jpg,12,机制银币 > 地方省造 > 云南省造 > 光绪元宝 > 七钱二分 > 老龙,云南省造二角
1211207845_front_crop.jpg,1211207845_back_crop.jpg,12,机制银币 > 地方省造 > 云南省造 > 光绪元宝 > 七钱二分 > 老龙,云南省造二角
1211207847_front_crop.jpg,1211207847_back_crop.jpg,12,机制银币 > 地方省造 > 云南省造 > 光绪元宝 > 七钱二分 > 老龙,云南省造二角
1211207849_front_crop.jpg,1211207849_back_crop.jpg,12,机制银币 > 地方省造 > 云南省造 > 光绪元宝 > 七钱二分 > 老龙,云南省造二角
1211207851_front_crop.jpg,1211207851_back_crop.jpg,12,机制银币 > 地方省造 > 云南省造 > 光绪元宝 > 七钱二分 > 老龙,云南省造二角
1211207853_front_crop.jpg,1211207853_back_crop.jpg,12,机制银币 > 地方省造 > 云南省造 > 光绪元宝 > 七钱二分 > 老龙,云南省造二角
1211207855_front_crop.jpg,1211207855_back_crop.jpg,12,机制银币 > 地方省造 > 云南省造 > 光绪元宝 > 七钱二分 > 老龙,云南省造二角
1211207861_front_crop.jpg,1211207861_back_crop.jpg,12,机制银币 > 地方省造 > 云南省造 > 光绪元宝 > 七钱二分 > 老龙,云南省造二角
1211207863_front_crop.jpg,1211207863_back_crop.jpg,12,机制银币 > 地方省造 > 云南省造 > 光绪元宝 > 七钱二分 > 老龙,云南省造二角
1211207865_front_crop.jpg,1211207865_back_crop.jpg,12,机制银币 > 地方省造 > 云南省造 > 光绪元宝 > 七钱二分 > 老龙,云南省造二角
1211207867_front_crop.jpg,1211207867_back_crop.jpg,12,机制银币 > 地方省造 > 云南省造 > 光绪元宝 > 七钱二分 > 老龙,云南省造二角
1211207869_front_crop.jpg,1211207869_back_crop.jpg,12,机制银币 > 地方省造 > 云南省造 > 光绪元宝 > 七钱二分 > 老龙,云南省造二角
1211207881_front_crop.jpg,1211207881_back_crop.jpg,18,机制银币 > 地方省造 > 东三省造 > 光绪元宝 > 七钱二分,东三省造二角
1211207883_front_crop.jpg,1211207883_back_crop.jpg,18,机制银币 > 地方省造 > 东三省造 > 光绪元宝 > 七钱二分,东三省造二角
1211207885_front_crop.jpg,1211207885_back_crop.jpg,18,机制银币 > 地方省造 > 东三省造 > 光绪元宝 > 七钱二分,东三省造二角
1211207887_front_crop.jpg,1211207887_back_crop.jpg,18,机制银币 > 地方省造 > 东三省造 > 光绪元宝 > 七钱二分,东三省造二角
1211207889_front_crop.jpg,1211207889_back_crop.jpg,18,机制银币 > 地方省造 > 东三省造 > 光绪元宝 > 七钱二分,东三省造二角
1211207891_front_crop.jpg,1211207891_back_crop.jpg,18,机制银币 > 地方省造 > 东三省造 > 光绪元宝 > 七钱二分,东三省造二角
1211207893_front_crop.jpg,1211207893_back_crop.jpg,18,机制银币 > 地方省造 > 东三省造 > 光绪元宝 > 七钱二分,东三省造二角
1211207895_front_crop.jpg,1211207895_back_crop.jpg,18,机制银币 > 地方省造 > 东三省造 > 光绪元宝 > 七钱二分,东三省造二角
1211207897_front_crop.jpg,1211207897_back_crop.jpg,18,机制银币 > 地方省造 > 东三省造 > 光绪元宝 > 七钱二分,东三省造二角
1211207899_front_crop.jpg,1211207899_back_crop.jpg,18,机制银币 > 地方省造 > 东三省造 > 光绪元宝 > 七钱二分,东三省造二角
1211207901_front_crop.jpg,1211207901_back_crop.jpg,18,机制银币 > 地方省造 > 东三省造 > 光绪元宝 > 七钱二分,东三省造二角
1211207903_front_crop.jpg,1211207903_back_crop.jpg,18,机制银币 > 地方省造 > 东三省造 > 光绪元宝 > 七钱二分,东三省造二角
1211207905_front_crop.jpg,1211207905_back_crop.jpg,18,机制银币 > 地方省造 > 东三省造 > 光绪元宝 > 七钱二分,东三省造二角
1211207907_front_crop.jpg,1211207907_back_crop.jpg,18,机制银币 > 地方省造 > 东三省造 > 光绪元宝 > 七钱二分,东三省造二角
1211207909_front_crop.jpg,1211207909_back_crop.jpg,18,机制银币 > 地方省造 > 东三省造 > 光绪元宝 > 七钱二分,东三省造二角
1211207911_front_crop.jpg,1211207911_back_crop.jpg,18,机制银币 > 地方省造 > 东三省造 > 光绪元宝 > 七钱二分,东三省造二角
1211207913_front_crop.jpg,1211207913_back_crop.jpg,18,机制银币 > 地方省造 > 东三省造 > 光绪元宝 > 七钱二分,东三省造二角
1211207915_front_crop.jpg,1211207915_back_crop.jpg,18,机制银币 > 地方省造 > 东三省造 > 光绪元宝 > 七钱二分,东三省造二角
1211207919_front_crop.jpg,1211207919_back_crop.jpg,18,机制银币 > 地方省造 > 东三省造 > 光绪元宝 > 七钱二分,东三省造二角
1211207921_front_crop.jpg,1211207921_back_crop.jpg,18,机制银币 > 地方省造 > 东三省造 > 光绪元宝 > 七钱二分,东三省造二角
1211207923_front_crop.jpg,1211207923_back_crop.jpg,18,机制银币 > 地方省造 > 东三省造 > 光绪元宝 > 七钱二分,东三省造二角
1211207925_front_crop.jpg,1211207925_back_crop.jpg,18,机制银币 > 地方省造 > 东三省造 > 光绪元宝 > 七钱二分,东三省造二角
1211207927_front_crop.jpg,1211207927_back_crop.jpg,18,机制银币 > 地方省造 > 东三省造 > 光绪元宝 > 七钱二分,东三省造二角
1211207929_front_crop.jpg,1211207929_back_crop.jpg,18,机制银币 > 地方省造 > 东三省造 > 光绪元宝 > 七钱二分,东三省造二角
1211207931_front_crop.jpg,1211207931_back_crop.jpg,18,机制银币 > 地方省造 > 东三省造 > 光绪元宝 > 七钱二分,东三省造二角
1211207933_front_crop.jpg,1211207933_back_crop.jpg,18,机制银币 > 地方省造 > 东三省造 > 光绪元宝 > 七钱二分,东三省造二角
1211207935_front_crop.jpg,1211207935_back_crop.jpg,18,机制银币 > 地方省造 > 东三省造 > 光绪元宝 > 七钱二分,东三省造二角
1211207937_front_crop.jpg,1211207937_back_crop.jpg,18,机制银币 > 地方省造 > 东三省造 > 光绪元宝 > 七钱二分,东三省造二角
1211207939_front_crop.jpg,1211207939_back_crop.jpg,18,机制银币 > 地方省造 > 东三省造 > 光绪元宝 > 七钱二分,东三省造二角
1211207941_front_crop.jpg,1211207941_back_crop.jpg,18,机制银币 > 地方省造 > 东三省造 > 光绪元宝 > 七钱二分,东三省造二角
1211207943_front_crop.jpg,1211207943_back_crop.jpg,18,机制银币 > 地方省造 > 东三省造 > 光绪元宝 > 七钱二分,东三省造二角
1211207945_front_crop.jpg,1211207945_back_crop.jpg,18,机制银币 > 地方省造 > 东三省造 > 光绪元宝 > 七钱二分,东三省造二角
1211207947_front_crop.jpg,1211207947_back_crop.jpg,18,机制银币 > 地方省造 > 东三省造 > 光绪元宝 > 七钱二分,东三省造二角
1211207949_front_crop.jpg,1211207949_back_crop.jpg,18,机制银币 > 地方省造 > 东三省造 > 光绪元宝 > 七钱二分,东三省造二角
1211207953_front_crop.jpg,1211207953_back_crop.jpg,18,机制银币 > 地方省造 > 东三省造 > 光绪元宝 > 七钱二分,东三省造二角
1211207957_front_crop.jpg,1211207957_back_crop.jpg,6,机制银币 > 地方省造 > 四川省造 > 光绪元宝 > 七钱二分 > 四角龙,浙江省造二角
1211207961_front_crop.jpg,1211207961_back_crop.jpg,27,机制银币 > 地方省造 > 江南省造 > 甲辰 > 七钱二分 > 普通,江南省造一角
1211207965_front_crop.jpg,1211207965_back_crop.jpg,19,机制银币 > 地方省造 > 吉林省造 > 戊申 > 七钱二分 > 中心满文,吉林省造二角
1211207967_front_crop.jpg,1211207967_back_crop.jpg,70,机制银币 > 民国中央 > 孙中山像 > 开国纪念 > 壹圆 > 下五星,开国纪念壹圆
1211207969_front_crop.jpg,1211207969_back_crop.jpg,70,机制银币 > 民国中央 > 孙中山像 > 开国纪念 > 壹圆 > 下五星,开国纪念壹圆
1211207971_front_crop.jpg,1211207971_back_crop.jpg,70,机制银币 > 民国中央 > 孙中山像 > 开国纪念 > 壹圆 > 下五星,开国纪念壹圆
1211207975_front_crop.jpg,1211207975_back_crop.jpg,70,机制银币 > 民国中央 > 孙中山像 > 开国纪念 > 壹圆 > 下五星,开国纪念壹圆
1211207987_front_crop.jpg,1211207987_back_crop.jpg,46,机制银币 > 地方省造 > 北洋造 > 光绪24年 > 壹圆,北洋局造一圆
1211207989_front_crop.jpg,1211207989_back_crop.jpg,46,机制银币 > 地方省造 > 北洋造 > 光绪24年 > 壹圆,北洋局造一圆
1211207991_front_crop.jpg,1211207991_back_crop.jpg,58,机制银币 > 民国中央 > 袁世凯像 > 民国九年 > 壹圆 > 精发,袁世凯像壹圆
1211208003_front_crop.jpg,1211208003_back_crop.jpg,85,机制银币 > 纪念币 > 唐继尧像 > 拥护共和 > 三钱六分 > 正像,唐继尧像半圆
1211208005_front_crop.jpg,1211208005_back_crop.jpg,85,机制银币 > 纪念币 > 唐继尧像 > 拥护共和 > 三钱六分 > 正像,唐继尧像半圆
1211208015_front_crop.jpg,1211208015_back_crop.jpg,70,机制银币 > 民国中央 > 孙中山像 > 开国纪念 > 壹圆 > 下五星,开国纪念壹圆
1211208017_front_crop.jpg,1211208017_back_crop.jpg,19,机制银币 > 地方省造 > 吉林省造 > 戊申 > 七钱二分 > 中心满文,吉林省造二角
1211208019_front_crop.jpg,1211208019_back_crop.jpg,19,机制银币 > 地方省造 > 吉林省造 > 戊申 > 七钱二分 > 中心满文,吉林省造二角
1211208047_front_crop.jpg,1211208047_back_crop.jpg,55,机制银币 > 地方省造 > 广东省造 > 光绪元宝 > 三钱六分,广东省造二角
1211208049_front_crop.jpg,1211208049_back_crop.jpg,69,机制银币 > 民国中央 > 孙中山像 > 民国17年 > 壹圆 > 甘肃省造,孙中山像贰毫
1211208051_front_crop.jpg,1211208051_back_crop.jpg,6,机制银币 > 地方省造 > 四川省造 > 光绪元宝 > 七钱二分 > 四角龙,福建省造二角
1211208055_front_crop.jpg,1211208055_back_crop.jpg,12,机制银币 > 地方省造 > 云南省造 > 光绪元宝 > 七钱二分 > 老龙,云南省造半圆
1211208057_front_crop.jpg,1211208057_back_crop.jpg,12,机制银币 > 地方省造 > 云南省造 > 光绪元宝 > 七钱二分 > 老龙,云南省造贰角
1211208059_front_crop.jpg,1211208059_back_crop.jpg,18,机制银币 > 地方省造 > 东三省造 > 光绪元宝 > 七钱二分,东三省造二角
1211208069_front_crop.jpg,1211208069_back_crop.jpg,58,机制银币 > 民国中央 > 袁世凯像 > 民国九年 > 壹圆 > 精发,袁世凯像壹圆
1211208071_front_crop.jpg,1211208071_back_crop.jpg,58,机制银币 > 民国中央 > 袁世凯像 > 民国九年 > 壹圆 > 精发,袁世凯像壹圆
1211208073_front_crop.jpg,1211208073_back_crop.jpg,0,机制银币 > 地方省造 > 四川省造 > 军政府 > 壹圆 > 普通,四川省造卢比
1211208079_front_crop.jpg,1211208079_back_crop.jpg,58,机制银币 > 民国中央 > 袁世凯像 > 民国九年 > 壹圆 > 精发,袁世凯像壹圆
1211208081_front_crop.jpg,1211208081_back_crop.jpg,58,机制银币 > 民国中央 > 袁世凯像 > 民国九年 > 壹圆 > 精发,袁世凯像壹圆
1211208083_front_crop.jpg,1211208083_back_crop.jpg,58,机制银币 > 民国中央 > 袁世凯像 > 民国九年 > 壹圆 > 精发,袁世凯像壹圆
1211208085_front_crop.jpg,1211208085_back_crop.jpg,58,机制银币 > 民国中央 > 袁世凯像 > 民国九年 > 壹圆 > 精发,袁世凯像壹圆
1211208087_front_crop.jpg,1211208087_back_crop.jpg,58,机制银币 > 民国中央 > 袁世凯像 > 民国九年 > 壹圆 > 精发,袁世凯像壹圆
1211208089_front_crop.jpg,1211208089_back_crop.jpg,58,机制银币 > 民国中央 > 袁世凯像 > 民国九年 > 壹圆 > 精发,袁世凯像壹圆
1211208091_front_crop.jpg,1211208091_back_crop.jpg,58,机制银币 > 民国中央 > 袁世凯像 > 民国九年 > 壹圆 > 精发,袁世凯像壹圆
1211208093_front_crop.jpg,1211208093_back_crop.jpg,58,机制银币 > 民国中央 > 袁世凯像 > 民国九年 > 壹圆 > 精发,袁世凯像壹圆
1211208095_front_crop.jpg,1211208095_back_crop.jpg,58,机制银币 > 民国中央 > 袁世凯像 > 民国九年 > 壹圆 > 精发,袁世凯像壹圆
1211208097_front_crop.jpg,1211208097_back_crop.jpg,58,机制银币 > 民国中央 > 袁世凯像 > 民国九年 > 壹圆 > 精发,袁世凯像壹圆
1211208099_front_crop.jpg,1211208099_back_crop.jpg,58,机制银币 > 民国中央 > 袁世凯像 > 民国九年 > 壹圆 > 精发,袁世凯像壹圆
1211208101_front_crop.jpg,1211208101_back_crop.jpg,58,机制银币 > 民国中央 > 袁世凯像 > 民国九年 > 壹圆 > 精发,袁世凯像壹圆
1211208103_front_crop.jpg,1211208103_back_crop.jpg,58,机制银币 > 民国中央 > 袁世凯像 > 民国九年 > 壹圆 > 精发,袁世凯像壹圆
1211208105_front_crop.jpg,1211208105_back_crop.jpg,58,机制银币 > 民国中央 > 袁世凯像 > 民国九年 > 壹圆 > 精发,袁世凯像壹圆
1211208107_front_crop.jpg,1211208107_back_crop.jpg,58,机制银币 > 民国中央 > 袁世凯像 > 民国九年 > 壹圆 > 精发,袁世凯像壹圆
1211208109_front_crop.jpg,1211208109_back_crop.jpg,58,机制银币 > 民国中央 > 袁世凯像 > 民国九年 > 壹圆 > 精发,袁世凯像壹圆
1211208111_front_crop.jpg,1211208111_back_crop.jpg,58,机制银币 > 民国中央 > 袁世凯像 > 民国九年 > 壹圆 > 精发,袁世凯像壹圆
1211208119_front_crop.jpg,1211208119_back_crop.jpg,58,机制银币 > 民国中央 > 袁世凯像 > 民国九年 > 壹圆 > 精发,袁世凯像壹圆
1211208121_front_crop.jpg,1211208121_back_crop.jpg,58,机制银币 > 民国中央 > 袁世凯像 > 民国九年 > 壹圆 > 精发,袁世凯像壹圆
1211208123_front_crop.jpg,1211208123_back_crop.jpg,58,机制银币 > 民国中央 > 袁世凯像 > 民国九年 > 壹圆 > 精发,袁世凯像壹圆
1211208125_front_crop.jpg,1211208125_back_crop.jpg,58,机制银币 > 民国中央 > 袁世凯像 > 民国九年 > 壹圆 > 精发,袁世凯像壹圆
1211208127_front_crop.jpg,1211208127_back_crop.jpg,58,机制银币 > 民国中央 > 袁世凯像 > 民国九年 > 壹圆 > 精发,袁世凯像壹圆
1211208131_front_crop.jpg,1211208131_back_crop.jpg,58,机制银币 > 民国中央 > 袁世凯像 > 民国九年 > 壹圆 > 精发,袁世凯像壹圆
1211208133_front_crop.jpg,1211208133_back_crop.jpg,58,机制银币 > 民国中央 > 袁世凯像 > 民国九年 > 壹圆 > 精发,袁世凯像壹圆
1211208137_front_crop.jpg,1211208137_back_crop.jpg,18,机制银币 > 地方省造 > 东三省造 > 光绪元宝 > 七钱二分,东三省造二角
1211208147_front_crop.jpg,1211208147_back_crop.jpg,46,机制银币 > 地方省造 > 北洋造 > 光绪24年 > 壹圆,北洋局造一圆
1211208151_front_crop.jpg,1211208151_back_crop.jpg,58,机制银币 > 民国中央 > 袁世凯像 > 民国九年 > 壹圆 > 精发,袁世凯像壹圆
1211208153_front_crop.jpg,1211208153_back_crop.jpg,58,机制银币 > 民国中央 > 袁世凯像 > 民国九年 > 壹圆 > 精发,袁世凯像壹圆
1211208155_front_crop.jpg,1211208155_back_crop.jpg,58,机制银币 > 民国中央 > 袁世凯像 > 民国九年 > 壹圆 > 精发,袁世凯像壹圆
1211208157_front_crop.jpg,1211208157_back_crop.jpg,27,机制银币 > 地方省造 > 江南省造 > 甲辰 > 七钱二分 > 普通,江南省造一圆
1211208159_front_crop.jpg,1211208159_back_crop.jpg,46,机制银币 > 地方省造 > 北洋造 > 光绪24年 > 壹圆,北洋局造一圆
1211208161_front_crop.jpg,1211208161_back_crop.jpg,46,机制银币 > 地方省造 > 北洋造 > 光绪24年 > 壹圆,北洋局造一圆
1211208165_front_crop.jpg,1211208165_back_crop.jpg,0,机制银币 > 地方省造 > 四川省造 > 军政府 > 壹圆 > 普通,四川银币壹圆
1211208167_front_crop.jpg,1211208167_back_crop.jpg,0,机制银币 > 地方省造 > 四川省造 > 军政府 > 壹圆 > 普通,四川银币壹圆
1211208169_front_crop.jpg,1211208169_back_crop.jpg,0,机制银币 > 地方省造 > 四川省造 > 军政府 > 壹圆 > 普通,四川银币壹圆
1211208171_front_crop.jpg,1211208171_back_crop.jpg,0,机制银币 > 地方省造 > 四川省造 > 军政府 > 壹圆 > 普通,四川银币壹圆
1211208177_front_crop.jpg,1211208177_back_crop.jpg,55,机制银币 > 地方省造 > 广东省造 > 光绪元宝 > 三钱六分,广东省造贰毫
1211208179_front_crop.jpg,1211208179_back_crop.jpg,55,机制银币 > 地方省造 > 广东省造 > 光绪元宝 > 三钱六分,广东省造贰毫
1211208181_front_crop.jpg,1211208181_back_crop.jpg,55,机制银币 > 地方省造 > 广东省造 > 光绪元宝 > 三钱六分,广东省造贰毫
1211208183_front_crop.jpg,1211208183_back_crop.jpg,18,机制银币 > 地方省造 > 东三省造 > 光绪元宝 > 七钱二分,东三省造二角
1211208221_front_crop.jpg,1211208221_back_crop.jpg,12,机制银币 > 地方省造 > 云南省造 > 光绪元宝 > 七钱二分 > 老龙,云南省造贰角
1211208227_front_crop.jpg,1211208227_back_crop.jpg,12,机制银币 > 地方省造 > 云南省造 > 光绪元宝 > 七钱二分 > 老龙,云南省造贰角
1211208231_front_crop.jpg,1211208231_back_crop.jpg,55,机制银币 > 地方省造 > 广东省造 > 光绪元宝 > 三钱六分,广东省造贰毫
1211208233_front_crop.jpg,1211208233_back_crop.jpg,6,机制银币 > 地方省造 > 四川省造 > 光绪元宝 > 七钱二分 > 四角龙,福建省造二角
1211208235_front_crop.jpg,1211208235_back_crop.jpg,58,机制银币 > 民国中央 > 袁世凯像 > 民国九年 > 壹圆 > 精发,袁世凯像壹圆
1211208239_front_crop.jpg,1211208239_back_crop.jpg,70,机制银币 > 民国中央 > 孙中山像 > 开国纪念 > 壹圆 > 下五星,开国纪念壹圆
1211208255_front_crop.jpg,1211208255_back_crop.jpg,55,机制银币 > 地方省造 > 广东省造 > 光绪元宝 > 三钱六分,广西省造贰毫
1211208263_front_crop.jpg,1211208263_back_crop.jpg,58,机制银币 > 民国中央 > 袁世凯像 > 民国九年 > 壹圆 > 精发,袁世凯像壹圆
1211208269_front_crop.jpg,1211208269_back_crop.jpg,58,机制银币 > 民国中央 > 袁世凯像 > 民国九年 > 壹圆 > 精发,袁世凯像壹圆
1211208279_front_crop.jpg,1211208279_back_crop.jpg,58,机制银币 > 民国中央 > 袁世凯像 > 民国九年 > 壹圆 > 精发,袁世凯像壹圆
1211208281_front_crop.jpg,1211208281_back_crop.jpg,58,机制银币 > 民国中央 > 袁世凯像 > 民国九年 > 壹圆 > 精发,袁世凯像壹圆
1211208285_front_crop.jpg,1211208285_back_crop.jpg,58,机制银币 > 民国中央 > 袁世凯像 > 民国九年 > 壹圆 > 精发,袁世凯像壹圆
1211208289_front_crop.jpg,1211208289_back_crop.jpg,58,机制银币 > 民国中央 > 袁世凯像 > 民国九年 > 壹圆 > 精发,袁世凯像壹圆
1211208291_front_crop.jpg,1211208291_back_crop.jpg,87,机制银币 > 清代中央 > 光绪年造 > 丁未大清银币 > 壹圆,大清银币壹圆
1211208293_front_crop.jpg,1211208293_back_crop.jpg,58,机制银币 > 民国中央 > 袁世凯像 > 民国九年 > 壹圆 > 精发,袁世凯像壹圆
1211208295_front_crop.jpg,1211208295_back_crop.jpg,69,机制银币 > 民国中央 > 孙中山像 > 民国17年 > 壹圆 > 甘肃省造,孙中山像壹圆
1211208299_front_crop.jpg,1211208299_back_crop.jpg,46,机制银币 > 地方省造 > 北洋造 > 光绪24年 > 壹圆,北洋局造一圆
1211208311_front_crop.jpg,1211208311_back_crop.jpg,58,机制银币 > 民国中央 > 袁世凯像 > 民国九年 > 壹圆 > 精发,袁世凯像壹圆
1211208313_front_crop.jpg,1211208313_back_crop.jpg,58,机制银币 > 民国中央 > 袁世凯像 > 民国九年 > 壹圆 > 精发,袁世凯像壹圆
1211208315_front_crop.jpg,1211208315_back_crop.jpg,70,机制银币 > 民国中央 > 孙中山像 > 开国纪念 > 壹圆 > 下五星,开国纪念壹圆
1211208317_front_crop.jpg,1211208317_back_crop.jpg,70,机制银币 > 民国中央 > 孙中山像 > 开国纪念 > 壹圆 > 下五星,开国纪念壹圆
1211208319_front_crop.jpg,1211208319_back_crop.jpg,46,机制银币 > 地方省造 > 北洋造 > 光绪24年 > 壹圆,北洋局造一圆
1211208327_front_crop.jpg,1211208327_back_crop.jpg,58,机制银币 > 民国中央 > 袁世凯像 > 民国九年 > 壹圆 > 精发,袁世凯像壹圆
1211208329_front_crop.jpg,1211208329_back_crop.jpg,58,机制银币 > 民国中央 > 袁世凯像 > 民国九年 > 壹圆 > 精发,袁世凯像壹圆
1211208331_front_crop.jpg,1211208331_back_crop.jpg,58,机制银币 > 民国中央 > 袁世凯像 > 民国九年 > 壹圆 > 精发,袁世凯像壹圆
1211208339_front_crop.jpg,1211208339_back_crop.jpg,58,机制银币 > 民国中央 > 袁世凯像 > 民国九年 > 壹圆 > 精发,袁世凯像壹圆
1211208351_front_crop.jpg,1211208351_back_crop.jpg,58,机制银币 > 民国中央 > 袁世凯像 > 民国九年 > 壹圆 > 精发,袁世凯像壹圆
1211208359_front_crop.jpg,1211208359_back_crop.jpg,58,机制银币 > 民国中央 > 袁世凯像 > 民国九年 > 壹圆 > 精发,袁世凯像壹圆
1211208381_front_crop.jpg,1211208381_back_crop.jpg,58,机制银币 > 民国中央 > 袁世凯像 > 民国九年 > 壹圆 > 精发,袁世凯像壹圆
1211208383_front_crop.jpg,1211208383_back_crop.jpg,58,机制银币 > 民国中央 > 袁世凯像 > 民国九年 > 壹圆 > 精发,袁世凯像壹圆
1211208385_front_crop.jpg,1211208385_back_crop.jpg,58,机制银币 > 民国中央 > 袁世凯像 > 民国九年 > 壹圆 > 精发,袁世凯像壹圆
1211208395_front_crop.jpg,1211208395_back_crop.jpg,12,机制银币 > 地方省造 > 云南省造 > 光绪元宝 > 七钱二分 > 老龙,云南省造半圆
1211208397_front_crop.jpg,1211208397_back_crop.jpg,12,机制银币 > 地方省造 > 云南省造 > 光绪元宝 > 七钱二分 > 老龙,云南省造半圆
1211208401_front_crop.jpg,1211208401_back_crop.jpg,58,机制银币 > 民国中央 > 袁世凯像 > 民国九年 > 壹圆 > 精发,袁世凯像贰角
1211208417_front_crop.jpg,1211208417_back_crop.jpg,58,机制银币 > 民国中央 > 袁世凯像 > 民国九年 > 壹圆 > 精发,袁世凯像壹圆
1211208423_front_crop.jpg,1211208423_back_crop.jpg,58,机制银币 > 民国中央 > 袁世凯像 > 民国九年 > 壹圆 > 精发,袁世凯像壹圆
1211208433_front_crop.jpg,1211208433_back_crop.jpg,12,机制银币 > 地方省造 > 云南省造 > 光绪元宝 > 七钱二分 > 老龙,云南省造半圆
1211208437_front_crop.jpg,1211208437_back_crop.jpg,58,机制银币 > 民国中央 > 袁世凯像 > 民国九年 > 壹圆 > 精发,袁世凯像壹圆
1211208439_front_crop.jpg,1211208439_back_crop.jpg,58,机制银币 > 民国中央 > 袁世凯像 > 民国九年 > 壹圆 > 精发,袁世凯像壹圆
1211208441_front_crop.jpg,1211208441_back_crop.jpg,58,机制银币 > 民国中央 > 袁世凯像 > 民国九年 > 壹圆 > 精发,袁世凯像壹圆
1211208445_front_crop.jpg,1211208445_back_crop.jpg,69,机制银币 > 民国中央 > 孙中山像 > 民国17年 > 壹圆 > 甘肃省造,孙中山像壹圆
1211208469_front_crop.jpg,1211208469_back_crop.jpg,58,机制银币 > 民国中央 > 袁世凯像 > 民国九年 > 壹圆 > 精发,袁世凯像壹圆
1211208471_front_crop.jpg,1211208471_back_crop.jpg,58,机制银币 > 民国中央 > 袁世凯像 > 民国九年 > 壹圆 > 精发,袁世凯像壹圆
1211208475_front_crop.jpg,1211208475_back_crop.jpg,58,机制银币 > 民国中央 > 袁世凯像 > 民国九年 > 壹圆 > 精发,袁世凯像壹圆
1211208489_front_crop.jpg,1211208489_back_crop.jpg,69,机制银币 > 民国中央 > 孙中山像 > 民国17年 > 壹圆 > 甘肃省造,孙中山像壹圆
1211208495_front_crop.jpg,1211208495_back_crop.jpg,12,机制银币 > 地方省造 > 云南省造 > 光绪元宝 > 七钱二分 > 老龙,云南省造半圆
1211208505_front_crop.jpg,1211208505_back_crop.jpg,6,机制银币 > 地方省造 > 四川省造 > 光绪元宝 > 七钱二分 > 四角龙,福建官局二角
1211208507_front_crop.jpg,1211208507_back_crop.jpg,7,机制银币 > 地方省造 > 湖北省造 > 光绪元宝 > 七钱二分 > 普通,湖北省造二角
1211208521_front_crop.jpg,1211208521_back_crop.jpg,58,机制银币 > 民国中央 > 袁世凯像 > 民国九年 > 壹圆 > 精发,袁世凯像壹圆
1211208525_front_crop.jpg,1211208525_back_crop.jpg,12,机制银币 > 地方省造 > 云南省造 > 光绪元宝 > 七钱二分 > 老龙,云南省造二角
1211208559_front_crop.jpg,1211208559_back_crop.jpg,18,机制银币 > 地方省造 > 东三省造 > 光绪元宝 > 七钱二分,东三省造二角
1211208571_front_crop.jpg,1211208571_back_crop.jpg,58,机制银币 > 民国中央 > 袁世凯像 > 民国九年 > 壹圆 > 精发,袁世凯像壹圆
1211208577_front_crop.jpg,1211208577_back_crop.jpg,87,机制银币 > 清代中央 > 光绪年造 > 丁未大清银币 > 壹圆,大清银币壹圆
1211208579_front_crop.jpg,1211208579_back_crop.jpg,69,机制银币 > 民国中央 > 孙中山像 > 民国17年 > 壹圆 > 甘肃省造,孙中山像壹圆
1211208587_front_crop.jpg,1211208587_back_crop.jpg,58,机制银币 > 民国中央 > 袁世凯像 > 民国九年 > 壹圆 > 精发,袁世凯像壹圆
1211208589_front_crop.jpg,1211208589_back_crop.jpg,70,机制银币 > 民国中央 > 孙中山像 > 开国纪念 > 壹圆 > 下五星,开国纪念壹圆
1211208591_front_crop.jpg,1211208591_back_crop.jpg,70,机制银币 > 民国中央 > 孙中山像 > 开国纪念 > 壹圆 > 下五星,开国纪念壹圆
1211208643_front_crop.jpg,1211208643_back_crop.jpg,70,机制银币 > 民国中央 > 孙中山像 > 开国纪念 > 壹圆 > 下五星,开国纪念壹圆
1211208653_front_crop.jpg,1211208653_back_crop.jpg,58,机制银币 > 民国中央 > 袁世凯像 > 民国九年 > 壹圆 > 精发,袁世凯像壹圆
1211208717_front_crop.jpg,1211208717_back_crop.jpg,12,机制银币 > 地方省造 > 云南省造 > 光绪元宝 > 七钱二分 > 老龙,云南省造半圆
1211208719_front_crop.jpg,1211208719_back_crop.jpg,0,机制银币 > 地方省造 > 四川省造 > 军政府 > 壹圆 > 普通,四川省造卢比
1211208721_front_crop.jpg,1211208721_back_crop.jpg,0,机制银币 > 地方省造 > 四川省造 > 军政府 > 壹圆 > 普通,四川省造卢比
1211208727_front_crop.jpg,1211208727_back_crop.jpg,18,机制银币 > 地方省造 > 东三省造 > 光绪元宝 > 七钱二分,东三省造二角
1211208733_front_crop.jpg,1211208733_back_crop.jpg,70,机制银币 > 民国中央 > 孙中山像 > 开国纪念 > 壹圆 > 下五星,开国纪念壹圆
1211208737_front_crop.jpg,1211208737_back_crop.jpg,70,机制银币 > 民国中央 > 孙中山像 > 开国纪念 > 壹圆 > 下五星,开国纪念壹圆
1211208741_front_crop.jpg,1211208741_back_crop.jpg,87,机制银币 > 清代中央 > 光绪年造 > 丁未大清银币 > 壹圆,大清银币壹圆
1211208743_front_crop.jpg,1211208743_back_crop.jpg,58,机制银币 > 民国中央 > 袁世凯像 > 民国九年 > 壹圆 > 精发,袁世凯像壹圆
1211208745_front_crop.jpg,1211208745_back_crop.jpg,27,机制银币 > 地方省造 > 江南省造 > 甲辰 > 七钱二分 > 普通,江南省造一圆
1211208747_front_crop.jpg,1211208747_back_crop.jpg,85,机制银币 > 纪念币 > 唐继尧像 > 拥护共和 > 三钱六分 > 正像,唐继尧像半圆
1211208749_front_crop.jpg,1211208749_back_crop.jpg,6,机制银币 > 地方省造 > 四川省造 > 光绪元宝 > 七钱二分 > 四角龙,福建省造二角
1211208751_front_crop.jpg,1211208751_back_crop.jpg,12,机制银币 > 地方省造 > 云南省造 > 光绪元宝 > 七钱二分 > 老龙,云南省造半圆
1211208753_front_crop.jpg,1211208753_back_crop.jpg,1,机制银币 > 地方省造 > 四川省造 > 军政府 > 五角 > 普通,福建省造一角
1211208755_front_crop.jpg,1211208755_back_crop.jpg,6,机制银币 > 地方省造 > 四川省造 > 光绪元宝 > 七钱二分 > 四角龙,奉天省造二角
1211208759_front_crop.jpg,1211208759_back_crop.jpg,58,机制银币 > 民国中央 > 袁世凯像 > 民国九年 > 壹圆 > 精发,袁世凯像壹圆
1211208761_front_crop.jpg,1211208761_back_crop.jpg,58,机制银币 > 民国中央 > 袁世凯像 > 民国九年 > 壹圆 > 精发,袁世凯像壹圆
1211208765_front_crop.jpg,1211208765_back_crop.jpg,58,机制银币 > 民国中央 > 袁世凯像 > 民国九年 > 壹圆 > 精发,袁世凯像壹圆
1211208783_front_crop.jpg,1211208783_back_crop.jpg,58,机制银币 > 民国中央 > 袁世凯像 > 民国九年 > 壹圆 > 精发,袁世凯像壹圆
1211208791_front_crop.jpg,1211208791_back_crop.jpg,58,机制银币 > 民国中央 > 袁世凯像 > 民国九年 > 壹圆 > 精发,袁世凯像壹圆
1211208795_front_crop.jpg,1211208795_back_crop.jpg,58,机制银币 > 民国中央 > 袁世凯像 > 民国九年 > 壹圆 > 精发,袁世凯像壹圆
1211208797_front_crop.jpg,1211208797_back_crop.jpg,58,机制银币 > 民国中央 > 袁世凯像 > 民国九年 > 壹圆 > 精发,袁世凯像壹圆
1211208799_front_crop.jpg,1211208799_back_crop.jpg,58,机制银币 > 民国中央 > 袁世凯像 > 民国九年 > 壹圆 > 精发,袁世凯像壹圆
1211208801_front_crop.jpg,1211208801_back_crop.jpg,58,机制银币 > 民国中央 > 袁世凯像 > 民国九年 > 壹圆 > 精发,袁世凯像壹圆
1211208803_front_crop.jpg,1211208803_back_crop.jpg,58,机制银币 > 民国中央 > 袁世凯像 > 民国九年 > 壹圆 > 精发,袁世凯像壹圆
1211208805_front_crop.jpg,1211208805_back_crop.jpg,58,机制银币 > 民国中央 > 袁世凯像 > 民国九年 > 壹圆 > 精发,袁世凯像壹圆
1211208807_front_crop.jpg,1211208807_back_crop.jpg,58,机制银币 > 民国中央 > 袁世凯像 > 民国九年 > 壹圆 > 精发,袁世凯像壹圆
1211208809_front_crop.jpg,1211208809_back_crop.jpg,58,机制银币 > 民国中央 > 袁世凯像 > 民国九年 > 壹圆 > 精发,袁世凯像壹圆
1211208811_front_crop.jpg,1211208811_back_crop.jpg,58,机制银币 > 民国中央 > 袁世凯像 > 民国九年 > 壹圆 > 精发,袁世凯像壹圆
1211208813_front_crop.jpg,1211208813_back_crop.jpg,70,机制银币 > 民国中央 > 孙中山像 > 开国纪念 > 壹圆 > 下五星,开国纪念壹圆
1211208815_front_crop.jpg,1211208815_back_crop.jpg,70,机制银币 > 民国中央 > 孙中山像 > 开国纪念 > 壹圆 > 下五星,开国纪念壹圆
1211208817_front_crop.jpg,1211208817_back_crop.jpg,69,机制银币 > 民国中央 > 孙中山像 > 民国17年 > 壹圆 > 甘肃省造,孙中山像壹圆
1211208819_front_crop.jpg,1211208819_back_crop.jpg,58,机制银币 > 民国中央 > 袁世凯像 > 民国九年 > 壹圆 > 精发,袁世凯像贰角
1211208821_front_crop.jpg,1211208821_back_crop.jpg,58,机制银币 > 民国中央 > 袁世凯像 > 民国九年 > 壹圆 > 精发,袁世凯像贰角
1211208823_front_crop.jpg,1211208823_back_crop.jpg,58,机制银币 > 民国中央 > 袁世凯像 > 民国九年 > 壹圆 > 精发,袁世凯像贰角
1211208825_front_crop.jpg,1211208825_back_crop.jpg,58,机制银币 > 民国中央 > 袁世凯像 > 民国九年 > 壹圆 > 精发,袁世凯像贰角
1211208827_front_crop.jpg,1211208827_back_crop.jpg,55,机制银币 > 地方省造 > 广东省造 > 光绪元宝 > 三钱六分,广东省造二角
1211208829_front_crop.jpg,1211208829_back_crop.jpg,55,机制银币 > 地方省造 > 广东省造 > 光绪元宝 > 三钱六分,广东省造二角
1211208831_front_crop.jpg,1211208831_back_crop.jpg,12,机制银币 > 地方省造 > 云南省造 > 光绪元宝 > 七钱二分 > 老龙,云南省造半圆
1211208833_front_crop.jpg,1211208833_back_crop.jpg,12,机制银币 > 地方省造 > 云南省造 > 光绪元宝 > 七钱二分 > 老龙,云南省造半圆
1211208839_front_crop.jpg,1211208839_back_crop.jpg,12,机制银币 > 地方省造 > 云南省造 > 光绪元宝 > 七钱二分 > 老龙,云南省造半圆
1211208845_front_crop.jpg,1211208845_back_crop.jpg,12,机制银币 > 地方省造 > 云南省造 > 光绪元宝 > 七钱二分 > 老龙,云南省造半圆
1211208847_front_crop.jpg,1211208847_back_crop.jpg,12,机制银币 > 地方省造 > 云南省造 > 光绪元宝 > 七钱二分 > 老龙,云南省造半圆
1211208855_front_crop.jpg,1211208855_back_crop.jpg,12,机制银币 > 地方省造 > 云南省造 > 光绪元宝 > 七钱二分 > 老龙,云南省造半圆
1211208857_front_crop.jpg,1211208857_back_crop.jpg,12,机制银币 > 地方省造 > 云南省造 > 光绪元宝 > 七钱二分 > 老龙,云南省造半圆
1211208863_front_crop.jpg,1211208863_back_crop.jpg,12,机制银币 > 地方省造 > 云南省造 > 光绪元宝 > 七钱二分 > 老龙,云南省造半圆
1211208867_front_crop.jpg,1211208867_back_crop.jpg,12,机制银币 > 地方省造 > 云南省造 > 光绪元宝 > 七钱二分 > 老龙,云南省造半圆
1211208871_front_crop.jpg,1211208871_back_crop.jpg,12,机制银币 > 地方省造 > 云南省造 > 光绪元宝 > 七钱二分 > 老龙,云南省造半圆
1211208873_front_crop.jpg,1211208873_back_crop.jpg,12,机制银币 > 地方省造 > 云南省造 > 光绪元宝 > 七钱二分 > 老龙,云南省造半圆
1211208877_front_crop.jpg,1211208877_back_crop.jpg,12,机制银币 > 地方省造 > 云南省造 > 光绪元宝 > 七钱二分 > 老龙,云南省造半圆
1211208883_front_crop.jpg,1211208883_back_crop.jpg,12,机制银币 > 地方省造 > 云南省造 > 光绪元宝 > 七钱二分 > 老龙,云南省造半圆
1211208885_front_crop.jpg,1211208885_back_crop.jpg,12,机制银币 > 地方省造 > 云南省造 > 光绪元宝 > 七钱二分 > 老龙,云南省造半圆
1211208893_front_crop.jpg,1211208893_back_crop.jpg,12,机制银币 > 地方省造 > 云南省造 > 光绪元宝 > 七钱二分 > 老龙,云南省造半圆
1211208895_front_crop.jpg,1211208895_back_crop.jpg,12,机制银币 > 地方省造 > 云南省造 > 光绪元宝 > 七钱二分 > 老龙,云南省造半圆
1211208899_front_crop.jpg,1211208899_back_crop.jpg,12,机制银币 > 地方省造 > 云南省造 > 光绪元宝 > 七钱二分 > 老龙,云南省造贰角
1211208907_front_crop.jpg,1211208907_back_crop.jpg,12,机制银币 > 地方省造 > 云南省造 > 光绪元宝 > 七钱二分 > 老龙,云南省造贰角
1211208909_front_crop.jpg,1211208909_back_crop.jpg,12,机制银币 > 地方省造 > 云南省造 > 光绪元宝 > 七钱二分 > 老龙,云南省造贰角
1211208921_front_crop.jpg,1211208921_back_crop.jpg,12,机制银币 > 地方省造 > 云南省造 > 光绪元宝 > 七钱二分 > 老龙,云南省造贰角
1211208923_front_crop.jpg,1211208923_back_crop.jpg,12,机制银币 > 地方省造 > 云南省造 > 光绪元宝 > 七钱二分 > 老龙,云南省造贰角
1211208927_front_crop.jpg,1211208927_back_crop.jpg,12,机制银币 > 地方省造 > 云南省造 > 光绪元宝 > 七钱二分 > 老龙,云南省造贰角
1211208929_front_crop.jpg,1211208929_back_crop.jpg,12,机制银币 > 地方省造 > 云南省造 > 光绪元宝 > 七钱二分 > 老龙,云南省造贰角
1211208931_front_crop.jpg,1211208931_back_crop.jpg,12,机制银币 > 地方省造 > 云南省造 > 光绪元宝 > 七钱二分 > 老龙,云南省造贰角
1211208933_front_crop.jpg,1211208933_back_crop.jpg,12,机制银币 > 地方省造 > 云南省造 > 光绪元宝 > 七钱二分 > 老龙,云南省造贰角
1211208935_front_crop.jpg,1211208935_back_crop.jpg,12,机制银币 > 地方省造 > 云南省造 > 光绪元宝 > 七钱二分 > 老龙,云南省造贰角
1211208943_front_crop.jpg,1211208943_back_crop.jpg,12,机制银币 > 地方省造 > 云南省造 > 光绪元宝 > 七钱二分 > 老龙,云南省造贰角
1211208945_front_crop.jpg,1211208945_back_crop.jpg,12,机制银币 > 地方省造 > 云南省造 > 光绪元宝 > 七钱二分 > 老龙,云南省造贰角
1211208949_front_crop.jpg,1211208949_back_crop.jpg,12,机制银币 > 地方省造 > 云南省造 > 光绪元宝 > 七钱二分 > 老龙,云南省造贰角
1211208951_front_crop.jpg,1211208951_back_crop.jpg,12,机制银币 > 地方省造 > 云南省造 > 光绪元宝 > 七钱二分 > 老龙,云南省造贰角
1211208955_front_crop.jpg,1211208955_back_crop.jpg,12,机制银币 > 地方省造 > 云南省造 > 光绪元宝 > 七钱二分 > 老龙,云南省造贰角
1211208957_front_crop.jpg,1211208957_back_crop.jpg,12,机制银币 > 地方省造 > 云南省造 > 光绪元宝 > 七钱二分 > 老龙,云南省造贰角
1211208961_front_crop.jpg,1211208961_back_crop.jpg,12,机制银币 > 地方省造 > 云南省造 > 光绪元宝 > 七钱二分 > 老龙,云南省造贰角
1211208965_front_crop.jpg,1211208965_back_crop.jpg,12,机制银币 > 地方省造 > 云南省造 > 光绪元宝 > 七钱二分 > 老龙,云南省造贰角
1211208967_front_crop.jpg,1211208967_back_crop.jpg,12,机制银币 > 地方省造 > 云南省造 > 光绪元宝 > 七钱二分 > 老龙,云南省造二角
1211208971_front_crop.jpg,1211208971_back_crop.jpg,0,机制银币 > 地方省造 > 四川省造 > 军政府 > 壹圆 > 普通,四川银币壹圆
1211208981_front_crop.jpg,1211208981_back_crop.jpg,91,机制银币 > 纪念章 > 孙中山像,西藏章嘎嘎布
1211208983_front_crop.jpg,1211208983_back_crop.jpg,91,机制银币 > 纪念章 > 孙中山像,西藏章嘎嘎布
1211208985_front_crop.jpg,1211208985_back_crop.jpg,91,机制银币 > 纪念章 > 孙中山像,西藏章嘎嘎布
1211208989_front_crop.jpg,1211208989_back_crop.jpg,91,机制银币 > 纪念章 > 孙中山像,西藏章嘎嘎布
1211208991_front_crop.jpg,1211208991_back_crop.jpg,91,机制银币 > 纪念章 > 孙中山像,西藏章嘎嘎布
1211208993_front_crop.jpg,1211208993_back_crop.jpg,91,机制银币 > 纪念章 > 孙中山像,西藏章嘎嘎布
1211208995_front_crop.jpg,1211208995_back_crop.jpg,91,机制银币 > 纪念章 > 孙中山像,西藏章嘎嘎布
1211208997_front_crop.jpg,1211208997_back_crop.jpg,91,机制银币 > 纪念章 > 孙中山像,西藏章嘎嘎布
1211208999_front_crop.jpg,1211208999_back_crop.jpg,91,机制银币 > 纪念章 > 孙中山像,西藏章嘎嘎布
1211209001_front_crop.jpg,1211209001_back_crop.jpg,91,机制银币 > 纪念章 > 孙中山像,西藏章嘎嘎布
1211209003_front_crop.jpg,1211209003_back_crop.jpg,91,机制银币 > 纪念章 > 孙中山像,西藏章嘎嘎布
1211209005_front_crop.jpg,1211209005_back_crop.jpg,91,机制银币 > 纪念章 > 孙中山像,西藏章嘎嘎布
1211209007_front_crop.jpg,1211209007_back_crop.jpg,91,机制银币 > 纪念章 > 孙中山像,西藏章嘎嘎布
1211209009_front_crop.jpg,1211209009_back_crop.jpg,91,机制银币 > 纪念章 > 孙中山像,西藏章嘎嘎布
1211209011_front_crop.jpg,1211209011_back_crop.jpg,91,机制银币 > 纪念章 > 孙中山像,西藏章嘎嘎布
1211209013_front_crop.jpg,1211209013_back_crop.jpg,91,机制银币 > 纪念章 > 孙中山像,西藏章嘎嘎布
1211209015_front_crop.jpg,1211209015_back_crop.jpg,91,机制银币 > 纪念章 > 孙中山像,西藏章嘎嘎布
1211209017_front_crop.jpg,1211209017_back_crop.jpg,91,机制银币 > 纪念章 > 孙中山像,西藏章嘎嘎布
1211209019_front_crop.jpg,1211209019_back_crop.jpg,91,机制银币 > 纪念章 > 孙中山像,西藏章嘎嘎布
1211209021_front_crop.jpg,1211209021_back_crop.jpg,91,机制银币 > 纪念章 > 孙中山像,西藏章嘎嘎布
1211209023_front_crop.jpg,1211209023_back_crop.jpg,91,机制银币 > 纪念章 > 孙中山像,西藏章嘎嘎布
1211209025_front_crop.jpg,1211209025_back_crop.jpg,91,机制银币 > 纪念章 > 孙中山像,西藏章嘎嘎布
1211209027_front_crop.jpg,1211209027_back_crop.jpg,91,机制银币 > 纪念章 > 孙中山像,西藏章嘎嘎布
1211209029_front_crop.jpg,1211209029_back_crop.jpg,91,机制银币 > 纪念章 > 孙中山像,西藏章嘎嘎布
1211209031_front_crop.jpg,1211209031_back_crop.jpg,91,机制银币 > 纪念章 > 孙中山像,西藏章嘎嘎布
1211209033_front_crop.jpg,1211209033_back_crop.jpg,91,机制银币 > 纪念章 > 孙中山像,西藏章嘎嘎布
1211209035_front_crop.jpg,1211209035_back_crop.jpg,91,机制银币 > 纪念章 > 孙中山像,西藏章嘎嘎布
1211209037_front_crop.jpg,1211209037_back_crop.jpg,91,机制银币 > 纪念章 > 孙中山像,西藏章嘎嘎布
1211209039_front_crop.jpg,1211209039_back_crop.jpg,91,机制银币 > 纪念章 > 孙中山像,西藏章嘎嘎布
1211209041_front_crop.jpg,1211209041_back_crop.jpg,91,机制银币 > 纪念章 > 孙中山像,西藏章嘎嘎布
1211209043_front_crop.jpg,1211209043_back_crop.jpg,91,机制银币 > 纪念章 > 孙中山像,西藏章嘎嘎布
1211209045_front_crop.jpg,1211209045_back_crop.jpg,91,机制银币 > 纪念章 > 孙中山像,西藏章嘎嘎布
1211209047_front_crop.jpg,1211209047_back_crop.jpg,91,机制银币 > 纪念章 > 孙中山像,西藏章嘎嘎布
1211209049_front_crop.jpg,1211209049_back_crop.jpg,91,机制银币 > 纪念章 > 孙中山像,西藏章嘎嘎布
1211209051_front_crop.jpg,1211209051_back_crop.jpg,91,机制银币 > 纪念章 > 孙中山像,西藏章嘎嘎布
1211209053_front_crop.jpg,1211209053_back_crop.jpg,91,机制银币 > 纪念章 > 孙中山像,西藏章嘎嘎布
1211209055_front_crop.jpg,1211209055_back_crop.jpg,91,机制银币 > 纪念章 > 孙中山像,西藏章嘎嘎布
1211209057_front_crop.jpg,1211209057_back_crop.jpg,91,机制银币 > 纪念章 > 孙中山像,西藏章嘎嘎布
1211209059_front_crop.jpg,1211209059_back_crop.jpg,91,机制银币 > 纪念章 > 孙中山像,西藏章嘎嘎布
1211209061_front_crop.jpg,1211209061_back_crop.jpg,91,机制银币 > 纪念章 > 孙中山像,西藏章嘎嘎布
1211209063_front_crop.jpg,1211209063_back_crop.jpg,91,机制银币 > 纪念章 > 孙中山像,西藏章嘎嘎布
1211209065_front_crop.jpg,1211209065_back_crop.jpg,91,机制银币 > 纪念章 > 孙中山像,西藏章嘎嘎布
1211209067_front_crop.jpg,1211209067_back_crop.jpg,91,机制银币 > 纪念章 > 孙中山像,西藏章嘎嘎布
1211209069_front_crop.jpg,1211209069_back_crop.jpg,91,机制银币 > 纪念章 > 孙中山像,西藏章嘎嘎布
1211209071_front_crop.jpg,1211209071_back_crop.jpg,91,机制银币 > 纪念章 > 孙中山像,西藏章嘎嘎布
1211209073_front_crop.jpg,1211209073_back_crop.jpg,91,机制银币 > 纪念章 > 孙中山像,西藏章嘎嘎布
1211209075_front_crop.jpg,1211209075_back_crop.jpg,91,机制银币 > 纪念章 > 孙中山像,西藏章嘎嘎布
1211209077_front_crop.jpg,1211209077_back_crop.jpg,91,机制银币 > 纪念章 > 孙中山像,西藏章嘎嘎布
1211209079_front_crop.jpg,1211209079_back_crop.jpg,91,机制银币 > 纪念章 > 孙中山像,西藏章嘎嘎布
1211209081_front_crop.jpg,1211209081_back_crop.jpg,91,机制银币 > 纪念章 > 孙中山像,西藏章嘎嘎布
1211209083_front_crop.jpg,1211209083_back_crop.jpg,91,机制银币 > 纪念章 > 孙中山像,西藏章嘎嘎布
1211209085_front_crop.jpg,1211209085_back_crop.jpg,91,机制银币 > 纪念章 > 孙中山像,西藏章嘎嘎布
1211209087_front_crop.jpg,1211209087_back_crop.jpg,91,机制银币 > 纪念章 > 孙中山像,西藏章嘎嘎布
1211209089_front_crop.jpg,1211209089_back_crop.jpg,91,机制银币 > 纪念章 > 孙中山像,西藏章嘎嘎布
1211209091_front_crop.jpg,1211209091_back_crop.jpg,91,机制银币 > 纪念章 > 孙中山像,西藏章嘎嘎布
1211209093_front_crop.jpg,1211209093_back_crop.jpg,91,机制银币 > 纪念章 > 孙中山像,西藏章嘎嘎布
1211209095_front_crop.jpg,1211209095_back_crop.jpg,58,机制银币 > 民国中央 > 袁世凯像 > 民国九年 > 壹圆 > 精发,袁世凯像壹圆
1211209101_front_crop.jpg,1211209101_back_crop.jpg,58,机制银币 > 民国中央 > 袁世凯像 > 民国九年 > 壹圆 > 精发,袁世凯像中圆
1211209113_front_crop.jpg,1211209113_back_crop.jpg,69,机制银币 > 民国中央 > 孙中山像 > 民国17年 > 壹圆 > 甘肃省造,孙中山像贰毫
1211209115_front_crop.jpg,1211209115_back_crop.jpg,7,机制银币 > 地方省造 > 湖北省造 > 光绪元宝 > 七钱二分 > 普通,湖北省造一角
1211209117_front_crop.jpg,1211209117_back_crop.jpg,58,机制银币 > 民国中央 > 袁世凯像 > 民国九年 > 壹圆 > 精发,袁世凯像壹圆
1211209129_front_crop.jpg,1211209129_back_crop.jpg,58,机制银币 > 民国中央 > 袁世凯像 > 民国九年 > 壹圆 > 精发,袁世凯像壹圆
1211209131_front_crop.jpg,1211209131_back_crop.jpg,58,机制银币 > 民国中央 > 袁世凯像 > 民国九年 > 壹圆 > 精发,袁世凯像壹圆
1211209137_front_crop.jpg,1211209137_back_crop.jpg,58,机制银币 > 民国中央 > 袁世凯像 > 民国九年 > 壹圆 > 精发,袁世凯像壹圆
1211209139_front_crop.jpg,1211209139_back_crop.jpg,58,机制银币 > 民国中央 > 袁世凯像 > 民国九年 > 壹圆 > 精发,袁世凯像壹圆
1211209145_front_crop.jpg,1211209145_back_crop.jpg,46,机制银币 > 地方省造 > 北洋造 > 光绪24年 > 壹圆,北洋局造一圆
1211209147_front_crop.jpg,1211209147_back_crop.jpg,58,机制银币 > 民国中央 > 袁世凯像 > 民国九年 > 壹圆 > 精发,袁世凯像壹圆
1211209149_front_crop.jpg,1211209149_back_crop.jpg,58,机制银币 > 民国中央 > 袁世凯像 > 民国九年 > 壹圆 > 精发,袁世凯像壹圆
1211209169_front_crop.jpg,1211209169_back_crop.jpg,58,机制银币 > 民国中央 > 袁世凯像 > 民国九年 > 壹圆 > 精发,袁世凯像壹圆
1211209177_front_crop.jpg,1211209177_back_crop.jpg,58,机制银币 > 民国中央 > 袁世凯像 > 民国九年 > 壹圆 > 精发,袁世凯像壹圆
1211209181_front_crop.jpg,1211209181_back_crop.jpg,27,机制银币 > 地方省造 > 江南省造 > 甲辰 > 七钱二分 > 普通,江南省造一圆
1211209185_front_crop.jpg,1211209185_back_crop.jpg,69,机制银币 > 民国中央 > 孙中山像 > 民国17年 > 壹圆 > 甘肃省造,孙中山像壹圆
1211209195_front_crop.jpg,1211209195_back_crop.jpg,58,机制银币 > 民国中央 > 袁世凯像 > 民国九年 > 壹圆 > 精发,袁世凯像壹圆
1211209203_front_crop.jpg,1211209203_back_crop.jpg,58,机制银币 > 民国中央 > 袁世凯像 > 民国九年 > 壹圆 > 精发,袁世凯像壹圆
1211209207_front_crop.jpg,1211209207_back_crop.jpg,69,机制银币 > 民国中央 > 孙中山像 > 民国17年 > 壹圆 > 甘肃省造,孙中山像壹圆
1211209221_front_crop.jpg,1211209221_back_crop.jpg,12,机制银币 > 地方省造 > 云南省造 > 光绪元宝 > 七钱二分 > 老龙,云南省造半圆
1211209223_front_crop.jpg,1211209223_back_crop.jpg,12,机制银币 > 地方省造 > 云南省造 > 光绪元宝 > 七钱二分 > 老龙,云南省造半圆
1211209225_front_crop.jpg,1211209225_back_crop.jpg,12,机制银币 > 地方省造 > 云南省造 > 光绪元宝 > 七钱二分 > 老龙,云南省造半圆
1211209227_front_crop.jpg,1211209227_back_crop.jpg,12,机制银币 > 地方省造 > 云南省造 > 光绪元宝 > 七钱二分 > 老龙,云南省造半圆
1211209229_front_crop.jpg,1211209229_back_crop.jpg,12,机制银币 > 地方省造 > 云南省造 > 光绪元宝 > 七钱二分 > 老龙,云南省造半圆
1211209231_front_crop.jpg,1211209231_back_crop.jpg,12,机制银币 > 地方省造 > 云南省造 > 光绪元宝 > 七钱二分 > 老龙,云南省造半圆
1211209233_front_crop.jpg,1211209233_back_crop.jpg,12,机制银币 > 地方省造 > 云南省造 > 光绪元宝 > 七钱二分 > 老龙,云南省造半圆
1211209235_front_crop.jpg,1211209235_back_crop.jpg,12,机制银币 > 地方省造 > 云南省造 > 光绪元宝 > 七钱二分 > 老龙,云南省造半圆
1211209237_front_crop.jpg,1211209237_back_crop.jpg,12,机制银币 > 地方省造 > 云南省造 > 光绪元宝 > 七钱二分 > 老龙,云南省造半圆
1211209239_front_crop.jpg,1211209239_back_crop.jpg,12,机制银币 > 地方省造 > 云南省造 > 光绪元宝 > 七钱二分 > 老龙,云南省造半圆
1211209241_front_crop.jpg,1211209241_back_crop.jpg,12,机制银币 > 地方省造 > 云南省造 > 光绪元宝 > 七钱二分 > 老龙,云南省造半圆
1211209243_front_crop.jpg,1211209243_back_crop.jpg,12,机制银币 > 地方省造 > 云南省造 > 光绪元宝 > 七钱二分 > 老龙,云南省造半圆
1211209245_front_crop.jpg,1211209245_back_crop.jpg,12,机制银币 > 地方省造 > 云南省造 > 光绪元宝 > 七钱二分 > 老龙,云南省造半圆
1211209247_front_crop.jpg,1211209247_back_crop.jpg,58,机制银币 > 民国中央 > 袁世凯像 > 民国九年 > 壹圆 > 精发,袁世凯像壹圆
1211209249_front_crop.jpg,1211209249_back_crop.jpg,0,机制银币 > 地方省造 > 四川省造 > 军政府 > 壹圆 > 普通,四川省造卢比
1211209251_front_crop.jpg,1211209251_back_crop.jpg,0,机制银币 > 地方省造 > 四川省造 > 军政府 > 壹圆 > 普通,四川省造卢比
1211209275_front_crop.jpg,1211209275_back_crop.jpg,12,机制银币 > 地方省造 > 云南省造 > 光绪元宝 > 七钱二分 > 老龙,云南省造半圆
1211209277_front_crop.jpg,1211209277_back_crop.jpg,12,机制银币 > 地方省造 > 云南省造 > 光绪元宝 > 七钱二分 > 老龙,云南省造半圆
1211209279_front_crop.jpg,1211209279_back_crop.jpg,12,机制银币 > 地方省造 > 云南省造 > 光绪元宝 > 七钱二分 > 老龙,云南省造半圆
1211209285_front_crop.jpg,1211209285_back_crop.jpg,12,机制银币 > 地方省造 > 云南省造 > 光绪元宝 > 七钱二分 > 老龙,云南省造半圆
1211209287_front_crop.jpg,1211209287_back_crop.jpg,12,机制银币 > 地方省造 > 云南省造 > 光绪元宝 > 七钱二分 > 老龙,云南省造半圆
1211209291_front_crop.jpg,1211209291_back_crop.jpg,12,机制银币 > 地方省造 > 云南省造 > 光绪元宝 > 七钱二分 > 老龙,云南省造半圆
1211209293_front_crop.jpg,1211209293_back_crop.jpg,12,机制银币 > 地方省造 > 云南省造 > 光绪元宝 > 七钱二分 > 老龙,云南省造半圆
1211209295_front_crop.jpg,1211209295_back_crop.jpg,12,机制银币 > 地方省造 > 云南省造 > 光绪元宝 > 七钱二分 > 老龙,云南省造半圆
1211209297_front_crop.jpg,1211209297_back_crop.jpg,12,机制银币 > 地方省造 > 云南省造 > 光绪元宝 > 七钱二分 > 老龙,云南省造半圆
1211209299_front_crop.jpg,1211209299_back_crop.jpg,12,机制银币 > 地方省造 > 云南省造 > 光绪元宝 > 七钱二分 > 老龙,云南省造半圆
1211209303_front_crop.jpg,1211209303_back_crop.jpg,12,机制银币 > 地方省造 > 云南省造 > 光绪元宝 > 七钱二分 > 老龙,云南省造半圆
1211209307_front_crop.jpg,1211209307_back_crop.jpg,12,机制银币 > 地方省造 > 云南省造 > 光绪元宝 > 七钱二分 > 老龙,云南省造半圆
1211209309_front_crop.jpg,1211209309_back_crop.jpg,12,机制银币 > 地方省造 > 云南省造 > 光绪元宝 > 七钱二分 > 老龙,云南省造半圆
1211209311_front_crop.jpg,1211209311_back_crop.jpg,12,机制银币 > 地方省造 > 云南省造 > 光绪元宝 > 七钱二分 > 老龙,云南省造半圆
1211209313_front_crop.jpg,1211209313_back_crop.jpg,12,机制银币 > 地方省造 > 云南省造 > 光绪元宝 > 七钱二分 > 老龙,云南省造半圆
1211209317_front_crop.jpg,1211209317_back_crop.jpg,12,机制银币 > 地方省造 > 云南省造 > 光绪元宝 > 七钱二分 > 老龙,云南省造半圆
1211209319_front_crop.jpg,1211209319_back_crop.jpg,12,机制银币 > 地方省造 > 云南省造 > 光绪元宝 > 七钱二分 > 老龙,云南省造半圆
1211209321_front_crop.jpg,1211209321_back_crop.jpg,12,机制银币 > 地方省造 > 云南省造 > 光绪元宝 > 七钱二分 > 老龙,云南省造半圆
1211209323_front_crop.jpg,1211209323_back_crop.jpg,12,机制银币 > 地方省造 > 云南省造 > 光绪元宝 > 七钱二分 > 老龙,云南省造半圆
1211209325_front_crop.jpg,1211209325_back_crop.jpg,12,机制银币 > 地方省造 > 云南省造 > 光绪元宝 > 七钱二分 > 老龙,云南省造半圆
1211209331_front_crop.jpg,1211209331_back_crop.jpg,12,机制银币 > 地方省造 > 云南省造 > 光绪元宝 > 七钱二分 > 老龙,云南省造半圆
1211209333_front_crop.jpg,1211209333_back_crop.jpg,12,机制银币 > 地方省造 > 云南省造 > 光绪元宝 > 七钱二分 > 老龙,云南省造半圆
1211209335_front_crop.jpg,1211209335_back_crop.jpg,12,机制银币 > 地方省造 > 云南省造 > 光绪元宝 > 七钱二分 > 老龙,云南省造半圆
1211209337_front_crop.jpg,1211209337_back_crop.jpg,12,机制银币 > 地方省造 > 云南省造 > 光绪元宝 > 七钱二分 > 老龙,云南省造半圆
1211209339_front_crop.jpg,1211209339_back_crop.jpg,12,机制银币 > 地方省造 > 云南省造 > 光绪元宝 > 七钱二分 > 老龙,云南省造半圆
1211209345_front_crop.jpg,1211209345_back_crop.jpg,12,机制银币 > 地方省造 > 云南省造 > 光绪元宝 > 七钱二分 > 老龙,云南省造半圆
1211209347_front_crop.jpg,1211209347_back_crop.jpg,12,机制银币 > 地方省造 > 云南省造 > 光绪元宝 > 七钱二分 > 老龙,云南省造半圆
1211209349_front_crop.jpg,1211209349_back_crop.jpg,12,机制银币 > 地方省造 > 云南省造 > 光绪元宝 > 七钱二分 > 老龙,云南省造半圆
1211209351_front_crop.jpg,1211209351_back_crop.jpg,12,机制银币 > 地方省造 > 云南省造 > 光绪元宝 > 七钱二分 > 老龙,云南省造半圆
1211209353_front_crop.jpg,1211209353_back_crop.jpg,12,机制银币 > 地方省造 > 云南省造 > 光绪元宝 > 七钱二分 > 老龙,云南省造半圆
1211209357_front_crop.jpg,1211209357_back_crop.jpg,12,机制银币 > 地方省造 > 云南省造 > 光绪元宝 > 七钱二分 > 老龙,云南省造半圆
1211209359_front_crop.jpg,1211209359_back_crop.jpg,12,机制银币 > 地方省造 > 云南省造 > 光绪元宝 > 七钱二分 > 老龙,云南省造半圆
1211209363_front_crop.jpg,1211209363_back_crop.jpg,12,机制银币 > 地方省造 > 云南省造 > 光绪元宝 > 七钱二分 > 老龙,云南省造半圆
1211209365_front_crop.jpg,1211209365_back_crop.jpg,12,机制银币 > 地方省造 > 云南省造 > 光绪元宝 > 七钱二分 > 老龙,云南省造半圆
1211209367_front_crop.jpg,1211209367_back_crop.jpg,12,机制银币 > 地方省造 > 云南省造 > 光绪元宝 > 七钱二分 > 老龙,云南省造半圆
1211209371_front_crop.jpg,1211209371_back_crop.jpg,12,机制银币 > 地方省造 > 云南省造 > 光绪元宝 > 七钱二分 > 老龙,云南省造半圆
1211209373_front_crop.jpg,1211209373_back_crop.jpg,12,机制银币 > 地方省造 > 云南省造 > 光绪元宝 > 七钱二分 > 老龙,云南省造半圆
1211209375_front_crop.jpg,1211209375_back_crop.jpg,12,机制银币 > 地方省造 > 云南省造 > 光绪元宝 > 七钱二分 > 老龙,云南省造半圆
1211209377_front_crop.jpg,1211209377_back_crop.jpg,12,机制银币 > 地方省造 > 云南省造 > 光绪元宝 > 七钱二分 > 老龙,云南省造半圆
1211209379_front_crop.jpg,1211209379_back_crop.jpg,12,机制银币 > 地方省造 > 云南省造 > 光绪元宝 > 七钱二分 > 老龙,云南省造半圆
1211209381_front_crop.jpg,1211209381_back_crop.jpg,12,机制银币 > 地方省造 > 云南省造 > 光绪元宝 > 七钱二分 > 老龙,云南省造半圆
1211209383_front_crop.jpg,1211209383_back_crop.jpg,12,机制银币 > 地方省造 > 云南省造 > 光绪元宝 > 七钱二分 > 老龙,云南省造半圆
1211209385_front_crop.jpg,1211209385_back_crop.jpg,12,机制银币 > 地方省造 > 云南省造 > 光绪元宝 > 七钱二分 > 老龙,云南省造半圆
1211209387_front_crop.jpg,1211209387_back_crop.jpg,12,机制银币 > 地方省造 > 云南省造 > 光绪元宝 > 七钱二分 > 老龙,云南省造半圆
1211209389_front_crop.jpg,1211209389_back_crop.jpg,12,机制银币 > 地方省造 > 云南省造 > 光绪元宝 > 七钱二分 > 老龙,云南省造半圆
1211209391_front_crop.jpg,1211209391_back_crop.jpg,12,机制银币 > 地方省造 > 云南省造 > 光绪元宝 > 七钱二分 > 老龙,云南省造半圆
1211209393_front_crop.jpg,1211209393_back_crop.jpg,12,机制银币 > 地方省造 > 云南省造 > 光绪元宝 > 七钱二分 > 老龙,云南省造半圆
1211209395_front_crop.jpg,1211209395_back_crop.jpg,12,机制银币 > 地方省造 > 云南省造 > 光绪元宝 > 七钱二分 > 老龙,云南省造半圆
1211209397_front_crop.jpg,1211209397_back_crop.jpg,12,机制银币 > 地方省造 > 云南省造 > 光绪元宝 > 七钱二分 > 老龙,云南省造半圆
1211209399_front_crop.jpg,1211209399_back_crop.jpg,12,机制银币 > 地方省造 > 云南省造 > 光绪元宝 > 七钱二分 > 老龙,云南省造半圆
1211209401_front_crop.jpg,1211209401_back_crop.jpg,12,机制银币 > 地方省造 > 云南省造 > 光绪元宝 > 七钱二分 > 老龙,云南省造半圆
1211209403_front_crop.jpg,1211209403_back_crop.jpg,12,机制银币 > 地方省造 > 云南省造 > 光绪元宝 > 七钱二分 > 老龙,云南省造半圆
1211209405_front_crop.jpg,1211209405_back_crop.jpg,12,机制银币 > 地方省造 > 云南省造 > 光绪元宝 > 七钱二分 > 老龙,云南省造半圆
1211209407_front_crop.jpg,1211209407_back_crop.jpg,12,机制银币 > 地方省造 > 云南省造 > 光绪元宝 > 七钱二分 > 老龙,云南省造半圆
1211209409_front_crop.jpg,1211209409_back_crop.jpg,12,机制银币 > 地方省造 > 云南省造 > 光绪元宝 > 七钱二分 > 老龙,云南省造半圆
1211209411_front_crop.jpg,1211209411_back_crop.jpg,12,机制银币 > 地方省造 > 云南省造 > 光绪元宝 > 七钱二分 > 老龙,云南省造半圆
1211209413_front_crop.jpg,1211209413_back_crop.jpg,12,机制银币 > 地方省造 > 云南省造 > 光绪元宝 > 七钱二分 > 老龙,云南省造半圆
1211209415_front_crop.jpg,1211209415_back_crop.jpg,12,机制银币 > 地方省造 > 云南省造 > 光绪元宝 > 七钱二分 > 老龙,云南省造半圆
1211209417_front_crop.jpg,1211209417_back_crop.jpg,12,机制银币 > 地方省造 > 云南省造 > 光绪元宝 > 七钱二分 > 老龙,云南省造半圆
1211209419_front_crop.jpg,1211209419_back_crop.jpg,12,机制银币 > 地方省造 > 云南省造 > 光绪元宝 > 七钱二分 > 老龙,云南省造半圆
1211209421_front_crop.jpg,1211209421_back_crop.jpg,12,机制银币 > 地方省造 > 云南省造 > 光绪元宝 > 七钱二分 > 老龙,云南省造半圆
1211209423_front_crop.jpg,1211209423_back_crop.jpg,12,机制银币 > 地方省造 > 云南省造 > 光绪元宝 > 七钱二分 > 老龙,云南省造半圆
1211209425_front_crop.jpg,1211209425_back_crop.jpg,58,机制银币 > 民国中央 > 袁世凯像 > 民国九年 > 壹圆 > 精发,袁世凯像壹圆
1211209433_front_crop.jpg,1211209433_back_crop.jpg,12,机制银币 > 地方省造 > 云南省造 > 光绪元宝 > 七钱二分 > 老龙,云南省造半圆
1211209435_front_crop.jpg,1211209435_back_crop.jpg,12,机制银币 > 地方省造 > 云南省造 > 光绪元宝 > 七钱二分 > 老龙,云南省造半圆
1211209439_front_crop.jpg,1211209439_back_crop.jpg,10,机制银币 > 地方省造 > 湖北省造 > 宣统元宝 > 七钱二分 > 普通,喀什宣统元宝伍钱
1211209441_front_crop.jpg,1211209441_back_crop.jpg,10,机制银币 > 地方省造 > 湖北省造 > 宣统元宝 > 七钱二分 > 普通,喀什宣统元宝伍钱
1211209443_front_crop.jpg,1211209443_back_crop.jpg,10,机制银币 > 地方省造 > 湖北省造 > 宣统元宝 > 七钱二分 > 普通,喀什宣统元宝伍钱
1211209445_front_crop.jpg,1211209445_back_crop.jpg,10,机制银币 > 地方省造 > 湖北省造 > 宣统元宝 > 七钱二分 > 普通,喀什宣统元宝伍钱
1211209447_front_crop.jpg,1211209447_back_crop.jpg,52,机制银币 > 地方省造 > 新疆省造 > 造币厂铸 > 壹圆 > 尖足1,新疆饷银五钱
1211209449_front_crop.jpg,1211209449_back_crop.jpg,53,机制银币 > 地方省造 > 新疆省造 > 光绪银元 > 伍钱 > AH1321喀造,喀什湘平伍钱
1211209451_front_crop.jpg,1211209451_back_crop.jpg,53,机制银币 > 地方省造 > 新疆省造 > 光绪银元 > 伍钱 > AH1321喀造,喀什湘平伍钱
1211209453_front_crop.jpg,1211209453_back_crop.jpg,2,机制银币 > 地方省造 > 四川省造 > 光绪帝像 > 卢比 > 一期,光绪银圆迪化伍钱
1211209459_front_crop.jpg,1211209459_back_crop.jpg,9,机制银币 > 地方省造 > 湖北省造 > 双龙 > 一两 > 小字,新疆饷银一两
1211209485_front_crop.jpg,1211209485_back_crop.jpg,70,机制银币 > 民国中央 > 孙中山像 > 开国纪念 > 壹圆 > 下五星,开国纪念壹圆
1211209487_front_crop.jpg,1211209487_back_crop.jpg,70,机制银币 > 民国中央 > 孙中山像 > 开国纪念 > 壹圆 > 下五星,开国纪念壹圆
1211209489_front_crop.jpg,1211209489_back_crop.jpg,70,机制银币 > 民国中央 > 孙中山像 > 开国纪念 > 壹圆 > 下五星,开国纪念壹圆
1211209493_front_crop.jpg,1211209493_back_crop.jpg,70,机制银币 > 民国中央 > 孙中山像 > 开国纪念 > 壹圆 > 下五星,开国纪念壹圆
1211209497_front_crop.jpg,1211209497_back_crop.jpg,70,机制银币 > 民国中央 > 孙中山像 > 开国纪念 > 壹圆 > 下五星,开国纪念壹圆
1211209567_front_crop.jpg,1211209567_back_crop.jpg,0,机制银币 > 地方省造 > 四川省造 > 军政府 > 壹圆 > 普通,丝路银币
1211209589_front_crop.jpg,1211209589_back_crop.jpg,12,机制银币 > 地方省造 > 云南省造 > 光绪元宝 > 七钱二分 > 老龙,云南省造半圆
1211209599_front_crop.jpg,1211209599_back_crop.jpg,58,机制银币 > 民国中央 > 袁世凯像 > 民国九年 > 壹圆 > 精发,袁世凯像壹圆
1211209615_front_crop.jpg,1211209615_back_crop.jpg,0,机制银币 > 地方省造 > 四川省造 > 军政府 > 壹圆 > 普通,四川省造卢比
1211209617_front_crop.jpg,1211209617_back_crop.jpg,1,机制银币 > 地方省造 > 四川省造 > 军政府 > 五角 > 普通,西藏银币五两
1211209627_front_crop.jpg,1211209627_back_crop.jpg,58,机制银币 > 民国中央 > 袁世凯像 > 民国九年 > 壹圆 > 精发,袁世凯像壹圆
1211209629_front_crop.jpg,1211209629_back_crop.jpg,58,机制银币 > 民国中央 > 袁世凯像 > 民国九年 > 壹圆 > 精发,袁世凯像壹圆
1211209635_front_crop.jpg,1211209635_back_crop.jpg,55,机制银币 > 地方省造 > 广东省造 > 光绪元宝 > 三钱六分,广西省造贰毫
1211209637_front_crop.jpg,1211209637_back_crop.jpg,12,机制银币 > 地方省造 > 云南省造 > 光绪元宝 > 七钱二分 > 老龙,云南省造半圆
1211209639_front_crop.jpg,1211209639_back_crop.jpg,69,机制银币 > 民国中央 > 孙中山像 > 民国17年 > 壹圆 > 甘肃省造,孙中山像壹圆
1211209643_front_crop.jpg,1211209643_back_crop.jpg,58,机制银币 > 民国中央 > 袁世凯像 > 民国九年 > 壹圆 > 精发,袁世凯像壹圆
1211209649_front_crop.jpg,1211209649_back_crop.jpg,46,机制银币 > 地方省造 > 北洋造 > 光绪24年 > 壹圆,北洋局造一圆
1211209655_front_crop.jpg,1211209655_back_crop.jpg,12,机制银币 > 地方省造 > 云南省造 > 光绪元宝 > 七钱二分 > 老龙,云南省造半圆
1211209669_front_crop.jpg,1211209669_back_crop.jpg,58,机制银币 > 民国中央 > 袁世凯像 > 民国九年 > 壹圆 > 精发,袁世凯像贰角
1211209693_front_crop.jpg,1211209693_back_crop.jpg,70,机制银币 > 民国中央 > 孙中山像 > 开国纪念 > 壹圆 > 下五星,开国纪念壹圆
1211209697_front_crop.jpg,1211209697_back_crop.jpg,70,机制银币 > 民国中央 > 孙中山像 > 开国纪念 > 壹圆 > 下五星,开国纪念壹圆
1211209705_front_crop.jpg,1211209705_back_crop.jpg,70,机制银币 > 民国中央 > 孙中山像 > 开国纪念 > 壹圆 > 下五星,开国纪念壹圆
1211209719_front_crop.jpg,1211209719_back_crop.jpg,87,机制银币 > 清代中央 > 光绪年造 > 丁未大清银币 > 壹圆,大清银币壹圆
1211209721_front_crop.jpg,1211209721_back_crop.jpg,87,机制银币 > 清代中央 > 光绪年造 > 丁未大清银币 > 壹圆,大清银币壹圆
1211209735_front_crop.jpg,1211209735_back_crop.jpg,70,机制银币 > 民国中央 > 孙中山像 > 开国纪念 > 壹圆 > 下五星,开国纪念壹圆
1211209737_front_crop.jpg,1211209737_back_crop.jpg,70,机制银币 > 民国中央 > 孙中山像 > 开国纪念 > 壹圆 > 下五星,开国纪念壹圆
1211209757_front_crop.jpg,1211209757_back_crop.jpg,9,机制银币 > 地方省造 > 湖北省造 > 双龙 > 一两 > 小字,富字一两正银
1211209839_front_crop.jpg,1211209839_back_crop.jpg,58,机制银币 > 民国中央 > 袁世凯像 > 民国九年 > 壹圆 > 精发,袁世凯像壹圆
1211209843_front_crop.jpg,1211209843_back_crop.jpg,58,机制银币 > 民国中央 > 袁世凯像 > 民国九年 > 壹圆 > 精发,袁世凯像壹圆
1211209869_front_crop.jpg,1211209869_back_crop.jpg,87,机制银币 > 清代中央 > 光绪年造 > 丁未大清银币 > 壹圆,大清银币壹圆
1211209883_front_crop.jpg,1211209883_back_crop.jpg,12,机制银币 > 地方省造 > 云南省造 > 光绪元宝 > 七钱二分 > 老龙,云南省造半圆
1211209887_front_crop.jpg,1211209887_back_crop.jpg,12,机制银币 > 地方省造 > 云南省造 > 光绪元宝 > 七钱二分 > 老龙,云南省造半圆
1211209897_front_crop.jpg,1211209897_back_crop.jpg,58,机制银币 > 民国中央 > 袁世凯像 > 民国九年 > 壹圆 > 精发,袁世凯像壹圆
1211209907_front_crop.jpg,1211209907_back_crop.jpg,58,机制银币 > 民国中央 > 袁世凯像 > 民国九年 > 壹圆 > 精发,袁世凯像壹圆
1211209915_front_crop.jpg,1211209915_back_crop.jpg,70,机制银币 > 民国中央 > 孙中山像 > 开国纪念 > 壹圆 > 下五星,开国纪念壹圆
1211209977_front_crop.jpg,1211209977_back_crop.jpg,85,机制银币 > 纪念币 > 唐继尧像 > 拥护共和 > 三钱六分 > 正像,唐继尧像半圆
1211209981_front_crop.jpg,1211209981_back_crop.jpg,85,机制银币 > 纪念币 > 唐继尧像 > 拥护共和 > 三钱六分 > 正像,唐继尧像半圆
1211209985_front_crop.jpg,1211209985_back_crop.jpg,12,机制银币 > 地方省造 > 云南省造 > 光绪元宝 > 七钱二分 > 老龙,云南省造半圆
1211209987_front_crop.jpg,1211209987_back_crop.jpg,69,机制银币 > 民国中央 > 孙中山像 > 民国17年 > 壹圆 > 甘肃省造,孙中山像壹圆
1211209989_front_crop.jpg,1211209989_back_crop.jpg,0,机制银币 > 地方省造 > 四川省造 > 军政府 > 壹圆 > 普通,四川银币壹圆
1211209991_front_crop.jpg,1211209991_back_crop.jpg,0,机制银币 > 地方省造 > 四川省造 > 军政府 > 壹圆 > 普通,四川银币壹圆
1211209993_front_crop.jpg,1211209993_back_crop.jpg,12,机制银币 > 地方省造 > 云南省造 > 光绪元宝 > 七钱二分 > 老龙,云南省造半圆
1211209995_front_crop.jpg,1211209995_back_crop.jpg,12,机制银币 > 地方省造 > 云南省造 > 光绪元宝 > 七钱二分 > 老龙,云南省造半圆
1211209997_front_crop.jpg,1211209997_back_crop.jpg,12,机制银币 > 地方省造 > 云南省造 > 光绪元宝 > 七钱二分 > 老龙,云南省造半圆
1211301651_front_crop.jpg,1211301651_back_crop.jpg,55,机制银币 > 地方省造 > 广东省造 > 光绪元宝 > 三钱六分,广东省造二角
1211301653_front_crop.jpg,1211301653_back_crop.jpg,55,机制银币 > 地方省造 > 广东省造 > 光绪元宝 > 三钱六分,广东省造二角
1211301655_front_crop.jpg,1211301655_back_crop.jpg,55,机制银币 > 地方省造 > 广东省造 > 光绪元宝 > 三钱六分,广东省造二角
1211301657_front_crop.jpg,1211301657_back_crop.jpg,55,机制银币 > 地方省造 > 广东省造 > 光绪元宝 > 三钱六分,广东省造二角
1211301659_front_crop.jpg,1211301659_back_crop.jpg,55,机制银币 > 地方省造 > 广东省造 > 光绪元宝 > 三钱六分,广东省造二角
1211301661_front_crop.jpg,1211301661_back_crop.jpg,55,机制银币 > 地方省造 > 广东省造 > 光绪元宝 > 三钱六分,广东省造二角
1211301663_front_crop.jpg,1211301663_back_crop.jpg,55,机制银币 > 地方省造 > 广东省造 > 光绪元宝 > 三钱六分,广东省造二角
1211301665_front_crop.jpg,1211301665_back_crop.jpg,55,机制银币 > 地方省造 > 广东省造 > 光绪元宝 > 三钱六分,广东省造二角
1211301667_front_crop.jpg,1211301667_back_crop.jpg,55,机制银币 > 地方省造 > 广东省造 > 光绪元宝 > 三钱六分,广东省造二角
1211301669_front_crop.jpg,1211301669_back_crop.jpg,55,机制银币 > 地方省造 > 广东省造 > 光绪元宝 > 三钱六分,广东省造二角
1211301671_front_crop.jpg,1211301671_back_crop.jpg,55,机制银币 > 地方省造 > 广东省造 > 光绪元宝 > 三钱六分,广东省造二角
1211301673_front_crop.jpg,1211301673_back_crop.jpg,55,机制银币 > 地方省造 > 广东省造 > 光绪元宝 > 三钱六分,广东省造二角
1211301675_front_crop.jpg,1211301675_back_crop.jpg,55,机制银币 > 地方省造 > 广东省造 > 光绪元宝 > 三钱六分,广东省造二角
1211301677_front_crop.jpg,1211301677_back_crop.jpg,55,机制银币 > 地方省造 > 广东省造 > 光绪元宝 > 三钱六分,广东省造二角
1211301679_front_crop.jpg,1211301679_back_crop.jpg,55,机制银币 > 地方省造 > 广东省造 > 光绪元宝 > 三钱六分,广东省造二角
1211301681_front_crop.jpg,1211301681_back_crop.jpg,55,机制银币 > 地方省造 > 广东省造 > 光绪元宝 > 三钱六分,广东省造二角
1211301683_front_crop.jpg,1211301683_back_crop.jpg,55,机制银币 > 地方省造 > 广东省造 > 光绪元宝 > 三钱六分,广东省造二角
1211301685_front_crop.jpg,1211301685_back_crop.jpg,55,机制银币 > 地方省造 > 广东省造 > 光绪元宝 > 三钱六分,广东省造二角
1211301687_front_crop.jpg,1211301687_back_crop.jpg,55,机制银币 > 地方省造 > 广东省造 > 光绪元宝 > 三钱六分,广东省造二角
1211301689_front_crop.jpg,1211301689_back_crop.jpg,55,机制银币 > 地方省造 > 广东省造 > 光绪元宝 > 三钱六分,广东省造二角
1211301721_front_crop.jpg,1211301721_back_crop.jpg,12,机制银币 > 地方省造 > 云南省造 > 光绪元宝 > 七钱二分 > 老龙,云南省造一圆
1211301739_front_crop.jpg,1211301739_back_crop.jpg,58,机制银币 > 民国中央 > 袁世凯像 > 民国九年 > 壹圆 > 精发,袁世凯像壹圆
1211301747_front_crop.jpg,1211301747_back_crop.jpg,58,机制银币 > 民国中央 > 袁世凯像 > 民国九年 > 壹圆 > 精发,袁世凯像壹圆
1211301749_front_crop.jpg,1211301749_back_crop.jpg,58,机制银币 > 民国中央 > 袁世凯像 > 民国九年 > 壹圆 > 精发,袁世凯像壹圆
1211301751_front_crop.jpg,1211301751_back_crop.jpg,58,机制银币 > 民国中央 > 袁世凯像 > 民国九年 > 壹圆 > 精发,袁世凯像壹圆
1211301755_front_crop.jpg,1211301755_back_crop.jpg,70,机制银币 > 民国中央 > 孙中山像 > 开国纪念 > 壹圆 > 下五星,开国纪念壹圆
1211301763_front_crop.jpg,1211301763_back_crop.jpg,58,机制银币 > 民国中央 > 袁世凯像 > 民国九年 > 壹圆 > 精发,袁世凯像壹圆
1211301777_front_crop.jpg,1211301777_back_crop.jpg,58,机制银币 > 民国中央 > 袁世凯像 > 民国九年 > 壹圆 > 精发,袁世凯像壹圆
1211301787_front_crop.jpg,1211301787_back_crop.jpg,58,机制银币 > 民国中央 > 袁世凯像 > 民国九年 > 壹圆 > 精发,袁世凯像壹圆
1211301793_front_crop.jpg,1211301793_back_crop.jpg,58,机制银币 > 民国中央 > 袁世凯像 > 民国九年 > 壹圆 > 精发,袁世凯像壹圆
1211301809_front_crop.jpg,1211301809_back_crop.jpg,0,机制银币 > 地方省造 > 四川省造 > 军政府 > 壹圆 > 普通,四川省造卢比
1211301835_front_crop.jpg,1211301835_back_crop.jpg,70,机制银币 > 民国中央 > 孙中山像 > 开国纪念 > 壹圆 > 下五星,开国纪念壹圆
1211301837_front_crop.jpg,1211301837_back_crop.jpg,70,机制银币 > 民国中央 > 孙中山像 > 开国纪念 > 壹圆 > 下五星,开国纪念壹圆
1211301839_front_crop.jpg,1211301839_back_crop.jpg,70,机制银币 > 民国中央 > 孙中山像 > 开国纪念 > 壹圆 > 下五星,开国纪念壹圆
1211301841_front_crop.jpg,1211301841_back_crop.jpg,70,机制银币 > 民国中央 > 孙中山像 > 开国纪念 > 壹圆 > 下五星,开国纪念壹圆
1211301843_front_crop.jpg,1211301843_back_crop.jpg,70,机制银币 > 民国中央 > 孙中山像 > 开国纪念 > 壹圆 > 下五星,开国纪念壹圆
1211301845_front_crop.jpg,1211301845_back_crop.jpg,70,机制银币 > 民国中央 > 孙中山像 > 开国纪念 > 壹圆 > 下五星,开国纪念壹圆
1211301847_front_crop.jpg,1211301847_back_crop.jpg,70,机制银币 > 民国中央 > 孙中山像 > 开国纪念 > 壹圆 > 下五星,开国纪念壹圆
1211301849_front_crop.jpg,1211301849_back_crop.jpg,70,机制银币 > 民国中央 > 孙中山像 > 开国纪念 > 壹圆 > 下五星,开国纪念壹圆
1211301851_front_crop.jpg,1211301851_back_crop.jpg,70,机制银币 > 民国中央 > 孙中山像 > 开国纪念 > 壹圆 > 下五星,开国纪念壹圆
1211301853_front_crop.jpg,1211301853_back_crop.jpg,70,机制银币 > 民国中央 > 孙中山像 > 开国纪念 > 壹圆 > 下五星,开国纪念壹圆
1211301855_front_crop.jpg,1211301855_back_crop.jpg,70,机制银币 > 民国中央 > 孙中山像 > 开国纪念 > 壹圆 > 下五星,开国纪念壹圆
1211301857_front_crop.jpg,1211301857_back_crop.jpg,70,机制银币 > 民国中央 > 孙中山像 > 开国纪念 > 壹圆 > 下五星,开国纪念壹圆
1211301859_front_crop.jpg,1211301859_back_crop.jpg,70,机制银币 > 民国中央 > 孙中山像 > 开国纪念 > 壹圆 > 下五星,开国纪念壹圆
1211301861_front_crop.jpg,1211301861_back_crop.jpg,70,机制银币 > 民国中央 > 孙中山像 > 开国纪念 > 壹圆 > 下五星,开国纪念壹圆
1211301863_front_crop.jpg,1211301863_back_crop.jpg,70,机制银币 > 民国中央 > 孙中山像 > 开国纪念 > 壹圆 > 下五星,开国纪念壹圆
1211301865_front_crop.jpg,1211301865_back_crop.jpg,70,机制银币 > 民国中央 > 孙中山像 > 开国纪念 > 壹圆 > 下五星,开国纪念壹圆
1211301867_front_crop.jpg,1211301867_back_crop.jpg,70,机制银币 > 民国中央 > 孙中山像 > 开国纪念 > 壹圆 > 下五星,开国纪念壹圆
1211301869_front_crop.jpg,1211301869_back_crop.jpg,70,机制银币 > 民国中央 > 孙中山像 > 开国纪念 > 壹圆 > 下五星,开国纪念壹圆
1211301871_front_crop.jpg,1211301871_back_crop.jpg,70,机制银币 > 民国中央 > 孙中山像 > 开国纪念 > 壹圆 > 下五星,开国纪念壹圆
1211301873_front_crop.jpg,1211301873_back_crop.jpg,70,机制银币 > 民国中央 > 孙中山像 > 开国纪念 > 壹圆 > 下五星,开国纪念壹圆
1211301875_front_crop.jpg,1211301875_back_crop.jpg,70,机制银币 > 民国中央 > 孙中山像 > 开国纪念 > 壹圆 > 下五星,开国纪念壹圆
1211301877_front_crop.jpg,1211301877_back_crop.jpg,70,机制银币 > 民国中央 > 孙中山像 > 开国纪念 > 壹圆 > 下五星,开国纪念壹圆
1211301879_front_crop.jpg,1211301879_back_crop.jpg,70,机制银币 > 民国中央 > 孙中山像 > 开国纪念 > 壹圆 > 下五星,开国纪念壹圆
1211301881_front_crop.jpg,1211301881_back_crop.jpg,70,机制银币 > 民国中央 > 孙中山像 > 开国纪念 > 壹圆 > 下五星,开国纪念壹圆
1211301883_front_crop.jpg,1211301883_back_crop.jpg,70,机制银币 > 民国中央 > 孙中山像 > 开国纪念 > 壹圆 > 下五星,开国纪念壹圆
1211301897_front_crop.jpg,1211301897_back_crop.jpg,18,机制银币 > 地方省造 > 东三省造 > 光绪元宝 > 七钱二分,东三省造二角
1211301903_front_crop.jpg,1211301903_back_crop.jpg,55,机制银币 > 地方省造 > 广东省造 > 光绪元宝 > 三钱六分,广东省造二角
1211301905_front_crop.jpg,1211301905_back_crop.jpg,12,机制银币 > 地方省造 > 云南省造 > 光绪元宝 > 七钱二分 > 老龙,云南省造贰角
1211301919_front_crop.jpg,1211301919_back_crop.jpg,58,机制银币 > 民国中央 > 袁世凯像 > 民国九年 > 壹圆 > 精发,袁世凯像壹圆
1211301961_front_crop.jpg,1211301961_back_crop.jpg,55,机制银币 > 地方省造 > 广东省造 > 光绪元宝 > 三钱六分,广东省造二角
1211301987_front_crop.jpg,1211301987_back_crop.jpg,7,机制银币 > 地方省造 > 湖北省造 > 光绪元宝 > 七钱二分 > 普通,湖北省造二角
1211301997_front_crop.jpg,1211301997_back_crop.jpg,7,机制银币 > 地方省造 > 湖北省造 > 光绪元宝 > 七钱二分 > 普通,湖北省造二角
1211301999_front_crop.jpg,1211301999_back_crop.jpg,55,机制银币 > 地方省造 > 广东省造 > 光绪元宝 > 三钱六分,广东省造贰毫
1211302007_front_crop.jpg,1211302007_back_crop.jpg,18,机制银币 > 地方省造 > 东三省造 > 光绪元宝 > 七钱二分,东三省造二角
1211302009_front_crop.jpg,1211302009_back_crop.jpg,18,机制银币 > 地方省造 > 东三省造 > 光绪元宝 > 七钱二分,东三省造二角
1211302011_front_crop.jpg,1211302011_back_crop.jpg,18,机制银币 > 地方省造 > 东三省造 > 光绪元宝 > 七钱二分,东三省造二角
1211302013_front_crop.jpg,1211302013_back_crop.jpg,18,机制银币 > 地方省造 > 东三省造 > 光绪元宝 > 七钱二分,东三省造二角
1211302015_front_crop.jpg,1211302015_back_crop.jpg,18,机制银币 > 地方省造 > 东三省造 > 光绪元宝 > 七钱二分,东三省造二角
1211302019_front_crop.jpg,1211302019_back_crop.jpg,18,机制银币 > 地方省造 > 东三省造 > 光绪元宝 > 七钱二分,东三省造二角
1211302023_front_crop.jpg,1211302023_back_crop.jpg,18,机制银币 > 地方省造 > 东三省造 > 光绪元宝 > 七钱二分,东三省造二角
1211302025_front_crop.jpg,1211302025_back_crop.jpg,18,机制银币 > 地方省造 > 东三省造 > 光绪元宝 > 七钱二分,东三省造二角
1211302027_front_crop.jpg,1211302027_back_crop.jpg,18,机制银币 > 地方省造 > 东三省造 > 光绪元宝 > 七钱二分,东三省造二角
1211302029_front_crop.jpg,1211302029_back_crop.jpg,18,机制银币 > 地方省造 > 东三省造 > 光绪元宝 > 七钱二分,东三省造二角
1211302031_front_crop.jpg,1211302031_back_crop.jpg,18,机制银币 > 地方省造 > 东三省造 > 光绪元宝 > 七钱二分,东三省造二角
1211302033_front_crop.jpg,1211302033_back_crop.jpg,18,机制银币 > 地方省造 > 东三省造 > 光绪元宝 > 七钱二分,东三省造二角
1211302035_front_crop.jpg,1211302035_back_crop.jpg,18,机制银币 > 地方省造 > 东三省造 > 光绪元宝 > 七钱二分,东三省造二角
1211302037_front_crop.jpg,1211302037_back_crop.jpg,18,机制银币 > 地方省造 > 东三省造 > 光绪元宝 > 七钱二分,东三省造二角
1211302041_front_crop.jpg,1211302041_back_crop.jpg,18,机制银币 > 地方省造 > 东三省造 > 光绪元宝 > 七钱二分,东三省造二角
1211302043_front_crop.jpg,1211302043_back_crop.jpg,18,机制银币 > 地方省造 > 东三省造 > 光绪元宝 > 七钱二分,东三省造二角
1211302051_front_crop.jpg,1211302051_back_crop.jpg,18,机制银币 > 地方省造 > 东三省造 > 光绪元宝 > 七钱二分,东三省造二角
1211302059_front_crop.jpg,1211302059_back_crop.jpg,18,机制银币 > 地方省造 > 东三省造 > 光绪元宝 > 七钱二分,东三省造二角
1211302067_front_crop.jpg,1211302067_back_crop.jpg,18,机制银币 > 地方省造 > 东三省造 > 光绪元宝 > 七钱二分,东三省造二角
1211302075_front_crop.jpg,1211302075_back_crop.jpg,18,机制银币 > 地方省造 > 东三省造 > 光绪元宝 > 七钱二分,东三省造二角
1211302079_front_crop.jpg,1211302079_back_crop.jpg,18,机制银币 > 地方省造 > 东三省造 > 光绪元宝 > 七钱二分,东三省造二角
1211302081_front_crop.jpg,1211302081_back_crop.jpg,18,机制银币 > 地方省造 > 东三省造 > 光绪元宝 > 七钱二分,东三省造二角
1211302085_front_crop.jpg,1211302085_back_crop.jpg,18,机制银币 > 地方省造 > 东三省造 > 光绪元宝 > 七钱二分,东三省造二角
1211302087_front_crop.jpg,1211302087_back_crop.jpg,58,机制银币 > 民国中央 > 袁世凯像 > 民国九年 > 壹圆 > 精发,袁世凯像壹圆
1211302095_front_crop.jpg,1211302095_back_crop.jpg,85,机制银币 > 纪念币 > 唐继尧像 > 拥护共和 > 三钱六分 > 正像,唐继尧像半圆
1211302105_front_crop.jpg,1211302105_back_crop.jpg,55,机制银币 > 地方省造 > 广东省造 > 光绪元宝 > 三钱六分,广东省造二角
1211302107_front_crop.jpg,1211302107_back_crop.jpg,55,机制银币 > 地方省造 > 广东省造 > 光绪元宝 > 三钱六分,广东省造贰毫
1211302113_front_crop.jpg,1211302113_back_crop.jpg,12,机制银币 > 地方省造 > 云南省造 > 光绪元宝 > 七钱二分 > 老龙,云南省造半圆
1211302133_front_crop.jpg,1211302133_back_crop.jpg,12,机制银币 > 地方省造 > 云南省造 > 光绪元宝 > 七钱二分 > 老龙,云南省造半圆
1211302137_front_crop.jpg,1211302137_back_crop.jpg,12,机制银币 > 地方省造 > 云南省造 > 光绪元宝 > 七钱二分 > 老龙,云南省造半圆
1211302153_front_crop.jpg,1211302153_back_crop.jpg,12,机制银币 > 地方省造 > 云南省造 > 光绪元宝 > 七钱二分 > 老龙,云南省造半圆
1211302155_front_crop.jpg,1211302155_back_crop.jpg,12,机制银币 > 地方省造 > 云南省造 > 光绪元宝 > 七钱二分 > 老龙,云南省造半圆
1211302163_front_crop.jpg,1211302163_back_crop.jpg,12,机制银币 > 地方省造 > 云南省造 > 光绪元宝 > 七钱二分 > 老龙,云南省造半圆
1211302171_front_crop.jpg,1211302171_back_crop.jpg,12,机制银币 > 地方省造 > 云南省造 > 光绪元宝 > 七钱二分 > 老龙,云南省造半圆
1211302175_front_crop.jpg,1211302175_back_crop.jpg,12,机制银币 > 地方省造 > 云南省造 > 光绪元宝 > 七钱二分 > 老龙,云南省造半圆
1211302177_front_crop.jpg,1211302177_back_crop.jpg,58,机制银币 > 民国中央 > 袁世凯像 > 民国九年 > 壹圆 > 精发,袁世凯像壹圆
1211302203_front_crop.jpg,1211302203_back_crop.jpg,12,机制银币 > 地方省造 > 云南省造 > 光绪元宝 > 七钱二分 > 老龙,云南省造半圆
1211302209_front_crop.jpg,1211302209_back_crop.jpg,58,机制银币 > 民国中央 > 袁世凯像 > 民国九年 > 壹圆 > 精发,袁世凯像壹圆
1211302213_front_crop.jpg,1211302213_back_crop.jpg,58,机制银币 > 民国中央 > 袁世凯像 > 民国九年 > 壹圆 > 精发,袁世凯像壹圆
1211302215_front_crop.jpg,1211302215_back_crop.jpg,58,机制银币 > 民国中央 > 袁世凯像 > 民国九年 > 壹圆 > 精发,袁世凯像壹圆
1211302217_front_crop.jpg,1211302217_back_crop.jpg,70,机制银币 > 民国中央 > 孙中山像 > 开国纪念 > 壹圆 > 下五星,开国纪念壹圆
1211302221_front_crop.jpg,1211302221_back_crop.jpg,46,机制银币 > 地方省造 > 北洋造 > 光绪24年 > 壹圆,北洋局造一圆
1211302231_front_crop.jpg,1211302231_back_crop.jpg,12,机制银币 > 地方省造 > 云南省造 > 光绪元宝 > 七钱二分 > 老龙,云南省造半圆
1211302247_front_crop.jpg,1211302247_back_crop.jpg,69,机制银币 > 民国中央 > 孙中山像 > 民国17年 > 壹圆 > 甘肃省造,孙中山像壹圆
1211302259_front_crop.jpg,1211302259_back_crop.jpg,58,机制银币 > 民国中央 > 袁世凯像 > 民国九年 > 壹圆 > 精发,袁世凯像壹圆
1211302263_front_crop.jpg,1211302263_back_crop.jpg,27,机制银币 > 地方省造 > 江南省造 > 甲辰 > 七钱二分 > 普通,江南省造一圆
1211302295_front_crop.jpg,1211302295_back_crop.jpg,12,机制银币 > 地方省造 > 云南省造 > 光绪元宝 > 七钱二分 > 老龙,云南省造一圆
1211302309_front_crop.jpg,1211302309_back_crop.jpg,12,机制银币 > 地方省造 > 云南省造 > 光绪元宝 > 七钱二分 > 老龙,云南省造半圆
1211302311_front_crop.jpg,1211302311_back_crop.jpg,12,机制银币 > 地方省造 > 云南省造 > 光绪元宝 > 七钱二分 > 老龙,云南省造半圆
1211302321_front_crop.jpg,1211302321_back_crop.jpg,70,机制银币 > 民国中央 > 孙中山像 > 开国纪念 > 壹圆 > 下五星,开国纪念壹圆
1211302333_front_crop.jpg,1211302333_back_crop.jpg,58,机制银币 > 民国中央 > 袁世凯像 > 民国九年 > 壹圆 > 精发,袁世凯像壹圆
1211302345_front_crop.jpg,1211302345_back_crop.jpg,12,机制银币 > 地方省造 > 云南省造 > 光绪元宝 > 七钱二分 > 老龙,云南省造贰角
1211302357_front_crop.jpg,1211302357_back_crop.jpg,12,机制银币 > 地方省造 > 云南省造 > 光绪元宝 > 七钱二分 > 老龙,云南省造半圆
1211302361_front_crop.jpg,1211302361_back_crop.jpg,12,机制银币 > 地方省造 > 云南省造 > 光绪元宝 > 七钱二分 > 老龙,云南省造半圆
1211302369_front_crop.jpg,1211302369_back_crop.jpg,12,机制银币 > 地方省造 > 云南省造 > 光绪元宝 > 七钱二分 > 老龙,云南省造半圆
1211302383_front_crop.jpg,1211302383_back_crop.jpg,74,机制银币 > 民国中央 > 龙凤 > 民国十五年 > 壹角,龙凤银币壹角
1211302387_front_crop.jpg,1211302387_back_crop.jpg,87,机制银币 > 清代中央 > 光绪年造 > 丁未大清银币 > 壹圆,大清银币壹圆
1211302399_front_crop.jpg,1211302399_back_crop.jpg,46,机制银币 > 地方省造 > 北洋造 > 光绪24年 > 壹圆,北洋局造一圆
1211302403_front_crop.jpg,1211302403_back_crop.jpg,15,机制银币 > 地方省造 > 云南省造 > 富字 > 半两,富字半两正银
1211302405_front_crop.jpg,1211302405_back_crop.jpg,58,机制银币 > 民国中央 > 袁世凯像 > 民国九年 > 壹圆 > 精发,袁世凯像壹圆
1211302411_front_crop.jpg,1211302411_back_crop.jpg,85,机制银币 > 纪念币 > 唐继尧像 > 拥护共和 > 三钱六分 > 正像,唐继尧像半圆
1211302413_front_crop.jpg,1211302413_back_crop.jpg,85,机制银币 > 纪念币 > 唐继尧像 > 拥护共和 > 三钱六分 > 正像,唐继尧像半圆
1211302415_front_crop.jpg,1211302415_back_crop.jpg,12,机制银币 > 地方省造 > 云南省造 > 光绪元宝 > 七钱二分 > 老龙,云南省造半圆
1211302421_front_crop.jpg,1211302421_back_crop.jpg,70,机制银币 > 民国中央 > 孙中山像 > 开国纪念 > 壹圆 > 下五星,开国纪念壹圆
1211302457_front_crop.jpg,1211302457_back_crop.jpg,70,机制银币 > 民国中央 > 孙中山像 > 开国纪念 > 壹圆 > 下五星,开国纪念壹圆
1211302855_front_crop.jpg,1211302855_back_crop.jpg,12,机制银币 > 地方省造 > 云南省造 > 光绪元宝 > 七钱二分 > 老龙,云南省造半圆
1211302863_front_crop.jpg,1211302863_back_crop.jpg,58,机制银币 > 民国中央 > 袁世凯像 > 民国九年 > 壹圆 > 精发,袁世凯像壹圆
1211302865_front_crop.jpg,1211302865_back_crop.jpg,58,机制银币 > 民国中央 > 袁世凯像 > 民国九年 > 壹圆 > 精发,袁世凯像壹圆
1211302875_front_crop.jpg,1211302875_back_crop.jpg,58,机制银币 > 民国中央 > 袁世凯像 > 民国九年 > 壹圆 > 精发,袁世凯像壹圆
1211302905_front_crop.jpg,1211302905_back_crop.jpg,12,机制银币 > 地方省造 > 云南省造 > 光绪元宝 > 七钱二分 > 老龙,云南省造半圆
1211302913_front_crop.jpg,1211302913_back_crop.jpg,12,机制银币 > 地方省造 > 云南省造 > 光绪元宝 > 七钱二分 > 老龙,云南省造贰角
1211302915_front_crop.jpg,1211302915_back_crop.jpg,12,机制银币 > 地方省造 > 云南省造 > 光绪元宝 > 七钱二分 > 老龙,云南省造贰角
1211302935_front_crop.jpg,1211302935_back_crop.jpg,46,机制银币 > 地方省造 > 北洋造 > 光绪24年 > 壹圆,北洋局造一圆
1211302943_front_crop.jpg,1211302943_back_crop.jpg,58,机制银币 > 民国中央 > 袁世凯像 > 民国九年 > 壹圆 > 精发,袁世凯像壹圆
1211302959_front_crop.jpg,1211302959_back_crop.jpg,58,机制银币 > 民国中央 > 袁世凯像 > 民国九年 > 壹圆 > 精发,袁世凯像壹圆
1211302961_front_crop.jpg,1211302961_back_crop.jpg,46,机制银币 > 地方省造 > 北洋造 > 光绪24年 > 壹圆,北洋局造一圆
1211302991_front_crop.jpg,1211302991_back_crop.jpg,58,机制银币 > 民国中央 > 袁世凯像 > 民国九年 > 壹圆 > 精发,袁世凯像壹圆
1211302993_front_crop.jpg,1211302993_back_crop.jpg,12,机制银币 > 地方省造 > 云南省造 > 光绪元宝 > 七钱二分 > 老龙,云南省造半圆
1211302995_front_crop.jpg,1211302995_back_crop.jpg,55,机制银币 > 地方省造 > 广东省造 > 光绪元宝 > 三钱六分,广东省造二角
1211303001_front_crop.jpg,1211303001_back_crop.jpg,12,机制银币 > 地方省造 > 云南省造 > 光绪元宝 > 七钱二分 > 老龙,云南省造半圆
1211303053_front_crop.jpg,1211303053_back_crop.jpg,58,机制银币 > 民国中央 > 袁世凯像 > 民国九年 > 壹圆 > 精发,袁世凯像壹圆
1211303055_front_crop.jpg,1211303055_back_crop.jpg,58,机制银币 > 民国中央 > 袁世凯像 > 民国九年 > 壹圆 > 精发,袁世凯像壹圆
1211303057_front_crop.jpg,1211303057_back_crop.jpg,58,机制银币 > 民国中央 > 袁世凯像 > 民国九年 > 壹圆 > 精发,袁世凯像壹圆
1211303061_front_crop.jpg,1211303061_back_crop.jpg,58,机制银币 > 民国中央 > 袁世凯像 > 民国九年 > 壹圆 > 精发,袁世凯像壹圆
1211303077_front_crop.jpg,1211303077_back_crop.jpg,58,机制银币 > 民国中央 > 袁世凯像 > 民国九年 > 壹圆 > 精发,袁世凯像壹圆
1211303083_front_crop.jpg,1211303083_back_crop.jpg,46,机制银币 > 地方省造 > 北洋造 > 光绪24年 > 壹圆,北洋局造一圆
1211303085_front_crop.jpg,1211303085_back_crop.jpg,70,机制银币 > 民国中央 > 孙中山像 > 开国纪念 > 壹圆 > 下五星,开国纪念壹圆
1211303103_front_crop.jpg,1211303103_back_crop.jpg,58,机制银币 > 民国中央 > 袁世凯像 > 民国九年 > 壹圆 > 精发,袁世凯像壹圆
1211303129_front_crop.jpg,1211303129_back_crop.jpg,85,机制银币 > 纪念币 > 唐继尧像 > 拥护共和 > 三钱六分 > 正像,唐继尧像半圆
1211303135_front_crop.jpg,1211303135_back_crop.jpg,85,机制银币 > 纪念币 > 唐继尧像 > 拥护共和 > 三钱六分 > 正像,唐继尧像半圆
1211303157_front_crop.jpg,1211303157_back_crop.jpg,69,机制银币 > 民国中央 > 孙中山像 > 民国17年 > 壹圆 > 甘肃省造,孙中山像贰毫
1211303159_front_crop.jpg,1211303159_back_crop.jpg,69,机制银币 > 民国中央 > 孙中山像 > 民国17年 > 壹圆 > 甘肃省造,孙中山像贰毫
1211303161_front_crop.jpg,1211303161_back_crop.jpg,69,机制银币 > 民国中央 > 孙中山像 > 民国17年 > 壹圆 > 甘肃省造,孙中山像贰毫
1211303163_front_crop.jpg,1211303163_back_crop.jpg,55,机制银币 > 地方省造 > 广东省造 > 光绪元宝 > 三钱六分,广东省造二角
1211303165_front_crop.jpg,1211303165_back_crop.jpg,55,机制银币 > 地方省造 > 广东省造 > 光绪元宝 > 三钱六分,广东省造二角
1211303167_front_crop.jpg,1211303167_back_crop.jpg,55,机制银币 > 地方省造 > 广东省造 > 光绪元宝 > 三钱六分,广东省造二角
1211303169_front_crop.jpg,1211303169_back_crop.jpg,55,机制银币 > 地方省造 > 广东省造 > 光绪元宝 > 三钱六分,广东省造二角
1211303171_front_crop.jpg,1211303171_back_crop.jpg,55,机制银币 > 地方省造 > 广东省造 > 光绪元宝 > 三钱六分,广东省造二角
1211303175_front_crop.jpg,1211303175_back_crop.jpg,69,机制银币 > 民国中央 > 孙中山像 > 民国17年 > 壹圆 > 甘肃省造,孙中山像贰毫
1211303177_front_crop.jpg,1211303177_back_crop.jpg,69,机制银币 > 民国中央 > 孙中山像 > 民国17年 > 壹圆 > 甘肃省造,孙中山像贰毫
1211303179_front_crop.jpg,1211303179_back_crop.jpg,69,机制银币 > 民国中央 > 孙中山像 > 民国17年 > 壹圆 > 甘肃省造,孙中山像贰毫
1211303181_front_crop.jpg,1211303181_back_crop.jpg,69,机制银币 > 民国中央 > 孙中山像 > 民国17年 > 壹圆 > 甘肃省造,孙中山像贰毫
1211303183_front_crop.jpg,1211303183_back_crop.jpg,69,机制银币 > 民国中央 > 孙中山像 > 民国17年 > 壹圆 > 甘肃省造,孙中山像贰毫
1211303185_front_crop.jpg,1211303185_back_crop.jpg,69,机制银币 > 民国中央 > 孙中山像 > 民国17年 > 壹圆 > 甘肃省造,孙中山像贰毫
1211303187_front_crop.jpg,1211303187_back_crop.jpg,69,机制银币 > 民国中央 > 孙中山像 > 民国17年 > 壹圆 > 甘肃省造,孙中山像贰毫
1211303189_front_crop.jpg,1211303189_back_crop.jpg,69,机制银币 > 民国中央 > 孙中山像 > 民国17年 > 壹圆 > 甘肃省造,孙中山像贰毫
1211303191_front_crop.jpg,1211303191_back_crop.jpg,69,机制银币 > 民国中央 > 孙中山像 > 民国17年 > 壹圆 > 甘肃省造,孙中山像贰毫
1211303193_front_crop.jpg,1211303193_back_crop.jpg,69,机制银币 > 民国中央 > 孙中山像 > 民国17年 > 壹圆 > 甘肃省造,孙中山像贰毫
1211303195_front_crop.jpg,1211303195_back_crop.jpg,69,机制银币 > 民国中央 > 孙中山像 > 民国17年 > 壹圆 > 甘肃省造,孙中山像贰毫
1211303201_front_crop.jpg,1211303201_back_crop.jpg,69,机制银币 > 民国中央 > 孙中山像 > 民国17年 > 壹圆 > 甘肃省造,孙中山像贰毫
1211303207_front_crop.jpg,1211303207_back_crop.jpg,58,机制银币 > 民国中央 > 袁世凯像 > 民国九年 > 壹圆 > 精发,袁世凯像壹圆
1211303219_front_crop.jpg,1211303219_back_crop.jpg,58,机制银币 > 民国中央 > 袁世凯像 > 民国九年 > 壹圆 > 精发,袁世凯像壹圆
1211303221_front_crop.jpg,1211303221_back_crop.jpg,91,机制银币 > 纪念章 > 孙中山像,西藏章嘎嘎布
1211303223_front_crop.jpg,1211303223_back_crop.jpg,91,机制银币 > 纪念章 > 孙中山像,西藏章嘎嘎布
1211303231_front_crop.jpg,1211303231_back_crop.jpg,70,机制银币 > 民国中央 > 孙中山像 > 开国纪念 > 壹圆 > 下五星,开国纪念壹圆
1211303243_front_crop.jpg,1211303243_back_crop.jpg,58,机制银币 > 民国中央 > 袁世凯像 > 民国九年 > 壹圆 > 精发,袁世凯像壹圆
1211303247_front_crop.jpg,1211303247_back_crop.jpg,6,机制银币 > 地方省造 > 四川省造 > 光绪元宝 > 七钱二分 > 四角龙,奉天省造二角
1211303257_front_crop.jpg,1211303257_back_crop.jpg,58,机制银币 > 民国中央 > 袁世凯像 > 民国九年 > 壹圆 > 精发,袁世凯像壹圆
1211303269_front_crop.jpg,1211303269_back_crop.jpg,75,机制银币 > 民国中央 > 黎元洪像 > 开国纪念 > 壹圆 > 无帽,黎元洪像壹圆
1211303273_front_crop.jpg,1211303273_back_crop.jpg,69,机制银币 > 民国中央 > 孙中山像 > 民国17年 > 壹圆 > 甘肃省造,孙中山像壹圆
1211303275_front_crop.jpg,1211303275_back_crop.jpg,58,机制银币 > 民国中央 > 袁世凯像 > 民国九年 > 壹圆 > 精发,袁世凯像壹圆
1211303281_front_crop.jpg,1211303281_back_crop.jpg,58,机制银币 > 民国中央 > 袁世凯像 > 民国九年 > 壹圆 > 精发,袁世凯像壹圆
1211303299_front_crop.jpg,1211303299_back_crop.jpg,69,机制银币 > 民国中央 > 孙中山像 > 民国17年 > 壹圆 > 甘肃省造,孙中山像壹圆
1211303307_front_crop.jpg,1211303307_back_crop.jpg,46,机制银币 > 地方省造 > 北洋造 > 光绪24年 > 壹圆,北洋局造一圆
1211303315_front_crop.jpg,1211303315_back_crop.jpg,58,机制银币 > 民国中央 > 袁世凯像 > 民国九年 > 壹圆 > 精发,袁世凯像壹圆
1211303319_front_crop.jpg,1211303319_back_crop.jpg,58,机制银币 > 民国中央 > 袁世凯像 > 民国九年 > 壹圆 > 精发,袁世凯像壹圆
1211303327_front_crop.jpg,1211303327_back_crop.jpg,58,机制银币 > 民国中央 > 袁世凯像 > 民国九年 > 壹圆 > 精发,袁世凯像壹圆
1211303351_front_crop.jpg,1211303351_back_crop.jpg,58,机制银币 > 民国中央 > 袁世凯像 > 民国九年 > 壹圆 > 精发,袁世凯像壹圆
1211303371_front_crop.jpg,1211303371_back_crop.jpg,58,机制银币 > 民国中央 > 袁世凯像 > 民国九年 > 壹圆 > 精发,袁世凯像壹圆
1211303373_front_crop.jpg,1211303373_back_crop.jpg,69,机制银币 > 民国中央 > 孙中山像 > 民国17年 > 壹圆 > 甘肃省造,孙中山像壹圆
1211303411_front_crop.jpg,1211303411_back_crop.jpg,58,机制银币 > 民国中央 > 袁世凯像 > 民国九年 > 壹圆 > 精发,袁世凯像壹圆
1211303413_front_crop.jpg,1211303413_back_crop.jpg,58,机制银币 > 民国中央 > 袁世凯像 > 民国九年 > 壹圆 > 精发,袁世凯像壹圆
1211303423_front_crop.jpg,1211303423_back_crop.jpg,58,机制银币 > 民国中央 > 袁世凯像 > 民国九年 > 壹圆 > 精发,袁世凯像壹圆
1211303425_front_crop.jpg,1211303425_back_crop.jpg,58,机制银币 > 民国中央 > 袁世凯像 > 民国九年 > 壹圆 > 精发,袁世凯像壹圆
1211303427_front_crop.jpg,1211303427_back_crop.jpg,58,机制银币 > 民国中央 > 袁世凯像 > 民国九年 > 壹圆 > 精发,袁世凯像壹圆
1211303937_front_crop.jpg,1211303937_back_crop.jpg,58,机制银币 > 民国中央 > 袁世凯像 > 民国九年 > 壹圆 > 精发,袁世凯像壹圆
1211303939_front_crop.jpg,1211303939_back_crop.jpg,12,机制银币 > 地方省造 > 云南省造 > 光绪元宝 > 七钱二分 > 老龙,云南省造贰角
1211303941_front_crop.jpg,1211303941_back_crop.jpg,12,机制银币 > 地方省造 > 云南省造 > 光绪元宝 > 七钱二分 > 老龙,云南省造半圆
1211303945_front_crop.jpg,1211303945_back_crop.jpg,12,机制银币 > 地方省造 > 云南省造 > 光绪元宝 > 七钱二分 > 老龙,云南省造半圆
1211303951_front_crop.jpg,1211303951_back_crop.jpg,12,机制银币 > 地方省造 > 云南省造 > 光绪元宝 > 七钱二分 > 老龙,云南省造半圆
1211303959_front_crop.jpg,1211303959_back_crop.jpg,12,机制银币 > 地方省造 > 云南省造 > 光绪元宝 > 七钱二分 > 老龙,云南省造半圆
1211303967_front_crop.jpg,1211303967_back_crop.jpg,12,机制银币 > 地方省造 > 云南省造 > 光绪元宝 > 七钱二分 > 老龙,云南省造贰角
1211303969_front_crop.jpg,1211303969_back_crop.jpg,12,机制银币 > 地方省造 > 云南省造 > 光绪元宝 > 七钱二分 > 老龙,云南省造贰角
1211303973_front_crop.jpg,1211303973_back_crop.jpg,12,机制银币 > 地方省造 > 云南省造 > 光绪元宝 > 七钱二分 > 老龙,云南省造贰角
1211304003_front_crop.jpg,1211304003_back_crop.jpg,12,机制银币 > 地方省造 > 云南省造 > 光绪元宝 > 七钱二分 > 老龙,云南省造贰角
1211304005_front_crop.jpg,1211304005_back_crop.jpg,12,机制银币 > 地方省造 > 云南省造 > 光绪元宝 > 七钱二分 > 老龙,云南省造贰角
1211304007_front_crop.jpg,1211304007_back_crop.jpg,12,机制银币 > 地方省造 > 云南省造 > 光绪元宝 > 七钱二分 > 老龙,云南省造贰角
1211304009_front_crop.jpg,1211304009_back_crop.jpg,12,机制银币 > 地方省造 > 云南省造 > 光绪元宝 > 七钱二分 > 老龙,云南省造贰角
1211304011_front_crop.jpg,1211304011_back_crop.jpg,12,机制银币 > 地方省造 > 云南省造 > 光绪元宝 > 七钱二分 > 老龙,云南省造贰角
1211304013_front_crop.jpg,1211304013_back_crop.jpg,12,机制银币 > 地方省造 > 云南省造 > 光绪元宝 > 七钱二分 > 老龙,云南省造贰角
1211304015_front_crop.jpg,1211304015_back_crop.jpg,12,机制银币 > 地方省造 > 云南省造 > 光绪元宝 > 七钱二分 > 老龙,云南省造贰角
1211304017_front_crop.jpg,1211304017_back_crop.jpg,12,机制银币 > 地方省造 > 云南省造 > 光绪元宝 > 七钱二分 > 老龙,云南省造贰角
1211304019_front_crop.jpg,1211304019_back_crop.jpg,12,机制银币 > 地方省造 > 云南省造 > 光绪元宝 > 七钱二分 > 老龙,云南省造贰角
1211304021_front_crop.jpg,1211304021_back_crop.jpg,12,机制银币 > 地方省造 > 云南省造 > 光绪元宝 > 七钱二分 > 老龙,云南省造贰角
1211304023_front_crop.jpg,1211304023_back_crop.jpg,12,机制银币 > 地方省造 > 云南省造 > 光绪元宝 > 七钱二分 > 老龙,云南省造贰角
1211304025_front_crop.jpg,1211304025_back_crop.jpg,12,机制银币 > 地方省造 > 云南省造 > 光绪元宝 > 七钱二分 > 老龙,云南省造贰角
1211304037_front_crop.jpg,1211304037_back_crop.jpg,12,机制银币 > 地方省造 > 云南省造 > 光绪元宝 > 七钱二分 > 老龙,云南省造半圆
1211304039_front_crop.jpg,1211304039_back_crop.jpg,12,机制银币 > 地方省造 > 云南省造 > 光绪元宝 > 七钱二分 > 老龙,云南省造半圆
1211304045_front_crop.jpg,1211304045_back_crop.jpg,12,机制银币 > 地方省造 > 云南省造 > 光绪元宝 > 七钱二分 > 老龙,云南省造半圆
1211304049_front_crop.jpg,1211304049_back_crop.jpg,12,机制银币 > 地方省造 > 云南省造 > 光绪元宝 > 七钱二分 > 老龙,云南省造半圆
1211304051_front_crop.jpg,1211304051_back_crop.jpg,12,机制银币 > 地方省造 > 云南省造 > 光绪元宝 > 七钱二分 > 老龙,云南省造半圆
1211304053_front_crop.jpg,1211304053_back_crop.jpg,12,机制银币 > 地方省造 > 云南省造 > 光绪元宝 > 七钱二分 > 老龙,云南省造半圆
1211304055_front_crop.jpg,1211304055_back_crop.jpg,12,机制银币 > 地方省造 > 云南省造 > 光绪元宝 > 七钱二分 > 老龙,云南省造半圆
1211304075_front_crop.jpg,1211304075_back_crop.jpg,12,机制银币 > 地方省造 > 云南省造 > 光绪元宝 > 七钱二分 > 老龙,云南省造半圆
1211304077_front_crop.jpg,1211304077_back_crop.jpg,12,机制银币 > 地方省造 > 云南省造 > 光绪元宝 > 七钱二分 > 老龙,云南省造半圆
1211304081_front_crop.jpg,1211304081_back_crop.jpg,12,机制银币 > 地方省造 > 云南省造 > 光绪元宝 > 七钱二分 > 老龙,云南省造半圆
1211304095_front_crop.jpg,1211304095_back_crop.jpg,58,机制银币 > 民国中央 > 袁世凯像 > 民国九年 > 壹圆 > 精发,袁世凯像壹圆
1211304103_front_crop.jpg,1211304103_back_crop.jpg,58,机制银币 > 民国中央 > 袁世凯像 > 民国九年 > 壹圆 > 精发,袁世凯像壹圆
1211304127_front_crop.jpg,1211304127_back_crop.jpg,46,机制银币 > 地方省造 > 北洋造 > 光绪24年 > 壹圆,北洋局造一圆
1211304129_front_crop.jpg,1211304129_back_crop.jpg,69,机制银币 > 民国中央 > 孙中山像 > 民国17年 > 壹圆 > 甘肃省造,孙中山像贰毫
1211304137_front_crop.jpg,1211304137_back_crop.jpg,58,机制银币 > 民国中央 > 袁世凯像 > 民国九年 > 壹圆 > 精发,袁世凯像壹圆
1211304139_front_crop.jpg,1211304139_back_crop.jpg,58,机制银币 > 民国中央 > 袁世凯像 > 民国九年 > 壹圆 > 精发,袁世凯像壹圆
1211304153_front_crop.jpg,1211304153_back_crop.jpg,52,机制银币 > 地方省造 > 新疆省造 > 造币厂铸 > 壹圆 > 尖足1,新疆迪化壹两
1211304157_front_crop.jpg,1211304157_back_crop.jpg,27,机制银币 > 地方省造 > 江南省造 > 甲辰 > 七钱二分 > 普通,江南省造一圆
1211304163_front_crop.jpg,1211304163_back_crop.jpg,58,机制银币 > 民国中央 > 袁世凯像 > 民国九年 > 壹圆 > 精发,袁世凯像壹圆
1211304181_front_crop.jpg,1211304181_back_crop.jpg,58,机制银币 > 民国中央 > 袁世凯像 > 民国九年 > 壹圆 > 精发,袁世凯像壹圆
1211304189_front_crop.jpg,1211304189_back_crop.jpg,58,机制银币 > 民国中央 > 袁世凯像 > 民国九年 > 壹圆 > 精发,袁世凯像壹圆
1211304197_front_crop.jpg,1211304197_back_crop.jpg,58,机制银币 > 民国中央 > 袁世凯像 > 民国九年 > 壹圆 > 精发,袁世凯像壹圆
1211304211_front_crop.jpg,1211304211_back_crop.jpg,58,机制银币 > 民国中央 > 袁世凯像 > 民国九年 > 壹圆 > 精发,袁世凯像壹圆
1211304221_front_crop.jpg,1211304221_back_crop.jpg,58,机制银币 > 民国中央 > 袁世凯像 > 民国九年 > 壹圆 > 精发,袁世凯像壹圆
1211304223_front_crop.jpg,1211304223_back_crop.jpg,58,机制银币 > 民国中央 > 袁世凯像 > 民国九年 > 壹圆 > 精发,袁世凯像壹圆
1211304227_front_crop.jpg,1211304227_back_crop.jpg,58,机制银币 > 民国中央 > 袁世凯像 > 民国九年 > 壹圆 > 精发,袁世凯像壹圆
1211304231_front_crop.jpg,1211304231_back_crop.jpg,58,机制银币 > 民国中央 > 袁世凯像 > 民国九年 > 壹圆 > 精发,袁世凯像壹圆
1211304247_front_crop.jpg,1211304247_back_crop.jpg,58,机制银币 > 民国中央 > 袁世凯像 > 民国九年 > 壹圆 > 精发,袁世凯像壹圆
1211304249_front_crop.jpg,1211304249_back_crop.jpg,58,机制银币 > 民国中央 > 袁世凯像 > 民国九年 > 壹圆 > 精发,袁世凯像壹圆
1211304251_front_crop.jpg,1211304251_back_crop.jpg,58,机制银币 > 民国中央 > 袁世凯像 > 民国九年 > 壹圆 > 精发,袁世凯像壹圆
1211304253_front_crop.jpg,1211304253_back_crop.jpg,58,机制银币 > 民国中央 > 袁世凯像 > 民国九年 > 壹圆 > 精发,袁世凯像壹圆
1211304255_front_crop.jpg,1211304255_back_crop.jpg,58,机制银币 > 民国中央 > 袁世凯像 > 民国九年 > 壹圆 > 精发,袁世凯像壹圆
1211304261_front_crop.jpg,1211304261_back_crop.jpg,58,机制银币 > 民国中央 > 袁世凯像 > 民国九年 > 壹圆 > 精发,袁世凯像壹圆
1211304263_front_crop.jpg,1211304263_back_crop.jpg,58,机制银币 > 民国中央 > 袁世凯像 > 民国九年 > 壹圆 > 精发,袁世凯像壹圆
1211304265_front_crop.jpg,1211304265_back_crop.jpg,58,机制银币 > 民国中央 > 袁世凯像 > 民国九年 > 壹圆 > 精发,袁世凯像壹圆
1211304267_front_crop.jpg,1211304267_back_crop.jpg,58,机制银币 > 民国中央 > 袁世凯像 > 民国九年 > 壹圆 > 精发,袁世凯像壹圆
1211304269_front_crop.jpg,1211304269_back_crop.jpg,58,机制银币 > 民国中央 > 袁世凯像 > 民国九年 > 壹圆 > 精发,袁世凯像壹圆
1211304271_front_crop.jpg,1211304271_back_crop.jpg,58,机制银币 > 民国中央 > 袁世凯像 > 民国九年 > 壹圆 > 精发,袁世凯像壹圆
1211304275_front_crop.jpg,1211304275_back_crop.jpg,58,机制银币 > 民国中央 > 袁世凯像 > 民国九年 > 壹圆 > 精发,袁世凯像壹圆
1211304277_front_crop.jpg,1211304277_back_crop.jpg,58,机制银币 > 民国中央 > 袁世凯像 > 民国九年 > 壹圆 > 精发,袁世凯像壹圆
1211304279_front_crop.jpg,1211304279_back_crop.jpg,58,机制银币 > 民国中央 > 袁世凯像 > 民国九年 > 壹圆 > 精发,袁世凯像壹圆
1211304281_front_crop.jpg,1211304281_back_crop.jpg,58,机制银币 > 民国中央 > 袁世凯像 > 民国九年 > 壹圆 > 精发,袁世凯像壹圆
1211304283_front_crop.jpg,1211304283_back_crop.jpg,58,机制银币 > 民国中央 > 袁世凯像 > 民国九年 > 壹圆 > 精发,袁世凯像壹圆
1211304287_front_crop.jpg,1211304287_back_crop.jpg,58,机制银币 > 民国中央 > 袁世凯像 > 民国九年 > 壹圆 > 精发,袁世凯像壹圆
1211304289_front_crop.jpg,1211304289_back_crop.jpg,58,机制银币 > 民国中央 > 袁世凯像 > 民国九年 > 壹圆 > 精发,袁世凯像壹圆
1211304315_front_crop.jpg,1211304315_back_crop.jpg,58,机制银币 > 民国中央 > 袁世凯像 > 民国九年 > 壹圆 > 精发,袁世凯像壹圆
1211304317_front_crop.jpg,1211304317_back_crop.jpg,58,机制银币 > 民国中央 > 袁世凯像 > 民国九年 > 壹圆 > 精发,袁世凯像壹圆
1211304319_front_crop.jpg,1211304319_back_crop.jpg,58,机制银币 > 民国中央 > 袁世凯像 > 民国九年 > 壹圆 > 精发,袁世凯像壹圆
1211304321_front_crop.jpg,1211304321_back_crop.jpg,58,机制银币 > 民国中央 > 袁世凯像 > 民国九年 > 壹圆 > 精发,袁世凯像壹圆
1211304323_front_crop.jpg,1211304323_back_crop.jpg,58,机制银币 > 民国中央 > 袁世凯像 > 民国九年 > 壹圆 > 精发,袁世凯像壹圆
1211304325_front_crop.jpg,1211304325_back_crop.jpg,58,机制银币 > 民国中央 > 袁世凯像 > 民国九年 > 壹圆 > 精发,袁世凯像壹圆
1211304391_front_crop.jpg,1211304391_back_crop.jpg,58,机制银币 > 民国中央 > 袁世凯像 > 民国九年 > 壹圆 > 精发,袁世凯像壹圆
1211304469_front_crop.jpg,1211304469_back_crop.jpg,12,机制银币 > 地方省造 > 云南省造 > 光绪元宝 > 七钱二分 > 老龙,云南省造半圆
1211304471_front_crop.jpg,1211304471_back_crop.jpg,12,机制银币 > 地方省造 > 云南省造 > 光绪元宝 > 七钱二分 > 老龙,云南省造半圆
1211304477_front_crop.jpg,1211304477_back_crop.jpg,12,机制银币 > 地方省造 > 云南省造 > 光绪元宝 > 七钱二分 > 老龙,云南省造半圆
1211304489_front_crop.jpg,1211304489_back_crop.jpg,12,机制银币 > 地方省造 > 云南省造 > 光绪元宝 > 七钱二分 > 老龙,云南省造半圆
1211304497_front_crop.jpg,1211304497_back_crop.jpg,12,机制银币 > 地方省造 > 云南省造 > 光绪元宝 > 七钱二分 > 老龙,云南省造半圆
1211304501_front_crop.jpg,1211304501_back_crop.jpg,12,机制银币 > 地方省造 > 云南省造 > 光绪元宝 > 七钱二分 > 老龙,云南省造半圆
1211304505_front_crop.jpg,1211304505_back_crop.jpg,12,机制银币 > 地方省造 > 云南省造 > 光绪元宝 > 七钱二分 > 老龙,云南省造半圆
1211304513_front_crop.jpg,1211304513_back_crop.jpg,12,机制银币 > 地方省造 > 云南省造 > 光绪元宝 > 七钱二分 > 老龙,云南省造半圆
1211304515_front_crop.jpg,1211304515_back_crop.jpg,12,机制银币 > 地方省造 > 云南省造 > 光绪元宝 > 七钱二分 > 老龙,云南省造半圆
1211304517_front_crop.jpg,1211304517_back_crop.jpg,12,机制银币 > 地方省造 > 云南省造 > 光绪元宝 > 七钱二分 > 老龙,云南省造半圆
1211304527_front_crop.jpg,1211304527_back_crop.jpg,85,机制银币 > 纪念币 > 唐继尧像 > 拥护共和 > 三钱六分 > 正像,唐继尧像半圆
1211304529_front_crop.jpg,1211304529_back_crop.jpg,12,机制银币 > 地方省造 > 云南省造 > 光绪元宝 > 七钱二分 > 老龙,云南省造贰角
1211304531_front_crop.jpg,1211304531_back_crop.jpg,12,机制银币 > 地方省造 > 云南省造 > 光绪元宝 > 七钱二分 > 老龙,云南省造贰角
1211304533_front_crop.jpg,1211304533_back_crop.jpg,12,机制银币 > 地方省造 > 云南省造 > 光绪元宝 > 七钱二分 > 老龙,云南省造二角
1211304537_front_crop.jpg,1211304537_back_crop.jpg,70,机制银币 > 民国中央 > 孙中山像 > 开国纪念 > 壹圆 > 下五星,开国纪念壹圆
1211304597_front_crop.jpg,1211304597_back_crop.jpg,58,机制银币 > 民国中央 > 袁世凯像 > 民国九年 > 壹圆 > 精发,袁世凯像壹圆
1211304609_front_crop.jpg,1211304609_back_crop.jpg,18,机制银币 > 地方省造 > 东三省造 > 光绪元宝 > 七钱二分,东三省造二角
1211304611_front_crop.jpg,1211304611_back_crop.jpg,6,机制银币 > 地方省造 > 四川省造 > 光绪元宝 > 七钱二分 > 四角龙,奉天省造二角
1211304621_front_crop.jpg,1211304621_back_crop.jpg,70,机制银币 > 民国中央 > 孙中山像 > 开国纪念 > 壹圆 > 下五星,开国纪念壹圆
1211304635_front_crop.jpg,1211304635_back_crop.jpg,58,机制银币 > 民国中央 > 袁世凯像 > 民国九年 > 壹圆 > 精发,袁世凯像壹圆
1211304637_front_crop.jpg,1211304637_back_crop.jpg,58,机制银币 > 民国中央 > 袁世凯像 > 民国九年 > 壹圆 > 精发,袁世凯像壹圆
1211304647_front_crop.jpg,1211304647_back_crop.jpg,46,机制银币 > 地方省造 > 北洋造 > 光绪24年 > 壹圆,北洋局造一圆
1211304649_front_crop.jpg,1211304649_back_crop.jpg,58,机制银币 > 民国中央 > 袁世凯像 > 民国九年 > 壹圆 > 精发,袁世凯像壹圆
1211304653_front_crop.jpg,1211304653_back_crop.jpg,46,机制银币 > 地方省造 > 北洋造 > 光绪24年 > 壹圆,北洋局造一圆
1211304669_front_crop.jpg,1211304669_back_crop.jpg,58,机制银币 > 民国中央 > 袁世凯像 > 民国九年 > 壹圆 > 精发,袁世凯像壹圆
1211304673_front_crop.jpg,1211304673_back_crop.jpg,58,机制银币 > 民国中央 > 袁世凯像 > 民国九年 > 壹圆 > 精发,袁世凯像壹圆
1211304675_front_crop.jpg,1211304675_back_crop.jpg,58,机制银币 > 民国中央 > 袁世凯像 > 民国九年 > 壹圆 > 精发,袁世凯像壹圆
1211304677_front_crop.jpg,1211304677_back_crop.jpg,58,机制银币 > 民国中央 > 袁世凯像 > 民国九年 > 壹圆 > 精发,袁世凯像壹圆
1211304679_front_crop.jpg,1211304679_back_crop.jpg,58,机制银币 > 民国中央 > 袁世凯像 > 民国九年 > 壹圆 > 精发,袁世凯像壹圆
1211304687_front_crop.jpg,1211304687_back_crop.jpg,58,机制银币 > 民国中央 > 袁世凯像 > 民国九年 > 壹圆 > 精发,袁世凯像壹圆
1211304689_front_crop.jpg,1211304689_back_crop.jpg,58,机制银币 > 民国中央 > 袁世凯像 > 民国九年 > 壹圆 > 精发,袁世凯像壹圆
1211304691_front_crop.jpg,1211304691_back_crop.jpg,58,机制银币 > 民国中央 > 袁世凯像 > 民国九年 > 壹圆 > 精发,袁世凯像壹圆
1211304693_front_crop.jpg,1211304693_back_crop.jpg,58,机制银币 > 民国中央 > 袁世凯像 > 民国九年 > 壹圆 > 精发,袁世凯像壹圆
1211304695_front_crop.jpg,1211304695_back_crop.jpg,58,机制银币 > 民国中央 > 袁世凯像 > 民国九年 > 壹圆 > 精发,袁世凯像壹圆
1211304697_front_crop.jpg,1211304697_back_crop.jpg,58,机制银币 > 民国中央 > 袁世凯像 > 民国九年 > 壹圆 > 精发,袁世凯像壹圆
1211304699_front_crop.jpg,1211304699_back_crop.jpg,58,机制银币 > 民国中央 > 袁世凯像 > 民国九年 > 壹圆 > 精发,袁世凯像壹圆
1211304701_front_crop.jpg,1211304701_back_crop.jpg,58,机制银币 > 民国中央 > 袁世凯像 > 民国九年 > 壹圆 > 精发,袁世凯像壹圆
1211304703_front_crop.jpg,1211304703_back_crop.jpg,58,机制银币 > 民国中央 > 袁世凯像 > 民国九年 > 壹圆 > 精发,袁世凯像壹圆
1211304705_front_crop.jpg,1211304705_back_crop.jpg,58,机制银币 > 民国中央 > 袁世凯像 > 民国九年 > 壹圆 > 精发,袁世凯像壹圆
1211304709_front_crop.jpg,1211304709_back_crop.jpg,58,机制银币 > 民国中央 > 袁世凯像 > 民国九年 > 壹圆 > 精发,袁世凯像壹圆
1211304745_front_crop.jpg,1211304745_back_crop.jpg,58,机制银币 > 民国中央 > 袁世凯像 > 民国九年 > 壹圆 > 精发,袁世凯像壹圆
1211304755_front_crop.jpg,1211304755_back_crop.jpg,12,机制银币 > 地方省造 > 云南省造 > 光绪元宝 > 七钱二分 > 老龙,云南省造贰角
1211304775_front_crop.jpg,1211304775_back_crop.jpg,12,机制银币 > 地方省造 > 云南省造 > 光绪元宝 > 七钱二分 > 老龙,云南省造半圆
1211304781_front_crop.jpg,1211304781_back_crop.jpg,12,机制银币 > 地方省造 > 云南省造 > 光绪元宝 > 七钱二分 > 老龙,云南省造半圆
1211304785_front_crop.jpg,1211304785_back_crop.jpg,12,机制银币 > 地方省造 > 云南省造 > 光绪元宝 > 七钱二分 > 老龙,云南省造半圆
1211304791_front_crop.jpg,1211304791_back_crop.jpg,12,机制银币 > 地方省造 > 云南省造 > 光绪元宝 > 七钱二分 > 老龙,云南省造半圆
1211304793_front_crop.jpg,1211304793_back_crop.jpg,12,机制银币 > 地方省造 > 云南省造 > 光绪元宝 > 七钱二分 > 老龙,云南省造半圆
1211304795_front_crop.jpg,1211304795_back_crop.jpg,12,机制银币 > 地方省造 > 云南省造 > 光绪元宝 > 七钱二分 > 老龙,云南省造半圆
1211304839_front_crop.jpg,1211304839_back_crop.jpg,70,机制银币 > 民国中央 > 孙中山像 > 开国纪念 > 壹圆 > 下五星,开国纪念壹圆
1211304847_front_crop.jpg,1211304847_back_crop.jpg,70,机制银币 > 民国中央 > 孙中山像 > 开国纪念 > 壹圆 > 下五星,开国纪念壹圆
1211304849_front_crop.jpg,1211304849_back_crop.jpg,70,机制银币 > 民国中央 > 孙中山像 > 开国纪念 > 壹圆 > 下五星,开国纪念壹圆
1211304853_front_crop.jpg,1211304853_back_crop.jpg,70,机制银币 > 民国中央 > 孙中山像 > 开国纪念 > 壹圆 > 下五星,开国纪念壹圆
1211304867_front_crop.jpg,1211304867_back_crop.jpg,70,机制银币 > 民国中央 > 孙中山像 > 开国纪念 > 壹圆 > 下五星,开国纪念壹圆
1211304869_front_crop.jpg,1211304869_back_crop.jpg,70,机制银币 > 民国中央 > 孙中山像 > 开国纪念 > 壹圆 > 下五星,开国纪念壹圆
1211304873_front_crop.jpg,1211304873_back_crop.jpg,58,机制银币 > 民国中央 > 袁世凯像 > 民国九年 > 壹圆 > 精发,袁世凯像壹圆
1211304887_front_crop.jpg,1211304887_back_crop.jpg,58,机制银币 > 民国中央 > 袁世凯像 > 民国九年 > 壹圆 > 精发,袁世凯像壹圆
1211304889_front_crop.jpg,1211304889_back_crop.jpg,58,机制银币 > 民国中央 > 袁世凯像 > 民国九年 > 壹圆 > 精发,袁世凯像壹圆
1211304951_front_crop.jpg,1211304951_back_crop.jpg,58,机制银币 > 民国中央 > 袁世凯像 > 民国九年 > 壹圆 > 精发,袁世凯像壹圆
1211304965_front_crop.jpg,1211304965_back_crop.jpg,46,机制银币 > 地方省造 > 北洋造 > 光绪24年 > 壹圆,北洋局造一圆
1211304967_front_crop.jpg,1211304967_back_crop.jpg,46,机制银币 > 地方省造 > 北洋造 > 光绪24年 > 壹圆,北洋局造一圆
1211304969_front_crop.jpg,1211304969_back_crop.jpg,46,机制银币 > 地方省造 > 北洋造 > 光绪24年 > 壹圆,北洋局造一圆
1211304973_front_crop.jpg,1211304973_back_crop.jpg,6,机制银币 > 地方省造 > 四川省造 > 光绪元宝 > 七钱二分 > 四角龙,四川银币五角
1211304981_front_crop.jpg,1211304981_back_crop.jpg,12,机制银币 > 地方省造 > 云南省造 > 光绪元宝 > 七钱二分 > 老龙,云南省造半圆
1211304983_front_crop.jpg,1211304983_back_crop.jpg,12,机制银币 > 地方省造 > 云南省造 > 光绪元宝 > 七钱二分 > 老龙,云南省造半圆
1211304991_front_crop.jpg,1211304991_back_crop.jpg,58,机制银币 > 民国中央 > 袁世凯像 > 民国九年 > 壹圆 > 精发,袁世凯像壹圆
1211304993_front_crop.jpg,1211304993_back_crop.jpg,58,机制银币 > 民国中央 > 袁世凯像 > 民国九年 > 壹圆 > 精发,袁世凯像壹圆
1211305001_front_crop.jpg,1211305001_back_crop.jpg,58,机制银币 > 民国中央 > 袁世凯像 > 民国九年 > 壹圆 > 精发,袁世凯像壹圆
1211305003_front_crop.jpg,1211305003_back_crop.jpg,58,机制银币 > 民国中央 > 袁世凯像 > 民国九年 > 壹圆 > 精发,袁世凯像壹圆
1211305005_front_crop.jpg,1211305005_back_crop.jpg,58,机制银币 > 民国中央 > 袁世凯像 > 民国九年 > 壹圆 > 精发,袁世凯像壹圆
1211305007_front_crop.jpg,1211305007_back_crop.jpg,58,机制银币 > 民国中央 > 袁世凯像 > 民国九年 > 壹圆 > 精发,袁世凯像壹圆
1211305009_front_crop.jpg,1211305009_back_crop.jpg,58,机制银币 > 民国中央 > 袁世凯像 > 民国九年 > 壹圆 > 精发,袁世凯像壹圆
1211305011_front_crop.jpg,1211305011_back_crop.jpg,58,机制银币 > 民国中央 > 袁世凯像 > 民国九年 > 壹圆 > 精发,袁世凯像壹圆
1211305013_front_crop.jpg,1211305013_back_crop.jpg,58,机制银币 > 民国中央 > 袁世凯像 > 民国九年 > 壹圆 > 精发,袁世凯像壹圆
1211305015_front_crop.jpg,1211305015_back_crop.jpg,58,机制银币 > 民国中央 > 袁世凯像 > 民国九年 > 壹圆 > 精发,袁世凯像壹圆
1211305017_front_crop.jpg,1211305017_back_crop.jpg,58,机制银币 > 民国中央 > 袁世凯像 > 民国九年 > 壹圆 > 精发,袁世凯像壹圆
1211305019_front_crop.jpg,1211305019_back_crop.jpg,58,机制银币 > 民国中央 > 袁世凯像 > 民国九年 > 壹圆 > 精发,袁世凯像壹圆
1211305021_front_crop.jpg,1211305021_back_crop.jpg,58,机制银币 > 民国中央 > 袁世凯像 > 民国九年 > 壹圆 > 精发,袁世凯像壹圆
1211305023_front_crop.jpg,1211305023_back_crop.jpg,58,机制银币 > 民国中央 > 袁世凯像 > 民国九年 > 壹圆 > 精发,袁世凯像壹圆
1211305027_front_crop.jpg,1211305027_back_crop.jpg,58,机制银币 > 民国中央 > 袁世凯像 > 民国九年 > 壹圆 > 精发,袁世凯像壹圆
1211305029_front_crop.jpg,1211305029_back_crop.jpg,58,机制银币 > 民国中央 > 袁世凯像 > 民国九年 > 壹圆 > 精发,袁世凯像壹圆
1211305031_front_crop.jpg,1211305031_back_crop.jpg,58,机制银币 > 民国中央 > 袁世凯像 > 民国九年 > 壹圆 > 精发,袁世凯像壹圆
1211305033_front_crop.jpg,1211305033_back_crop.jpg,58,机制银币 > 民国中央 > 袁世凯像 > 民国九年 > 壹圆 > 精发,袁世凯像壹圆
1211305035_front_crop.jpg,1211305035_back_crop.jpg,58,机制银币 > 民国中央 > 袁世凯像 > 民国九年 > 壹圆 > 精发,袁世凯像壹圆
1211305037_front_crop.jpg,1211305037_back_crop.jpg,58,机制银币 > 民国中央 > 袁世凯像 > 民国九年 > 壹圆 > 精发,袁世凯像壹圆
1211305039_front_crop.jpg,1211305039_back_crop.jpg,58,机制银币 > 民国中央 > 袁世凯像 > 民国九年 > 壹圆 > 精发,袁世凯像壹圆
1211305041_front_crop.jpg,1211305041_back_crop.jpg,58,机制银币 > 民国中央 > 袁世凯像 > 民国九年 > 壹圆 > 精发,袁世凯像壹圆
1211305043_front_crop.jpg,1211305043_back_crop.jpg,58,机制银币 > 民国中央 > 袁世凯像 > 民国九年 > 壹圆 > 精发,袁世凯像壹圆
1211305045_front_crop.jpg,1211305045_back_crop.jpg,58,机制银币 > 民国中央 > 袁世凯像 > 民国九年 > 壹圆 > 精发,袁世凯像壹圆
1211305047_front_crop.jpg,1211305047_back_crop.jpg,58,机制银币 > 民国中央 > 袁世凯像 > 民国九年 > 壹圆 > 精发,袁世凯像壹圆
1211305049_front_crop.jpg,1211305049_back_crop.jpg,58,机制银币 > 民国中央 > 袁世凯像 > 民国九年 > 壹圆 > 精发,袁世凯像壹圆
1211305051_front_crop.jpg,1211305051_back_crop.jpg,58,机制银币 > 民国中央 > 袁世凯像 > 民国九年 > 壹圆 > 精发,袁世凯像壹圆
1211305075_front_crop.jpg,1211305075_back_crop.jpg,58,机制银币 > 民国中央 > 袁世凯像 > 民国九年 > 壹圆 > 精发,袁世凯像壹圆
1211305077_front_crop.jpg,1211305077_back_crop.jpg,58,机制银币 > 民国中央 > 袁世凯像 > 民国九年 > 壹圆 > 精发,袁世凯像壹圆
1211305079_front_crop.jpg,1211305079_back_crop.jpg,58,机制银币 > 民国中央 > 袁世凯像 > 民国九年 > 壹圆 > 精发,袁世凯像壹圆
1211305081_front_crop.jpg,1211305081_back_crop.jpg,58,机制银币 > 民国中央 > 袁世凯像 > 民国九年 > 壹圆 > 精发,袁世凯像壹圆
1211305083_front_crop.jpg,1211305083_back_crop.jpg,58,机制银币 > 民国中央 > 袁世凯像 > 民国九年 > 壹圆 > 精发,袁世凯像壹圆
1211305085_front_crop.jpg,1211305085_back_crop.jpg,58,机制银币 > 民国中央 > 袁世凯像 > 民国九年 > 壹圆 > 精发,袁世凯像壹圆
1211305103_front_crop.jpg,1211305103_back_crop.jpg,70,机制银币 > 民国中央 > 孙中山像 > 开国纪念 > 壹圆 > 下五星,开国纪念壹圆
1211305125_front_crop.jpg,1211305125_back_crop.jpg,58,机制银币 > 民国中央 > 袁世凯像 > 民国九年 > 壹圆 > 精发,袁世凯像壹圆
1211305133_front_crop.jpg,1211305133_back_crop.jpg,58,机制银币 > 民国中央 > 袁世凯像 > 民国九年 > 壹圆 > 精发,袁世凯像壹圆
1211305135_front_crop.jpg,1211305135_back_crop.jpg,12,机制银币 > 地方省造 > 云南省造 > 光绪元宝 > 七钱二分 > 老龙,云南省造半圆
1211305161_front_crop.jpg,1211305161_back_crop.jpg,58,机制银币 > 民国中央 > 袁世凯像 > 民国九年 > 壹圆 > 精发,袁世凯像壹圆
1211305163_front_crop.jpg,1211305163_back_crop.jpg,58,机制银币 > 民国中央 > 袁世凯像 > 民国九年 > 壹圆 > 精发,袁世凯像壹圆
1211305165_front_crop.jpg,1211305165_back_crop.jpg,12,机制银币 > 地方省造 > 云南省造 > 光绪元宝 > 七钱二分 > 老龙,云南省造贰角
1211305171_front_crop.jpg,1211305171_back_crop.jpg,69,机制银币 > 民国中央 > 孙中山像 > 民国17年 > 壹圆 > 甘肃省造,孙中山像壹圆
1211305173_front_crop.jpg,1211305173_back_crop.jpg,69,机制银币 > 民国中央 > 孙中山像 > 民国17年 > 壹圆 > 甘肃省造,孙中山像壹圆
1211305181_front_crop.jpg,1211305181_back_crop.jpg,7,机制银币 > 地方省造 > 湖北省造 > 光绪元宝 > 七钱二分 > 普通,湖北省造一圆
1211305185_front_crop.jpg,1211305185_back_crop.jpg,55,机制银币 > 地方省造 > 广东省造 > 光绪元宝 > 三钱六分,广东省造二角
1211305187_front_crop.jpg,1211305187_back_crop.jpg,12,机制银币 > 地方省造 > 云南省造 > 光绪元宝 > 七钱二分 > 老龙,云南省造半圆
1211305193_front_crop.jpg,1211305193_back_crop.jpg,58,机制银币 > 民国中央 > 袁世凯像 > 民国九年 > 壹圆 > 精发,袁世凯像壹圆
1211305205_front_crop.jpg,1211305205_back_crop.jpg,58,机制银币 > 民国中央 > 袁世凯像 > 民国九年 > 壹圆 > 精发,袁世凯像壹圆
1211305211_front_crop.jpg,1211305211_back_crop.jpg,69,机制银币 > 民国中央 > 孙中山像 > 民国17年 > 壹圆 > 甘肃省造,孙中山像壹圆
1211305229_front_crop.jpg,1211305229_back_crop.jpg,58,机制银币 > 民国中央 > 袁世凯像 > 民国九年 > 壹圆 > 精发,袁世凯像壹圆
1211305235_front_crop.jpg,1211305235_back_crop.jpg,58,机制银币 > 民国中央 > 袁世凯像 > 民国九年 > 壹圆 > 精发,袁世凯像壹圆
1211305243_front_crop.jpg,1211305243_back_crop.jpg,58,机制银币 > 民国中央 > 袁世凯像 > 民国九年 > 壹圆 > 精发,袁世凯像壹圆
1211305277_front_crop.jpg,1211305277_back_crop.jpg,58,机制银币 > 民国中央 > 袁世凯像 > 民国九年 > 壹圆 > 精发,袁世凯像壹圆
1211305281_front_crop.jpg,1211305281_back_crop.jpg,46,机制银币 > 地方省造 > 北洋造 > 光绪24年 > 壹圆,北洋局造一圆
1211305287_front_crop.jpg,1211305287_back_crop.jpg,7,机制银币 > 地方省造 > 湖北省造 > 光绪元宝 > 七钱二分 > 普通,湖北省造一圆
1211305293_front_crop.jpg,1211305293_back_crop.jpg,91,机制银币 > 纪念章 > 孙中山像,西藏章嘎嘎布
1211305303_front_crop.jpg,1211305303_back_crop.jpg,12,机制银币 > 地方省造 > 云南省造 > 光绪元宝 > 七钱二分 > 老龙,云南省造半圆
1211305305_front_crop.jpg,1211305305_back_crop.jpg,12,机制银币 > 地方省造 > 云南省造 > 光绪元宝 > 七钱二分 > 老龙,云南省造半圆
1211305307_front_crop.jpg,1211305307_back_crop.jpg,12,机制银币 > 地方省造 > 云南省造 > 光绪元宝 > 七钱二分 > 老龙,云南省造半圆
1211305313_front_crop.jpg,1211305313_back_crop.jpg,12,机制银币 > 地方省造 > 云南省造 > 光绪元宝 > 七钱二分 > 老龙,云南省造半圆
1211305319_front_crop.jpg,1211305319_back_crop.jpg,58,机制银币 > 民国中央 > 袁世凯像 > 民国九年 > 壹圆 > 精发,袁世凯像壹圆
1211305335_front_crop.jpg,1211305335_back_crop.jpg,12,机制银币 > 地方省造 > 云南省造 > 光绪元宝 > 七钱二分 > 老龙,云南省造贰角
1211305337_front_crop.jpg,1211305337_back_crop.jpg,12,机制银币 > 地方省造 > 云南省造 > 光绪元宝 > 七钱二分 > 老龙,云南省造贰角
1211305339_front_crop.jpg,1211305339_back_crop.jpg,12,机制银币 > 地方省造 > 云南省造 > 光绪元宝 > 七钱二分 > 老龙,云南省造半圆
1211305343_front_crop.jpg,1211305343_back_crop.jpg,12,机制银币 > 地方省造 > 云南省造 > 光绪元宝 > 七钱二分 > 老龙,云南省造半圆
1211305351_front_crop.jpg,1211305351_back_crop.jpg,12,机制银币 > 地方省造 > 云南省造 > 光绪元宝 > 七钱二分 > 老龙,云南省造半圆
1211305353_front_crop.jpg,1211305353_back_crop.jpg,12,机制银币 > 地方省造 > 云南省造 > 光绪元宝 > 七钱二分 > 老龙,云南省造半圆
1211305357_front_crop.jpg,1211305357_back_crop.jpg,12,机制银币 > 地方省造 > 云南省造 > 光绪元宝 > 七钱二分 > 老龙,云南省造半圆
1211305375_front_crop.jpg,1211305375_back_crop.jpg,70,机制银币 > 民国中央 > 孙中山像 > 开国纪念 > 壹圆 > 下五星,开国纪念壹圆
1211305385_front_crop.jpg,1211305385_back_crop.jpg,58,机制银币 > 民国中央 > 袁世凯像 > 民国九年 > 壹圆 > 精发,袁世凯像壹圆
1211305507_front_crop.jpg,1211305507_back_crop.jpg,58,机制银币 > 民国中央 > 袁世凯像 > 民国九年 > 壹圆 > 精发,袁世凯像壹圆
1211305509_front_crop.jpg,1211305509_back_crop.jpg,58,机制银币 > 民国中央 > 袁世凯像 > 民国九年 > 壹圆 > 精发,袁世凯像壹圆
1211305511_front_crop.jpg,1211305511_back_crop.jpg,58,机制银币 > 民国中央 > 袁世凯像 > 民国九年 > 壹圆 > 精发,袁世凯像壹圆
1211305513_front_crop.jpg,1211305513_back_crop.jpg,58,机制银币 > 民国中央 > 袁世凯像 > 民国九年 > 壹圆 > 精发,袁世凯像壹圆
1211305515_front_crop.jpg,1211305515_back_crop.jpg,58,机制银币 > 民国中央 > 袁世凯像 > 民国九年 > 壹圆 > 精发,袁世凯像壹圆
1211305517_front_crop.jpg,1211305517_back_crop.jpg,58,机制银币 > 民国中央 > 袁世凯像 > 民国九年 > 壹圆 > 精发,袁世凯像壹圆
1211305519_front_crop.jpg,1211305519_back_crop.jpg,58,机制银币 > 民国中央 > 袁世凯像 > 民国九年 > 壹圆 > 精发,袁世凯像壹圆
1211305521_front_crop.jpg,1211305521_back_crop.jpg,58,机制银币 > 民国中央 > 袁世凯像 > 民国九年 > 壹圆 > 精发,袁世凯像壹圆
1211305523_front_crop.jpg,1211305523_back_crop.jpg,58,机制银币 > 民国中央 > 袁世凯像 > 民国九年 > 壹圆 > 精发,袁世凯像壹圆
1211305525_front_crop.jpg,1211305525_back_crop.jpg,58,机制银币 > 民国中央 > 袁世凯像 > 民国九年 > 壹圆 > 精发,袁世凯像壹圆
1211305527_front_crop.jpg,1211305527_back_crop.jpg,58,机制银币 > 民国中央 > 袁世凯像 > 民国九年 > 壹圆 > 精发,袁世凯像壹圆
1211305529_front_crop.jpg,1211305529_back_crop.jpg,58,机制银币 > 民国中央 > 袁世凯像 > 民国九年 > 壹圆 > 精发,袁世凯像壹圆
1211305531_front_crop.jpg,1211305531_back_crop.jpg,58,机制银币 > 民国中央 > 袁世凯像 > 民国九年 > 壹圆 > 精发,袁世凯像壹圆
1211305533_front_crop.jpg,1211305533_back_crop.jpg,58,机制银币 > 民国中央 > 袁世凯像 > 民国九年 > 壹圆 > 精发,袁世凯像壹圆
1211305535_front_crop.jpg,1211305535_back_crop.jpg,58,机制银币 > 民国中央 > 袁世凯像 > 民国九年 > 壹圆 > 精发,袁世凯像壹圆
1211305537_front_crop.jpg,1211305537_back_crop.jpg,58,机制银币 > 民国中央 > 袁世凯像 > 民国九年 > 壹圆 > 精发,袁世凯像壹圆
1211305539_front_crop.jpg,1211305539_back_crop.jpg,58,机制银币 > 民国中央 > 袁世凯像 > 民国九年 > 壹圆 > 精发,袁世凯像壹圆
1211305541_front_crop.jpg,1211305541_back_crop.jpg,58,机制银币 > 民国中央 > 袁世凯像 > 民国九年 > 壹圆 > 精发,袁世凯像壹圆
1211305543_front_crop.jpg,1211305543_back_crop.jpg,58,机制银币 > 民国中央 > 袁世凯像 > 民国九年 > 壹圆 > 精发,袁世凯像壹圆
1211305545_front_crop.jpg,1211305545_back_crop.jpg,58,机制银币 > 民国中央 > 袁世凯像 > 民国九年 > 壹圆 > 精发,袁世凯像壹圆
1211305551_front_crop.jpg,1211305551_back_crop.jpg,12,机制银币 > 地方省造 > 云南省造 > 光绪元宝 > 七钱二分 > 老龙,云南省造半圆
1211305553_front_crop.jpg,1211305553_back_crop.jpg,12,机制银币 > 地方省造 > 云南省造 > 光绪元宝 > 七钱二分 > 老龙,云南省造半圆
1211305557_front_crop.jpg,1211305557_back_crop.jpg,12,机制银币 > 地方省造 > 云南省造 > 光绪元宝 > 七钱二分 > 老龙,云南省造半圆
1211305559_front_crop.jpg,1211305559_back_crop.jpg,12,机制银币 > 地方省造 > 云南省造 > 光绪元宝 > 七钱二分 > 老龙,云南省造半圆
1211305561_front_crop.jpg,1211305561_back_crop.jpg,12,机制银币 > 地方省造 > 云南省造 > 光绪元宝 > 七钱二分 > 老龙,云南省造半圆
1211305563_front_crop.jpg,1211305563_back_crop.jpg,12,机制银币 > 地方省造 > 云南省造 > 光绪元宝 > 七钱二分 > 老龙,云南省造半圆
1211305565_front_crop.jpg,1211305565_back_crop.jpg,12,机制银币 > 地方省造 > 云南省造 > 光绪元宝 > 七钱二分 > 老龙,云南省造半圆
1211305567_front_crop.jpg,1211305567_back_crop.jpg,12,机制银币 > 地方省造 > 云南省造 > 光绪元宝 > 七钱二分 > 老龙,云南省造半圆
1211305569_front_crop.jpg,1211305569_back_crop.jpg,12,机制银币 > 地方省造 > 云南省造 > 光绪元宝 > 七钱二分 > 老龙,云南省造半圆
1211305571_front_crop.jpg,1211305571_back_crop.jpg,12,机制银币 > 地方省造 > 云南省造 > 光绪元宝 > 七钱二分 > 老龙,云南省造半圆
1211305573_front_crop.jpg,1211305573_back_crop.jpg,12,机制银币 > 地方省造 > 云南省造 > 光绪元宝 > 七钱二分 > 老龙,云南省造半圆
1211305575_front_crop.jpg,1211305575_back_crop.jpg,12,机制银币 > 地方省造 > 云南省造 > 光绪元宝 > 七钱二分 > 老龙,云南省造半圆
1211305577_front_crop.jpg,1211305577_back_crop.jpg,12,机制银币 > 地方省造 > 云南省造 > 光绪元宝 > 七钱二分 > 老龙,云南省造半圆
1211305579_front_crop.jpg,1211305579_back_crop.jpg,12,机制银币 > 地方省造 > 云南省造 > 光绪元宝 > 七钱二分 > 老龙,云南省造半圆
1211305599_front_crop.jpg,1211305599_back_crop.jpg,12,机制银币 > 地方省造 > 云南省造 > 光绪元宝 > 七钱二分 > 老龙,云南省造半圆
1211305601_front_crop.jpg,1211305601_back_crop.jpg,12,机制银币 > 地方省造 > 云南省造 > 光绪元宝 > 七钱二分 > 老龙,云南省造半圆
1211305603_front_crop.jpg,1211305603_back_crop.jpg,12,机制银币 > 地方省造 > 云南省造 > 光绪元宝 > 七钱二分 > 老龙,云南省造半圆
1211305605_front_crop.jpg,1211305605_back_crop.jpg,12,机制银币 > 地方省造 > 云南省造 > 光绪元宝 > 七钱二分 > 老龙,云南省造半圆
1211305607_front_crop.jpg,1211305607_back_crop.jpg,12,机制银币 > 地方省造 > 云南省造 > 光绪元宝 > 七钱二分 > 老龙,云南省造半圆
1211305615_front_crop.jpg,1211305615_back_crop.jpg,58,机制银币 > 民国中央 > 袁世凯像 > 民国九年 > 壹圆 > 精发,袁世凯像壹圆
1211305617_front_crop.jpg,1211305617_back_crop.jpg,58,机制银币 > 民国中央 > 袁世凯像 > 民国九年 > 壹圆 > 精发,袁世凯像壹圆
1211305623_front_crop.jpg,1211305623_back_crop.jpg,12,机制银币 > 地方省造 > 云南省造 > 光绪元宝 > 七钱二分 > 老龙,云南省造半圆
1211305645_front_crop.jpg,1211305645_back_crop.jpg,55,机制银币 > 地方省造 > 广东省造 > 光绪元宝 > 三钱六分,广东省造二角
1211305655_front_crop.jpg,1211305655_back_crop.jpg,55,机制银币 > 地方省造 > 广东省造 > 光绪元宝 > 三钱六分,广东省造贰毫
1211305659_front_crop.jpg,1211305659_back_crop.jpg,55,机制银币 > 地方省造 > 广东省造 > 光绪元宝 > 三钱六分,广东省造贰毫
1211305671_front_crop.jpg,1211305671_back_crop.jpg,58,机制银币 > 民国中央 > 袁世凯像 > 民国九年 > 壹圆 > 精发,袁世凯像壹圆
1211305743_front_crop.jpg,1211305743_back_crop.jpg,58,机制银币 > 民国中央 > 袁世凯像 > 民国九年 > 壹圆 > 精发,袁世凯像壹圆
1211305751_front_crop.jpg,1211305751_back_crop.jpg,58,机制银币 > 民国中央 > 袁世凯像 > 民国九年 > 壹圆 > 精发,袁世凯像壹圆
1211305753_front_crop.jpg,1211305753_back_crop.jpg,58,机制银币 > 民国中央 > 袁世凯像 > 民国九年 > 壹圆 > 精发,袁世凯像壹圆
1211305755_front_crop.jpg,1211305755_back_crop.jpg,58,机制银币 > 民国中央 > 袁世凯像 > 民国九年 > 壹圆 > 精发,袁世凯像壹圆
1211305757_front_crop.jpg,1211305757_back_crop.jpg,58,机制银币 > 民国中央 > 袁世凯像 > 民国九年 > 壹圆 > 精发,袁世凯像壹圆
1211305763_front_crop.jpg,1211305763_back_crop.jpg,69,机制银币 > 民国中央 > 孙中山像 > 民国17年 > 壹圆 > 甘肃省造,孙中山像壹圆
1211305791_front_crop.jpg,1211305791_back_crop.jpg,27,机制银币 > 地方省造 > 江南省造 > 甲辰 > 七钱二分 > 普通,江南省造一圆
1211305803_front_crop.jpg,1211305803_back_crop.jpg,2,机制银币 > 地方省造 > 四川省造 > 光绪帝像 > 卢比 > 一期,光绪银圆喀什贰钱
1211305833_front_crop.jpg,1211305833_back_crop.jpg,55,机制银币 > 地方省造 > 广东省造 > 光绪元宝 > 三钱六分,广西省造贰毫
1211305835_front_crop.jpg,1211305835_back_crop.jpg,69,机制银币 > 民国中央 > 孙中山像 > 民国17年 > 壹圆 > 甘肃省造,孙中山像贰毫
1211305837_front_crop.jpg,1211305837_back_crop.jpg,69,机制银币 > 民国中央 > 孙中山像 > 民国17年 > 壹圆 > 甘肃省造,孙中山像贰毫
1211305839_front_crop.jpg,1211305839_back_crop.jpg,18,机制银币 > 地方省造 > 东三省造 > 光绪元宝 > 七钱二分,东三省造二角
1211305841_front_crop.jpg,1211305841_back_crop.jpg,18,机制银币 > 地方省造 > 东三省造 > 光绪元宝 > 七钱二分,东三省造二角
1211305861_front_crop.jpg,1211305861_back_crop.jpg,69,机制银币 > 民国中央 > 孙中山像 > 民国17年 > 壹圆 > 甘肃省造,孙中山像壹圆
1211305885_front_crop.jpg,1211305885_back_crop.jpg,58,机制银币 > 民国中央 > 袁世凯像 > 民国九年 > 壹圆 > 精发,袁世凯像壹圆
1211305891_front_crop.jpg,1211305891_back_crop.jpg,58,机制银币 > 民国中央 > 袁世凯像 > 民国九年 > 壹圆 > 精发,袁世凯像壹圆
1211305929_front_crop.jpg,1211305929_back_crop.jpg,12,机制银币 > 地方省造 > 云南省造 > 光绪元宝 > 七钱二分 > 老龙,云南省造半圆
1211305931_front_crop.jpg,1211305931_back_crop.jpg,12,机制银币 > 地方省造 > 云南省造 > 光绪元宝 > 七钱二分 > 老龙,云南省造半圆
1211305933_front_crop.jpg,1211305933_back_crop.jpg,12,机制银币 > 地方省造 > 云南省造 > 光绪元宝 > 七钱二分 > 老龙,云南省造半圆
1211305935_front_crop.jpg,1211305935_back_crop.jpg,12,机制银币 > 地方省造 > 云南省造 > 光绪元宝 > 七钱二分 > 老龙,云南省造半圆
1211305937_front_crop.jpg,1211305937_back_crop.jpg,12,机制银币 > 地方省造 > 云南省造 > 光绪元宝 > 七钱二分 > 老龙,云南省造半圆
1211305939_front_crop.jpg,1211305939_back_crop.jpg,12,机制银币 > 地方省造 > 云南省造 > 光绪元宝 > 七钱二分 > 老龙,云南省造半圆
1211305941_front_crop.jpg,1211305941_back_crop.jpg,12,机制银币 > 地方省造 > 云南省造 > 光绪元宝 > 七钱二分 > 老龙,云南省造半圆
1211305943_front_crop.jpg,1211305943_back_crop.jpg,12,机制银币 > 地方省造 > 云南省造 > 光绪元宝 > 七钱二分 > 老龙,云南省造半圆
1211305945_front_crop.jpg,1211305945_back_crop.jpg,12,机制银币 > 地方省造 > 云南省造 > 光绪元宝 > 七钱二分 > 老龙,云南省造半圆
1211305947_front_crop.jpg,1211305947_back_crop.jpg,12,机制银币 > 地方省造 > 云南省造 > 光绪元宝 > 七钱二分 > 老龙,云南省造半圆
1211305949_front_crop.jpg,1211305949_back_crop.jpg,12,机制银币 > 地方省造 > 云南省造 > 光绪元宝 > 七钱二分 > 老龙,云南省造半圆
1211305951_front_crop.jpg,1211305951_back_crop.jpg,12,机制银币 > 地方省造 > 云南省造 > 光绪元宝 > 七钱二分 > 老龙,云南省造半圆
1211305953_front_crop.jpg,1211305953_back_crop.jpg,12,机制银币 > 地方省造 > 云南省造 > 光绪元宝 > 七钱二分 > 老龙,云南省造半圆
1211305955_front_crop.jpg,1211305955_back_crop.jpg,12,机制银币 > 地方省造 > 云南省造 > 光绪元宝 > 七钱二分 > 老龙,云南省造半圆
1211305957_front_crop.jpg,1211305957_back_crop.jpg,12,机制银币 > 地方省造 > 云南省造 > 光绪元宝 > 七钱二分 > 老龙,云南省造半圆
1211305959_front_crop.jpg,1211305959_back_crop.jpg,12,机制银币 > 地方省造 > 云南省造 > 光绪元宝 > 七钱二分 > 老龙,云南省造半圆
1211305961_front_crop.jpg,1211305961_back_crop.jpg,12,机制银币 > 地方省造 > 云南省造 > 光绪元宝 > 七钱二分 > 老龙,云南省造半圆
1211305963_front_crop.jpg,1211305963_back_crop.jpg,12,机制银币 > 地方省造 > 云南省造 > 光绪元宝 > 七钱二分 > 老龙,云南省造半圆
1211305965_front_crop.jpg,1211305965_back_crop.jpg,12,机制银币 > 地方省造 > 云南省造 > 光绪元宝 > 七钱二分 > 老龙,云南省造半圆
1211305967_front_crop.jpg,1211305967_back_crop.jpg,12,机制银币 > 地方省造 > 云南省造 > 光绪元宝 > 七钱二分 > 老龙,云南省造半圆
1211305969_front_crop.jpg,1211305969_back_crop.jpg,12,机制银币 > 地方省造 > 云南省造 > 光绪元宝 > 七钱二分 > 老龙,云南省造半圆
1211305971_front_crop.jpg,1211305971_back_crop.jpg,12,机制银币 > 地方省造 > 云南省造 > 光绪元宝 > 七钱二分 > 老龙,云南省造半圆
1211305973_front_crop.jpg,1211305973_back_crop.jpg,12,机制银币 > 地方省造 > 云南省造 > 光绪元宝 > 七钱二分 > 老龙,云南省造半圆
1211305977_front_crop.jpg,1211305977_back_crop.jpg,12,机制银币 > 地方省造 > 云南省造 > 光绪元宝 > 七钱二分 > 老龙,云南省造半圆
1211305979_front_crop.jpg,1211305979_back_crop.jpg,12,机制银币 > 地方省造 > 云南省造 > 光绪元宝 > 七钱二分 > 老龙,云南省造半圆
1211305981_front_crop.jpg,1211305981_back_crop.jpg,12,机制银币 > 地方省造 > 云南省造 > 光绪元宝 > 七钱二分 > 老龙,云南省造半圆
1211305983_front_crop.jpg,1211305983_back_crop.jpg,12,机制银币 > 地方省造 > 云南省造 > 光绪元宝 > 七钱二分 > 老龙,云南省造半圆
1211305985_front_crop.jpg,1211305985_back_crop.jpg,12,机制银币 > 地方省造 > 云南省造 > 光绪元宝 > 七钱二分 > 老龙,云南省造半圆
1211305987_front_crop.jpg,1211305987_back_crop.jpg,12,机制银币 > 地方省造 > 云南省造 > 光绪元宝 > 七钱二分 > 老龙,云南省造半圆
1211305989_front_crop.jpg,1211305989_back_crop.jpg,12,机制银币 > 地方省造 > 云南省造 > 光绪元宝 > 七钱二分 > 老龙,云南省造半圆
1211305991_front_crop.jpg,1211305991_back_crop.jpg,12,机制银币 > 地方省造 > 云南省造 > 光绪元宝 > 七钱二分 > 老龙,云南省造半圆
1211305993_front_crop.jpg,1211305993_back_crop.jpg,12,机制银币 > 地方省造 > 云南省造 > 光绪元宝 > 七钱二分 > 老龙,云南省造半圆
1211306013_front_crop.jpg,1211306013_back_crop.jpg,58,机制银币 > 民国中央 > 袁世凯像 > 民国九年 > 壹圆 > 精发,袁世凯像壹圆
1211306027_front_crop.jpg,1211306027_back_crop.jpg,58,机制银币 > 民国中央 > 袁世凯像 > 民国九年 > 壹圆 > 精发,袁世凯像壹圆
1211306035_front_crop.jpg,1211306035_back_crop.jpg,58,机制银币 > 民国中央 > 袁世凯像 > 民国九年 > 壹圆 > 精发,袁世凯像壹圆
1211306045_front_crop.jpg,1211306045_back_crop.jpg,12,机制银币 > 地方省造 > 云南省造 > 光绪元宝 > 七钱二分 > 老龙,云南省造半圆
1211306057_front_crop.jpg,1211306057_back_crop.jpg,58,机制银币 > 民国中央 > 袁世凯像 > 民国九年 > 壹圆 > 精发,袁世凯像壹圆
1211306061_front_crop.jpg,1211306061_back_crop.jpg,58,机制银币 > 民国中央 > 袁世凯像 > 民国九年 > 壹圆 > 精发,袁世凯像壹圆
1211306063_front_crop.jpg,1211306063_back_crop.jpg,58,机制银币 > 民国中央 > 袁世凯像 > 民国九年 > 壹圆 > 精发,袁世凯像壹圆
1211306065_front_crop.jpg,1211306065_back_crop.jpg,58,机制银币 > 民国中央 > 袁世凯像 > 民国九年 > 壹圆 > 精发,袁世凯像壹圆
1211306067_front_crop.jpg,1211306067_back_crop.jpg,58,机制银币 > 民国中央 > 袁世凯像 > 民国九年 > 壹圆 > 精发,袁世凯像壹圆
1211306069_front_crop.jpg,1211306069_back_crop.jpg,58,机制银币 > 民国中央 > 袁世凯像 > 民国九年 > 壹圆 > 精发,袁世凯像壹圆
1211306071_front_crop.jpg,1211306071_back_crop.jpg,58,机制银币 > 民国中央 > 袁世凯像 > 民国九年 > 壹圆 > 精发,袁世凯像壹圆
1211306073_front_crop.jpg,1211306073_back_crop.jpg,58,机制银币 > 民国中央 > 袁世凯像 > 民国九年 > 壹圆 > 精发,袁世凯像壹圆
1211306075_front_crop.jpg,1211306075_back_crop.jpg,58,机制银币 > 民国中央 > 袁世凯像 > 民国九年 > 壹圆 > 精发,袁世凯像壹圆
1211306077_front_crop.jpg,1211306077_back_crop.jpg,58,机制银币 > 民国中央 > 袁世凯像 > 民国九年 > 壹圆 > 精发,袁世凯像壹圆
1211306079_front_crop.jpg,1211306079_back_crop.jpg,58,机制银币 > 民国中央 > 袁世凯像 > 民国九年 > 壹圆 > 精发,袁世凯像壹圆
1211306081_front_crop.jpg,1211306081_back_crop.jpg,58,机制银币 > 民国中央 > 袁世凯像 > 民国九年 > 壹圆 > 精发,袁世凯像壹圆
1211306083_front_crop.jpg,1211306083_back_crop.jpg,58,机制银币 > 民国中央 > 袁世凯像 > 民国九年 > 壹圆 > 精发,袁世凯像壹圆
1211306085_front_crop.jpg,1211306085_back_crop.jpg,58,机制银币 > 民国中央 > 袁世凯像 > 民国九年 > 壹圆 > 精发,袁世凯像壹圆
1211306087_front_crop.jpg,1211306087_back_crop.jpg,58,机制银币 > 民国中央 > 袁世凯像 > 民国九年 > 壹圆 > 精发,袁世凯像壹圆
1211306089_front_crop.jpg,1211306089_back_crop.jpg,58,机制银币 > 民国中央 > 袁世凯像 > 民国九年 > 壹圆 > 精发,袁世凯像壹圆
1211306091_front_crop.jpg,1211306091_back_crop.jpg,58,机制银币 > 民国中央 > 袁世凯像 > 民国九年 > 壹圆 > 精发,袁世凯像壹圆
1211306097_front_crop.jpg,1211306097_back_crop.jpg,58,机制银币 > 民国中央 > 袁世凯像 > 民国九年 > 壹圆 > 精发,袁世凯像壹圆
1211306101_front_crop.jpg,1211306101_back_crop.jpg,58,机制银币 > 民国中央 > 袁世凯像 > 民国九年 > 壹圆 > 精发,袁世凯像壹圆
1211306105_front_crop.jpg,1211306105_back_crop.jpg,58,机制银币 > 民国中央 > 袁世凯像 > 民国九年 > 壹圆 > 精发,袁世凯像壹圆
1211306109_front_crop.jpg,1211306109_back_crop.jpg,58,机制银币 > 民国中央 > 袁世凯像 > 民国九年 > 壹圆 > 精发,袁世凯像壹圆
1211306113_front_crop.jpg,1211306113_back_crop.jpg,58,机制银币 > 民国中央 > 袁世凯像 > 民国九年 > 壹圆 > 精发,袁世凯像壹圆
1211306119_front_crop.jpg,1211306119_back_crop.jpg,58,机制银币 > 民国中央 > 袁世凯像 > 民国九年 > 壹圆 > 精发,袁世凯像壹圆
1211306121_front_crop.jpg,1211306121_back_crop.jpg,58,机制银币 > 民国中央 > 袁世凯像 > 民国九年 > 壹圆 > 精发,袁世凯像壹圆
1211306123_front_crop.jpg,1211306123_back_crop.jpg,58,机制银币 > 民国中央 > 袁世凯像 > 民国九年 > 壹圆 > 精发,袁世凯像壹圆
1211306125_front_crop.jpg,1211306125_back_crop.jpg,58,机制银币 > 民国中央 > 袁世凯像 > 民国九年 > 壹圆 > 精发,袁世凯像壹圆
1211306127_front_crop.jpg,1211306127_back_crop.jpg,58,机制银币 > 民国中央 > 袁世凯像 > 民国九年 > 壹圆 > 精发,袁世凯像壹圆
1211306129_front_crop.jpg,1211306129_back_crop.jpg,58,机制银币 > 民国中央 > 袁世凯像 > 民国九年 > 壹圆 > 精发,袁世凯像壹圆
1211306131_front_crop.jpg,1211306131_back_crop.jpg,58,机制银币 > 民国中央 > 袁世凯像 > 民国九年 > 壹圆 > 精发,袁世凯像壹圆
1211306133_front_crop.jpg,1211306133_back_crop.jpg,58,机制银币 > 民国中央 > 袁世凯像 > 民国九年 > 壹圆 > 精发,袁世凯像壹圆
1211306135_front_crop.jpg,1211306135_back_crop.jpg,58,机制银币 > 民国中央 > 袁世凯像 > 民国九年 > 壹圆 > 精发,袁世凯像壹圆
1211306137_front_crop.jpg,1211306137_back_crop.jpg,58,机制银币 > 民国中央 > 袁世凯像 > 民国九年 > 壹圆 > 精发,袁世凯像壹圆
1211306139_front_crop.jpg,1211306139_back_crop.jpg,58,机制银币 > 民国中央 > 袁世凯像 > 民国九年 > 壹圆 > 精发,袁世凯像壹圆
1211306141_front_crop.jpg,1211306141_back_crop.jpg,58,机制银币 > 民国中央 > 袁世凯像 > 民国九年 > 壹圆 > 精发,袁世凯像壹圆
1211306143_front_crop.jpg,1211306143_back_crop.jpg,58,机制银币 > 民国中央 > 袁世凯像 > 民国九年 > 壹圆 > 精发,袁世凯像壹圆
1211306145_front_crop.jpg,1211306145_back_crop.jpg,58,机制银币 > 民国中央 > 袁世凯像 > 民国九年 > 壹圆 > 精发,袁世凯像壹圆
1211306147_front_crop.jpg,1211306147_back_crop.jpg,58,机制银币 > 民国中央 > 袁世凯像 > 民国九年 > 壹圆 > 精发,袁世凯像壹圆
1211306151_front_crop.jpg,1211306151_back_crop.jpg,58,机制银币 > 民国中央 > 袁世凯像 > 民国九年 > 壹圆 > 精发,袁世凯像壹圆
1211306153_front_crop.jpg,1211306153_back_crop.jpg,70,机制银币 > 民国中央 > 孙中山像 > 开国纪念 > 壹圆 > 下五星,开国纪念壹圆
1211306155_front_crop.jpg,1211306155_back_crop.jpg,70,机制银币 > 民国中央 > 孙中山像 > 开国纪念 > 壹圆 > 下五星,开国纪念壹圆
1211306157_front_crop.jpg,1211306157_back_crop.jpg,90,机制银币 > 中华苏维埃 > 苏维埃 > 1932 > 贰角,福建中华二角
1211306159_front_crop.jpg,1211306159_back_crop.jpg,58,机制银币 > 民国中央 > 袁世凯像 > 民国九年 > 壹圆 > 精发,袁世凯像贰角
1211306165_front_crop.jpg,1211306165_back_crop.jpg,4,机制银币 > 地方省造 > 四川省造 > 光绪元宝 > 三钱六分 > 银币,西藏银币三两
1211306167_front_crop.jpg,1211306167_back_crop.jpg,0,机制银币 > 地方省造 > 四川省造 > 军政府 > 壹圆 > 普通,四川省造卢比
1211306175_front_crop.jpg,1211306175_back_crop.jpg,58,机制银币 > 民国中央 > 袁世凯像 > 民国九年 > 壹圆 > 精发,袁世凯像壹圆
1211306183_front_crop.jpg,1211306183_back_crop.jpg,58,机制银币 > 民国中央 > 袁世凯像 > 民国九年 > 壹圆 > 精发,袁世凯像壹圆
1211306203_front_crop.jpg,1211306203_back_crop.jpg,70,机制银币 > 民国中央 > 孙中山像 > 开国纪念 > 壹圆 > 下五星,开国纪念壹圆
1211306207_front_crop.jpg,1211306207_back_crop.jpg,70,机制银币 > 民国中央 > 孙中山像 > 开国纪念 > 壹圆 > 下五星,开国纪念壹圆
1211306211_front_crop.jpg,1211306211_back_crop.jpg,70,机制银币 > 民国中央 > 孙中山像 > 开国纪念 > 壹圆 > 下五星,开国纪念壹圆
1211306223_front_crop.jpg,1211306223_back_crop.jpg,58,机制银币 > 民国中央 > 袁世凯像 > 民国九年 > 壹圆 > 精发,袁世凯像贰角
1211306227_front_crop.jpg,1211306227_back_crop.jpg,6,机制银币 > 地方省造 > 四川省造 > 光绪元宝 > 七钱二分 > 四角龙,四川银币五角
1211306231_front_crop.jpg,1211306231_back_crop.jpg,58,机制银币 > 民国中央 > 袁世凯像 > 民国九年 > 壹圆 > 精发,袁世凯像壹圆
1211306243_front_crop.jpg,1211306243_back_crop.jpg,58,机制银币 > 民国中央 > 袁世凯像 > 民国九年 > 壹圆 > 精发,袁世凯像壹圆
1211306249_front_crop.jpg,1211306249_back_crop.jpg,58,机制银币 > 民国中央 > 袁世凯像 > 民国九年 > 壹圆 > 精发,袁世凯像壹圆
1211306259_front_crop.jpg,1211306259_back_crop.jpg,58,机制银币 > 民国中央 > 袁世凯像 > 民国九年 > 壹圆 > 精发,袁世凯像壹圆
1211306261_front_crop.jpg,1211306261_back_crop.jpg,58,机制银币 > 民国中央 > 袁世凯像 > 民国九年 > 壹圆 > 精发,袁世凯像壹圆
1211306263_front_crop.jpg,1211306263_back_crop.jpg,58,机制银币 > 民国中央 > 袁世凯像 > 民国九年 > 壹圆 > 精发,袁世凯像壹圆
1211306271_front_crop.jpg,1211306271_back_crop.jpg,58,机制银币 > 民国中央 > 袁世凯像 > 民国九年 > 壹圆 > 精发,袁世凯像壹圆
1211306273_front_crop.jpg,1211306273_back_crop.jpg,58,机制银币 > 民国中央 > 袁世凯像 > 民国九年 > 壹圆 > 精发,袁世凯像壹圆
1211306295_front_crop.jpg,1211306295_back_crop.jpg,70,机制银币 > 民国中央 > 孙中山像 > 开国纪念 > 壹圆 > 下五星,开国纪念壹圆
1211306335_front_crop.jpg,1211306335_back_crop.jpg,69,机制银币 > 民国中央 > 孙中山像 > 民国17年 > 壹圆 > 甘肃省造,孙中山像壹圆
1211306337_front_crop.jpg,1211306337_back_crop.jpg,69,机制银币 > 民国中央 > 孙中山像 > 民国17年 > 壹圆 > 甘肃省造,孙中山像壹圆
1211306339_front_crop.jpg,1211306339_back_crop.jpg,69,机制银币 > 民国中央 > 孙中山像 > 民国17年 > 壹圆 > 甘肃省造,孙中山像壹圆
1211306341_front_crop.jpg,1211306341_back_crop.jpg,27,机制银币 > 地方省造 > 江南省造 > 甲辰 > 七钱二分 > 普通,江南省造一圆
1211306345_front_crop.jpg,1211306345_back_crop.jpg,19,机制银币 > 地方省造 > 吉林省造 > 戊申 > 七钱二分 > 中心满文,吉林省造一圆
1211306347_front_crop.jpg,1211306347_back_crop.jpg,83,机制银币 > 纪念币 > 袁世凯像 > 洪宪纪元 > 飞龙纪念 > 普通,袁像洪宪纪元
1211306349_front_crop.jpg,1211306349_back_crop.jpg,0,机制银币 > 地方省造 > 四川省造 > 军政府 > 壹圆 > 普通,四川银币壹圆
1211306351_front_crop.jpg,1211306351_back_crop.jpg,0,机制银币 > 地方省造 > 四川省造 > 军政府 > 壹圆 > 普通,四川银币壹圆
1211306353_front_crop.jpg,1211306353_back_crop.jpg,0,机制银币 > 地方省造 > 四川省造 > 军政府 > 壹圆 > 普通,四川省造一圆
1211306357_front_crop.jpg,1211306357_back_crop.jpg,87,机制银币 > 清代中央 > 光绪年造 > 丁未大清银币 > 壹圆,大清银币壹圆
1211306359_front_crop.jpg,1211306359_back_crop.jpg,87,机制银币 > 清代中央 > 光绪年造 > 丁未大清银币 > 壹圆,大清银币壹圆
1211306363_front_crop.jpg,1211306363_back_crop.jpg,52,机制银币 > 地方省造 > 新疆省造 > 造币厂铸 > 壹圆 > 尖足1,新疆省造壹圆
1211306365_front_crop.jpg,1211306365_back_crop.jpg,7,机制银币 > 地方省造 > 湖北省造 > 光绪元宝 > 七钱二分 > 普通,湖北省造一圆
1211306367_front_crop.jpg,1211306367_back_crop.jpg,7,机制银币 > 地方省造 > 湖北省造 > 光绪元宝 > 七钱二分 > 普通,湖北省造一圆
1211306373_front_crop.jpg,1211306373_back_crop.jpg,41,机制银币 > 地方省造 > 奉天省造 > 光绪25年 > 一圆 > 有圈,造币总厂一圆
1211306383_front_crop.jpg,1211306383_back_crop.jpg,0,机制银币 > 地方省造 > 四川省造 > 军政府 > 壹圆 > 普通,四川银币壹圆
1211306389_front_crop.jpg,1211306389_back_crop.jpg,58,机制银币 > 民国中央 > 袁世凯像 > 民国九年 > 壹圆 > 精发,袁世凯像壹圆
1211306397_front_crop.jpg,1211306397_back_crop.jpg,69,机制银币 > 民国中央 > 孙中山像 > 民国17年 > 壹圆 > 甘肃省造,孙中山像壹圆
1211306403_front_crop.jpg,1211306403_back_crop.jpg,58,机制银币 > 民国中央 > 袁世凯像 > 民国九年 > 壹圆 > 精发,袁世凯像壹圆
1211306411_front_crop.jpg,1211306411_back_crop.jpg,58,机制银币 > 民国中央 > 袁世凯像 > 民国九年 > 壹圆 > 精发,袁世凯像壹圆
1211306421_front_crop.jpg,1211306421_back_crop.jpg,6,机制银币 > 地方省造 > 四川省造 > 光绪元宝 > 七钱二分 > 四角龙,福建省造二角
1211306425_front_crop.jpg,1211306425_back_crop.jpg,69,机制银币 > 民国中央 > 孙中山像 > 民国17年 > 壹圆 > 甘肃省造,孙中山像贰毫
1211306427_front_crop.jpg,1211306427_back_crop.jpg,69,机制银币 > 民国中央 > 孙中山像 > 民国17年 > 壹圆 > 甘肃省造,孙中山像贰毫
1211306431_front_crop.jpg,1211306431_back_crop.jpg,69,机制银币 > 民国中央 > 孙中山像 > 民国17年 > 壹圆 > 甘肃省造,孙中山像贰毫
1211306433_front_crop.jpg,1211306433_back_crop.jpg,69,机制银币 > 民国中央 > 孙中山像 > 民国17年 > 壹圆 > 甘肃省造,孙中山像贰毫
1211306435_front_crop.jpg,1211306435_back_crop.jpg,69,机制银币 > 民国中央 > 孙中山像 > 民国17年 > 壹圆 > 甘肃省造,孙中山像贰毫
1211306439_front_crop.jpg,1211306439_back_crop.jpg,69,机制银币 > 民国中央 > 孙中山像 > 民国17年 > 壹圆 > 甘肃省造,孙中山像贰毫
1211306441_front_crop.jpg,1211306441_back_crop.jpg,69,机制银币 > 民国中央 > 孙中山像 > 民国17年 > 壹圆 > 甘肃省造,孙中山像贰毫
1211306443_front_crop.jpg,1211306443_back_crop.jpg,69,机制银币 > 民国中央 > 孙中山像 > 民国17年 > 壹圆 > 甘肃省造,孙中山像贰毫
1211306447_front_crop.jpg,1211306447_back_crop.jpg,69,机制银币 > 民国中央 > 孙中山像 > 民国17年 > 壹圆 > 甘肃省造,孙中山像贰毫
1211306449_front_crop.jpg,1211306449_back_crop.jpg,69,机制银币 > 民国中央 > 孙中山像 > 民国17年 > 壹圆 > 甘肃省造,孙中山像贰毫
1211306453_front_crop.jpg,1211306453_back_crop.jpg,69,机制银币 > 民国中央 > 孙中山像 > 民国17年 > 壹圆 > 甘肃省造,孙中山像贰毫
1211306455_front_crop.jpg,1211306455_back_crop.jpg,69,机制银币 > 民国中央 > 孙中山像 > 民国17年 > 壹圆 > 甘肃省造,孙中山像贰毫
1211306461_front_crop.jpg,1211306461_back_crop.jpg,69,机制银币 > 民国中央 > 孙中山像 > 民国17年 > 壹圆 > 甘肃省造,孙中山像贰毫
1211306463_front_crop.jpg,1211306463_back_crop.jpg,69,机制银币 > 民国中央 > 孙中山像 > 民国17年 > 壹圆 > 甘肃省造,孙中山像贰毫
1211306465_front_crop.jpg,1211306465_back_crop.jpg,69,机制银币 > 民国中央 > 孙中山像 > 民国17年 > 壹圆 > 甘肃省造,孙中山像贰毫
1211306467_front_crop.jpg,1211306467_back_crop.jpg,69,机制银币 > 民国中央 > 孙中山像 > 民国17年 > 壹圆 > 甘肃省造,孙中山像贰毫
1211306471_front_crop.jpg,1211306471_back_crop.jpg,69,机制银币 > 民国中央 > 孙中山像 > 民国17年 > 壹圆 > 甘肃省造,孙中山像贰毫
1211306473_front_crop.jpg,1211306473_back_crop.jpg,69,机制银币 > 民国中央 > 孙中山像 > 民国17年 > 壹圆 > 甘肃省造,孙中山像贰毫
1211306479_front_crop.jpg,1211306479_back_crop.jpg,58,机制银币 > 民国中央 > 袁世凯像 > 民国九年 > 壹圆 > 精发,袁世凯像壹圆
1211306483_front_crop.jpg,1211306483_back_crop.jpg,0,机制银币 > 地方省造 > 四川省造 > 军政府 > 壹圆 > 普通,四川省造一圆
1211306487_front_crop.jpg,1211306487_back_crop.jpg,70,机制银币 > 民国中央 > 孙中山像 > 开国纪念 > 壹圆 > 下五星,开国纪念壹圆
1211306491_front_crop.jpg,1211306491_back_crop.jpg,18,机制银币 > 地方省造 > 东三省造 > 光绪元宝 > 七钱二分,东三省造二角
1211306493_front_crop.jpg,1211306493_back_crop.jpg,18,机制银币 > 地方省造 > 东三省造 > 光绪元宝 > 七钱二分,东三省造二角
1211306495_front_crop.jpg,1211306495_back_crop.jpg,18,机制银币 > 地方省造 > 东三省造 > 光绪元宝 > 七钱二分,东三省造二角
1211306503_front_crop.jpg,1211306503_back_crop.jpg,70,机制银币 > 民国中央 > 孙中山像 > 开国纪念 > 壹圆 > 下五星,开国纪念壹圆
1211306509_front_crop.jpg,1211306509_back_crop.jpg,46,机制银币 > 地方省造 > 北洋造 > 光绪24年 > 壹圆,北洋局造一圆
1211306515_front_crop.jpg,1211306515_back_crop.jpg,7,机制银币 > 地方省造 > 湖北省造 > 光绪元宝 > 七钱二分 > 普通,湖北省造一圆
1211306517_front_crop.jpg,1211306517_back_crop.jpg,58,机制银币 > 民国中央 > 袁世凯像 > 民国九年 > 壹圆 > 精发,袁世凯像壹圆
1211306519_front_crop.jpg,1211306519_back_crop.jpg,58,机制银币 > 民国中央 > 袁世凯像 > 民国九年 > 壹圆 > 精发,袁世凯像壹圆
1211306523_front_crop.jpg,1211306523_back_crop.jpg,58,机制银币 > 民国中央 > 袁世凯像 > 民国九年 > 壹圆 > 精发,袁世凯像壹圆
1211306525_front_crop.jpg,1211306525_back_crop.jpg,58,机制银币 > 民国中央 > 袁世凯像 > 民国九年 > 壹圆 > 精发,袁世凯像壹圆
1211306535_front_crop.jpg,1211306535_back_crop.jpg,58,机制银币 > 民国中央 > 袁世凯像 > 民国九年 > 壹圆 > 精发,袁世凯像壹圆
1211306537_front_crop.jpg,1211306537_back_crop.jpg,58,机制银币 > 民国中央 > 袁世凯像 > 民国九年 > 壹圆 > 精发,袁世凯像壹圆
1211306543_front_crop.jpg,1211306543_back_crop.jpg,58,机制银币 > 民国中央 > 袁世凯像 > 民国九年 > 壹圆 > 精发,袁世凯像壹圆
1211306545_front_crop.jpg,1211306545_back_crop.jpg,58,机制银币 > 民国中央 > 袁世凯像 > 民国九年 > 壹圆 > 精发,袁世凯像壹圆
1211306547_front_crop.jpg,1211306547_back_crop.jpg,58,机制银币 > 民国中央 > 袁世凯像 > 民国九年 > 壹圆 > 精发,袁世凯像壹圆
1211306623_front_crop.jpg,1211306623_back_crop.jpg,58,机制银币 > 民国中央 > 袁世凯像 > 民国九年 > 壹圆 > 精发,袁世凯像壹圆
1211306625_front_crop.jpg,1211306625_back_crop.jpg,58,机制银币 > 民国中央 > 袁世凯像 > 民国九年 > 壹圆 > 精发,袁世凯像壹圆
1211306627_front_crop.jpg,1211306627_back_crop.jpg,58,机制银币 > 民国中央 > 袁世凯像 > 民国九年 > 壹圆 > 精发,袁世凯像壹圆
1211306633_front_crop.jpg,1211306633_back_crop.jpg,58,机制银币 > 民国中央 > 袁世凯像 > 民国九年 > 壹圆 > 精发,袁世凯像壹圆
1211306635_front_crop.jpg,1211306635_back_crop.jpg,58,机制银币 > 民国中央 > 袁世凯像 > 民国九年 > 壹圆 > 精发,袁世凯像壹圆
1211306639_front_crop.jpg,1211306639_back_crop.jpg,58,机制银币 > 民国中央 > 袁世凯像 > 民国九年 > 壹圆 > 精发,袁世凯像壹圆
1211306651_front_crop.jpg,1211306651_back_crop.jpg,58,机制银币 > 民国中央 > 袁世凯像 > 民国九年 > 壹圆 > 精发,袁世凯像壹圆
1211306655_front_crop.jpg,1211306655_back_crop.jpg,58,机制银币 > 民国中央 > 袁世凯像 > 民国九年 > 壹圆 > 精发,袁世凯像壹圆
1211306657_front_crop.jpg,1211306657_back_crop.jpg,58,机制银币 > 民国中央 > 袁世凯像 > 民国九年 > 壹圆 > 精发,袁世凯像壹圆
1211306659_front_crop.jpg,1211306659_back_crop.jpg,58,机制银币 > 民国中央 > 袁世凯像 > 民国九年 > 壹圆 > 精发,袁世凯像壹圆
1211306661_front_crop.jpg,1211306661_back_crop.jpg,58,机制银币 > 民国中央 > 袁世凯像 > 民国九年 > 壹圆 > 精发,袁世凯像壹圆
1211306663_front_crop.jpg,1211306663_back_crop.jpg,58,机制银币 > 民国中央 > 袁世凯像 > 民国九年 > 壹圆 > 精发,袁世凯像壹圆
1211306665_front_crop.jpg,1211306665_back_crop.jpg,58,机制银币 > 民国中央 > 袁世凯像 > 民国九年 > 壹圆 > 精发,袁世凯像壹圆
1211306667_front_crop.jpg,1211306667_back_crop.jpg,58,机制银币 > 民国中央 > 袁世凯像 > 民国九年 > 壹圆 > 精发,袁世凯像壹圆
1211306675_front_crop.jpg,1211306675_back_crop.jpg,58,机制银币 > 民国中央 > 袁世凯像 > 民国九年 > 壹圆 > 精发,袁世凯像壹圆
1211306699_front_crop.jpg,1211306699_back_crop.jpg,58,机制银币 > 民国中央 > 袁世凯像 > 民国九年 > 壹圆 > 精发,袁世凯像壹圆
1211306703_front_crop.jpg,1211306703_back_crop.jpg,58,机制银币 > 民国中央 > 袁世凯像 > 民国九年 > 壹圆 > 精发,袁世凯像壹圆
1211306713_front_crop.jpg,1211306713_back_crop.jpg,69,机制银币 > 民国中央 > 孙中山像 > 民国17年 > 壹圆 > 甘肃省造,孙中山像壹圆
1211306729_front_crop.jpg,1211306729_back_crop.jpg,58,机制银币 > 民国中央 > 袁世凯像 > 民国九年 > 壹圆 > 精发,袁世凯像壹圆
1211306739_front_crop.jpg,1211306739_back_crop.jpg,0,机制银币 > 地方省造 > 四川省造 > 军政府 > 壹圆 > 普通,四川银币壹圆
1211306767_front_crop.jpg,1211306767_back_crop.jpg,58,机制银币 > 民国中央 > 袁世凯像 > 民国九年 > 壹圆 > 精发,袁世凯像壹圆
1211306797_front_crop.jpg,1211306797_back_crop.jpg,70,机制银币 > 民国中央 > 孙中山像 > 开国纪念 > 壹圆 > 下五星,开国纪念壹圆
1211306821_front_crop.jpg,1211306821_back_crop.jpg,12,机制银币 > 地方省造 > 云南省造 > 光绪元宝 > 七钱二分 > 老龙,云南省造半圆
1211306825_front_crop.jpg,1211306825_back_crop.jpg,12,机制银币 > 地方省造 > 云南省造 > 光绪元宝 > 七钱二分 > 老龙,云南省造半圆
1211306827_front_crop.jpg,1211306827_back_crop.jpg,12,机制银币 > 地方省造 > 云南省造 > 光绪元宝 > 七钱二分 > 老龙,云南省造半圆
1211306829_front_crop.jpg,1211306829_back_crop.jpg,12,机制银币 > 地方省造 > 云南省造 > 光绪元宝 > 七钱二分 > 老龙,云南省造半圆
1211306831_front_crop.jpg,1211306831_back_crop.jpg,12,机制银币 > 地方省造 > 云南省造 > 光绪元宝 > 七钱二分 > 老龙,云南省造半圆
1211306835_front_crop.jpg,1211306835_back_crop.jpg,12,机制银币 > 地方省造 > 云南省造 > 光绪元宝 > 七钱二分 > 老龙,云南省造半圆
1211306837_front_crop.jpg,1211306837_back_crop.jpg,12,机制银币 > 地方省造 > 云南省造 > 光绪元宝 > 七钱二分 > 老龙,云南省造半圆
1211306839_front_crop.jpg,1211306839_back_crop.jpg,12,机制银币 > 地方省造 > 云南省造 > 光绪元宝 > 七钱二分 > 老龙,云南省造半圆
1211306841_front_crop.jpg,1211306841_back_crop.jpg,12,机制银币 > 地方省造 > 云南省造 > 光绪元宝 > 七钱二分 > 老龙,云南省造半圆
1211306843_front_crop.jpg,1211306843_back_crop.jpg,12,机制银币 > 地方省造 > 云南省造 > 光绪元宝 > 七钱二分 > 老龙,云南省造半圆
1211306845_front_crop.jpg,1211306845_back_crop.jpg,12,机制银币 > 地方省造 > 云南省造 > 光绪元宝 > 七钱二分 > 老龙,云南省造半圆
1211306851_front_crop.jpg,1211306851_back_crop.jpg,12,机制银币 > 地方省造 > 云南省造 > 光绪元宝 > 七钱二分 > 老龙,云南省造半圆
1211306855_front_crop.jpg,1211306855_back_crop.jpg,12,机制银币 > 地方省造 > 云南省造 > 光绪元宝 > 七钱二分 > 老龙,云南省造半圆
1211306869_front_crop.jpg,1211306869_back_crop.jpg,69,机制银币 > 民国中央 > 孙中山像 > 民国17年 > 壹圆 > 甘肃省造,孙中山像壹圆
1211306873_front_crop.jpg,1211306873_back_crop.jpg,58,机制银币 > 民国中央 > 袁世凯像 > 民国九年 > 壹圆 > 精发,袁世凯像壹圆
1211306879_front_crop.jpg,1211306879_back_crop.jpg,12,机制银币 > 地方省造 > 云南省造 > 光绪元宝 > 七钱二分 > 老龙,云南省造半圆
1211306881_front_crop.jpg,1211306881_back_crop.jpg,12,机制银币 > 地方省造 > 云南省造 > 光绪元宝 > 七钱二分 > 老龙,云南省造半圆
1211306883_front_crop.jpg,1211306883_back_crop.jpg,12,机制银币 > 地方省造 > 云南省造 > 光绪元宝 > 七钱二分 > 老龙,云南省造半圆
1211306885_front_crop.jpg,1211306885_back_crop.jpg,12,机制银币 > 地方省造 > 云南省造 > 光绪元宝 > 七钱二分 > 老龙,云南省造半圆
1211306887_front_crop.jpg,1211306887_back_crop.jpg,12,机制银币 > 地方省造 > 云南省造 > 光绪元宝 > 七钱二分 > 老龙,云南省造半圆
1211306889_front_crop.jpg,1211306889_back_crop.jpg,12,机制银币 > 地方省造 > 云南省造 > 光绪元宝 > 七钱二分 > 老龙,云南省造半圆
1211306891_front_crop.jpg,1211306891_back_crop.jpg,12,机制银币 > 地方省造 > 云南省造 > 光绪元宝 > 七钱二分 > 老龙,云南省造半圆
1211306895_front_crop.jpg,1211306895_back_crop.jpg,12,机制银币 > 地方省造 > 云南省造 > 光绪元宝 > 七钱二分 > 老龙,云南省造半圆
1211306897_front_crop.jpg,1211306897_back_crop.jpg,12,机制银币 > 地方省造 > 云南省造 > 光绪元宝 > 七钱二分 > 老龙,云南省造半圆
1211306899_front_crop.jpg,1211306899_back_crop.jpg,12,机制银币 > 地方省造 > 云南省造 > 光绪元宝 > 七钱二分 > 老龙,云南省造半圆
1211306901_front_crop.jpg,1211306901_back_crop.jpg,12,机制银币 > 地方省造 > 云南省造 > 光绪元宝 > 七钱二分 > 老龙,云南省造半圆
1211306903_front_crop.jpg,1211306903_back_crop.jpg,12,机制银币 > 地方省造 > 云南省造 > 光绪元宝 > 七钱二分 > 老龙,云南省造半圆
1211306907_front_crop.jpg,1211306907_back_crop.jpg,12,机制银币 > 地方省造 > 云南省造 > 光绪元宝 > 七钱二分 > 老龙,云南省造半圆
1211306909_front_crop.jpg,1211306909_back_crop.jpg,12,机制银币 > 地方省造 > 云南省造 > 光绪元宝 > 七钱二分 > 老龙,云南省造半圆
1211306911_front_crop.jpg,1211306911_back_crop.jpg,12,机制银币 > 地方省造 > 云南省造 > 光绪元宝 > 七钱二分 > 老龙,云南省造半圆
1211306913_front_crop.jpg,1211306913_back_crop.jpg,12,机制银币 > 地方省造 > 云南省造 > 光绪元宝 > 七钱二分 > 老龙,云南省造半圆
1211306915_front_crop.jpg,1211306915_back_crop.jpg,12,机制银币 > 地方省造 > 云南省造 > 光绪元宝 > 七钱二分 > 老龙,云南省造半圆
1211306919_front_crop.jpg,1211306919_back_crop.jpg,12,机制银币 > 地方省造 > 云南省造 > 光绪元宝 > 七钱二分 > 老龙,云南省造半圆
1211306921_front_crop.jpg,1211306921_back_crop.jpg,12,机制银币 > 地方省造 > 云南省造 > 光绪元宝 > 七钱二分 > 老龙,云南省造半圆
1211306923_front_crop.jpg,1211306923_back_crop.jpg,12,机制银币 > 地方省造 > 云南省造 > 光绪元宝 > 七钱二分 > 老龙,云南省造半圆
1211306925_front_crop.jpg,1211306925_back_crop.jpg,12,机制银币 > 地方省造 > 云南省造 > 光绪元宝 > 七钱二分 > 老龙,云南省造半圆
1211306927_front_crop.jpg,1211306927_back_crop.jpg,12,机制银币 > 地方省造 > 云南省造 > 光绪元宝 > 七钱二分 > 老龙,云南省造半圆
1211306929_front_crop.jpg,1211306929_back_crop.jpg,12,机制银币 > 地方省造 > 云南省造 > 光绪元宝 > 七钱二分 > 老龙,云南省造半圆
1211306931_front_crop.jpg,1211306931_back_crop.jpg,12,机制银币 > 地方省造 > 云南省造 > 光绪元宝 > 七钱二分 > 老龙,云南省造半圆
1211306933_front_crop.jpg,1211306933_back_crop.jpg,12,机制银币 > 地方省造 > 云南省造 > 光绪元宝 > 七钱二分 > 老龙,云南省造半圆
1211306935_front_crop.jpg,1211306935_back_crop.jpg,12,机制银币 > 地方省造 > 云南省造 > 光绪元宝 > 七钱二分 > 老龙,云南省造半圆
1211306937_front_crop.jpg,1211306937_back_crop.jpg,12,机制银币 > 地方省造 > 云南省造 > 光绪元宝 > 七钱二分 > 老龙,云南省造半圆
1211306939_front_crop.jpg,1211306939_back_crop.jpg,12,机制银币 > 地方省造 > 云南省造 > 光绪元宝 > 七钱二分 > 老龙,云南省造半圆
1211306941_front_crop.jpg,1211306941_back_crop.jpg,12,机制银币 > 地方省造 > 云南省造 > 光绪元宝 > 七钱二分 > 老龙,云南省造半圆
1211306943_front_crop.jpg,1211306943_back_crop.jpg,12,机制银币 > 地方省造 > 云南省造 > 光绪元宝 > 七钱二分 > 老龙,云南省造半圆
1211306945_front_crop.jpg,1211306945_back_crop.jpg,12,机制银币 > 地方省造 > 云南省造 > 光绪元宝 > 七钱二分 > 老龙,云南省造半圆
1211306947_front_crop.jpg,1211306947_back_crop.jpg,12,机制银币 > 地方省造 > 云南省造 > 光绪元宝 > 七钱二分 > 老龙,云南省造半圆
1211306949_front_crop.jpg,1211306949_back_crop.jpg,12,机制银币 > 地方省造 > 云南省造 > 光绪元宝 > 七钱二分 > 老龙,云南省造半圆
1211306951_front_crop.jpg,1211306951_back_crop.jpg,12,机制银币 > 地方省造 > 云南省造 > 光绪元宝 > 七钱二分 > 老龙,云南省造半圆
1211306953_front_crop.jpg,1211306953_back_crop.jpg,12,机制银币 > 地方省造 > 云南省造 > 光绪元宝 > 七钱二分 > 老龙,云南省造半圆
1211306955_front_crop.jpg,1211306955_back_crop.jpg,12,机制银币 > 地方省造 > 云南省造 > 光绪元宝 > 七钱二分 > 老龙,云南省造半圆
1211306957_front_crop.jpg,1211306957_back_crop.jpg,12,机制银币 > 地方省造 > 云南省造 > 光绪元宝 > 七钱二分 > 老龙,云南省造半圆
1211306965_front_crop.jpg,1211306965_back_crop.jpg,12,机制银币 > 地方省造 > 云南省造 > 光绪元宝 > 七钱二分 > 老龙,云南省造半圆
1211306967_front_crop.jpg,1211306967_back_crop.jpg,12,机制银币 > 地方省造 > 云南省造 > 光绪元宝 > 七钱二分 > 老龙,云南省造半圆
1211306969_front_crop.jpg,1211306969_back_crop.jpg,12,机制银币 > 地方省造 > 云南省造 > 光绪元宝 > 七钱二分 > 老龙,云南省造半圆
1211306971_front_crop.jpg,1211306971_back_crop.jpg,12,机制银币 > 地方省造 > 云南省造 > 光绪元宝 > 七钱二分 > 老龙,云南省造半圆
1211306973_front_crop.jpg,1211306973_back_crop.jpg,12,机制银币 > 地方省造 > 云南省造 > 光绪元宝 > 七钱二分 > 老龙,云南省造半圆
1211306975_front_crop.jpg,1211306975_back_crop.jpg,12,机制银币 > 地方省造 > 云南省造 > 光绪元宝 > 七钱二分 > 老龙,云南省造半圆
1211306977_front_crop.jpg,1211306977_back_crop.jpg,12,机制银币 > 地方省造 > 云南省造 > 光绪元宝 > 七钱二分 > 老龙,云南省造半圆
1211306979_front_crop.jpg,1211306979_back_crop.jpg,12,机制银币 > 地方省造 > 云南省造 > 光绪元宝 > 七钱二分 > 老龙,云南省造半圆
1211306981_front_crop.jpg,1211306981_back_crop.jpg,12,机制银币 > 地方省造 > 云南省造 > 光绪元宝 > 七钱二分 > 老龙,云南省造半圆
1211306983_front_crop.jpg,1211306983_back_crop.jpg,12,机制银币 > 地方省造 > 云南省造 > 光绪元宝 > 七钱二分 > 老龙,云南省造半圆
1211306985_front_crop.jpg,1211306985_back_crop.jpg,12,机制银币 > 地方省造 > 云南省造 > 光绪元宝 > 七钱二分 > 老龙,云南省造半圆
1211306987_front_crop.jpg,1211306987_back_crop.jpg,12,机制银币 > 地方省造 > 云南省造 > 光绪元宝 > 七钱二分 > 老龙,云南省造半圆
1211306989_front_crop.jpg,1211306989_back_crop.jpg,12,机制银币 > 地方省造 > 云南省造 > 光绪元宝 > 七钱二分 > 老龙,云南省造半圆
1211306991_front_crop.jpg,1211306991_back_crop.jpg,12,机制银币 > 地方省造 > 云南省造 > 光绪元宝 > 七钱二分 > 老龙,云南省造半圆
1211306993_front_crop.jpg,1211306993_back_crop.jpg,12,机制银币 > 地方省造 > 云南省造 > 光绪元宝 > 七钱二分 > 老龙,云南省造半圆
1211306995_front_crop.jpg,1211306995_back_crop.jpg,12,机制银币 > 地方省造 > 云南省造 > 光绪元宝 > 七钱二分 > 老龙,云南省造半圆
1211306997_front_crop.jpg,1211306997_back_crop.jpg,12,机制银币 > 地方省造 > 云南省造 > 光绪元宝 > 七钱二分 > 老龙,云南省造半圆
1211306999_front_crop.jpg,1211306999_back_crop.jpg,12,机制银币 > 地方省造 > 云南省造 > 光绪元宝 > 七钱二分 > 老龙,云南省造半圆
1211307001_front_crop.jpg,1211307001_back_crop.jpg,12,机制银币 > 地方省造 > 云南省造 > 光绪元宝 > 七钱二分 > 老龙,云南省造半圆
1211307003_front_crop.jpg,1211307003_back_crop.jpg,12,机制银币 > 地方省造 > 云南省造 > 光绪元宝 > 七钱二分 > 老龙,云南省造半圆
1211307005_front_crop.jpg,1211307005_back_crop.jpg,12,机制银币 > 地方省造 > 云南省造 > 光绪元宝 > 七钱二分 > 老龙,云南省造半圆
1211307007_front_crop.jpg,1211307007_back_crop.jpg,12,机制银币 > 地方省造 > 云南省造 > 光绪元宝 > 七钱二分 > 老龙,云南省造半圆
1211307009_front_crop.jpg,1211307009_back_crop.jpg,12,机制银币 > 地方省造 > 云南省造 > 光绪元宝 > 七钱二分 > 老龙,云南省造半圆
1211307011_front_crop.jpg,1211307011_back_crop.jpg,12,机制银币 > 地方省造 > 云南省造 > 光绪元宝 > 七钱二分 > 老龙,云南省造半圆
1211307013_front_crop.jpg,1211307013_back_crop.jpg,12,机制银币 > 地方省造 > 云南省造 > 光绪元宝 > 七钱二分 > 老龙,云南省造半圆
1211307015_front_crop.jpg,1211307015_back_crop.jpg,12,机制银币 > 地方省造 > 云南省造 > 光绪元宝 > 七钱二分 > 老龙,云南省造半圆
1211307017_front_crop.jpg,1211307017_back_crop.jpg,12,机制银币 > 地方省造 > 云南省造 > 光绪元宝 > 七钱二分 > 老龙,云南省造半圆
1211307019_front_crop.jpg,1211307019_back_crop.jpg,12,机制银币 > 地方省造 > 云南省造 > 光绪元宝 > 七钱二分 > 老龙,云南省造半圆
1211307021_front_crop.jpg,1211307021_back_crop.jpg,12,机制银币 > 地方省造 > 云南省造 > 光绪元宝 > 七钱二分 > 老龙,云南省造半圆
1211307023_front_crop.jpg,1211307023_back_crop.jpg,12,机制银币 > 地方省造 > 云南省造 > 光绪元宝 > 七钱二分 > 老龙,云南省造半圆
1211307025_front_crop.jpg,1211307025_back_crop.jpg,12,机制银币 > 地方省造 > 云南省造 > 光绪元宝 > 七钱二分 > 老龙,云南省造半圆
1211307027_front_crop.jpg,1211307027_back_crop.jpg,12,机制银币 > 地方省造 > 云南省造 > 光绪元宝 > 七钱二分 > 老龙,云南省造半圆
1211307029_front_crop.jpg,1211307029_back_crop.jpg,12,机制银币 > 地方省造 > 云南省造 > 光绪元宝 > 七钱二分 > 老龙,云南省造半圆
1211307031_front_crop.jpg,1211307031_back_crop.jpg,12,机制银币 > 地方省造 > 云南省造 > 光绪元宝 > 七钱二分 > 老龙,云南省造半圆
1211307033_front_crop.jpg,1211307033_back_crop.jpg,12,机制银币 > 地方省造 > 云南省造 > 光绪元宝 > 七钱二分 > 老龙,云南省造半圆
1211307035_front_crop.jpg,1211307035_back_crop.jpg,12,机制银币 > 地方省造 > 云南省造 > 光绪元宝 > 七钱二分 > 老龙,云南省造半圆
1211307037_front_crop.jpg,1211307037_back_crop.jpg,12,机制银币 > 地方省造 > 云南省造 > 光绪元宝 > 七钱二分 > 老龙,云南省造半圆
1211307039_front_crop.jpg,1211307039_back_crop.jpg,12,机制银币 > 地方省造 > 云南省造 > 光绪元宝 > 七钱二分 > 老龙,云南省造半圆
1211307041_front_crop.jpg,1211307041_back_crop.jpg,12,机制银币 > 地方省造 > 云南省造 > 光绪元宝 > 七钱二分 > 老龙,云南省造半圆
1211307043_front_crop.jpg,1211307043_back_crop.jpg,12,机制银币 > 地方省造 > 云南省造 > 光绪元宝 > 七钱二分 > 老龙,云南省造半圆
1211307045_front_crop.jpg,1211307045_back_crop.jpg,12,机制银币 > 地方省造 > 云南省造 > 光绪元宝 > 七钱二分 > 老龙,云南省造半圆
1211307047_front_crop.jpg,1211307047_back_crop.jpg,12,机制银币 > 地方省造 > 云南省造 > 光绪元宝 > 七钱二分 > 老龙,云南省造半圆
1211307049_front_crop.jpg,1211307049_back_crop.jpg,12,机制银币 > 地方省造 > 云南省造 > 光绪元宝 > 七钱二分 > 老龙,云南省造半圆
1211307051_front_crop.jpg,1211307051_back_crop.jpg,12,机制银币 > 地方省造 > 云南省造 > 光绪元宝 > 七钱二分 > 老龙,云南省造半圆
1211307053_front_crop.jpg,1211307053_back_crop.jpg,12,机制银币 > 地方省造 > 云南省造 > 光绪元宝 > 七钱二分 > 老龙,云南省造半圆
1211307055_front_crop.jpg,1211307055_back_crop.jpg,12,机制银币 > 地方省造 > 云南省造 > 光绪元宝 > 七钱二分 > 老龙,云南省造半圆
1211307057_front_crop.jpg,1211307057_back_crop.jpg,12,机制银币 > 地方省造 > 云南省造 > 光绪元宝 > 七钱二分 > 老龙,云南省造半圆
1211307059_front_crop.jpg,1211307059_back_crop.jpg,12,机制银币 > 地方省造 > 云南省造 > 光绪元宝 > 七钱二分 > 老龙,云南省造半圆
1211307061_front_crop.jpg,1211307061_back_crop.jpg,12,机制银币 > 地方省造 > 云南省造 > 光绪元宝 > 七钱二分 > 老龙,云南省造半圆
1211307063_front_crop.jpg,1211307063_back_crop.jpg,12,机制银币 > 地方省造 > 云南省造 > 光绪元宝 > 七钱二分 > 老龙,云南省造半圆
1211307065_front_crop.jpg,1211307065_back_crop.jpg,12,机制银币 > 地方省造 > 云南省造 > 光绪元宝 > 七钱二分 > 老龙,云南省造半圆
1211307067_front_crop.jpg,1211307067_back_crop.jpg,12,机制银币 > 地方省造 > 云南省造 > 光绪元宝 > 七钱二分 > 老龙,云南省造半圆
1211307069_front_crop.jpg,1211307069_back_crop.jpg,12,机制银币 > 地方省造 > 云南省造 > 光绪元宝 > 七钱二分 > 老龙,云南省造半圆
1211307071_front_crop.jpg,1211307071_back_crop.jpg,12,机制银币 > 地方省造 > 云南省造 > 光绪元宝 > 七钱二分 > 老龙,云南省造半圆
1211307073_front_crop.jpg,1211307073_back_crop.jpg,12,机制银币 > 地方省造 > 云南省造 > 光绪元宝 > 七钱二分 > 老龙,云南省造半圆
1211307075_front_crop.jpg,1211307075_back_crop.jpg,12,机制银币 > 地方省造 > 云南省造 > 光绪元宝 > 七钱二分 > 老龙,云南省造半圆
1211307077_front_crop.jpg,1211307077_back_crop.jpg,12,机制银币 > 地方省造 > 云南省造 > 光绪元宝 > 七钱二分 > 老龙,云南省造半圆
1211307079_front_crop.jpg,1211307079_back_crop.jpg,12,机制银币 > 地方省造 > 云南省造 > 光绪元宝 > 七钱二分 > 老龙,云南省造半圆
1211307081_front_crop.jpg,1211307081_back_crop.jpg,12,机制银币 > 地方省造 > 云南省造 > 光绪元宝 > 七钱二分 > 老龙,云南省造半圆
1211307083_front_crop.jpg,1211307083_back_crop.jpg,12,机制银币 > 地方省造 > 云南省造 > 光绪元宝 > 七钱二分 > 老龙,云南省造半圆
1211307099_front_crop.jpg,1211307099_back_crop.jpg,58,机制银币 > 民国中央 > 袁世凯像 > 民国九年 > 壹圆 > 精发,袁世凯像壹圆
1211307109_front_crop.jpg,1211307109_back_crop.jpg,18,机制银币 > 地方省造 > 东三省造 > 光绪元宝 > 七钱二分,东三省造二角
1211307143_front_crop.jpg,1211307143_back_crop.jpg,69,机制银币 > 民国中央 > 孙中山像 > 民国17年 > 壹圆 > 甘肃省造,孙中山像壹圆
1211307175_front_crop.jpg,1211307175_back_crop.jpg,58,机制银币 > 民国中央 > 袁世凯像 > 民国九年 > 壹圆 > 精发,袁世凯像壹圆
1211307197_front_crop.jpg,1211307197_back_crop.jpg,58,机制银币 > 民国中央 > 袁世凯像 > 民国九年 > 壹圆 > 精发,袁世凯像壹圆
1211307221_front_crop.jpg,1211307221_back_crop.jpg,58,机制银币 > 民国中央 > 袁世凯像 > 民国九年 > 壹圆 > 精发,袁世凯像壹圆
1211307223_front_crop.jpg,1211307223_back_crop.jpg,58,机制银币 > 民国中央 > 袁世凯像 > 民国九年 > 壹圆 > 精发,袁世凯像壹圆
1211307225_front_crop.jpg,1211307225_back_crop.jpg,58,机制银币 > 民国中央 > 袁世凯像 > 民国九年 > 壹圆 > 精发,袁世凯像壹圆
1211307227_front_crop.jpg,1211307227_back_crop.jpg,58,机制银币 > 民国中央 > 袁世凯像 > 民国九年 > 壹圆 > 精发,袁世凯像壹圆
1211307229_front_crop.jpg,1211307229_back_crop.jpg,58,机制银币 > 民国中央 > 袁世凯像 > 民国九年 > 壹圆 > 精发,袁世凯像壹圆
1211307259_front_crop.jpg,1211307259_back_crop.jpg,58,机制银币 > 民国中央 > 袁世凯像 > 民国九年 > 壹圆 > 精发,袁世凯像壹圆
1211307261_front_crop.jpg,1211307261_back_crop.jpg,69,机制银币 > 民国中央 > 孙中山像 > 民国17年 > 壹圆 > 甘肃省造,孙中山像壹圆
1211307293_front_crop.jpg,1211307293_back_crop.jpg,85,机制银币 > 纪念币 > 唐继尧像 > 拥护共和 > 三钱六分 > 正像,唐继尧像半圆
1211307299_front_crop.jpg,1211307299_back_crop.jpg,58,机制银币 > 民国中央 > 袁世凯像 > 民国九年 > 壹圆 > 精发,袁世凯像壹圆
1211307301_front_crop.jpg,1211307301_back_crop.jpg,58,机制银币 > 民国中央 > 袁世凯像 > 民国九年 > 壹圆 > 精发,袁世凯像壹圆
1211307321_front_crop.jpg,1211307321_back_crop.jpg,58,机制银币 > 民国中央 > 袁世凯像 > 民国九年 > 壹圆 > 精发,袁世凯像贰角
1211307327_front_crop.jpg,1211307327_back_crop.jpg,58,机制银币 > 民国中央 > 袁世凯像 > 民国九年 > 壹圆 > 精发,袁世凯像壹圆
1211307367_front_crop.jpg,1211307367_back_crop.jpg,58,机制银币 > 民国中央 > 袁世凯像 > 民国九年 > 壹圆 > 精发,袁世凯像壹圆
1211307403_front_crop.jpg,1211307403_back_crop.jpg,58,机制银币 > 民国中央 > 袁世凯像 > 民国九年 > 壹圆 > 精发,袁世凯像壹圆
1211307409_front_crop.jpg,1211307409_back_crop.jpg,58,机制银币 > 民国中央 > 袁世凯像 > 民国九年 > 壹圆 > 精发,袁世凯像壹圆
1211307411_front_crop.jpg,1211307411_back_crop.jpg,58,机制银币 > 民国中央 > 袁世凯像 > 民国九年 > 壹圆 > 精发,袁世凯像壹圆
1211307413_front_crop.jpg,1211307413_back_crop.jpg,58,机制银币 > 民国中央 > 袁世凯像 > 民国九年 > 壹圆 > 精发,袁世凯像壹圆
1211307425_front_crop.jpg,1211307425_back_crop.jpg,58,机制银币 > 民国中央 > 袁世凯像 > 民国九年 > 壹圆 > 精发,袁世凯像壹圆
1211307427_front_crop.jpg,1211307427_back_crop.jpg,58,机制银币 > 民国中央 > 袁世凯像 > 民国九年 > 壹圆 > 精发,袁世凯像壹圆
1211307431_front_crop.jpg,1211307431_back_crop.jpg,69,机制银币 > 民国中央 > 孙中山像 > 民国17年 > 壹圆 > 甘肃省造,孙中山像壹圆
1211307433_front_crop.jpg,1211307433_back_crop.jpg,69,机制银币 > 民国中央 > 孙中山像 > 民国17年 > 壹圆 > 甘肃省造,孙中山像壹圆
1211307437_front_crop.jpg,1211307437_back_crop.jpg,7,机制银币 > 地方省造 > 湖北省造 > 光绪元宝 > 七钱二分 > 普通,湖北省造一圆
1211307449_front_crop.jpg,1211307449_back_crop.jpg,58,机制银币 > 民国中央 > 袁世凯像 > 民国九年 > 壹圆 > 精发,袁世凯像壹圆
1211307451_front_crop.jpg,1211307451_back_crop.jpg,12,机制银币 > 地方省造 > 云南省造 > 光绪元宝 > 七钱二分 > 老龙,云南省造半圆
1211307457_front_crop.jpg,1211307457_back_crop.jpg,69,机制银币 > 民国中央 > 孙中山像 > 民国17年 > 壹圆 > 甘肃省造,孙中山像壹圆
1211307461_front_crop.jpg,1211307461_back_crop.jpg,12,机制银币 > 地方省造 > 云南省造 > 光绪元宝 > 七钱二分 > 老龙,云南省造半圆
1211307463_front_crop.jpg,1211307463_back_crop.jpg,12,机制银币 > 地方省造 > 云南省造 > 光绪元宝 > 七钱二分 > 老龙,云南省造半圆
1211307465_front_crop.jpg,1211307465_back_crop.jpg,12,机制银币 > 地方省造 > 云南省造 > 光绪元宝 > 七钱二分 > 老龙,云南省造半圆
1211307467_front_crop.jpg,1211307467_back_crop.jpg,12,机制银币 > 地方省造 > 云南省造 > 光绪元宝 > 七钱二分 > 老龙,云南省造半圆
1211307469_front_crop.jpg,1211307469_back_crop.jpg,12,机制银币 > 地方省造 > 云南省造 > 光绪元宝 > 七钱二分 > 老龙,云南省造半圆
1211307471_front_crop.jpg,1211307471_back_crop.jpg,12,机制银币 > 地方省造 > 云南省造 > 光绪元宝 > 七钱二分 > 老龙,云南省造半圆
1211307473_front_crop.jpg,1211307473_back_crop.jpg,12,机制银币 > 地方省造 > 云南省造 > 光绪元宝 > 七钱二分 > 老龙,云南省造半圆
1211307475_front_crop.jpg,1211307475_back_crop.jpg,12,机制银币 > 地方省造 > 云南省造 > 光绪元宝 > 七钱二分 > 老龙,云南省造半圆
1211307477_front_crop.jpg,1211307477_back_crop.jpg,12,机制银币 > 地方省造 > 云南省造 > 光绪元宝 > 七钱二分 > 老龙,云南省造半圆
1211307479_front_crop.jpg,1211307479_back_crop.jpg,12,机制银币 > 地方省造 > 云南省造 > 光绪元宝 > 七钱二分 > 老龙,云南省造半圆
1211307481_front_crop.jpg,1211307481_back_crop.jpg,12,机制银币 > 地方省造 > 云南省造 > 光绪元宝 > 七钱二分 > 老龙,云南省造半圆
1211307483_front_crop.jpg,1211307483_back_crop.jpg,12,机制银币 > 地方省造 > 云南省造 > 光绪元宝 > 七钱二分 > 老龙,云南省造半圆
1211307485_front_crop.jpg,1211307485_back_crop.jpg,12,机制银币 > 地方省造 > 云南省造 > 光绪元宝 > 七钱二分 > 老龙,云南省造半圆
1211307487_front_crop.jpg,1211307487_back_crop.jpg,12,机制银币 > 地方省造 > 云南省造 > 光绪元宝 > 七钱二分 > 老龙,云南省造半圆
1211307489_front_crop.jpg,1211307489_back_crop.jpg,12,机制银币 > 地方省造 > 云南省造 > 光绪元宝 > 七钱二分 > 老龙,云南省造半圆
1211307491_front_crop.jpg,1211307491_back_crop.jpg,12,机制银币 > 地方省造 > 云南省造 > 光绪元宝 > 七钱二分 > 老龙,云南省造半圆
1211307505_front_crop.jpg,1211307505_back_crop.jpg,58,机制银币 > 民国中央 > 袁世凯像 > 民国九年 > 壹圆 > 精发,袁世凯像壹圆
1211307509_front_crop.jpg,1211307509_back_crop.jpg,58,机制银币 > 民国中央 > 袁世凯像 > 民国九年 > 壹圆 > 精发,袁世凯像壹圆
1211307513_front_crop.jpg,1211307513_back_crop.jpg,58,机制银币 > 民国中央 > 袁世凯像 > 民国九年 > 壹圆 > 精发,袁世凯像壹圆
1211307517_front_crop.jpg,1211307517_back_crop.jpg,12,机制银币 > 地方省造 > 云南省造 > 光绪元宝 > 七钱二分 > 老龙,云南省造半圆
1211307519_front_crop.jpg,1211307519_back_crop.jpg,12,机制银币 > 地方省造 > 云南省造 > 光绪元宝 > 七钱二分 > 老龙,云南省造半圆
1211307521_front_crop.jpg,1211307521_back_crop.jpg,12,机制银币 > 地方省造 > 云南省造 > 光绪元宝 > 七钱二分 > 老龙,云南省造半圆
1211307525_front_crop.jpg,1211307525_back_crop.jpg,12,机制银币 > 地方省造 > 云南省造 > 光绪元宝 > 七钱二分 > 老龙,云南省造半圆
1211307527_front_crop.jpg,1211307527_back_crop.jpg,12,机制银币 > 地方省造 > 云南省造 > 光绪元宝 > 七钱二分 > 老龙,云南省造半圆
1211307529_front_crop.jpg,1211307529_back_crop.jpg,12,机制银币 > 地方省造 > 云南省造 > 光绪元宝 > 七钱二分 > 老龙,云南省造半圆
1211307531_front_crop.jpg,1211307531_back_crop.jpg,12,机制银币 > 地方省造 > 云南省造 > 光绪元宝 > 七钱二分 > 老龙,云南省造半圆
1211307533_front_crop.jpg,1211307533_back_crop.jpg,12,机制银币 > 地方省造 > 云南省造 > 光绪元宝 > 七钱二分 > 老龙,云南省造半圆
1211307535_front_crop.jpg,1211307535_back_crop.jpg,12,机制银币 > 地方省造 > 云南省造 > 光绪元宝 > 七钱二分 > 老龙,云南省造半圆
1211307537_front_crop.jpg,1211307537_back_crop.jpg,12,机制银币 > 地方省造 > 云南省造 > 光绪元宝 > 七钱二分 > 老龙,云南省造半圆
1211307539_front_crop.jpg,1211307539_back_crop.jpg,12,机制银币 > 地方省造 > 云南省造 > 光绪元宝 > 七钱二分 > 老龙,云南省造半圆
1211307541_front_crop.jpg,1211307541_back_crop.jpg,12,机制银币 > 地方省造 > 云南省造 > 光绪元宝 > 七钱二分 > 老龙,云南省造半圆
1211307543_front_crop.jpg,1211307543_back_crop.jpg,12,机制银币 > 地方省造 > 云南省造 > 光绪元宝 > 七钱二分 > 老龙,云南省造半圆
1211307545_front_crop.jpg,1211307545_back_crop.jpg,12,机制银币 > 地方省造 > 云南省造 > 光绪元宝 > 七钱二分 > 老龙,云南省造半圆
1211307559_front_crop.jpg,1211307559_back_crop.jpg,69,机制银币 > 民国中央 > 孙中山像 > 民国17年 > 壹圆 > 甘肃省造,孙中山像贰毫
1211307565_front_crop.jpg,1211307565_back_crop.jpg,87,机制银币 > 清代中央 > 光绪年造 > 丁未大清银币 > 壹圆,大清银币壹圆
1211307599_front_crop.jpg,1211307599_back_crop.jpg,58,机制银币 > 民国中央 > 袁世凯像 > 民国九年 > 壹圆 > 精发,袁世凯像壹圆
1211307605_front_crop.jpg,1211307605_back_crop.jpg,12,机制银币 > 地方省造 > 云南省造 > 光绪元宝 > 七钱二分 > 老龙,云南省造半圆
1211307607_front_crop.jpg,1211307607_back_crop.jpg,12,机制银币 > 地方省造 > 云南省造 > 光绪元宝 > 七钱二分 > 老龙,云南省造半圆
1211307609_front_crop.jpg,1211307609_back_crop.jpg,12,机制银币 > 地方省造 > 云南省造 > 光绪元宝 > 七钱二分 > 老龙,云南省造半圆
1211307611_front_crop.jpg,1211307611_back_crop.jpg,12,机制银币 > 地方省造 > 云南省造 > 光绪元宝 > 七钱二分 > 老龙,云南省造半圆
1211307613_front_crop.jpg,1211307613_back_crop.jpg,12,机制银币 > 地方省造 > 云南省造 > 光绪元宝 > 七钱二分 > 老龙,云南省造半圆
1211307615_front_crop.jpg,1211307615_back_crop.jpg,12,机制银币 > 地方省造 > 云南省造 > 光绪元宝 > 七钱二分 > 老龙,云南省造半圆
1211307617_front_crop.jpg,1211307617_back_crop.jpg,12,机制银币 > 地方省造 > 云南省造 > 光绪元宝 > 七钱二分 > 老龙,云南省造半圆
1211307619_front_crop.jpg,1211307619_back_crop.jpg,12,机制银币 > 地方省造 > 云南省造 > 光绪元宝 > 七钱二分 > 老龙,云南省造半圆
1211307621_front_crop.jpg,1211307621_back_crop.jpg,12,机制银币 > 地方省造 > 云南省造 > 光绪元宝 > 七钱二分 > 老龙,云南省造半圆
1211307623_front_crop.jpg,1211307623_back_crop.jpg,12,机制银币 > 地方省造 > 云南省造 > 光绪元宝 > 七钱二分 > 老龙,云南省造半圆
1211307625_front_crop.jpg,1211307625_back_crop.jpg,12,机制银币 > 地方省造 > 云南省造 > 光绪元宝 > 七钱二分 > 老龙,云南省造半圆
1211307627_front_crop.jpg,1211307627_back_crop.jpg,12,机制银币 > 地方省造 > 云南省造 > 光绪元宝 > 七钱二分 > 老龙,云南省造半圆
1211307629_front_crop.jpg,1211307629_back_crop.jpg,12,机制银币 > 地方省造 > 云南省造 > 光绪元宝 > 七钱二分 > 老龙,云南省造半圆
1211307631_front_crop.jpg,1211307631_back_crop.jpg,12,机制银币 > 地方省造 > 云南省造 > 光绪元宝 > 七钱二分 > 老龙,云南省造半圆
1211307633_front_crop.jpg,1211307633_back_crop.jpg,12,机制银币 > 地方省造 > 云南省造 > 光绪元宝 > 七钱二分 > 老龙,云南省造半圆
1211307635_front_crop.jpg,1211307635_back_crop.jpg,12,机制银币 > 地方省造 > 云南省造 > 光绪元宝 > 七钱二分 > 老龙,云南省造半圆
1211307637_front_crop.jpg,1211307637_back_crop.jpg,12,机制银币 > 地方省造 > 云南省造 > 光绪元宝 > 七钱二分 > 老龙,云南省造半圆
1211307639_front_crop.jpg,1211307639_back_crop.jpg,12,机制银币 > 地方省造 > 云南省造 > 光绪元宝 > 七钱二分 > 老龙,云南省造半圆
1211307641_front_crop.jpg,1211307641_back_crop.jpg,12,机制银币 > 地方省造 > 云南省造 > 光绪元宝 > 七钱二分 > 老龙,云南省造半圆
1211307643_front_crop.jpg,1211307643_back_crop.jpg,12,机制银币 > 地方省造 > 云南省造 > 光绪元宝 > 七钱二分 > 老龙,云南省造半圆
1211307645_front_crop.jpg,1211307645_back_crop.jpg,12,机制银币 > 地方省造 > 云南省造 > 光绪元宝 > 七钱二分 > 老龙,云南省造半圆
1211307647_front_crop.jpg,1211307647_back_crop.jpg,12,机制银币 > 地方省造 > 云南省造 > 光绪元宝 > 七钱二分 > 老龙,云南省造半圆
1211307649_front_crop.jpg,1211307649_back_crop.jpg,12,机制银币 > 地方省造 > 云南省造 > 光绪元宝 > 七钱二分 > 老龙,云南省造半圆
1211307651_front_crop.jpg,1211307651_back_crop.jpg,12,机制银币 > 地方省造 > 云南省造 > 光绪元宝 > 七钱二分 > 老龙,云南省造半圆
1211307653_front_crop.jpg,1211307653_back_crop.jpg,12,机制银币 > 地方省造 > 云南省造 > 光绪元宝 > 七钱二分 > 老龙,云南省造半圆
1211307655_front_crop.jpg,1211307655_back_crop.jpg,12,机制银币 > 地方省造 > 云南省造 > 光绪元宝 > 七钱二分 > 老龙,云南省造半圆
1211307657_front_crop.jpg,1211307657_back_crop.jpg,12,机制银币 > 地方省造 > 云南省造 > 光绪元宝 > 七钱二分 > 老龙,云南省造半圆
1211307659_front_crop.jpg,1211307659_back_crop.jpg,12,机制银币 > 地方省造 > 云南省造 > 光绪元宝 > 七钱二分 > 老龙,云南省造半圆
1211307661_front_crop.jpg,1211307661_back_crop.jpg,12,机制银币 > 地方省造 > 云南省造 > 光绪元宝 > 七钱二分 > 老龙,云南省造半圆
1211307663_front_crop.jpg,1211307663_back_crop.jpg,12,机制银币 > 地方省造 > 云南省造 > 光绪元宝 > 七钱二分 > 老龙,云南省造半圆
1211307665_front_crop.jpg,1211307665_back_crop.jpg,12,机制银币 > 地方省造 > 云南省造 > 光绪元宝 > 七钱二分 > 老龙,云南省造半圆
1211307667_front_crop.jpg,1211307667_back_crop.jpg,12,机制银币 > 地方省造 > 云南省造 > 光绪元宝 > 七钱二分 > 老龙,云南省造半圆
1211307669_front_crop.jpg,1211307669_back_crop.jpg,12,机制银币 > 地方省造 > 云南省造 > 光绪元宝 > 七钱二分 > 老龙,云南省造半圆
1211307671_front_crop.jpg,1211307671_back_crop.jpg,12,机制银币 > 地方省造 > 云南省造 > 光绪元宝 > 七钱二分 > 老龙,云南省造半圆
1211307673_front_crop.jpg,1211307673_back_crop.jpg,12,机制银币 > 地方省造 > 云南省造 > 光绪元宝 > 七钱二分 > 老龙,云南省造半圆
1211307675_front_crop.jpg,1211307675_back_crop.jpg,12,机制银币 > 地方省造 > 云南省造 > 光绪元宝 > 七钱二分 > 老龙,云南省造半圆
1211307677_front_crop.jpg,1211307677_back_crop.jpg,12,机制银币 > 地方省造 > 云南省造 > 光绪元宝 > 七钱二分 > 老龙,云南省造半圆
1211307679_front_crop.jpg,1211307679_back_crop.jpg,12,机制银币 > 地方省造 > 云南省造 > 光绪元宝 > 七钱二分 > 老龙,云南省造半圆
1211307681_front_crop.jpg,1211307681_back_crop.jpg,12,机制银币 > 地方省造 > 云南省造 > 光绪元宝 > 七钱二分 > 老龙,云南省造半圆
1211307683_front_crop.jpg,1211307683_back_crop.jpg,12,机制银币 > 地方省造 > 云南省造 > 光绪元宝 > 七钱二分 > 老龙,云南省造半圆
1211307685_front_crop.jpg,1211307685_back_crop.jpg,12,机制银币 > 地方省造 > 云南省造 > 光绪元宝 > 七钱二分 > 老龙,云南省造半圆
1211307687_front_crop.jpg,1211307687_back_crop.jpg,12,机制银币 > 地方省造 > 云南省造 > 光绪元宝 > 七钱二分 > 老龙,云南省造半圆
1211307689_front_crop.jpg,1211307689_back_crop.jpg,12,机制银币 > 地方省造 > 云南省造 > 光绪元宝 > 七钱二分 > 老龙,云南省造半圆
1211307691_front_crop.jpg,1211307691_back_crop.jpg,12,机制银币 > 地方省造 > 云南省造 > 光绪元宝 > 七钱二分 > 老龙,云南省造半圆
1211307693_front_crop.jpg,1211307693_back_crop.jpg,12,机制银币 > 地方省造 > 云南省造 > 光绪元宝 > 七钱二分 > 老龙,云南省造半圆
1211307695_front_crop.jpg,1211307695_back_crop.jpg,12,机制银币 > 地方省造 > 云南省造 > 光绪元宝 > 七钱二分 > 老龙,云南省造半圆
1211307697_front_crop.jpg,1211307697_back_crop.jpg,12,机制银币 > 地方省造 > 云南省造 > 光绪元宝 > 七钱二分 > 老龙,云南省造半圆
1211307699_front_crop.jpg,1211307699_back_crop.jpg,12,机制银币 > 地方省造 > 云南省造 > 光绪元宝 > 七钱二分 > 老龙,云南省造半圆
1211307701_front_crop.jpg,1211307701_back_crop.jpg,12,机制银币 > 地方省造 > 云南省造 > 光绪元宝 > 七钱二分 > 老龙,云南省造半圆
1211307703_front_crop.jpg,1211307703_back_crop.jpg,12,机制银币 > 地方省造 > 云南省造 > 光绪元宝 > 七钱二分 > 老龙,云南省造半圆
1211307705_front_crop.jpg,1211307705_back_crop.jpg,12,机制银币 > 地方省造 > 云南省造 > 光绪元宝 > 七钱二分 > 老龙,云南省造半圆
1211307707_front_crop.jpg,1211307707_back_crop.jpg,12,机制银币 > 地方省造 > 云南省造 > 光绪元宝 > 七钱二分 > 老龙,云南省造半圆
1211307709_front_crop.jpg,1211307709_back_crop.jpg,12,机制银币 > 地方省造 > 云南省造 > 光绪元宝 > 七钱二分 > 老龙,云南省造半圆
1211307711_front_crop.jpg,1211307711_back_crop.jpg,12,机制银币 > 地方省造 > 云南省造 > 光绪元宝 > 七钱二分 > 老龙,云南省造半圆
1211307713_front_crop.jpg,1211307713_back_crop.jpg,12,机制银币 > 地方省造 > 云南省造 > 光绪元宝 > 七钱二分 > 老龙,云南省造半圆
1211307715_front_crop.jpg,1211307715_back_crop.jpg,12,机制银币 > 地方省造 > 云南省造 > 光绪元宝 > 七钱二分 > 老龙,云南省造半圆
1211307717_front_crop.jpg,1211307717_back_crop.jpg,12,机制银币 > 地方省造 > 云南省造 > 光绪元宝 > 七钱二分 > 老龙,云南省造半圆
1211307719_front_crop.jpg,1211307719_back_crop.jpg,12,机制银币 > 地方省造 > 云南省造 > 光绪元宝 > 七钱二分 > 老龙,云南省造半圆
1211307721_front_crop.jpg,1211307721_back_crop.jpg,12,机制银币 > 地方省造 > 云南省造 > 光绪元宝 > 七钱二分 > 老龙,云南省造半圆
1211307723_front_crop.jpg,1211307723_back_crop.jpg,12,机制银币 > 地方省造 > 云南省造 > 光绪元宝 > 七钱二分 > 老龙,云南省造半圆
1211307725_front_crop.jpg,1211307725_back_crop.jpg,12,机制银币 > 地方省造 > 云南省造 > 光绪元宝 > 七钱二分 > 老龙,云南省造半圆
1211307727_front_crop.jpg,1211307727_back_crop.jpg,12,机制银币 > 地方省造 > 云南省造 > 光绪元宝 > 七钱二分 > 老龙,云南省造半圆
1211307729_front_crop.jpg,1211307729_back_crop.jpg,12,机制银币 > 地方省造 > 云南省造 > 光绪元宝 > 七钱二分 > 老龙,云南省造半圆
1211307731_front_crop.jpg,1211307731_back_crop.jpg,12,机制银币 > 地方省造 > 云南省造 > 光绪元宝 > 七钱二分 > 老龙,云南省造半圆
1211307733_front_crop.jpg,1211307733_back_crop.jpg,12,机制银币 > 地方省造 > 云南省造 > 光绪元宝 > 七钱二分 > 老龙,云南省造半圆
1211307735_front_crop.jpg,1211307735_back_crop.jpg,12,机制银币 > 地方省造 > 云南省造 > 光绪元宝 > 七钱二分 > 老龙,云南省造半圆
1211307737_front_crop.jpg,1211307737_back_crop.jpg,12,机制银币 > 地方省造 > 云南省造 > 光绪元宝 > 七钱二分 > 老龙,云南省造半圆
1211307739_front_crop.jpg,1211307739_back_crop.jpg,12,机制银币 > 地方省造 > 云南省造 > 光绪元宝 > 七钱二分 > 老龙,云南省造半圆
1211307743_front_crop.jpg,1211307743_back_crop.jpg,70,机制银币 > 民国中央 > 孙中山像 > 开国纪念 > 壹圆 > 下五星,开国纪念壹圆
1211307749_front_crop.jpg,1211307749_back_crop.jpg,87,机制银币 > 清代中央 > 光绪年造 > 丁未大清银币 > 壹圆,大清银币壹圆
1211307751_front_crop.jpg,1211307751_back_crop.jpg,87,机制银币 > 清代中央 > 光绪年造 > 丁未大清银币 > 壹圆,大清银币壹圆
1211307757_front_crop.jpg,1211307757_back_crop.jpg,12,机制银币 > 地方省造 > 云南省造 > 光绪元宝 > 七钱二分 > 老龙,云南省造半圆
1211307777_front_crop.jpg,1211307777_back_crop.jpg,69,机制银币 > 民国中央 > 孙中山像 > 民国17年 > 壹圆 > 甘肃省造,孙中山像壹圆
1211307803_front_crop.jpg,1211307803_back_crop.jpg,12,机制银币 > 地方省造 > 云南省造 > 光绪元宝 > 七钱二分 > 老龙,云南省造半圆
1211307805_front_crop.jpg,1211307805_back_crop.jpg,12,机制银币 > 地方省造 > 云南省造 > 光绪元宝 > 七钱二分 > 老龙,云南省造半圆
1211307813_front_crop.jpg,1211307813_back_crop.jpg,12,机制银币 > 地方省造 > 云南省造 > 光绪元宝 > 七钱二分 > 老龙,云南省造半圆
1211307817_front_crop.jpg,1211307817_back_crop.jpg,12,机制银币 > 地方省造 > 云南省造 > 光绪元宝 > 七钱二分 > 老龙,云南省造贰角
1211307819_front_crop.jpg,1211307819_back_crop.jpg,18,机制银币 > 地方省造 > 东三省造 > 光绪元宝 > 七钱二分,东三省造二角
1211307821_front_crop.jpg,1211307821_back_crop.jpg,12,机制银币 > 地方省造 > 云南省造 > 光绪元宝 > 七钱二分 > 老龙,云南省造贰角
1211307829_front_crop.jpg,1211307829_back_crop.jpg,58,机制银币 > 民国中央 > 袁世凯像 > 民国九年 > 壹圆 > 精发,袁世凯像壹圆
1211307839_front_crop.jpg,1211307839_back_crop.jpg,87,机制银币 > 清代中央 > 光绪年造 > 丁未大清银币 > 壹圆,大清银币壹圆
1211307849_front_crop.jpg,1211307849_back_crop.jpg,7,机制银币 > 地方省造 > 湖北省造 > 光绪元宝 > 七钱二分 > 普通,湖北省造一圆
1211307859_front_crop.jpg,1211307859_back_crop.jpg,70,机制银币 > 民国中央 > 孙中山像 > 开国纪念 > 壹圆 > 下五星,开国纪念壹圆
1211307867_front_crop.jpg,1211307867_back_crop.jpg,9,机制银币 > 地方省造 > 湖北省造 > 双龙 > 一两 > 小字,富字一两正银
1211307875_front_crop.jpg,1211307875_back_crop.jpg,70,机制银币 > 民国中央 > 孙中山像 > 开国纪念 > 壹圆 > 下五星,开国纪念壹圆
1211307879_front_crop.jpg,1211307879_back_crop.jpg,46,机制银币 > 地方省造 > 北洋造 > 光绪24年 > 壹圆,北洋局造一圆
1211307889_front_crop.jpg,1211307889_back_crop.jpg,58,机制银币 > 民国中央 > 袁世凯像 > 民国九年 > 壹圆 > 精发,袁世凯像壹圆
1211307897_front_crop.jpg,1211307897_back_crop.jpg,91,机制银币 > 纪念章 > 孙中山像,西藏章嘎嘎布
1211307899_front_crop.jpg,1211307899_back_crop.jpg,91,机制银币 > 纪念章 > 孙中山像,西藏章嘎嘎布
1211307901_front_crop.jpg,1211307901_back_crop.jpg,91,机制银币 > 纪念章 > 孙中山像,西藏章嘎嘎布
1211307903_front_crop.jpg,1211307903_back_crop.jpg,91,机制银币 > 纪念章 > 孙中山像,西藏章嘎嘎布
1211307905_front_crop.jpg,1211307905_back_crop.jpg,58,机制银币 > 民国中央 > 袁世凯像 > 民国九年 > 壹圆 > 精发,袁世凯像壹圆
1211307909_front_crop.jpg,1211307909_back_crop.jpg,58,机制银币 > 民国中央 > 袁世凯像 > 民国九年 > 壹圆 > 精发,袁世凯像壹圆
1211307925_front_crop.jpg,1211307925_back_crop.jpg,12,机制银币 > 地方省造 > 云南省造 > 光绪元宝 > 七钱二分 > 老龙,云南省造半圆
1211307927_front_crop.jpg,1211307927_back_crop.jpg,12,机制银币 > 地方省造 > 云南省造 > 光绪元宝 > 七钱二分 > 老龙,云南省造半圆
1211307937_front_crop.jpg,1211307937_back_crop.jpg,58,机制银币 > 民国中央 > 袁世凯像 > 民国九年 > 壹圆 > 精发,袁世凯像壹圆
1211307947_front_crop.jpg,1211307947_back_crop.jpg,70,机制银币 > 民国中央 > 孙中山像 > 开国纪念 > 壹圆 > 下五星,开国纪念壹圆
1211307957_front_crop.jpg,1211307957_back_crop.jpg,70,机制银币 > 民国中央 > 孙中山像 > 开国纪念 > 壹圆 > 下五星,开国纪念壹圆
1211307965_front_crop.jpg,1211307965_back_crop.jpg,69,机制银币 > 民国中央 > 孙中山像 > 民国17年 > 壹圆 > 甘肃省造,孙中山像伍角
1211307967_front_crop.jpg,1211307967_back_crop.jpg,69,机制银币 > 民国中央 > 孙中山像 > 民国17年 > 壹圆 > 甘肃省造,孙中山像伍角
1211307969_front_crop.jpg,1211307969_back_crop.jpg,69,机制银币 > 民国中央 > 孙中山像 > 民国17年 > 壹圆 > 甘肃省造,孙中山像伍角
1211307991_front_crop.jpg,1211307991_back_crop.jpg,41,机制银币 > 地方省造 > 奉天省造 > 光绪25年 > 一圆 > 有圈,新疆省造一圆
1211307993_front_crop.jpg,1211307993_back_crop.jpg,55,机制银币 > 地方省造 > 广东省造 > 光绪元宝 > 三钱六分,广东省造壹毫
1211307997_front_crop.jpg,1211307997_back_crop.jpg,46,机制银币 > 地方省造 > 北洋造 > 光绪24年 > 壹圆,北洋局造一圆
1211308007_front_crop.jpg,1211308007_back_crop.jpg,70,机制银币 > 民国中央 > 孙中山像 > 开国纪念 > 壹圆 > 下五星,开国纪念壹圆
1211308013_front_crop.jpg,1211308013_back_crop.jpg,58,机制银币 > 民国中央 > 袁世凯像 > 民国九年 > 壹圆 > 精发,袁世凯像壹圆
1211308015_front_crop.jpg,1211308015_back_crop.jpg,58,机制银币 > 民国中央 > 袁世凯像 > 民国九年 > 壹圆 > 精发,袁世凯像壹圆
1211308033_front_crop.jpg,1211308033_back_crop.jpg,70,机制银币 > 民国中央 > 孙中山像 > 开国纪念 > 壹圆 > 下五星,开国纪念壹圆
1211308043_front_crop.jpg,1211308043_back_crop.jpg,0,机制银币 > 地方省造 > 四川省造 > 军政府 > 壹圆 > 普通,四川银币壹圆
1211308067_front_crop.jpg,1211308067_back_crop.jpg,90,机制银币 > 中华苏维埃 > 苏维埃 > 1932 > 贰角,福建中华二角
1211308069_front_crop.jpg,1211308069_back_crop.jpg,70,机制银币 > 民国中央 > 孙中山像 > 开国纪念 > 壹圆 > 下五星,开国纪念壹圆
1211308097_front_crop.jpg,1211308097_back_crop.jpg,58,机制银币 > 民国中央 > 袁世凯像 > 民国九年 > 壹圆 > 精发,袁世凯像壹圆
1211308169_front_crop.jpg,1211308169_back_crop.jpg,58,机制银币 > 民国中央 > 袁世凯像 > 民国九年 > 壹圆 > 精发,袁世凯像壹圆
1211308171_front_crop.jpg,1211308171_back_crop.jpg,58,机制银币 > 民国中央 > 袁世凯像 > 民国九年 > 壹圆 > 精发,袁世凯像壹圆
1211308173_front_crop.jpg,1211308173_back_crop.jpg,58,机制银币 > 民国中央 > 袁世凯像 > 民国九年 > 壹圆 > 精发,袁世凯像壹圆
1211308175_front_crop.jpg,1211308175_back_crop.jpg,58,机制银币 > 民国中央 > 袁世凯像 > 民国九年 > 壹圆 > 精发,袁世凯像壹圆
1211308177_front_crop.jpg,1211308177_back_crop.jpg,58,机制银币 > 民国中央 > 袁世凯像 > 民国九年 > 壹圆 > 精发,袁世凯像壹圆
1211308179_front_crop.jpg,1211308179_back_crop.jpg,58,机制银币 > 民国中央 > 袁世凯像 > 民国九年 > 壹圆 > 精发,袁世凯像壹圆
1211308181_front_crop.jpg,1211308181_back_crop.jpg,58,机制银币 > 民国中央 > 袁世凯像 > 民国九年 > 壹圆 > 精发,袁世凯像壹圆
1211308183_front_crop.jpg,1211308183_back_crop.jpg,58,机制银币 > 民国中央 > 袁世凯像 > 民国九年 > 壹圆 > 精发,袁世凯像壹圆
1211308185_front_crop.jpg,1211308185_back_crop.jpg,58,机制银币 > 民国中央 > 袁世凯像 > 民国九年 > 壹圆 > 精发,袁世凯像壹圆
1211308187_front_crop.jpg,1211308187_back_crop.jpg,58,机制银币 > 民国中央 > 袁世凯像 > 民国九年 > 壹圆 > 精发,袁世凯像壹圆
1211308189_front_crop.jpg,1211308189_back_crop.jpg,58,机制银币 > 民国中央 > 袁世凯像 > 民国九年 > 壹圆 > 精发,袁世凯像壹圆
1211308191_front_crop.jpg,1211308191_back_crop.jpg,58,机制银币 > 民国中央 > 袁世凯像 > 民国九年 > 壹圆 > 精发,袁世凯像壹圆
1211308193_front_crop.jpg,1211308193_back_crop.jpg,58,机制银币 > 民国中央 > 袁世凯像 > 民国九年 > 壹圆 > 精发,袁世凯像壹圆
1211308195_front_crop.jpg,1211308195_back_crop.jpg,58,机制银币 > 民国中央 > 袁世凯像 > 民国九年 > 壹圆 > 精发,袁世凯像壹圆
1211308197_front_crop.jpg,1211308197_back_crop.jpg,58,机制银币 > 民国中央 > 袁世凯像 > 民国九年 > 壹圆 > 精发,袁世凯像壹圆
1211308199_front_crop.jpg,1211308199_back_crop.jpg,58,机制银币 > 民国中央 > 袁世凯像 > 民国九年 > 壹圆 > 精发,袁世凯像壹圆
1211308201_front_crop.jpg,1211308201_back_crop.jpg,58,机制银币 > 民国中央 > 袁世凯像 > 民国九年 > 壹圆 > 精发,袁世凯像壹圆
1211308203_front_crop.jpg,1211308203_back_crop.jpg,58,机制银币 > 民国中央 > 袁世凯像 > 民国九年 > 壹圆 > 精发,袁世凯像壹圆
1211308205_front_crop.jpg,1211308205_back_crop.jpg,58,机制银币 > 民国中央 > 袁世凯像 > 民国九年 > 壹圆 > 精发,袁世凯像壹圆
1211308207_front_crop.jpg,1211308207_back_crop.jpg,58,机制银币 > 民国中央 > 袁世凯像 > 民国九年 > 壹圆 > 精发,袁世凯像壹圆
1211308209_front_crop.jpg,1211308209_back_crop.jpg,58,机制银币 > 民国中央 > 袁世凯像 > 民国九年 > 壹圆 > 精发,袁世凯像壹圆
1211308211_front_crop.jpg,1211308211_back_crop.jpg,58,机制银币 > 民国中央 > 袁世凯像 > 民国九年 > 壹圆 > 精发,袁世凯像壹圆
1211308213_front_crop.jpg,1211308213_back_crop.jpg,58,机制银币 > 民国中央 > 袁世凯像 > 民国九年 > 壹圆 > 精发,袁世凯像壹圆
1211308215_front_crop.jpg,1211308215_back_crop.jpg,58,机制银币 > 民国中央 > 袁世凯像 > 民国九年 > 壹圆 > 精发,袁世凯像壹圆
1211308217_front_crop.jpg,1211308217_back_crop.jpg,58,机制银币 > 民国中央 > 袁世凯像 > 民国九年 > 壹圆 > 精发,袁世凯像壹圆
1211308219_front_crop.jpg,1211308219_back_crop.jpg,58,机制银币 > 民国中央 > 袁世凯像 > 民国九年 > 壹圆 > 精发,袁世凯像壹圆
1211308221_front_crop.jpg,1211308221_back_crop.jpg,58,机制银币 > 民国中央 > 袁世凯像 > 民国九年 > 壹圆 > 精发,袁世凯像壹圆
1211308223_front_crop.jpg,1211308223_back_crop.jpg,58,机制银币 > 民国中央 > 袁世凯像 > 民国九年 > 壹圆 > 精发,袁世凯像壹圆
1211308225_front_crop.jpg,1211308225_back_crop.jpg,58,机制银币 > 民国中央 > 袁世凯像 > 民国九年 > 壹圆 > 精发,袁世凯像壹圆
1211308227_front_crop.jpg,1211308227_back_crop.jpg,58,机制银币 > 民国中央 > 袁世凯像 > 民国九年 > 壹圆 > 精发,袁世凯像壹圆
1211308229_front_crop.jpg,1211308229_back_crop.jpg,58,机制银币 > 民国中央 > 袁世凯像 > 民国九年 > 壹圆 > 精发,袁世凯像壹圆
1211308231_front_crop.jpg,1211308231_back_crop.jpg,69,机制银币 > 民国中央 > 孙中山像 > 民国17年 > 壹圆 > 甘肃省造,孙中山像壹圆
1211308233_front_crop.jpg,1211308233_back_crop.jpg,69,机制银币 > 民国中央 > 孙中山像 > 民国17年 > 壹圆 > 甘肃省造,孙中山像壹圆
1211308235_front_crop.jpg,1211308235_back_crop.jpg,69,机制银币 > 民国中央 > 孙中山像 > 民国17年 > 壹圆 > 甘肃省造,孙中山像壹圆
1211308237_front_crop.jpg,1211308237_back_crop.jpg,58,机制银币 > 民国中央 > 袁世凯像 > 民国九年 > 壹圆 > 精发,袁世凯像壹圆
1211308239_front_crop.jpg,1211308239_back_crop.jpg,58,机制银币 > 民国中央 > 袁世凯像 > 民国九年 > 壹圆 > 精发,袁世凯像壹圆
1211308241_front_crop.jpg,1211308241_back_crop.jpg,58,机制银币 > 民国中央 > 袁世凯像 > 民国九年 > 壹圆 > 精发,袁世凯像壹圆
1211308243_front_crop.jpg,1211308243_back_crop.jpg,58,机制银币 > 民国中央 > 袁世凯像 > 民国九年 > 壹圆 > 精发,袁世凯像壹圆
1211308245_front_crop.jpg,1211308245_back_crop.jpg,58,机制银币 > 民国中央 > 袁世凯像 > 民国九年 > 壹圆 > 精发,袁世凯像壹圆
1211308247_front_crop.jpg,1211308247_back_crop.jpg,58,机制银币 > 民国中央 > 袁世凯像 > 民国九年 > 壹圆 > 精发,袁世凯像壹圆
1211308249_front_crop.jpg,1211308249_back_crop.jpg,58,机制银币 > 民国中央 > 袁世凯像 > 民国九年 > 壹圆 > 精发,袁世凯像壹圆
1211308251_front_crop.jpg,1211308251_back_crop.jpg,58,机制银币 > 民国中央 > 袁世凯像 > 民国九年 > 壹圆 > 精发,袁世凯像壹圆
1211308253_front_crop.jpg,1211308253_back_crop.jpg,58,机制银币 > 民国中央 > 袁世凯像 > 民国九年 > 壹圆 > 精发,袁世凯像壹圆
1211308255_front_crop.jpg,1211308255_back_crop.jpg,58,机制银币 > 民国中央 > 袁世凯像 > 民国九年 > 壹圆 > 精发,袁世凯像壹圆
1211308257_front_crop.jpg,1211308257_back_crop.jpg,58,机制银币 > 民国中央 > 袁世凯像 > 民国九年 > 壹圆 > 精发,袁世凯像壹圆
1211308259_front_crop.jpg,1211308259_back_crop.jpg,58,机制银币 > 民国中央 > 袁世凯像 > 民国九年 > 壹圆 > 精发,袁世凯像壹圆
1211308261_front_crop.jpg,1211308261_back_crop.jpg,58,机制银币 > 民国中央 > 袁世凯像 > 民国九年 > 壹圆 > 精发,袁世凯像壹圆
1211308263_front_crop.jpg,1211308263_back_crop.jpg,58,机制银币 > 民国中央 > 袁世凯像 > 民国九年 > 壹圆 > 精发,袁世凯像壹圆
1211308265_front_crop.jpg,1211308265_back_crop.jpg,58,机制银币 > 民国中央 > 袁世凯像 > 民国九年 > 壹圆 > 精发,袁世凯像壹圆
1211308267_front_crop.jpg,1211308267_back_crop.jpg,58,机制银币 > 民国中央 > 袁世凯像 > 民国九年 > 壹圆 > 精发,袁世凯像壹圆
1211308269_front_crop.jpg,1211308269_back_crop.jpg,58,机制银币 > 民国中央 > 袁世凯像 > 民国九年 > 壹圆 > 精发,袁世凯像壹圆
1211308271_front_crop.jpg,1211308271_back_crop.jpg,58,机制银币 > 民国中央 > 袁世凯像 > 民国九年 > 壹圆 > 精发,袁世凯像壹圆
1211308273_front_crop.jpg,1211308273_back_crop.jpg,58,机制银币 > 民国中央 > 袁世凯像 > 民国九年 > 壹圆 > 精发,袁世凯像壹圆
1211308275_front_crop.jpg,1211308275_back_crop.jpg,58,机制银币 > 民国中央 > 袁世凯像 > 民国九年 > 壹圆 > 精发,袁世凯像壹圆
1211308277_front_crop.jpg,1211308277_back_crop.jpg,69,机制银币 > 民国中央 > 孙中山像 > 民国17年 > 壹圆 > 甘肃省造,孙中山像壹圆
1211308313_front_crop.jpg,1211308313_back_crop.jpg,58,机制银币 > 民国中央 > 袁世凯像 > 民国九年 > 壹圆 > 精发,袁世凯像壹圆
1211308341_front_crop.jpg,1211308341_back_crop.jpg,70,机制银币 > 民国中央 > 孙中山像 > 开国纪念 > 壹圆 > 下五星,开国纪念壹圆
1211308343_front_crop.jpg,1211308343_back_crop.jpg,70,机制银币 > 民国中央 > 孙中山像 > 开国纪念 > 壹圆 > 下五星,开国纪念壹圆
1211308345_front_crop.jpg,1211308345_back_crop.jpg,70,机制银币 > 民国中央 > 孙中山像 > 开国纪念 > 壹圆 > 下五星,开国纪念壹圆
1211308347_front_crop.jpg,1211308347_back_crop.jpg,70,机制银币 > 民国中央 > 孙中山像 > 开国纪念 > 壹圆 > 下五星,开国纪念壹圆
1211308349_front_crop.jpg,1211308349_back_crop.jpg,70,机制银币 > 民国中央 > 孙中山像 > 开国纪念 > 壹圆 > 下五星,开国纪念壹圆
1211308351_front_crop.jpg,1211308351_back_crop.jpg,70,机制银币 > 民国中央 > 孙中山像 > 开国纪念 > 壹圆 > 下五星,开国纪念壹圆
1211308353_front_crop.jpg,1211308353_back_crop.jpg,70,机制银币 > 民国中央 > 孙中山像 > 开国纪念 > 壹圆 > 下五星,开国纪念壹圆
1211308355_front_crop.jpg,1211308355_back_crop.jpg,70,机制银币 > 民国中央 > 孙中山像 > 开国纪念 > 壹圆 > 下五星,开国纪念壹圆
1211308357_front_crop.jpg,1211308357_back_crop.jpg,70,机制银币 > 民国中央 > 孙中山像 > 开国纪念 > 壹圆 > 下五星,开国纪念壹圆
1211308359_front_crop.jpg,1211308359_back_crop.jpg,70,机制银币 > 民国中央 > 孙中山像 > 开国纪念 > 壹圆 > 下五星,开国纪念壹圆
1211308361_front_crop.jpg,1211308361_back_crop.jpg,70,机制银币 > 民国中央 > 孙中山像 > 开国纪念 > 壹圆 > 下五星,开国纪念壹圆
1211308363_front_crop.jpg,1211308363_back_crop.jpg,70,机制银币 > 民国中央 > 孙中山像 > 开国纪念 > 壹圆 > 下五星,开国纪念壹圆
1211308365_front_crop.jpg,1211308365_back_crop.jpg,70,机制银币 > 民国中央 > 孙中山像 > 开国纪念 > 壹圆 > 下五星,开国纪念壹圆
1211308367_front_crop.jpg,1211308367_back_crop.jpg,70,机制银币 > 民国中央 > 孙中山像 > 开国纪念 > 壹圆 > 下五星,开国纪念壹圆
1211308369_front_crop.jpg,1211308369_back_crop.jpg,70,机制银币 > 民国中央 > 孙中山像 > 开国纪念 > 壹圆 > 下五星,开国纪念壹圆
1211308371_front_crop.jpg,1211308371_back_crop.jpg,70,机制银币 > 民国中央 > 孙中山像 > 开国纪念 > 壹圆 > 下五星,开国纪念壹圆
1211308373_front_crop.jpg,1211308373_back_crop.jpg,70,机制银币 > 民国中央 > 孙中山像 > 开国纪念 > 壹圆 > 下五星,开国纪念壹圆
1211308375_front_crop.jpg,1211308375_back_crop.jpg,70,机制银币 > 民国中央 > 孙中山像 > 开国纪念 > 壹圆 > 下五星,开国纪念壹圆
1211308377_front_crop.jpg,1211308377_back_crop.jpg,70,机制银币 > 民国中央 > 孙中山像 > 开国纪念 > 壹圆 > 下五星,开国纪念壹圆
1211308379_front_crop.jpg,1211308379_back_crop.jpg,70,机制银币 > 民国中央 > 孙中山像 > 开国纪念 > 壹圆 > 下五星,开国纪念壹圆
1211308387_front_crop.jpg,1211308387_back_crop.jpg,58,机制银币 > 民国中央 > 袁世凯像 > 民国九年 > 壹圆 > 精发,袁世凯像壹圆
1211308389_front_crop.jpg,1211308389_back_crop.jpg,58,机制银币 > 民国中央 > 袁世凯像 > 民国九年 > 壹圆 > 精发,袁世凯像壹圆
1211308391_front_crop.jpg,1211308391_back_crop.jpg,58,机制银币 > 民国中央 > 袁世凯像 > 民国九年 > 壹圆 > 精发,袁世凯像壹圆
1211308393_front_crop.jpg,1211308393_back_crop.jpg,58,机制银币 > 民国中央 > 袁世凯像 > 民国九年 > 壹圆 > 精发,袁世凯像壹圆
1211308395_front_crop.jpg,1211308395_back_crop.jpg,58,机制银币 > 民国中央 > 袁世凯像 > 民国九年 > 壹圆 > 精发,袁世凯像壹圆
1211308397_front_crop.jpg,1211308397_back_crop.jpg,58,机制银币 > 民国中央 > 袁世凯像 > 民国九年 > 壹圆 > 精发,袁世凯像壹圆
1211308399_front_crop.jpg,1211308399_back_crop.jpg,58,机制银币 > 民国中央 > 袁世凯像 > 民国九年 > 壹圆 > 精发,袁世凯像壹圆
1211308401_front_crop.jpg,1211308401_back_crop.jpg,58,机制银币 > 民国中央 > 袁世凯像 > 民国九年 > 壹圆 > 精发,袁世凯像壹圆
1211308403_front_crop.jpg,1211308403_back_crop.jpg,58,机制银币 > 民国中央 > 袁世凯像 > 民国九年 > 壹圆 > 精发,袁世凯像壹圆
1211308405_front_crop.jpg,1211308405_back_crop.jpg,58,机制银币 > 民国中央 > 袁世凯像 > 民国九年 > 壹圆 > 精发,袁世凯像壹圆
1211308417_front_crop.jpg,1211308417_back_crop.jpg,58,机制银币 > 民国中央 > 袁世凯像 > 民国九年 > 壹圆 > 精发,袁世凯像壹圆
1211308419_front_crop.jpg,1211308419_back_crop.jpg,58,机制银币 > 民国中央 > 袁世凯像 > 民国九年 > 壹圆 > 精发,袁世凯像壹圆
1211308421_front_crop.jpg,1211308421_back_crop.jpg,58,机制银币 > 民国中央 > 袁世凯像 > 民国九年 > 壹圆 > 精发,袁世凯像壹圆
1211308423_front_crop.jpg,1211308423_back_crop.jpg,58,机制银币 > 民国中央 > 袁世凯像 > 民国九年 > 壹圆 > 精发,袁世凯像壹圆
1211308425_front_crop.jpg,1211308425_back_crop.jpg,58,机制银币 > 民国中央 > 袁世凯像 > 民国九年 > 壹圆 > 精发,袁世凯像壹圆
1211308427_front_crop.jpg,1211308427_back_crop.jpg,58,机制银币 > 民国中央 > 袁世凯像 > 民国九年 > 壹圆 > 精发,袁世凯像壹圆
1211308429_front_crop.jpg,1211308429_back_crop.jpg,55,机制银币 > 地方省造 > 广东省造 > 光绪元宝 > 三钱六分,广东省造一圆
1211308435_front_crop.jpg,1211308435_back_crop.jpg,0,机制银币 > 地方省造 > 四川省造 > 军政府 > 壹圆 > 普通,四川银币壹圆
1211308437_front_crop.jpg,1211308437_back_crop.jpg,0,机制银币 > 地方省造 > 四川省造 > 军政府 > 壹圆 > 普通,四川银币壹圆
1211308441_front_crop.jpg,1211308441_back_crop.jpg,12,机制银币 > 地方省造 > 云南省造 > 光绪元宝 > 七钱二分 > 老龙,云南省造贰角
1211308443_front_crop.jpg,1211308443_back_crop.jpg,12,机制银币 > 地方省造 > 云南省造 > 光绪元宝 > 七钱二分 > 老龙,云南省造贰角
1211308625_front_crop.jpg,1211308625_back_crop.jpg,18,机制银币 > 地方省造 > 东三省造 > 光绪元宝 > 七钱二分,东三省造二角
1211308627_front_crop.jpg,1211308627_back_crop.jpg,18,机制银币 > 地方省造 > 东三省造 > 光绪元宝 > 七钱二分,东三省造二角
1211308629_front_crop.jpg,1211308629_back_crop.jpg,18,机制银币 > 地方省造 > 东三省造 > 光绪元宝 > 七钱二分,东三省造二角
1211308631_front_crop.jpg,1211308631_back_crop.jpg,18,机制银币 > 地方省造 > 东三省造 > 光绪元宝 > 七钱二分,东三省造二角
1211308633_front_crop.jpg,1211308633_back_crop.jpg,18,机制银币 > 地方省造 > 东三省造 > 光绪元宝 > 七钱二分,东三省造二角
1211308637_front_crop.jpg,1211308637_back_crop.jpg,12,机制银币 > 地方省造 > 云南省造 > 光绪元宝 > 七钱二分 > 老龙,云南省造贰角
1211308641_front_crop.jpg,1211308641_back_crop.jpg,55,机制银币 > 地方省造 > 广东省造 > 光绪元宝 > 三钱六分,广东省造二角
1211308649_front_crop.jpg,1211308649_back_crop.jpg,12,机制银币 > 地方省造 > 云南省造 > 光绪元宝 > 七钱二分 > 老龙,云南省造半圆
1211308655_front_crop.jpg,1211308655_back_crop.jpg,12,机制银币 > 地方省造 > 云南省造 > 光绪元宝 > 七钱二分 > 老龙,云南省造半圆
1211308661_front_crop.jpg,1211308661_back_crop.jpg,12,机制银币 > 地方省造 > 云南省造 > 光绪元宝 > 七钱二分 > 老龙,云南省造半圆
1211308663_front_crop.jpg,1211308663_back_crop.jpg,12,机制银币 > 地方省造 > 云南省造 > 光绪元宝 > 七钱二分 > 老龙,云南省造半圆
1211308665_front_crop.jpg,1211308665_back_crop.jpg,12,机制银币 > 地方省造 > 云南省造 > 光绪元宝 > 七钱二分 > 老龙,云南省造半圆
1211308667_front_crop.jpg,1211308667_back_crop.jpg,12,机制银币 > 地方省造 > 云南省造 > 光绪元宝 > 七钱二分 > 老龙,云南省造半圆
1211308669_front_crop.jpg,1211308669_back_crop.jpg,12,机制银币 > 地方省造 > 云南省造 > 光绪元宝 > 七钱二分 > 老龙,云南省造半圆
1211308671_front_crop.jpg,1211308671_back_crop.jpg,12,机制银币 > 地方省造 > 云南省造 > 光绪元宝 > 七钱二分 > 老龙,云南省造半圆
1211308673_front_crop.jpg,1211308673_back_crop.jpg,12,机制银币 > 地方省造 > 云南省造 > 光绪元宝 > 七钱二分 > 老龙,云南省造半圆
1211308675_front_crop.jpg,1211308675_back_crop.jpg,12,机制银币 > 地方省造 > 云南省造 > 光绪元宝 > 七钱二分 > 老龙,云南省造半圆
1211308679_front_crop.jpg,1211308679_back_crop.jpg,12,机制银币 > 地方省造 > 云南省造 > 光绪元宝 > 七钱二分 > 老龙,云南省造半圆
1211308681_front_crop.jpg,1211308681_back_crop.jpg,12,机制银币 > 地方省造 > 云南省造 > 光绪元宝 > 七钱二分 > 老龙,云南省造半圆
1211308683_front_crop.jpg,1211308683_back_crop.jpg,12,机制银币 > 地方省造 > 云南省造 > 光绪元宝 > 七钱二分 > 老龙,云南省造半圆
1211308685_front_crop.jpg,1211308685_back_crop.jpg,12,机制银币 > 地方省造 > 云南省造 > 光绪元宝 > 七钱二分 > 老龙,云南省造半圆
1211308687_front_crop.jpg,1211308687_back_crop.jpg,12,机制银币 > 地方省造 > 云南省造 > 光绪元宝 > 七钱二分 > 老龙,云南省造半圆
1211308693_front_crop.jpg,1211308693_back_crop.jpg,12,机制银币 > 地方省造 > 云南省造 > 光绪元宝 > 七钱二分 > 老龙,云南省造半圆
1211308699_front_crop.jpg,1211308699_back_crop.jpg,12,机制银币 > 地方省造 > 云南省造 > 光绪元宝 > 七钱二分 > 老龙,云南省造半圆
1211308711_front_crop.jpg,1211308711_back_crop.jpg,12,机制银币 > 地方省造 > 云南省造 > 光绪元宝 > 七钱二分 > 老龙,云南省造半圆
1211308713_front_crop.jpg,1211308713_back_crop.jpg,12,机制银币 > 地方省造 > 云南省造 > 光绪元宝 > 七钱二分 > 老龙,云南省造半圆
1211308717_front_crop.jpg,1211308717_back_crop.jpg,12,机制银币 > 地方省造 > 云南省造 > 光绪元宝 > 七钱二分 > 老龙,云南省造半圆
1211308721_front_crop.jpg,1211308721_back_crop.jpg,4,机制银币 > 地方省造 > 四川省造 > 光绪元宝 > 三钱六分 > 银币,西藏银币三两
1211308725_front_crop.jpg,1211308725_back_crop.jpg,70,机制银币 > 民国中央 > 孙中山像 > 开国纪念 > 壹圆 > 下五星,开国纪念壹圆
1211308727_front_crop.jpg,1211308727_back_crop.jpg,70,机制银币 > 民国中央 > 孙中山像 > 开国纪念 > 壹圆 > 下五星,开国纪念壹圆
1211308733_front_crop.jpg,1211308733_back_crop.jpg,70,机制银币 > 民国中央 > 孙中山像 > 开国纪念 > 壹圆 > 下五星,开国纪念壹圆
1211309163_front_crop.jpg,1211309163_back_crop.jpg,0,机制银币 > 地方省造 > 四川省造 > 军政府 > 壹圆 > 普通,四川银币壹圆
1211309165_front_crop.jpg,1211309165_back_crop.jpg,58,机制银币 > 民国中央 > 袁世凯像 > 民国九年 > 壹圆 > 精发,袁世凯像壹圆
1211309423_front_crop.jpg,1211309423_back_crop.jpg,55,机制银币 > 地方省造 > 广东省造 > 光绪元宝 > 三钱六分,广东省造贰毫
1211309425_front_crop.jpg,1211309425_back_crop.jpg,55,机制银币 > 地方省造 > 广东省造 > 光绪元宝 > 三钱六分,广东省造贰毫
1211309441_front_crop.jpg,1211309441_back_crop.jpg,4,机制银币 > 地方省造 > 四川省造 > 光绪元宝 > 三钱六分 > 银币,西藏银币三两
1211309619_front_crop.jpg,1211309619_back_crop.jpg,7,机制银币 > 地方省造 > 湖北省造 > 光绪元宝 > 七钱二分 > 普通,湖北省造一圆
1211309697_front_crop.jpg,1211309697_back_crop.jpg,69,机制银币 > 民国中央 > 孙中山像 > 民国17年 > 壹圆 > 甘肃省造,孙中山像贰毫
1211309699_front_crop.jpg,1211309699_back_crop.jpg,69,机制银币 > 民国中央 > 孙中山像 > 民国17年 > 壹圆 > 甘肃省造,孙中山像贰毫
1211309701_front_crop.jpg,1211309701_back_crop.jpg,69,机制银币 > 民国中央 > 孙中山像 > 民国17年 > 壹圆 > 甘肃省造,孙中山像贰毫
1211309703_front_crop.jpg,1211309703_back_crop.jpg,69,机制银币 > 民国中央 > 孙中山像 > 民国17年 > 壹圆 > 甘肃省造,孙中山像贰毫
1211309705_front_crop.jpg,1211309705_back_crop.jpg,69,机制银币 > 民国中央 > 孙中山像 > 民国17年 > 壹圆 > 甘肃省造,孙中山像贰毫
1211309707_front_crop.jpg,1211309707_back_crop.jpg,69,机制银币 > 民国中央 > 孙中山像 > 民国17年 > 壹圆 > 甘肃省造,孙中山像贰毫
1211309709_front_crop.jpg,1211309709_back_crop.jpg,69,机制银币 > 民国中央 > 孙中山像 > 民国17年 > 壹圆 > 甘肃省造,孙中山像贰毫
1211309711_front_crop.jpg,1211309711_back_crop.jpg,69,机制银币 > 民国中央 > 孙中山像 > 民国17年 > 壹圆 > 甘肃省造,孙中山像贰毫
1211309713_front_crop.jpg,1211309713_back_crop.jpg,69,机制银币 > 民国中央 > 孙中山像 > 民国17年 > 壹圆 > 甘肃省造,孙中山像贰毫
1211309715_front_crop.jpg,1211309715_back_crop.jpg,69,机制银币 > 民国中央 > 孙中山像 > 民国17年 > 壹圆 > 甘肃省造,孙中山像贰毫
1211309725_front_crop.jpg,1211309725_back_crop.jpg,58,机制银币 > 民国中央 > 袁世凯像 > 民国九年 > 壹圆 > 精发,袁世凯像壹圆
1211309727_front_crop.jpg,1211309727_back_crop.jpg,69,机制银币 > 民国中央 > 孙中山像 > 民国17年 > 壹圆 > 甘肃省造,孙中山像壹圆
1211309741_front_crop.jpg,1211309741_back_crop.jpg,0,机制银币 > 地方省造 > 四川省造 > 军政府 > 壹圆 > 普通,四川银币壹圆
1211309745_front_crop.jpg,1211309745_back_crop.jpg,12,机制银币 > 地方省造 > 云南省造 > 光绪元宝 > 七钱二分 > 老龙,云南省造贰角
1211309747_front_crop.jpg,1211309747_back_crop.jpg,12,机制银币 > 地方省造 > 云南省造 > 光绪元宝 > 七钱二分 > 老龙,云南省造贰角
1211309749_front_crop.jpg,1211309749_back_crop.jpg,12,机制银币 > 地方省造 > 云南省造 > 光绪元宝 > 七钱二分 > 老龙,云南省造贰角
1211309751_front_crop.jpg,1211309751_back_crop.jpg,12,机制银币 > 地方省造 > 云南省造 > 光绪元宝 > 七钱二分 > 老龙,云南省造贰角
1211309753_front_crop.jpg,1211309753_back_crop.jpg,12,机制银币 > 地方省造 > 云南省造 > 光绪元宝 > 七钱二分 > 老龙,云南省造贰角
1211309755_front_crop.jpg,1211309755_back_crop.jpg,12,机制银币 > 地方省造 > 云南省造 > 光绪元宝 > 七钱二分 > 老龙,云南省造贰角
1211309757_front_crop.jpg,1211309757_back_crop.jpg,12,机制银币 > 地方省造 > 云南省造 > 光绪元宝 > 七钱二分 > 老龙,云南省造贰角
1211309759_front_crop.jpg,1211309759_back_crop.jpg,12,机制银币 > 地方省造 > 云南省造 > 光绪元宝 > 七钱二分 > 老龙,云南省造贰角
1211309761_front_crop.jpg,1211309761_back_crop.jpg,12,机制银币 > 地方省造 > 云南省造 > 光绪元宝 > 七钱二分 > 老龙,云南省造贰角
1211309763_front_crop.jpg,1211309763_back_crop.jpg,12,机制银币 > 地方省造 > 云南省造 > 光绪元宝 > 七钱二分 > 老龙,云南省造贰角
1211309765_front_crop.jpg,1211309765_back_crop.jpg,12,机制银币 > 地方省造 > 云南省造 > 光绪元宝 > 七钱二分 > 老龙,云南省造贰角
1211309783_front_crop.jpg,1211309783_back_crop.jpg,70,机制银币 > 民国中央 > 孙中山像 > 开国纪念 > 壹圆 > 下五星,开国纪念壹圆
1211309789_front_crop.jpg,1211309789_back_crop.jpg,58,机制银币 > 民国中央 > 袁世凯像 > 民国九年 > 壹圆 > 精发,袁世凯像壹圆
1211309811_front_crop.jpg,1211309811_back_crop.jpg,12,机制银币 > 地方省造 > 云南省造 > 光绪元宝 > 七钱二分 > 老龙,云南省造贰角
1211309827_front_crop.jpg,1211309827_back_crop.jpg,58,机制银币 > 民国中央 > 袁世凯像 > 民国九年 > 壹圆 > 精发,袁世凯像壹圆
1211309831_front_crop.jpg,1211309831_back_crop.jpg,58,机制银币 > 民国中央 > 袁世凯像 > 民国九年 > 壹圆 > 精发,袁世凯像壹圆
1211309861_front_crop.jpg,1211309861_back_crop.jpg,58,机制银币 > 民国中央 > 袁世凯像 > 民国九年 > 壹圆 > 精发,袁世凯像壹圆
1211401623_front_crop.jpg,1211401623_back_crop.jpg,55,机制银币 > 地方省造 > 广东省造 > 光绪元宝 > 三钱六分,广东省造二角
1211401629_front_crop.jpg,1211401629_back_crop.jpg,18,机制银币 > 地方省造 > 东三省造 > 光绪元宝 > 七钱二分,东三省造二角
1211401631_front_crop.jpg,1211401631_back_crop.jpg,18,机制银币 > 地方省造 > 东三省造 > 光绪元宝 > 七钱二分,东三省造二角
1211401637_front_crop.jpg,1211401637_back_crop.jpg,6,机制银币 > 地方省造 > 四川省造 > 光绪元宝 > 七钱二分 > 四角龙,奉天省造二角
1211401639_front_crop.jpg,1211401639_back_crop.jpg,18,机制银币 > 地方省造 > 东三省造 > 光绪元宝 > 七钱二分,东三省造二角
1211401643_front_crop.jpg,1211401643_back_crop.jpg,12,机制银币 > 地方省造 > 云南省造 > 光绪元宝 > 七钱二分 > 老龙,云南省造半圆
1211401649_front_crop.jpg,1211401649_back_crop.jpg,55,机制银币 > 地方省造 > 广东省造 > 光绪元宝 > 三钱六分,广东省造二角
1211401655_front_crop.jpg,1211401655_back_crop.jpg,18,机制银币 > 地方省造 > 东三省造 > 光绪元宝 > 七钱二分,东三省造二角
1211401669_front_crop.jpg,1211401669_back_crop.jpg,18,机制银币 > 地方省造 > 东三省造 > 光绪元宝 > 七钱二分,东三省造二角
1211401675_front_crop.jpg,1211401675_back_crop.jpg,18,机制银币 > 地方省造 > 东三省造 > 光绪元宝 > 七钱二分,东三省造二角
1211401677_front_crop.jpg,1211401677_back_crop.jpg,7,机制银币 > 地方省造 > 湖北省造 > 光绪元宝 > 七钱二分 > 普通,湖北省造二角
1211401683_front_crop.jpg,1211401683_back_crop.jpg,7,机制银币 > 地方省造 > 湖北省造 > 光绪元宝 > 七钱二分 > 普通,湖北省造二角
1211401693_front_crop.jpg,1211401693_back_crop.jpg,7,机制银币 > 地方省造 > 湖北省造 > 光绪元宝 > 七钱二分 > 普通,湖北省造一角
1211401695_front_crop.jpg,1211401695_back_crop.jpg,18,机制银币 > 地方省造 > 东三省造 > 光绪元宝 > 七钱二分,东三省造二角
1211401699_front_crop.jpg,1211401699_back_crop.jpg,18,机制银币 > 地方省造 > 东三省造 > 光绪元宝 > 七钱二分,东三省造二角
1211401701_front_crop.jpg,1211401701_back_crop.jpg,12,机制银币 > 地方省造 > 云南省造 > 光绪元宝 > 七钱二分 > 老龙,云南省造半圆
1211401709_front_crop.jpg,1211401709_back_crop.jpg,9,机制银币 > 地方省造 > 湖北省造 > 双龙 > 一两 > 小字,西藏银币十两
1211401723_front_crop.jpg,1211401723_back_crop.jpg,46,机制银币 > 地方省造 > 北洋造 > 光绪24年 > 壹圆,北洋局造一圆
1211401725_front_crop.jpg,1211401725_back_crop.jpg,58,机制银币 > 民国中央 > 袁世凯像 > 民国九年 > 壹圆 > 精发,袁世凯像壹圆
1211401727_front_crop.jpg,1211401727_back_crop.jpg,58,机制银币 > 民国中央 > 袁世凯像 > 民国九年 > 壹圆 > 精发,袁世凯像壹圆
1211401731_front_crop.jpg,1211401731_back_crop.jpg,58,机制银币 > 民国中央 > 袁世凯像 > 民国九年 > 壹圆 > 精发,袁世凯像壹圆
1211401765_front_crop.jpg,1211401765_back_crop.jpg,58,机制银币 > 民国中央 > 袁世凯像 > 民国九年 > 壹圆 > 精发,袁世凯像壹圆
1211401767_front_crop.jpg,1211401767_back_crop.jpg,58,机制银币 > 民国中央 > 袁世凯像 > 民国九年 > 壹圆 > 精发,袁世凯像壹圆
1211401769_front_crop.jpg,1211401769_back_crop.jpg,58,机制银币 > 民国中央 > 袁世凯像 > 民国九年 > 壹圆 > 精发,袁世凯像壹圆
1211401771_front_crop.jpg,1211401771_back_crop.jpg,58,机制银币 > 民国中央 > 袁世凯像 > 民国九年 > 壹圆 > 精发,袁世凯像壹圆
1211401773_front_crop.jpg,1211401773_back_crop.jpg,58,机制银币 > 民国中央 > 袁世凯像 > 民国九年 > 壹圆 > 精发,袁世凯像壹圆
1211401775_front_crop.jpg,1211401775_back_crop.jpg,58,机制银币 > 民国中央 > 袁世凯像 > 民国九年 > 壹圆 > 精发,袁世凯像壹圆
1211401777_front_crop.jpg,1211401777_back_crop.jpg,58,机制银币 > 民国中央 > 袁世凯像 > 民国九年 > 壹圆 > 精发,袁世凯像壹圆
1211401779_front_crop.jpg,1211401779_back_crop.jpg,58,机制银币 > 民国中央 > 袁世凯像 > 民国九年 > 壹圆 > 精发,袁世凯像壹圆
1211401781_front_crop.jpg,1211401781_back_crop.jpg,58,机制银币 > 民国中央 > 袁世凯像 > 民国九年 > 壹圆 > 精发,袁世凯像壹圆
1211401783_front_crop.jpg,1211401783_back_crop.jpg,58,机制银币 > 民国中央 > 袁世凯像 > 民国九年 > 壹圆 > 精发,袁世凯像壹圆
1211401791_front_crop.jpg,1211401791_back_crop.jpg,70,机制银币 > 民国中央 > 孙中山像 > 开国纪念 > 壹圆 > 下五星,开国纪念壹圆
1211401793_front_crop.jpg,1211401793_back_crop.jpg,70,机制银币 > 民国中央 > 孙中山像 > 开国纪念 > 壹圆 > 下五星,开国纪念壹圆
1211401811_front_crop.jpg,1211401811_back_crop.jpg,70,机制银币 > 民国中央 > 孙中山像 > 开国纪念 > 壹圆 > 下五星,开国纪念壹圆
1211401813_front_crop.jpg,1211401813_back_crop.jpg,70,机制银币 > 民国中央 > 孙中山像 > 开国纪念 > 壹圆 > 下五星,开国纪念壹圆
1211401815_front_crop.jpg,1211401815_back_crop.jpg,70,机制银币 > 民国中央 > 孙中山像 > 开国纪念 > 壹圆 > 下五星,开国纪念壹圆
1211401817_front_crop.jpg,1211401817_back_crop.jpg,70,机制银币 > 民国中央 > 孙中山像 > 开国纪念 > 壹圆 > 下五星,开国纪念壹圆
1211401819_front_crop.jpg,1211401819_back_crop.jpg,70,机制银币 > 民国中央 > 孙中山像 > 开国纪念 > 壹圆 > 下五星,开国纪念壹圆
1211401821_front_crop.jpg,1211401821_back_crop.jpg,70,机制银币 > 民国中央 > 孙中山像 > 开国纪念 > 壹圆 > 下五星,开国纪念壹圆
1211401823_front_crop.jpg,1211401823_back_crop.jpg,70,机制银币 > 民国中央 > 孙中山像 > 开国纪念 > 壹圆 > 下五星,开国纪念壹圆
1211401825_front_crop.jpg,1211401825_back_crop.jpg,70,机制银币 > 民国中央 > 孙中山像 > 开国纪念 > 壹圆 > 下五星,开国纪念壹圆
1211401827_front_crop.jpg,1211401827_back_crop.jpg,70,机制银币 > 民国中央 > 孙中山像 > 开国纪念 > 壹圆 > 下五星,开国纪念壹圆
1211401829_front_crop.jpg,1211401829_back_crop.jpg,70,机制银币 > 民国中央 > 孙中山像 > 开国纪念 > 壹圆 > 下五星,开国纪念壹圆
1211401831_front_crop.jpg,1211401831_back_crop.jpg,70,机制银币 > 民国中央 > 孙中山像 > 开国纪念 > 壹圆 > 下五星,开国纪念壹圆
1211401833_front_crop.jpg,1211401833_back_crop.jpg,70,机制银币 > 民国中央 > 孙中山像 > 开国纪念 > 壹圆 > 下五星,开国纪念壹圆
1211401841_front_crop.jpg,1211401841_back_crop.jpg,70,机制银币 > 民国中央 > 孙中山像 > 开国纪念 > 壹圆 > 下五星,开国纪念壹圆
1211401847_front_crop.jpg,1211401847_back_crop.jpg,70,机制银币 > 民国中央 > 孙中山像 > 开国纪念 > 壹圆 > 下五星,开国纪念壹圆
1211401849_front_crop.jpg,1211401849_back_crop.jpg,70,机制银币 > 民国中央 > 孙中山像 > 开国纪念 > 壹圆 > 下五星,开国纪念壹圆
1211401851_front_crop.jpg,1211401851_back_crop.jpg,70,机制银币 > 民国中央 > 孙中山像 > 开国纪念 > 壹圆 > 下五星,开国纪念壹圆
1211401853_front_crop.jpg,1211401853_back_crop.jpg,70,机制银币 > 民国中央 > 孙中山像 > 开国纪念 > 壹圆 > 下五星,开国纪念壹圆
1211401855_front_crop.jpg,1211401855_back_crop.jpg,70,机制银币 > 民国中央 > 孙中山像 > 开国纪念 > 壹圆 > 下五星,开国纪念壹圆
1211401857_front_crop.jpg,1211401857_back_crop.jpg,70,机制银币 > 民国中央 > 孙中山像 > 开国纪念 > 壹圆 > 下五星,开国纪念壹圆
1211401859_front_crop.jpg,1211401859_back_crop.jpg,70,机制银币 > 民国中央 > 孙中山像 > 开国纪念 > 壹圆 > 下五星,开国纪念壹圆
1211401861_front_crop.jpg,1211401861_back_crop.jpg,70,机制银币 > 民国中央 > 孙中山像 > 开国纪念 > 壹圆 > 下五星,开国纪念壹圆
1211401863_front_crop.jpg,1211401863_back_crop.jpg,70,机制银币 > 民国中央 > 孙中山像 > 开国纪念 > 壹圆 > 下五星,开国纪念壹圆
1211401865_front_crop.jpg,1211401865_back_crop.jpg,70,机制银币 > 民国中央 > 孙中山像 > 开国纪念 > 壹圆 > 下五星,开国纪念壹圆
1211401869_front_crop.jpg,1211401869_back_crop.jpg,58,机制银币 > 民国中央 > 袁世凯像 > 民国九年 > 壹圆 > 精发,袁世凯像壹圆
1211401873_front_crop.jpg,1211401873_back_crop.jpg,58,机制银币 > 民国中央 > 袁世凯像 > 民国九年 > 壹圆 > 精发,袁世凯像壹圆
1211401887_front_crop.jpg,1211401887_back_crop.jpg,58,机制银币 > 民国中央 > 袁世凯像 > 民国九年 > 壹圆 > 精发,袁世凯像壹圆
1211401891_front_crop.jpg,1211401891_back_crop.jpg,58,机制银币 > 民国中央 > 袁世凯像 > 民国九年 > 壹圆 > 精发,袁世凯像壹圆
1211401893_front_crop.jpg,1211401893_back_crop.jpg,58,机制银币 > 民国中央 > 袁世凯像 > 民国九年 > 壹圆 > 精发,袁世凯像壹圆
1211401895_front_crop.jpg,1211401895_back_crop.jpg,7,机制银币 > 地方省造 > 湖北省造 > 光绪元宝 > 七钱二分 > 普通,湖北省造一圆
1211401925_front_crop.jpg,1211401925_back_crop.jpg,46,机制银币 > 地方省造 > 北洋造 > 光绪24年 > 壹圆,北洋局造一圆
1211401927_front_crop.jpg,1211401927_back_crop.jpg,12,机制银币 > 地方省造 > 云南省造 > 光绪元宝 > 七钱二分 > 老龙,云南省造半圆
1211401933_front_crop.jpg,1211401933_back_crop.jpg,9,机制银币 > 地方省造 > 湖北省造 > 双龙 > 一两 > 小字,西藏银币十两
1211401935_front_crop.jpg,1211401935_back_crop.jpg,9,机制银币 > 地方省造 > 湖北省造 > 双龙 > 一两 > 小字,西藏银币十两
1211401937_front_crop.jpg,1211401937_back_crop.jpg,9,机制银币 > 地方省造 > 湖北省造 > 双龙 > 一两 > 小字,西藏银币十两
1211401941_front_crop.jpg,1211401941_back_crop.jpg,91,机制银币 > 纪念章 > 孙中山像,西藏章嘎嘎布
1211401945_front_crop.jpg,1211401945_back_crop.jpg,91,机制银币 > 纪念章 > 孙中山像,西藏章嘎嘎布
1211401953_front_crop.jpg,1211401953_back_crop.jpg,58,机制银币 > 民国中央 > 袁世凯像 > 民国九年 > 壹圆 > 精发,袁世凯像壹圆
1211401955_front_crop.jpg,1211401955_back_crop.jpg,12,机制银币 > 地方省造 > 云南省造 > 光绪元宝 > 七钱二分 > 老龙,云南省造半圆
1211401963_front_crop.jpg,1211401963_back_crop.jpg,58,机制银币 > 民国中央 > 袁世凯像 > 民国九年 > 壹圆 > 精发,袁世凯像壹圆
1211401965_front_crop.jpg,1211401965_back_crop.jpg,58,机制银币 > 民国中央 > 袁世凯像 > 民国九年 > 壹圆 > 精发,袁世凯像壹圆
1211401977_front_crop.jpg,1211401977_back_crop.jpg,70,机制银币 > 民国中央 > 孙中山像 > 开国纪念 > 壹圆 > 下五星,开国纪念壹圆
1211402017_front_crop.jpg,1211402017_back_crop.jpg,69,机制银币 > 民国中央 > 孙中山像 > 民国17年 > 壹圆 > 甘肃省造,孙中山像壹圆
1211402071_front_crop.jpg,1211402071_back_crop.jpg,87,机制银币 > 清代中央 > 光绪年造 > 丁未大清银币 > 壹圆,大清银币壹圆
1211402073_front_crop.jpg,1211402073_back_crop.jpg,87,机制银币 > 清代中央 > 光绪年造 > 丁未大清银币 > 壹圆,大清银币壹圆
1211402075_front_crop.jpg,1211402075_back_crop.jpg,87,机制银币 > 清代中央 > 光绪年造 > 丁未大清银币 > 壹圆,大清银币壹圆
1211402077_front_crop.jpg,1211402077_back_crop.jpg,46,机制银币 > 地方省造 > 北洋造 > 光绪24年 > 壹圆,北洋局造一圆
1211402081_front_crop.jpg,1211402081_back_crop.jpg,27,机制银币 > 地方省造 > 江南省造 > 甲辰 > 七钱二分 > 普通,江南省造一圆
1211402087_front_crop.jpg,1211402087_back_crop.jpg,19,机制银币 > 地方省造 > 吉林省造 > 戊申 > 七钱二分 > 中心满文,吉林省造半圆
1211402089_front_crop.jpg,1211402089_back_crop.jpg,58,机制银币 > 民国中央 > 袁世凯像 > 民国九年 > 壹圆 > 精发,袁世凯像壹圆
1211402093_front_crop.jpg,1211402093_back_crop.jpg,2,机制银币 > 地方省造 > 四川省造 > 光绪帝像 > 卢比 > 一期,光绪银圆喀造伍钱
1211402097_front_crop.jpg,1211402097_back_crop.jpg,58,机制银币 > 民国中央 > 袁世凯像 > 民国九年 > 壹圆 > 精发,袁世凯像壹圆
1211402099_front_crop.jpg,1211402099_back_crop.jpg,58,机制银币 > 民国中央 > 袁世凯像 > 民国九年 > 壹圆 > 精发,袁世凯像壹圆
1211402101_front_crop.jpg,1211402101_back_crop.jpg,58,机制银币 > 民国中央 > 袁世凯像 > 民国九年 > 壹圆 > 精发,袁世凯像壹圆
1211402103_front_crop.jpg,1211402103_back_crop.jpg,58,机制银币 > 民国中央 > 袁世凯像 > 民国九年 > 壹圆 > 精发,袁世凯像壹圆
1211402111_front_crop.jpg,1211402111_back_crop.jpg,69,机制银币 > 民国中央 > 孙中山像 > 民国17年 > 壹圆 > 甘肃省造,孙中山像壹圆
1211402113_front_crop.jpg,1211402113_back_crop.jpg,7,机制银币 > 地方省造 > 湖北省造 > 光绪元宝 > 七钱二分 > 普通,湖北省造一圆
1211402115_front_crop.jpg,1211402115_back_crop.jpg,7,机制银币 > 地方省造 > 湖北省造 > 光绪元宝 > 七钱二分 > 普通,湖北省造一圆
1211402119_front_crop.jpg,1211402119_back_crop.jpg,0,机制银币 > 地方省造 > 四川省造 > 军政府 > 壹圆 > 普通,四川省造一圆
1211402135_front_crop.jpg,1211402135_back_crop.jpg,87,机制银币 > 清代中央 > 光绪年造 > 丁未大清银币 > 壹圆,大清银币壹圆
1211402137_front_crop.jpg,1211402137_back_crop.jpg,52,机制银币 > 地方省造 > 新疆省造 > 造币厂铸 > 壹圆 > 尖足1,新疆迪化壹两
1211402139_front_crop.jpg,1211402139_back_crop.jpg,85,机制银币 > 纪念币 > 唐继尧像 > 拥护共和 > 三钱六分 > 正像,唐继尧像半圆
1211402145_front_crop.jpg,1211402145_back_crop.jpg,58,机制银币 > 民国中央 > 袁世凯像 > 民国九年 > 壹圆 > 精发,袁世凯像贰角
1211402155_front_crop.jpg,1211402155_back_crop.jpg,58,机制银币 > 民国中央 > 袁世凯像 > 民国九年 > 壹圆 > 精发,袁世凯像壹圆
1211402169_front_crop.jpg,1211402169_back_crop.jpg,12,机制银币 > 地方省造 > 云南省造 > 光绪元宝 > 七钱二分 > 老龙,云南省造半圆
1211402175_front_crop.jpg,1211402175_back_crop.jpg,58,机制银币 > 民国中央 > 袁世凯像 > 民国九年 > 壹圆 > 精发,袁世凯像壹圆
1211402181_front_crop.jpg,1211402181_back_crop.jpg,12,机制银币 > 地方省造 > 云南省造 > 光绪元宝 > 七钱二分 > 老龙,云南省造半圆
1211402183_front_crop.jpg,1211402183_back_crop.jpg,12,机制银币 > 地方省造 > 云南省造 > 光绪元宝 > 七钱二分 > 老龙,云南省造半圆
1211402187_front_crop.jpg,1211402187_back_crop.jpg,58,机制银币 > 民国中央 > 袁世凯像 > 民国九年 > 壹圆 > 精发,袁世凯像壹圆
1211402207_front_crop.jpg,1211402207_back_crop.jpg,85,机制银币 > 纪念币 > 唐继尧像 > 拥护共和 > 三钱六分 > 正像,唐继尧像半圆
1211402225_front_crop.jpg,1211402225_back_crop.jpg,70,机制银币 > 民国中央 > 孙中山像 > 开国纪念 > 壹圆 > 下五星,开国纪念壹圆
1211402249_front_crop.jpg,1211402249_back_crop.jpg,12,机制银币 > 地方省造 > 云南省造 > 光绪元宝 > 七钱二分 > 老龙,云南省造贰角
1211402251_front_crop.jpg,1211402251_back_crop.jpg,90,机制银币 > 中华苏维埃 > 苏维埃 > 1932 > 贰角,福建中华二角
1211402253_front_crop.jpg,1211402253_back_crop.jpg,55,机制银币 > 地方省造 > 广东省造 > 光绪元宝 > 三钱六分,广东省造壹毫
1211402259_front_crop.jpg,1211402259_back_crop.jpg,58,机制银币 > 民国中央 > 袁世凯像 > 民国九年 > 壹圆 > 精发,袁世凯像壹圆
1211402283_front_crop.jpg,1211402283_back_crop.jpg,58,机制银币 > 民国中央 > 袁世凯像 > 民国九年 > 壹圆 > 精发,袁世凯像壹圆
1211402297_front_crop.jpg,1211402297_back_crop.jpg,70,机制银币 > 民国中央 > 孙中山像 > 开国纪念 > 壹圆 > 下五星,开国纪念壹圆
1211402325_front_crop.jpg,1211402325_back_crop.jpg,58,机制银币 > 民国中央 > 袁世凯像 > 民国九年 > 壹圆 > 精发,袁世凯像壹圆
1211402333_front_crop.jpg,1211402333_back_crop.jpg,58,机制银币 > 民国中央 > 袁世凯像 > 民国九年 > 壹圆 > 精发,袁世凯像壹圆
1211402335_front_crop.jpg,1211402335_back_crop.jpg,58,机制银币 > 民国中央 > 袁世凯像 > 民国九年 > 壹圆 > 精发,袁世凯像壹圆
1211402343_front_crop.jpg,1211402343_back_crop.jpg,46,机制银币 > 地方省造 > 北洋造 > 光绪24年 > 壹圆,北洋局造一圆
1211402349_front_crop.jpg,1211402349_back_crop.jpg,85,机制银币 > 纪念币 > 唐继尧像 > 拥护共和 > 三钱六分 > 正像,唐继尧像半圆
1211402353_front_crop.jpg,1211402353_back_crop.jpg,69,机制银币 > 民国中央 > 孙中山像 > 民国17年 > 壹圆 > 甘肃省造,孙中山像壹圆
1211402361_front_crop.jpg,1211402361_back_crop.jpg,58,机制银币 > 民国中央 > 袁世凯像 > 民国九年 > 壹圆 > 精发,袁世凯像壹圆
1211402369_front_crop.jpg,1211402369_back_crop.jpg,12,机制银币 > 地方省造 > 云南省造 > 光绪元宝 > 七钱二分 > 老龙,云南省造半圆
1211402371_front_crop.jpg,1211402371_back_crop.jpg,12,机制银币 > 地方省造 > 云南省造 > 光绪元宝 > 七钱二分 > 老龙,云南省造半圆
1211402373_front_crop.jpg,1211402373_back_crop.jpg,12,机制银币 > 地方省造 > 云南省造 > 光绪元宝 > 七钱二分 > 老龙,云南省造半圆
1211402377_front_crop.jpg,1211402377_back_crop.jpg,9,机制银币 > 地方省造 > 湖北省造 > 双龙 > 一两 > 小字,湖北双龙壹两
1211402391_front_crop.jpg,1211402391_back_crop.jpg,12,机制银币 > 地方省造 > 云南省造 > 光绪元宝 > 七钱二分 > 老龙,云南省造半圆
1211402393_front_crop.jpg,1211402393_back_crop.jpg,12,机制银币 > 地方省造 > 云南省造 > 光绪元宝 > 七钱二分 > 老龙,云南省造半圆
1211402395_front_crop.jpg,1211402395_back_crop.jpg,12,机制银币 > 地方省造 > 云南省造 > 光绪元宝 > 七钱二分 > 老龙,云南省造半圆
1211402397_front_crop.jpg,1211402397_back_crop.jpg,12,机制银币 > 地方省造 > 云南省造 > 光绪元宝 > 七钱二分 > 老龙,云南省造半圆
1211402399_front_crop.jpg,1211402399_back_crop.jpg,12,机制银币 > 地方省造 > 云南省造 > 光绪元宝 > 七钱二分 > 老龙,云南省造半圆
1211402401_front_crop.jpg,1211402401_back_crop.jpg,12,机制银币 > 地方省造 > 云南省造 > 光绪元宝 > 七钱二分 > 老龙,云南省造半圆
1211402403_front_crop.jpg,1211402403_back_crop.jpg,12,机制银币 > 地方省造 > 云南省造 > 光绪元宝 > 七钱二分 > 老龙,云南省造半圆
1211402405_front_crop.jpg,1211402405_back_crop.jpg,12,机制银币 > 地方省造 > 云南省造 > 光绪元宝 > 七钱二分 > 老龙,云南省造半圆
1211402407_front_crop.jpg,1211402407_back_crop.jpg,12,机制银币 > 地方省造 > 云南省造 > 光绪元宝 > 七钱二分 > 老龙,云南省造半圆
1211402409_front_crop.jpg,1211402409_back_crop.jpg,12,机制银币 > 地方省造 > 云南省造 > 光绪元宝 > 七钱二分 > 老龙,云南省造半圆
1211402411_front_crop.jpg,1211402411_back_crop.jpg,12,机制银币 > 地方省造 > 云南省造 > 光绪元宝 > 七钱二分 > 老龙,云南省造半圆
1211402413_front_crop.jpg,1211402413_back_crop.jpg,12,机制银币 > 地方省造 > 云南省造 > 光绪元宝 > 七钱二分 > 老龙,云南省造半圆
1211402415_front_crop.jpg,1211402415_back_crop.jpg,12,机制银币 > 地方省造 > 云南省造 > 光绪元宝 > 七钱二分 > 老龙,云南省造半圆
1211402417_front_crop.jpg,1211402417_back_crop.jpg,12,机制银币 > 地方省造 > 云南省造 > 光绪元宝 > 七钱二分 > 老龙,云南省造半圆
1211402419_front_crop.jpg,1211402419_back_crop.jpg,12,机制银币 > 地方省造 > 云南省造 > 光绪元宝 > 七钱二分 > 老龙,云南省造半圆
1211402421_front_crop.jpg,1211402421_back_crop.jpg,12,机制银币 > 地方省造 > 云南省造 > 光绪元宝 > 七钱二分 > 老龙,云南省造半圆
1211402423_front_crop.jpg,1211402423_back_crop.jpg,12,机制银币 > 地方省造 > 云南省造 > 光绪元宝 > 七钱二分 > 老龙,云南省造半圆
1211402425_front_crop.jpg,1211402425_back_crop.jpg,12,机制银币 > 地方省造 > 云南省造 > 光绪元宝 > 七钱二分 > 老龙,云南省造半圆
1211402427_front_crop.jpg,1211402427_back_crop.jpg,12,机制银币 > 地方省造 > 云南省造 > 光绪元宝 > 七钱二分 > 老龙,云南省造半圆
1211402449_front_crop.jpg,1211402449_back_crop.jpg,46,机制银币 > 地方省造 > 北洋造 > 光绪24年 > 壹圆,北洋局造一圆
1211402451_front_crop.jpg,1211402451_back_crop.jpg,58,机制银币 > 民国中央 > 袁世凯像 > 民国九年 > 壹圆 > 精发,袁世凯像壹圆
1211402457_front_crop.jpg,1211402457_back_crop.jpg,58,机制银币 > 民国中央 > 袁世凯像 > 民国九年 > 壹圆 > 精发,袁世凯像壹圆
1211402469_front_crop.jpg,1211402469_back_crop.jpg,70,机制银币 > 民国中央 > 孙中山像 > 开国纪念 > 壹圆 > 下五星,开国纪念壹圆
1211402473_front_crop.jpg,1211402473_back_crop.jpg,58,机制银币 > 民国中央 > 袁世凯像 > 民国九年 > 壹圆 > 精发,袁世凯像壹圆
1211402551_front_crop.jpg,1211402551_back_crop.jpg,58,机制银币 > 民国中央 > 袁世凯像 > 民国九年 > 壹圆 > 精发,袁世凯像壹圆
1211402559_front_crop.jpg,1211402559_back_crop.jpg,58,机制银币 > 民国中央 > 袁世凯像 > 民国九年 > 壹圆 > 精发,袁世凯像壹圆
1211402561_front_crop.jpg,1211402561_back_crop.jpg,58,机制银币 > 民国中央 > 袁世凯像 > 民国九年 > 壹圆 > 精发,袁世凯像壹圆
1211402563_front_crop.jpg,1211402563_back_crop.jpg,58,机制银币 > 民国中央 > 袁世凯像 > 民国九年 > 壹圆 > 精发,袁世凯像壹圆
1211402575_front_crop.jpg,1211402575_back_crop.jpg,0,机制银币 > 地方省造 > 四川省造 > 军政府 > 壹圆 > 普通,四川省造卢比
1211402621_front_crop.jpg,1211402621_back_crop.jpg,12,机制银币 > 地方省造 > 云南省造 > 光绪元宝 > 七钱二分 > 老龙,云南省造二角
1211402643_front_crop.jpg,1211402643_back_crop.jpg,18,机制银币 > 地方省造 > 东三省造 > 光绪元宝 > 七钱二分,东三省造二角
1211402681_front_crop.jpg,1211402681_back_crop.jpg,58,机制银币 > 民国中央 > 袁世凯像 > 民国九年 > 壹圆 > 精发,袁世凯像壹圆
1211402761_front_crop.jpg,1211402761_back_crop.jpg,91,机制银币 > 纪念章 > 孙中山像,西藏章嘎嘎布
1211402773_front_crop.jpg,1211402773_back_crop.jpg,55,机制银币 > 地方省造 > 广东省造 > 光绪元宝 > 三钱六分,广东省造贰毫
1211402781_front_crop.jpg,1211402781_back_crop.jpg,69,机制银币 > 民国中央 > 孙中山像 > 民国17年 > 壹圆 > 甘肃省造,孙中山像壹圆
1211402785_front_crop.jpg,1211402785_back_crop.jpg,58,机制银币 > 民国中央 > 袁世凯像 > 民国九年 > 壹圆 > 精发,袁世凯像贰角
1211402787_front_crop.jpg,1211402787_back_crop.jpg,0,机制银币 > 地方省造 > 四川省造 > 军政府 > 壹圆 > 普通,四川银币壹圆
1211402791_front_crop.jpg,1211402791_back_crop.jpg,58,机制银币 > 民国中央 > 袁世凯像 > 民国九年 > 壹圆 > 精发,袁世凯像壹圆
1211402845_front_crop.jpg,1211402845_back_crop.jpg,58,机制银币 > 民国中央 > 袁世凯像 > 民国九年 > 壹圆 > 精发,袁世凯像壹圆
1211402853_front_crop.jpg,1211402853_back_crop.jpg,58,机制银币 > 民国中央 > 袁世凯像 > 民国九年 > 壹圆 > 精发,袁世凯像壹圆
1211402859_front_crop.jpg,1211402859_back_crop.jpg,70,机制银币 > 民国中央 > 孙中山像 > 开国纪念 > 壹圆 > 下五星,开国纪念壹圆
1211402867_front_crop.jpg,1211402867_back_crop.jpg,12,机制银币 > 地方省造 > 云南省造 > 光绪元宝 > 七钱二分 > 老龙,云南省造半圆
1211402869_front_crop.jpg,1211402869_back_crop.jpg,12,机制银币 > 地方省造 > 云南省造 > 光绪元宝 > 七钱二分 > 老龙,云南省造半圆
1211402871_front_crop.jpg,1211402871_back_crop.jpg,12,机制银币 > 地方省造 > 云南省造 > 光绪元宝 > 七钱二分 > 老龙,云南省造半圆
1211402873_front_crop.jpg,1211402873_back_crop.jpg,12,机制银币 > 地方省造 > 云南省造 > 光绪元宝 > 七钱二分 > 老龙,云南省造半圆
1211402875_front_crop.jpg,1211402875_back_crop.jpg,12,机制银币 > 地方省造 > 云南省造 > 光绪元宝 > 七钱二分 > 老龙,云南省造半圆
1211402877_front_crop.jpg,1211402877_back_crop.jpg,12,机制银币 > 地方省造 > 云南省造 > 光绪元宝 > 七钱二分 > 老龙,云南省造半圆
1211402879_front_crop.jpg,1211402879_back_crop.jpg,12,机制银币 > 地方省造 > 云南省造 > 光绪元宝 > 七钱二分 > 老龙,云南省造半圆
1211402881_front_crop.jpg,1211402881_back_crop.jpg,12,机制银币 > 地方省造 > 云南省造 > 光绪元宝 > 七钱二分 > 老龙,云南省造半圆
1211402883_front_crop.jpg,1211402883_back_crop.jpg,12,机制银币 > 地方省造 > 云南省造 > 光绪元宝 > 七钱二分 > 老龙,云南省造半圆
1211402885_front_crop.jpg,1211402885_back_crop.jpg,12,机制银币 > 地方省造 > 云南省造 > 光绪元宝 > 七钱二分 > 老龙,云南省造半圆
1211402887_front_crop.jpg,1211402887_back_crop.jpg,12,机制银币 > 地方省造 > 云南省造 > 光绪元宝 > 七钱二分 > 老龙,云南省造半圆
1211402889_front_crop.jpg,1211402889_back_crop.jpg,12,机制银币 > 地方省造 > 云南省造 > 光绪元宝 > 七钱二分 > 老龙,云南省造半圆
1211402891_front_crop.jpg,1211402891_back_crop.jpg,12,机制银币 > 地方省造 > 云南省造 > 光绪元宝 > 七钱二分 > 老龙,云南省造半圆
1211402893_front_crop.jpg,1211402893_back_crop.jpg,12,机制银币 > 地方省造 > 云南省造 > 光绪元宝 > 七钱二分 > 老龙,云南省造半圆
1211402895_front_crop.jpg,1211402895_back_crop.jpg,12,机制银币 > 地方省造 > 云南省造 > 光绪元宝 > 七钱二分 > 老龙,云南省造半圆
1211402897_front_crop.jpg,1211402897_back_crop.jpg,12,机制银币 > 地方省造 > 云南省造 > 光绪元宝 > 七钱二分 > 老龙,云南省造半圆
1211402899_front_crop.jpg,1211402899_back_crop.jpg,12,机制银币 > 地方省造 > 云南省造 > 光绪元宝 > 七钱二分 > 老龙,云南省造半圆
1211402901_front_crop.jpg,1211402901_back_crop.jpg,12,机制银币 > 地方省造 > 云南省造 > 光绪元宝 > 七钱二分 > 老龙,云南省造半圆
1211402903_front_crop.jpg,1211402903_back_crop.jpg,12,机制银币 > 地方省造 > 云南省造 > 光绪元宝 > 七钱二分 > 老龙,云南省造半圆
1211402905_front_crop.jpg,1211402905_back_crop.jpg,12,机制银币 > 地方省造 > 云南省造 > 光绪元宝 > 七钱二分 > 老龙,云南省造半圆
1211402907_front_crop.jpg,1211402907_back_crop.jpg,12,机制银币 > 地方省造 > 云南省造 > 光绪元宝 > 七钱二分 > 老龙,云南省造半圆
1211402909_front_crop.jpg,1211402909_back_crop.jpg,12,机制银币 > 地方省造 > 云南省造 > 光绪元宝 > 七钱二分 > 老龙,云南省造半圆
1211402911_front_crop.jpg,1211402911_back_crop.jpg,12,机制银币 > 地方省造 > 云南省造 > 光绪元宝 > 七钱二分 > 老龙,云南省造半圆
1211402913_front_crop.jpg,1211402913_back_crop.jpg,12,机制银币 > 地方省造 > 云南省造 > 光绪元宝 > 七钱二分 > 老龙,云南省造半圆
1211402915_front_crop.jpg,1211402915_back_crop.jpg,12,机制银币 > 地方省造 > 云南省造 > 光绪元宝 > 七钱二分 > 老龙,云南省造半圆
1211402917_front_crop.jpg,1211402917_back_crop.jpg,12,机制银币 > 地方省造 > 云南省造 > 光绪元宝 > 七钱二分 > 老龙,云南省造半圆
1211402919_front_crop.jpg,1211402919_back_crop.jpg,12,机制银币 > 地方省造 > 云南省造 > 光绪元宝 > 七钱二分 > 老龙,云南省造半圆
1211402921_front_crop.jpg,1211402921_back_crop.jpg,12,机制银币 > 地方省造 > 云南省造 > 光绪元宝 > 七钱二分 > 老龙,云南省造半圆
1211402923_front_crop.jpg,1211402923_back_crop.jpg,12,机制银币 > 地方省造 > 云南省造 > 光绪元宝 > 七钱二分 > 老龙,云南省造半圆
1211402925_front_crop.jpg,1211402925_back_crop.jpg,12,机制银币 > 地方省造 > 云南省造 > 光绪元宝 > 七钱二分 > 老龙,云南省造半圆
1211402927_front_crop.jpg,1211402927_back_crop.jpg,12,机制银币 > 地方省造 > 云南省造 > 光绪元宝 > 七钱二分 > 老龙,云南省造半圆
1211402929_front_crop.jpg,1211402929_back_crop.jpg,12,机制银币 > 地方省造 > 云南省造 > 光绪元宝 > 七钱二分 > 老龙,云南省造半圆
1211402931_front_crop.jpg,1211402931_back_crop.jpg,12,机制银币 > 地方省造 > 云南省造 > 光绪元宝 > 七钱二分 > 老龙,云南省造半圆
1211402933_front_crop.jpg,1211402933_back_crop.jpg,12,机制银币 > 地方省造 > 云南省造 > 光绪元宝 > 七钱二分 > 老龙,云南省造半圆
1211402935_front_crop.jpg,1211402935_back_crop.jpg,12,机制银币 > 地方省造 > 云南省造 > 光绪元宝 > 七钱二分 > 老龙,云南省造半圆
1211402937_front_crop.jpg,1211402937_back_crop.jpg,12,机制银币 > 地方省造 > 云南省造 > 光绪元宝 > 七钱二分 > 老龙,云南省造半圆
1211402939_front_crop.jpg,1211402939_back_crop.jpg,12,机制银币 > 地方省造 > 云南省造 > 光绪元宝 > 七钱二分 > 老龙,云南省造半圆
1211402941_front_crop.jpg,1211402941_back_crop.jpg,12,机制银币 > 地方省造 > 云南省造 > 光绪元宝 > 七钱二分 > 老龙,云南省造半圆
1211402943_front_crop.jpg,1211402943_back_crop.jpg,12,机制银币 > 地方省造 > 云南省造 > 光绪元宝 > 七钱二分 > 老龙,云南省造半圆
1211402945_front_crop.jpg,1211402945_back_crop.jpg,12,机制银币 > 地方省造 > 云南省造 > 光绪元宝 > 七钱二分 > 老龙,云南省造半圆
1211402947_front_crop.jpg,1211402947_back_crop.jpg,12,机制银币 > 地方省造 > 云南省造 > 光绪元宝 > 七钱二分 > 老龙,云南省造半圆
1211402949_front_crop.jpg,1211402949_back_crop.jpg,12,机制银币 > 地方省造 > 云南省造 > 光绪元宝 > 七钱二分 > 老龙,云南省造半圆
1211402951_front_crop.jpg,1211402951_back_crop.jpg,12,机制银币 > 地方省造 > 云南省造 > 光绪元宝 > 七钱二分 > 老龙,云南省造半圆
1211402953_front_crop.jpg,1211402953_back_crop.jpg,12,机制银币 > 地方省造 > 云南省造 > 光绪元宝 > 七钱二分 > 老龙,云南省造半圆
1211402955_front_crop.jpg,1211402955_back_crop.jpg,12,机制银币 > 地方省造 > 云南省造 > 光绪元宝 > 七钱二分 > 老龙,云南省造半圆
1211402957_front_crop.jpg,1211402957_back_crop.jpg,12,机制银币 > 地方省造 > 云南省造 > 光绪元宝 > 七钱二分 > 老龙,云南省造半圆
1211402959_front_crop.jpg,1211402959_back_crop.jpg,12,机制银币 > 地方省造 > 云南省造 > 光绪元宝 > 七钱二分 > 老龙,云南省造半圆
1211402961_front_crop.jpg,1211402961_back_crop.jpg,12,机制银币 > 地方省造 > 云南省造 > 光绪元宝 > 七钱二分 > 老龙,云南省造半圆
1211402963_front_crop.jpg,1211402963_back_crop.jpg,12,机制银币 > 地方省造 > 云南省造 > 光绪元宝 > 七钱二分 > 老龙,云南省造半圆
1211402965_front_crop.jpg,1211402965_back_crop.jpg,12,机制银币 > 地方省造 > 云南省造 > 光绪元宝 > 七钱二分 > 老龙,云南省造半圆
1211402969_front_crop.jpg,1211402969_back_crop.jpg,58,机制银币 > 民国中央 > 袁世凯像 > 民国九年 > 壹圆 > 精发,袁世凯像壹圆
1211402977_front_crop.jpg,1211402977_back_crop.jpg,46,机制银币 > 地方省造 > 北洋造 > 光绪24年 > 壹圆,北洋局造一圆
1211402983_front_crop.jpg,1211402983_back_crop.jpg,58,机制银币 > 民国中央 > 袁世凯像 > 民国九年 > 壹圆 > 精发,袁世凯像壹圆
1211402993_front_crop.jpg,1211402993_back_crop.jpg,70,机制银币 > 民国中央 > 孙中山像 > 开国纪念 > 壹圆 > 下五星,开国纪念壹圆
1211402997_front_crop.jpg,1211402997_back_crop.jpg,69,机制银币 > 民国中央 > 孙中山像 > 民国17年 > 壹圆 > 甘肃省造,孙中山像壹圆
1211403009_front_crop.jpg,1211403009_back_crop.jpg,12,机制银币 > 地方省造 > 云南省造 > 光绪元宝 > 七钱二分 > 老龙,云南省造半圆
1211403011_front_crop.jpg,1211403011_back_crop.jpg,12,机制银币 > 地方省造 > 云南省造 > 光绪元宝 > 七钱二分 > 老龙,云南省造半圆
1211403013_front_crop.jpg,1211403013_back_crop.jpg,12,机制银币 > 地方省造 > 云南省造 > 光绪元宝 > 七钱二分 > 老龙,云南省造半圆
1211403015_front_crop.jpg,1211403015_back_crop.jpg,12,机制银币 > 地方省造 > 云南省造 > 光绪元宝 > 七钱二分 > 老龙,云南省造半圆
1211403017_front_crop.jpg,1211403017_back_crop.jpg,12,机制银币 > 地方省造 > 云南省造 > 光绪元宝 > 七钱二分 > 老龙,云南省造半圆
1211403019_front_crop.jpg,1211403019_back_crop.jpg,12,机制银币 > 地方省造 > 云南省造 > 光绪元宝 > 七钱二分 > 老龙,云南省造半圆
1211403021_front_crop.jpg,1211403021_back_crop.jpg,12,机制银币 > 地方省造 > 云南省造 > 光绪元宝 > 七钱二分 > 老龙,云南省造半圆
1211403023_front_crop.jpg,1211403023_back_crop.jpg,12,机制银币 > 地方省造 > 云南省造 > 光绪元宝 > 七钱二分 > 老龙,云南省造半圆
1211403025_front_crop.jpg,1211403025_back_crop.jpg,12,机制银币 > 地方省造 > 云南省造 > 光绪元宝 > 七钱二分 > 老龙,云南省造半圆
1211403027_front_crop.jpg,1211403027_back_crop.jpg,12,机制银币 > 地方省造 > 云南省造 > 光绪元宝 > 七钱二分 > 老龙,云南省造半圆
1211403029_front_crop.jpg,1211403029_back_crop.jpg,12,机制银币 > 地方省造 > 云南省造 > 光绪元宝 > 七钱二分 > 老龙,云南省造半圆
1211403031_front_crop.jpg,1211403031_back_crop.jpg,12,机制银币 > 地方省造 > 云南省造 > 光绪元宝 > 七钱二分 > 老龙,云南省造半圆
1211403033_front_crop.jpg,1211403033_back_crop.jpg,12,机制银币 > 地方省造 > 云南省造 > 光绪元宝 > 七钱二分 > 老龙,云南省造半圆
1211403035_front_crop.jpg,1211403035_back_crop.jpg,12,机制银币 > 地方省造 > 云南省造 > 光绪元宝 > 七钱二分 > 老龙,云南省造半圆
1211403037_front_crop.jpg,1211403037_back_crop.jpg,12,机制银币 > 地方省造 > 云南省造 > 光绪元宝 > 七钱二分 > 老龙,云南省造半圆
1211403039_front_crop.jpg,1211403039_back_crop.jpg,12,机制银币 > 地方省造 > 云南省造 > 光绪元宝 > 七钱二分 > 老龙,云南省造半圆
1211403041_front_crop.jpg,1211403041_back_crop.jpg,12,机制银币 > 地方省造 > 云南省造 > 光绪元宝 > 七钱二分 > 老龙,云南省造半圆
1211403043_front_crop.jpg,1211403043_back_crop.jpg,12,机制银币 > 地方省造 > 云南省造 > 光绪元宝 > 七钱二分 > 老龙,云南省造半圆
1211403045_front_crop.jpg,1211403045_back_crop.jpg,12,机制银币 > 地方省造 > 云南省造 > 光绪元宝 > 七钱二分 > 老龙,云南省造半圆
1211403047_front_crop.jpg,1211403047_back_crop.jpg,12,机制银币 > 地方省造 > 云南省造 > 光绪元宝 > 七钱二分 > 老龙,云南省造半圆
1211403049_front_crop.jpg,1211403049_back_crop.jpg,12,机制银币 > 地方省造 > 云南省造 > 光绪元宝 > 七钱二分 > 老龙,云南省造半圆
1211403051_front_crop.jpg,1211403051_back_crop.jpg,12,机制银币 > 地方省造 > 云南省造 > 光绪元宝 > 七钱二分 > 老龙,云南省造半圆
1211403053_front_crop.jpg,1211403053_back_crop.jpg,12,机制银币 > 地方省造 > 云南省造 > 光绪元宝 > 七钱二分 > 老龙,云南省造半圆
1211403055_front_crop.jpg,1211403055_back_crop.jpg,12,机制银币 > 地方省造 > 云南省造 > 光绪元宝 > 七钱二分 > 老龙,云南省造半圆
1211403057_front_crop.jpg,1211403057_back_crop.jpg,12,机制银币 > 地方省造 > 云南省造 > 光绪元宝 > 七钱二分 > 老龙,云南省造半圆
1211403059_front_crop.jpg,1211403059_back_crop.jpg,12,机制银币 > 地方省造 > 云南省造 > 光绪元宝 > 七钱二分 > 老龙,云南省造半圆
1211403061_front_crop.jpg,1211403061_back_crop.jpg,12,机制银币 > 地方省造 > 云南省造 > 光绪元宝 > 七钱二分 > 老龙,云南省造半圆
1211403063_front_crop.jpg,1211403063_back_crop.jpg,12,机制银币 > 地方省造 > 云南省造 > 光绪元宝 > 七钱二分 > 老龙,云南省造半圆
1211403065_front_crop.jpg,1211403065_back_crop.jpg,12,机制银币 > 地方省造 > 云南省造 > 光绪元宝 > 七钱二分 > 老龙,云南省造半圆
1211403067_front_crop.jpg,1211403067_back_crop.jpg,12,机制银币 > 地方省造 > 云南省造 > 光绪元宝 > 七钱二分 > 老龙,云南省造半圆
1211403069_front_crop.jpg,1211403069_back_crop.jpg,12,机制银币 > 地方省造 > 云南省造 > 光绪元宝 > 七钱二分 > 老龙,云南省造半圆
1211403071_front_crop.jpg,1211403071_back_crop.jpg,12,机制银币 > 地方省造 > 云南省造 > 光绪元宝 > 七钱二分 > 老龙,云南省造半圆
1211403073_front_crop.jpg,1211403073_back_crop.jpg,12,机制银币 > 地方省造 > 云南省造 > 光绪元宝 > 七钱二分 > 老龙,云南省造半圆
1211403075_front_crop.jpg,1211403075_back_crop.jpg,12,机制银币 > 地方省造 > 云南省造 > 光绪元宝 > 七钱二分 > 老龙,云南省造半圆
1211403077_front_crop.jpg,1211403077_back_crop.jpg,12,机制银币 > 地方省造 > 云南省造 > 光绪元宝 > 七钱二分 > 老龙,云南省造半圆
1211403079_front_crop.jpg,1211403079_back_crop.jpg,12,机制银币 > 地方省造 > 云南省造 > 光绪元宝 > 七钱二分 > 老龙,云南省造半圆
1211403081_front_crop.jpg,1211403081_back_crop.jpg,12,机制银币 > 地方省造 > 云南省造 > 光绪元宝 > 七钱二分 > 老龙,云南省造半圆
1211403083_front_crop.jpg,1211403083_back_crop.jpg,12,机制银币 > 地方省造 > 云南省造 > 光绪元宝 > 七钱二分 > 老龙,云南省造半圆
1211403085_front_crop.jpg,1211403085_back_crop.jpg,12,机制银币 > 地方省造 > 云南省造 > 光绪元宝 > 七钱二分 > 老龙,云南省造半圆
1211403087_front_crop.jpg,1211403087_back_crop.jpg,12,机制银币 > 地方省造 > 云南省造 > 光绪元宝 > 七钱二分 > 老龙,云南省造半圆
1211403089_front_crop.jpg,1211403089_back_crop.jpg,12,机制银币 > 地方省造 > 云南省造 > 光绪元宝 > 七钱二分 > 老龙,云南省造半圆
1211403091_front_crop.jpg,1211403091_back_crop.jpg,12,机制银币 > 地方省造 > 云南省造 > 光绪元宝 > 七钱二分 > 老龙,云南省造半圆
1211403093_front_crop.jpg,1211403093_back_crop.jpg,12,机制银币 > 地方省造 > 云南省造 > 光绪元宝 > 七钱二分 > 老龙,云南省造半圆
1211403095_front_crop.jpg,1211403095_back_crop.jpg,12,机制银币 > 地方省造 > 云南省造 > 光绪元宝 > 七钱二分 > 老龙,云南省造半圆
1211403097_front_crop.jpg,1211403097_back_crop.jpg,12,机制银币 > 地方省造 > 云南省造 > 光绪元宝 > 七钱二分 > 老龙,云南省造半圆
1211403099_front_crop.jpg,1211403099_back_crop.jpg,12,机制银币 > 地方省造 > 云南省造 > 光绪元宝 > 七钱二分 > 老龙,云南省造半圆
1211403101_front_crop.jpg,1211403101_back_crop.jpg,12,机制银币 > 地方省造 > 云南省造 > 光绪元宝 > 七钱二分 > 老龙,云南省造半圆
1211403103_front_crop.jpg,1211403103_back_crop.jpg,12,机制银币 > 地方省造 > 云南省造 > 光绪元宝 > 七钱二分 > 老龙,云南省造半圆
1211403105_front_crop.jpg,1211403105_back_crop.jpg,12,机制银币 > 地方省造 > 云南省造 > 光绪元宝 > 七钱二分 > 老龙,云南省造半圆
1211403107_front_crop.jpg,1211403107_back_crop.jpg,12,机制银币 > 地方省造 > 云南省造 > 光绪元宝 > 七钱二分 > 老龙,云南省造半圆
1211403109_front_crop.jpg,1211403109_back_crop.jpg,12,机制银币 > 地方省造 > 云南省造 > 光绪元宝 > 七钱二分 > 老龙,云南省造半圆
1211403111_front_crop.jpg,1211403111_back_crop.jpg,12,机制银币 > 地方省造 > 云南省造 > 光绪元宝 > 七钱二分 > 老龙,云南省造半圆
1211403991_front_crop.jpg,1211403991_back_crop.jpg,55,机制银币 > 地方省造 > 广东省造 > 光绪元宝 > 三钱六分,广东省造二角
1211404447_front_crop.jpg,1211404447_back_crop.jpg,55,机制银币 > 地方省造 > 广东省造 > 光绪元宝 > 三钱六分,广东省造贰毫
1211404605_front_crop.jpg,1211404605_back_crop.jpg,12,机制银币 > 地方省造 > 云南省造 > 光绪元宝 > 七钱二分 > 老龙,云南省造半圆
1211404607_front_crop.jpg,1211404607_back_crop.jpg,12,机制银币 > 地方省造 > 云南省造 > 光绪元宝 > 七钱二分 > 老龙,云南省造半圆
1211404743_front_crop.jpg,1211404743_back_crop.jpg,91,机制银币 > 纪念章 > 孙中山像,西藏章嘎嘎布
1211404745_front_crop.jpg,1211404745_back_crop.jpg,91,机制银币 > 纪念章 > 孙中山像,西藏章嘎嘎布
1211404749_front_crop.jpg,1211404749_back_crop.jpg,91,机制银币 > 纪念章 > 孙中山像,西藏章嘎嘎布
1211404753_front_crop.jpg,1211404753_back_crop.jpg,91,机制银币 > 纪念章 > 孙中山像,西藏章嘎嘎布
1211404755_front_crop.jpg,1211404755_back_crop.jpg,91,机制银币 > 纪念章 > 孙中山像,西藏章嘎嘎布
1211404757_front_crop.jpg,1211404757_back_crop.jpg,91,机制银币 > 纪念章 > 孙中山像,西藏章嘎嘎布
1211404761_front_crop.jpg,1211404761_back_crop.jpg,91,机制银币 > 纪念章 > 孙中山像,西藏章嘎嘎布
1211404765_front_crop.jpg,1211404765_back_crop.jpg,91,机制银币 > 纪念章 > 孙中山像,西藏章嘎嘎布
1211404767_front_crop.jpg,1211404767_back_crop.jpg,91,机制银币 > 纪念章 > 孙中山像,西藏章嘎嘎布
1211404769_front_crop.jpg,1211404769_back_crop.jpg,91,机制银币 > 纪念章 > 孙中山像,西藏章嘎嘎布
1211404771_front_crop.jpg,1211404771_back_crop.jpg,91,机制银币 > 纪念章 > 孙中山像,西藏章嘎嘎布
1211404773_front_crop.jpg,1211404773_back_crop.jpg,91,机制银币 > 纪念章 > 孙中山像,西藏章嘎嘎布
1211404775_front_crop.jpg,1211404775_back_crop.jpg,91,机制银币 > 纪念章 > 孙中山像,西藏章嘎嘎布
1211404777_front_crop.jpg,1211404777_back_crop.jpg,91,机制银币 > 纪念章 > 孙中山像,西藏章嘎嘎布
1211404851_front_crop.jpg,1211404851_back_crop.jpg,58,机制银币 > 民国中央 > 袁世凯像 > 民国九年 > 壹圆 > 精发,袁世凯像壹圆
1211404921_front_crop.jpg,1211404921_back_crop.jpg,58,机制银币 > 民国中央 > 袁世凯像 > 民国九年 > 壹圆 > 精发,袁世凯像壹圆
1211405023_front_crop.jpg,1211405023_back_crop.jpg,70,机制银币 > 民国中央 > 孙中山像 > 开国纪念 > 壹圆 > 下五星,开国纪念壹圆
1211405049_front_crop.jpg,1211405049_back_crop.jpg,58,机制银币 > 民国中央 > 袁世凯像 > 民国九年 > 壹圆 > 精发,袁世凯像壹圆
1211405059_front_crop.jpg,1211405059_back_crop.jpg,58,机制银币 > 民国中央 > 袁世凯像 > 民国九年 > 壹圆 > 精发,袁世凯像壹圆
1211405127_front_crop.jpg,1211405127_back_crop.jpg,70,机制银币 > 民国中央 > 孙中山像 > 开国纪念 > 壹圆 > 下五星,开国纪念壹圆
1211405141_front_crop.jpg,1211405141_back_crop.jpg,70,机制银币 > 民国中央 > 孙中山像 > 开国纪念 > 壹圆 > 下五星,开国纪念壹圆
1211405163_front_crop.jpg,1211405163_back_crop.jpg,69,机制银币 > 民国中央 > 孙中山像 > 民国17年 > 壹圆 > 甘肃省造,孙中山像壹圆
1211405169_front_crop.jpg,1211405169_back_crop.jpg,70,机制银币 > 民国中央 > 孙中山像 > 开国纪念 > 壹圆 > 下五星,开国纪念壹圆
1211405171_front_crop.jpg,1211405171_back_crop.jpg,52,机制银币 > 地方省造 > 新疆省造 > 造币厂铸 > 壹圆 > 尖足1,新疆迪化壹两
1211405173_front_crop.jpg,1211405173_back_crop.jpg,58,机制银币 > 民国中央 > 袁世凯像 > 民国九年 > 壹圆 > 精发,袁世凯像壹圆
1211405175_front_crop.jpg,1211405175_back_crop.jpg,58,机制银币 > 民国中央 > 袁世凯像 > 民国九年 > 壹圆 > 精发,袁世凯像壹圆
1211405177_front_crop.jpg,1211405177_back_crop.jpg,58,机制银币 > 民国中央 > 袁世凯像 > 民国九年 > 壹圆 > 精发,袁世凯像壹圆
1211405179_front_crop.jpg,1211405179_back_crop.jpg,58,机制银币 > 民国中央 > 袁世凯像 > 民国九年 > 壹圆 > 精发,袁世凯像壹圆
1211405217_front_crop.jpg,1211405217_back_crop.jpg,91,机制银币 > 纪念章 > 孙中山像,西藏章嘎嘎布
1211405219_front_crop.jpg,1211405219_back_crop.jpg,91,机制银币 > 纪念章 > 孙中山像,西藏章嘎嘎布
1211405221_front_crop.jpg,1211405221_back_crop.jpg,91,机制银币 > 纪念章 > 孙中山像,西藏章嘎嘎布
1211405239_front_crop.jpg,1211405239_back_crop.jpg,0,机制银币 > 地方省造 > 四川省造 > 军政府 > 壹圆 > 普通,四川银币壹圆
1211405241_front_crop.jpg,1211405241_back_crop.jpg,0,机制银币 > 地方省造 > 四川省造 > 军政府 > 壹圆 > 普通,四川银币壹圆
1211405247_front_crop.jpg,1211405247_back_crop.jpg,0,机制银币 > 地方省造 > 四川省造 > 军政府 > 壹圆 > 普通,四川银币壹圆
1211405257_front_crop.jpg,1211405257_back_crop.jpg,69,机制银币 > 民国中央 > 孙中山像 > 民国17年 > 壹圆 > 甘肃省造,孙中山像壹圆
1211405261_front_crop.jpg,1211405261_back_crop.jpg,69,机制银币 > 民国中央 > 孙中山像 > 民国17年 > 壹圆 > 甘肃省造,孙中山像壹圆
1211405279_front_crop.jpg,1211405279_back_crop.jpg,58,机制银币 > 民国中央 > 袁世凯像 > 民国九年 > 壹圆 > 精发,袁世凯像壹圆
1211405299_front_crop.jpg,1211405299_back_crop.jpg,12,机制银币 > 地方省造 > 云南省造 > 光绪元宝 > 七钱二分 > 老龙,云南省造半圆
1211405305_front_crop.jpg,1211405305_back_crop.jpg,12,机制银币 > 地方省造 > 云南省造 > 光绪元宝 > 七钱二分 > 老龙,云南省造半圆
1211405307_front_crop.jpg,1211405307_back_crop.jpg,12,机制银币 > 地方省造 > 云南省造 > 光绪元宝 > 七钱二分 > 老龙,云南省造半圆
1211405309_front_crop.jpg,1211405309_back_crop.jpg,12,机制银币 > 地方省造 > 云南省造 > 光绪元宝 > 七钱二分 > 老龙,云南省造半圆
1211405311_front_crop.jpg,1211405311_back_crop.jpg,58,机制银币 > 民国中央 > 袁世凯像 > 民国九年 > 壹圆 > 精发,袁世凯像壹圆
1211405317_front_crop.jpg,1211405317_back_crop.jpg,12,机制银币 > 地方省造 > 云南省造 > 光绪元宝 > 七钱二分 > 老龙,云南省造贰角
1211405349_front_crop.jpg,1211405349_back_crop.jpg,58,机制银币 > 民国中央 > 袁世凯像 > 民国九年 > 壹圆 > 精发,袁世凯像壹圆
1211405383_front_crop.jpg,1211405383_back_crop.jpg,46,机制银币 > 地方省造 > 北洋造 > 光绪24年 > 壹圆,北洋局造一圆
1211405385_front_crop.jpg,1211405385_back_crop.jpg,7,机制银币 > 地方省造 > 湖北省造 > 光绪元宝 > 七钱二分 > 普通,湖北省造一圆
1211405391_front_crop.jpg,1211405391_back_crop.jpg,27,机制银币 > 地方省造 > 江南省造 > 甲辰 > 七钱二分 > 普通,江南省造一圆
1211405401_front_crop.jpg,1211405401_back_crop.jpg,58,机制银币 > 民国中央 > 袁世凯像 > 民国九年 > 壹圆 > 精发,袁世凯像壹圆
1211405421_front_crop.jpg,1211405421_back_crop.jpg,55,机制银币 > 地方省造 > 广东省造 > 光绪元宝 > 三钱六分,广东省造壹毫
1211405423_front_crop.jpg,1211405423_back_crop.jpg,12,机制银币 > 地方省造 > 云南省造 > 光绪元宝 > 七钱二分 > 老龙,云南省造半圆
1211405431_front_crop.jpg,1211405431_back_crop.jpg,9,机制银币 > 地方省造 > 湖北省造 > 双龙 > 一两 > 小字,西藏银币十两
1211405463_front_crop.jpg,1211405463_back_crop.jpg,52,机制银币 > 地方省造 > 新疆省造 > 造币厂铸 > 壹圆 > 尖足1,新疆迪化壹两
1211405469_front_crop.jpg,1211405469_back_crop.jpg,69,机制银币 > 民国中央 > 孙中山像 > 民国17年 > 壹圆 > 甘肃省造,孙中山像壹圆
1211405485_front_crop.jpg,1211405485_back_crop.jpg,69,机制银币 > 民国中央 > 孙中山像 > 民国17年 > 壹圆 > 甘肃省造,孙中山像贰毫
1211405491_front_crop.jpg,1211405491_back_crop.jpg,58,机制银币 > 民国中央 > 袁世凯像 > 民国九年 > 壹圆 > 精发,袁世凯像壹圆
1211405497_front_crop.jpg,1211405497_back_crop.jpg,12,机制银币 > 地方省造 > 云南省造 > 光绪元宝 > 七钱二分 > 老龙,云南省造半圆
1211405499_front_crop.jpg,1211405499_back_crop.jpg,12,机制银币 > 地方省造 > 云南省造 > 光绪元宝 > 七钱二分 > 老龙,云南省造半圆
1211405545_front_crop.jpg,1211405545_back_crop.jpg,58,机制银币 > 民国中央 > 袁世凯像 > 民国九年 > 壹圆 > 精发,袁世凯像壹圆
1211405581_front_crop.jpg,1211405581_back_crop.jpg,58,机制银币 > 民国中央 > 袁世凯像 > 民国九年 > 壹圆 > 精发,袁世凯像壹角
1211405587_front_crop.jpg,1211405587_back_crop.jpg,46,机制银币 > 地方省造 > 北洋造 > 光绪24年 > 壹圆,北洋局造一圆
1211405589_front_crop.jpg,1211405589_back_crop.jpg,58,机制银币 > 民国中央 > 袁世凯像 > 民国九年 > 壹圆 > 精发,袁世凯像贰角
1211405591_front_crop.jpg,1211405591_back_crop.jpg,58,机制银币 > 民国中央 > 袁世凯像 > 民国九年 > 壹圆 > 精发,袁世凯像贰角
1211405623_front_crop.jpg,1211405623_back_crop.jpg,46,机制银币 > 地方省造 > 北洋造 > 光绪24年 > 壹圆,北洋局造一圆
1211405629_front_crop.jpg,1211405629_back_crop.jpg,58,机制银币 > 民国中央 > 袁世凯像 > 民国九年 > 壹圆 > 精发,袁世凯像壹圆
1211405631_front_crop.jpg,1211405631_back_crop.jpg,12,机制银币 > 地方省造 > 云南省造 > 光绪元宝 > 七钱二分 > 老龙,云南省造半圆
1211405633_front_crop.jpg,1211405633_back_crop.jpg,12,机制银币 > 地方省造 > 云南省造 > 光绪元宝 > 七钱二分 > 老龙,云南省造半圆
1211405635_front_crop.jpg,1211405635_back_crop.jpg,12,机制银币 > 地方省造 > 云南省造 > 光绪元宝 > 七钱二分 > 老龙,云南省造半圆
1211405641_front_crop.jpg,1211405641_back_crop.jpg,12,机制银币 > 地方省造 > 云南省造 > 光绪元宝 > 七钱二分 > 老龙,云南省造半圆
1211405643_front_crop.jpg,1211405643_back_crop.jpg,12,机制银币 > 地方省造 > 云南省造 > 光绪元宝 > 七钱二分 > 老龙,云南省造半圆
1211405645_front_crop.jpg,1211405645_back_crop.jpg,12,机制银币 > 地方省造 > 云南省造 > 光绪元宝 > 七钱二分 > 老龙,云南省造贰角
1211405647_front_crop.jpg,1211405647_back_crop.jpg,58,机制银币 > 民国中央 > 袁世凯像 > 民国九年 > 壹圆 > 精发,袁世凯像壹圆
1211405699_front_crop.jpg,1211405699_back_crop.jpg,4,机制银币 > 地方省造 > 四川省造 > 光绪元宝 > 三钱六分 > 银币,西藏银币三两
1211405701_front_crop.jpg,1211405701_back_crop.jpg,4,机制银币 > 地方省造 > 四川省造 > 光绪元宝 > 三钱六分 > 银币,西藏银币三两
1211405703_front_crop.jpg,1211405703_back_crop.jpg,4,机制银币 > 地方省造 > 四川省造 > 光绪元宝 > 三钱六分 > 银币,西藏银币三两
1211405707_front_crop.jpg,1211405707_back_crop.jpg,9,机制银币 > 地方省造 > 湖北省造 > 双龙 > 一两 > 小字,西藏银币十两
1211405757_front_crop.jpg,1211405757_back_crop.jpg,4,机制银币 > 地方省造 > 四川省造 > 光绪元宝 > 三钱六分 > 银币,西藏银币三两
1211405761_front_crop.jpg,1211405761_back_crop.jpg,9,机制银币 > 地方省造 > 湖北省造 > 双龙 > 一两 > 小字,西藏银币一两五钱
1211405771_front_crop.jpg,1211405771_back_crop.jpg,58,机制银币 > 民国中央 > 袁世凯像 > 民国九年 > 壹圆 > 精发,袁世凯像壹圆
1211405781_front_crop.jpg,1211405781_back_crop.jpg,0,机制银币 > 地方省造 > 四川省造 > 军政府 > 壹圆 > 普通,四川省造一角
1211405799_front_crop.jpg,1211405799_back_crop.jpg,70,机制银币 > 民国中央 > 孙中山像 > 开国纪念 > 壹圆 > 下五星,开国纪念壹圆
1211405811_front_crop.jpg,1211405811_back_crop.jpg,55,机制银币 > 地方省造 > 广东省造 > 光绪元宝 > 三钱六分,广东省造二角
1211405813_front_crop.jpg,1211405813_back_crop.jpg,55,机制银币 > 地方省造 > 广东省造 > 光绪元宝 > 三钱六分,广东省造二角
1211405851_front_crop.jpg,1211405851_back_crop.jpg,19,机制银币 > 地方省造 > 吉林省造 > 戊申 > 七钱二分 > 中心满文,吉林省造二角
1211405855_front_crop.jpg,1211405855_back_crop.jpg,12,机制银币 > 地方省造 > 云南省造 > 光绪元宝 > 七钱二分 > 老龙,云南省造贰角
1211405863_front_crop.jpg,1211405863_back_crop.jpg,58,机制银币 > 民国中央 > 袁世凯像 > 民国九年 > 壹圆 > 精发,袁世凯像壹圆
1211405921_front_crop.jpg,1211405921_back_crop.jpg,58,机制银币 > 民国中央 > 袁世凯像 > 民国九年 > 壹圆 > 精发,袁世凯像壹圆
1211405923_front_crop.jpg,1211405923_back_crop.jpg,58,机制银币 > 民国中央 > 袁世凯像 > 民国九年 > 壹圆 > 精发,袁世凯像壹圆
1211405925_front_crop.jpg,1211405925_back_crop.jpg,58,机制银币 > 民国中央 > 袁世凯像 > 民国九年 > 壹圆 > 精发,袁世凯像壹圆
1211405927_front_crop.jpg,1211405927_back_crop.jpg,58,机制银币 > 民国中央 > 袁世凯像 > 民国九年 > 壹圆 > 精发,袁世凯像壹圆
1211405929_front_crop.jpg,1211405929_back_crop.jpg,58,机制银币 > 民国中央 > 袁世凯像 > 民国九年 > 壹圆 > 精发,袁世凯像壹圆
1211405931_front_crop.jpg,1211405931_back_crop.jpg,58,机制银币 > 民国中央 > 袁世凯像 > 民国九年 > 壹圆 > 精发,袁世凯像壹圆
1211405951_front_crop.jpg,1211405951_back_crop.jpg,58,机制银币 > 民国中央 > 袁世凯像 > 民国九年 > 壹圆 > 精发,袁世凯像壹圆
1211405953_front_crop.jpg,1211405953_back_crop.jpg,58,机制银币 > 民国中央 > 袁世凯像 > 民国九年 > 壹圆 > 精发,袁世凯像壹圆
1211405979_front_crop.jpg,1211405979_back_crop.jpg,58,机制银币 > 民国中央 > 袁世凯像 > 民国九年 > 壹圆 > 精发,袁世凯像壹圆
1211405985_front_crop.jpg,1211405985_back_crop.jpg,58,机制银币 > 民国中央 > 袁世凯像 > 民国九年 > 壹圆 > 精发,袁世凯像壹圆
1211405993_front_crop.jpg,1211405993_back_crop.jpg,70,机制银币 > 民国中央 > 孙中山像 > 开国纪念 > 壹圆 > 下五星,开国纪念壹圆
1211405997_front_crop.jpg,1211405997_back_crop.jpg,70,机制银币 > 民国中央 > 孙中山像 > 开国纪念 > 壹圆 > 下五星,开国纪念壹圆
1211405999_front_crop.jpg,1211405999_back_crop.jpg,70,机制银币 > 民国中央 > 孙中山像 > 开国纪念 > 壹圆 > 下五星,开国纪念壹圆
1211406005_front_crop.jpg,1211406005_back_crop.jpg,69,机制银币 > 民国中央 > 孙中山像 > 民国17年 > 壹圆 > 甘肃省造,孙中山像壹圆
1211406007_front_crop.jpg,1211406007_back_crop.jpg,69,机制银币 > 民国中央 > 孙中山像 > 民国17年 > 壹圆 > 甘肃省造,孙中山像壹圆
1211406067_front_crop.jpg,1211406067_back_crop.jpg,91,机制银币 > 纪念章 > 孙中山像,西藏章嘎嘎布
1211406069_front_crop.jpg,1211406069_back_crop.jpg,4,机制银币 > 地方省造 > 四川省造 > 光绪元宝 > 三钱六分 > 银币,西藏银币三两
1211406071_front_crop.jpg,1211406071_back_crop.jpg,12,机制银币 > 地方省造 > 云南省造 > 光绪元宝 > 七钱二分 > 老龙,云南省造半圆
1211406073_front_crop.jpg,1211406073_back_crop.jpg,55,机制银币 > 地方省造 > 广东省造 > 光绪元宝 > 三钱六分,广东省造二角
1211406081_front_crop.jpg,1211406081_back_crop.jpg,9,机制银币 > 地方省造 > 湖北省造 > 双龙 > 一两 > 小字,西藏银币一两五钱
1211406097_front_crop.jpg,1211406097_back_crop.jpg,58,机制银币 > 民国中央 > 袁世凯像 > 民国九年 > 壹圆 > 精发,袁世凯像壹圆
1211406115_front_crop.jpg,1211406115_back_crop.jpg,12,机制银币 > 地方省造 > 云南省造 > 光绪元宝 > 七钱二分 > 老龙,云南省造半圆
1211406133_front_crop.jpg,1211406133_back_crop.jpg,69,机制银币 > 民国中央 > 孙中山像 > 民国17年 > 壹圆 > 甘肃省造,孙中山像壹圆
1211406139_front_crop.jpg,1211406139_back_crop.jpg,69,机制银币 > 民国中央 > 孙中山像 > 民国17年 > 壹圆 > 甘肃省造,孙中山像壹圆
1211406141_front_crop.jpg,1211406141_back_crop.jpg,69,机制银币 > 民国中央 > 孙中山像 > 民国17年 > 壹圆 > 甘肃省造,孙中山像壹圆
1211406147_front_crop.jpg,1211406147_back_crop.jpg,58,机制银币 > 民国中央 > 袁世凯像 > 民国九年 > 壹圆 > 精发,袁世凯像壹圆
1211406149_front_crop.jpg,1211406149_back_crop.jpg,70,机制银币 > 民国中央 > 孙中山像 > 开国纪念 > 壹圆 > 下五星,开国纪念壹圆
1211406167_front_crop.jpg,1211406167_back_crop.jpg,58,机制银币 > 民国中央 > 袁世凯像 > 民国九年 > 壹圆 > 精发,袁世凯像贰角
1211406173_front_crop.jpg,1211406173_back_crop.jpg,12,机制银币 > 地方省造 > 云南省造 > 光绪元宝 > 七钱二分 > 老龙,云南省造半圆
1211406175_front_crop.jpg,1211406175_back_crop.jpg,12,机制银币 > 地方省造 > 云南省造 > 光绪元宝 > 七钱二分 > 老龙,云南省造半圆
1211406191_front_crop.jpg,1211406191_back_crop.jpg,70,机制银币 > 民国中央 > 孙中山像 > 开国纪念 > 壹圆 > 下五星,开国纪念壹圆
1211406197_front_crop.jpg,1211406197_back_crop.jpg,70,机制银币 > 民国中央 > 孙中山像 > 开国纪念 > 壹圆 > 下五星,开国纪念壹圆
1211406199_front_crop.jpg,1211406199_back_crop.jpg,58,机制银币 > 民国中央 > 袁世凯像 > 民国九年 > 壹圆 > 精发,袁世凯像壹圆
1211406217_front_crop.jpg,1211406217_back_crop.jpg,69,机制银币 > 民国中央 > 孙中山像 > 民国17年 > 壹圆 > 甘肃省造,孙中山像壹圆
1211406257_front_crop.jpg,1211406257_back_crop.jpg,58,机制银币 > 民国中央 > 袁世凯像 > 民国九年 > 壹圆 > 精发,袁世凯像壹圆
1211406301_front_crop.jpg,1211406301_back_crop.jpg,58,机制银币 > 民国中央 > 袁世凯像 > 民国九年 > 壹圆 > 精发,袁世凯像壹圆
1211406367_front_crop.jpg,1211406367_back_crop.jpg,58,机制银币 > 民国中央 > 袁世凯像 > 民国九年 > 壹圆 > 精发,袁世凯像壹圆
1211406393_front_crop.jpg,1211406393_back_crop.jpg,58,机制银币 > 民国中央 > 袁世凯像 > 民国九年 > 壹圆 > 精发,袁世凯像壹圆
1211406395_front_crop.jpg,1211406395_back_crop.jpg,70,机制银币 > 民国中央 > 孙中山像 > 开国纪念 > 壹圆 > 下五星,开国纪念壹圆
1211406403_front_crop.jpg,1211406403_back_crop.jpg,58,机制银币 > 民国中央 > 袁世凯像 > 民国九年 > 壹圆 > 精发,袁世凯像壹圆
1211406409_front_crop.jpg,1211406409_back_crop.jpg,90,机制银币 > 中华苏维埃 > 苏维埃 > 1932 > 贰角,福建中华二角
1211406423_front_crop.jpg,1211406423_back_crop.jpg,18,机制银币 > 地方省造 > 东三省造 > 光绪元宝 > 七钱二分,东三省造二角
1211406425_front_crop.jpg,1211406425_back_crop.jpg,18,机制银币 > 地方省造 > 东三省造 > 光绪元宝 > 七钱二分,东三省造二角
1211406427_front_crop.jpg,1211406427_back_crop.jpg,18,机制银币 > 地方省造 > 东三省造 > 光绪元宝 > 七钱二分,东三省造二角
1211406429_front_crop.jpg,1211406429_back_crop.jpg,18,机制银币 > 地方省造 > 东三省造 > 光绪元宝 > 七钱二分,东三省造二角
1211406437_front_crop.jpg,1211406437_back_crop.jpg,70,机制银币 > 民国中央 > 孙中山像 > 开国纪念 > 壹圆 > 下五星,开国纪念壹圆
1211406441_front_crop.jpg,1211406441_back_crop.jpg,58,机制银币 > 民国中央 > 袁世凯像 > 民国九年 > 壹圆 > 精发,袁世凯像壹圆
1211406447_front_crop.jpg,1211406447_back_crop.jpg,58,机制银币 > 民国中央 > 袁世凯像 > 民国九年 > 壹圆 > 精发,袁世凯像壹圆
1211406449_front_crop.jpg,1211406449_back_crop.jpg,58,机制银币 > 民国中央 > 袁世凯像 > 民国九年 > 壹圆 > 精发,袁世凯像壹圆
1211406451_front_crop.jpg,1211406451_back_crop.jpg,58,机制银币 > 民国中央 > 袁世凯像 > 民国九年 > 壹圆 > 精发,袁世凯像壹圆
1211406453_front_crop.jpg,1211406453_back_crop.jpg,58,机制银币 > 民国中央 > 袁世凯像 > 民国九年 > 壹圆 > 精发,袁世凯像壹圆
1211406475_front_crop.jpg,1211406475_back_crop.jpg,55,机制银币 > 地方省造 > 广东省造 > 光绪元宝 > 三钱六分,广东省造二角
1211406479_front_crop.jpg,1211406479_back_crop.jpg,12,机制银币 > 地方省造 > 云南省造 > 光绪元宝 > 七钱二分 > 老龙,云南省造半圆
1211406491_front_crop.jpg,1211406491_back_crop.jpg,58,机制银币 > 民国中央 > 袁世凯像 > 民国九年 > 壹圆 > 精发,袁世凯像壹圆
1211406493_front_crop.jpg,1211406493_back_crop.jpg,58,机制银币 > 民国中央 > 袁世凯像 > 民国九年 > 壹圆 > 精发,袁世凯像壹圆
1211406515_front_crop.jpg,1211406515_back_crop.jpg,12,机制银币 > 地方省造 > 云南省造 > 光绪元宝 > 七钱二分 > 老龙,云南省造贰角
1211406525_front_crop.jpg,1211406525_back_crop.jpg,69,机制银币 > 民国中央 > 孙中山像 > 民国17年 > 壹圆 > 甘肃省造,孙中山像壹圆
1211406529_front_crop.jpg,1211406529_back_crop.jpg,55,机制银币 > 地方省造 > 广东省造 > 光绪元宝 > 三钱六分,广东省造二角
1211406531_front_crop.jpg,1211406531_back_crop.jpg,55,机制银币 > 地方省造 > 广东省造 > 光绪元宝 > 三钱六分,广东省造二角
1211406539_front_crop.jpg,1211406539_back_crop.jpg,58,机制银币 > 民国中央 > 袁世凯像 > 民国九年 > 壹圆 > 精发,袁世凯像壹圆
1211406541_front_crop.jpg,1211406541_back_crop.jpg,58,机制银币 > 民国中央 > 袁世凯像 > 民国九年 > 壹圆 > 精发,袁世凯像壹圆
1211406543_front_crop.jpg,1211406543_back_crop.jpg,58,机制银币 > 民国中央 > 袁世凯像 > 民国九年 > 壹圆 > 精发,袁世凯像壹圆
1211406545_front_crop.jpg,1211406545_back_crop.jpg,58,机制银币 > 民国中央 > 袁世凯像 > 民国九年 > 壹圆 > 精发,袁世凯像壹圆
1211406549_front_crop.jpg,1211406549_back_crop.jpg,58,机制银币 > 民国中央 > 袁世凯像 > 民国九年 > 壹圆 > 精发,袁世凯像壹圆
1211406551_front_crop.jpg,1211406551_back_crop.jpg,58,机制银币 > 民国中央 > 袁世凯像 > 民国九年 > 壹圆 > 精发,袁世凯像壹圆
1211406553_front_crop.jpg,1211406553_back_crop.jpg,58,机制银币 > 民国中央 > 袁世凯像 > 民国九年 > 壹圆 > 精发,袁世凯像壹圆
1211406559_front_crop.jpg,1211406559_back_crop.jpg,70,机制银币 > 民国中央 > 孙中山像 > 开国纪念 > 壹圆 > 下五星,开国纪念壹圆
1211406561_front_crop.jpg,1211406561_back_crop.jpg,69,机制银币 > 民国中央 > 孙中山像 > 民国17年 > 壹圆 > 甘肃省造,孙中山像壹圆
1211406569_front_crop.jpg,1211406569_back_crop.jpg,58,机制银币 > 民国中央 > 袁世凯像 > 民国九年 > 壹圆 > 精发,袁世凯像壹圆
1211406575_front_crop.jpg,1211406575_back_crop.jpg,12,机制银币 > 地方省造 > 云南省造 > 光绪元宝 > 七钱二分 > 老龙,云南省造半圆
1211406631_front_crop.jpg,1211406631_back_crop.jpg,58,机制银币 > 民国中央 > 袁世凯像 > 民国九年 > 壹圆 > 精发,袁世凯像壹圆
1211406669_front_crop.jpg,1211406669_back_crop.jpg,12,机制银币 > 地方省造 > 云南省造 > 光绪元宝 > 七钱二分 > 老龙,云南省造半圆
1211406671_front_crop.jpg,1211406671_back_crop.jpg,70,机制银币 > 民国中央 > 孙中山像 > 开国纪念 > 壹圆 > 下五星,开国纪念壹圆
1211406681_front_crop.jpg,1211406681_back_crop.jpg,58,机制银币 > 民国中央 > 袁世凯像 > 民国九年 > 壹圆 > 精发,袁世凯像壹圆
1211406683_front_crop.jpg,1211406683_back_crop.jpg,69,机制银币 > 民国中央 > 孙中山像 > 民国17年 > 壹圆 > 甘肃省造,孙中山像贰毫
1211406711_front_crop.jpg,1211406711_back_crop.jpg,12,机制银币 > 地方省造 > 云南省造 > 光绪元宝 > 七钱二分 > 老龙,云南省造半圆
1211406713_front_crop.jpg,1211406713_back_crop.jpg,12,机制银币 > 地方省造 > 云南省造 > 光绪元宝 > 七钱二分 > 老龙,云南省造半圆
1211406717_front_crop.jpg,1211406717_back_crop.jpg,58,机制银币 > 民国中央 > 袁世凯像 > 民国九年 > 壹圆 > 精发,袁世凯像壹圆
1211406719_front_crop.jpg,1211406719_back_crop.jpg,58,机制银币 > 民国中央 > 袁世凯像 > 民国九年 > 壹圆 > 精发,袁世凯像壹圆
1211406721_front_crop.jpg,1211406721_back_crop.jpg,70,机制银币 > 民国中央 > 孙中山像 > 开国纪念 > 壹圆 > 下五星,开国纪念壹圆
1211406723_front_crop.jpg,1211406723_back_crop.jpg,18,机制银币 > 地方省造 > 东三省造 > 光绪元宝 > 七钱二分,东三省造二角
1211406725_front_crop.jpg,1211406725_back_crop.jpg,55,机制银币 > 地方省造 > 广东省造 > 光绪元宝 > 三钱六分,广东省造二角
1211406727_front_crop.jpg,1211406727_back_crop.jpg,18,机制银币 > 地方省造 > 东三省造 > 光绪元宝 > 七钱二分,东三省造二角
1211406731_front_crop.jpg,1211406731_back_crop.jpg,18,机制银币 > 地方省造 > 东三省造 > 光绪元宝 > 七钱二分,东三省造二角
1211406733_front_crop.jpg,1211406733_back_crop.jpg,55,机制银币 > 地方省造 > 广东省造 > 光绪元宝 > 三钱六分,广东省造贰毫
1211406735_front_crop.jpg,1211406735_back_crop.jpg,12,机制银币 > 地方省造 > 云南省造 > 光绪元宝 > 七钱二分 > 老龙,云南省造二角
1211406737_front_crop.jpg,1211406737_back_crop.jpg,18,机制银币 > 地方省造 > 东三省造 > 光绪元宝 > 七钱二分,东三省造二角
1211406739_front_crop.jpg,1211406739_back_crop.jpg,55,机制银币 > 地方省造 > 广东省造 > 光绪元宝 > 三钱六分,广东省造二角
1211406741_front_crop.jpg,1211406741_back_crop.jpg,55,机制银币 > 地方省造 > 广东省造 > 光绪元宝 > 三钱六分,广东省造二角
1211406743_front_crop.jpg,1211406743_back_crop.jpg,55,机制银币 > 地方省造 > 广东省造 > 光绪元宝 > 三钱六分,广东省造二角
1211406745_front_crop.jpg,1211406745_back_crop.jpg,55,机制银币 > 地方省造 > 广东省造 > 光绪元宝 > 三钱六分,广东省造二角
1211406747_front_crop.jpg,1211406747_back_crop.jpg,55,机制银币 > 地方省造 > 广东省造 > 光绪元宝 > 三钱六分,广东省造二角
1211406749_front_crop.jpg,1211406749_back_crop.jpg,55,机制银币 > 地方省造 > 广东省造 > 光绪元宝 > 三钱六分,广东省造二角
1211406751_front_crop.jpg,1211406751_back_crop.jpg,55,机制银币 > 地方省造 > 广东省造 > 光绪元宝 > 三钱六分,广东省造二角
1211406753_front_crop.jpg,1211406753_back_crop.jpg,55,机制银币 > 地方省造 > 广东省造 > 光绪元宝 > 三钱六分,广东省造一角
1211406783_front_crop.jpg,1211406783_back_crop.jpg,58,机制银币 > 民国中央 > 袁世凯像 > 民国九年 > 壹圆 > 精发,袁世凯像壹圆
1211406785_front_crop.jpg,1211406785_back_crop.jpg,58,机制银币 > 民国中央 > 袁世凯像 > 民国九年 > 壹圆 > 精发,袁世凯像壹圆
1211406799_front_crop.jpg,1211406799_back_crop.jpg,58,机制银币 > 民国中央 > 袁世凯像 > 民国九年 > 壹圆 > 精发,袁世凯像壹圆
1211406801_front_crop.jpg,1211406801_back_crop.jpg,58,机制银币 > 民国中央 > 袁世凯像 > 民国九年 > 壹圆 > 精发,袁世凯像壹圆
1211406803_front_crop.jpg,1211406803_back_crop.jpg,58,机制银币 > 民国中央 > 袁世凯像 > 民国九年 > 壹圆 > 精发,袁世凯像壹圆
1211406809_front_crop.jpg,1211406809_back_crop.jpg,58,机制银币 > 民国中央 > 袁世凯像 > 民国九年 > 壹圆 > 精发,袁世凯像壹圆
1211406811_front_crop.jpg,1211406811_back_crop.jpg,58,机制银币 > 民国中央 > 袁世凯像 > 民国九年 > 壹圆 > 精发,袁世凯像壹圆
1211406813_front_crop.jpg,1211406813_back_crop.jpg,58,机制银币 > 民国中央 > 袁世凯像 > 民国九年 > 壹圆 > 精发,袁世凯像壹圆
1211406815_front_crop.jpg,1211406815_back_crop.jpg,69,机制银币 > 民国中央 > 孙中山像 > 民国17年 > 壹圆 > 甘肃省造,孙中山像壹圆
1211406821_front_crop.jpg,1211406821_back_crop.jpg,69,机制银币 > 民国中央 > 孙中山像 > 民国17年 > 壹圆 > 甘肃省造,孙中山像壹圆
1211406829_front_crop.jpg,1211406829_back_crop.jpg,0,机制银币 > 地方省造 > 四川省造 > 军政府 > 壹圆 > 普通,四川银币壹圆
1211406845_front_crop.jpg,1211406845_back_crop.jpg,58,机制银币 > 民国中央 > 袁世凯像 > 民国九年 > 壹圆 > 精发,袁世凯像壹圆
1211406867_front_crop.jpg,1211406867_back_crop.jpg,12,机制银币 > 地方省造 > 云南省造 > 光绪元宝 > 七钱二分 > 老龙,云南省造贰角
1211406887_front_crop.jpg,1211406887_back_crop.jpg,58,机制银币 > 民国中央 > 袁世凯像 > 民国九年 > 壹圆 > 精发,袁世凯像壹圆
1211406891_front_crop.jpg,1211406891_back_crop.jpg,58,机制银币 > 民国中央 > 袁世凯像 > 民国九年 > 壹圆 > 精发,袁世凯像壹圆
1211406893_front_crop.jpg,1211406893_back_crop.jpg,58,机制银币 > 民国中央 > 袁世凯像 > 民国九年 > 壹圆 > 精发,袁世凯像壹圆
1211406905_front_crop.jpg,1211406905_back_crop.jpg,58,机制银币 > 民国中央 > 袁世凯像 > 民国九年 > 壹圆 > 精发,袁世凯像壹圆
1211406907_front_crop.jpg,1211406907_back_crop.jpg,58,机制银币 > 民国中央 > 袁世凯像 > 民国九年 > 壹圆 > 精发,袁世凯像壹圆
1211406913_front_crop.jpg,1211406913_back_crop.jpg,12,机制银币 > 地方省造 > 云南省造 > 光绪元宝 > 七钱二分 > 老龙,云南省造半圆
1211406937_front_crop.jpg,1211406937_back_crop.jpg,58,机制银币 > 民国中央 > 袁世凯像 > 民国九年 > 壹圆 > 精发,袁世凯像壹圆
1211406955_front_crop.jpg,1211406955_back_crop.jpg,58,机制银币 > 民国中央 > 袁世凯像 > 民国九年 > 壹圆 > 精发,袁世凯像壹圆
1211406967_front_crop.jpg,1211406967_back_crop.jpg,58,机制银币 > 民国中央 > 袁世凯像 > 民国九年 > 壹圆 > 精发,袁世凯像壹圆
1211407011_front_crop.jpg,1211407011_back_crop.jpg,69,机制银币 > 民国中央 > 孙中山像 > 民国17年 > 壹圆 > 甘肃省造,孙中山像壹圆
1211407013_front_crop.jpg,1211407013_back_crop.jpg,69,机制银币 > 民国中央 > 孙中山像 > 民国17年 > 壹圆 > 甘肃省造,孙中山像壹圆
1211407019_front_crop.jpg,1211407019_back_crop.jpg,70,机制银币 > 民国中央 > 孙中山像 > 开国纪念 > 壹圆 > 下五星,开国纪念壹圆
1211407089_front_crop.jpg,1211407089_back_crop.jpg,58,机制银币 > 民国中央 > 袁世凯像 > 民国九年 > 壹圆 > 精发,袁世凯像壹圆
1211407093_front_crop.jpg,1211407093_back_crop.jpg,58,机制银币 > 民国中央 > 袁世凯像 > 民国九年 > 壹圆 > 精发,袁世凯像壹圆
1211407103_front_crop.jpg,1211407103_back_crop.jpg,12,机制银币 > 地方省造 > 云南省造 > 光绪元宝 > 七钱二分 > 老龙,云南省造半圆
1211407121_front_crop.jpg,1211407121_back_crop.jpg,46,机制银币 > 地方省造 > 北洋造 > 光绪24年 > 壹圆,北洋局造一圆
1211407131_front_crop.jpg,1211407131_back_crop.jpg,58,机制银币 > 民国中央 > 袁世凯像 > 民国九年 > 壹圆 > 精发,袁世凯像壹圆
1211407141_front_crop.jpg,1211407141_back_crop.jpg,55,机制银币 > 地方省造 > 广东省造 > 光绪元宝 > 三钱六分,广东省造一圆
1211407147_front_crop.jpg,1211407147_back_crop.jpg,58,机制银币 > 民国中央 > 袁世凯像 > 民国九年 > 壹圆 > 精发,袁世凯像壹圆
1211407151_front_crop.jpg,1211407151_back_crop.jpg,27,机制银币 > 地方省造 > 江南省造 > 甲辰 > 七钱二分 > 普通,江南省造一圆
1211407153_front_crop.jpg,1211407153_back_crop.jpg,27,机制银币 > 地方省造 > 江南省造 > 甲辰 > 七钱二分 > 普通,江南省造一圆
1211407157_front_crop.jpg,1211407157_back_crop.jpg,27,机制银币 > 地方省造 > 江南省造 > 甲辰 > 七钱二分 > 普通,江南省造一圆
1211407195_front_crop.jpg,1211407195_back_crop.jpg,58,机制银币 > 民国中央 > 袁世凯像 > 民国九年 > 壹圆 > 精发,袁世凯像壹圆
1211407205_front_crop.jpg,1211407205_back_crop.jpg,0,机制银币 > 地方省造 > 四川省造 > 军政府 > 壹圆 > 普通,四川银币壹圆
1211407219_front_crop.jpg,1211407219_back_crop.jpg,70,机制银币 > 民国中央 > 孙中山像 > 开国纪念 > 壹圆 > 下五星,开国纪念壹圆
1211407237_front_crop.jpg,1211407237_back_crop.jpg,58,机制银币 > 民国中央 > 袁世凯像 > 民国九年 > 壹圆 > 精发,袁世凯像壹圆
1211407239_front_crop.jpg,1211407239_back_crop.jpg,69,机制银币 > 民国中央 > 孙中山像 > 民国17年 > 壹圆 > 甘肃省造,孙中山像贰毫
1211407241_front_crop.jpg,1211407241_back_crop.jpg,69,机制银币 > 民国中央 > 孙中山像 > 民国17年 > 壹圆 > 甘肃省造,孙中山像贰毫
1211407243_front_crop.jpg,1211407243_back_crop.jpg,69,机制银币 > 民国中央 > 孙中山像 > 民国17年 > 壹圆 > 甘肃省造,孙中山像贰毫
1211407245_front_crop.jpg,1211407245_back_crop.jpg,69,机制银币 > 民国中央 > 孙中山像 > 民国17年 > 壹圆 > 甘肃省造,孙中山像贰毫
1211407247_front_crop.jpg,1211407247_back_crop.jpg,69,机制银币 > 民国中央 > 孙中山像 > 民国17年 > 壹圆 > 甘肃省造,孙中山像贰毫
1211407253_front_crop.jpg,1211407253_back_crop.jpg,87,机制银币 > 清代中央 > 光绪年造 > 丁未大清银币 > 壹圆,大清银币壹圆
1211407255_front_crop.jpg,1211407255_back_crop.jpg,58,机制银币 > 民国中央 > 袁世凯像 > 民国九年 > 壹圆 > 精发,袁世凯像壹圆
1211407291_front_crop.jpg,1211407291_back_crop.jpg,69,机制银币 > 民国中央 > 孙中山像 > 民国17年 > 壹圆 > 甘肃省造,孙中山像壹圆
1211407309_front_crop.jpg,1211407309_back_crop.jpg,58,机制银币 > 民国中央 > 袁世凯像 > 民国九年 > 壹圆 > 精发,袁世凯像壹圆
1211407311_front_crop.jpg,1211407311_back_crop.jpg,90,机制银币 > 中华苏维埃 > 苏维埃 > 1932 > 贰角,福建中华二角
1211407315_front_crop.jpg,1211407315_back_crop.jpg,7,机制银币 > 地方省造 > 湖北省造 > 光绪元宝 > 七钱二分 > 普通,湖北省造一角
1211407357_front_crop.jpg,1211407357_back_crop.jpg,91,机制银币 > 纪念章 > 孙中山像,西藏章嘎嘎布
1211407469_front_crop.jpg,1211407469_back_crop.jpg,18,机制银币 > 地方省造 > 东三省造 > 光绪元宝 > 七钱二分,东三省造二角
1211407507_front_crop.jpg,1211407507_back_crop.jpg,70,机制银币 > 民国中央 > 孙中山像 > 开国纪念 > 壹圆 > 下五星,开国纪念壹圆
1211407509_front_crop.jpg,1211407509_back_crop.jpg,85,机制银币 > 纪念币 > 唐继尧像 > 拥护共和 > 三钱六分 > 正像,唐继尧像半圆
1211407511_front_crop.jpg,1211407511_back_crop.jpg,69,机制银币 > 民国中央 > 孙中山像 > 民国17年 > 壹圆 > 甘肃省造,孙中山像壹圆
1211407513_front_crop.jpg,1211407513_back_crop.jpg,58,机制银币 > 民国中央 > 袁世凯像 > 民国九年 > 壹圆 > 精发,袁世凯像壹圆
1211407515_front_crop.jpg,1211407515_back_crop.jpg,9,机制银币 > 地方省造 > 湖北省造 > 双龙 > 一两 > 小字,西藏银币一两五钱
1211407517_front_crop.jpg,1211407517_back_crop.jpg,9,机制银币 > 地方省造 > 湖北省造 > 双龙 > 一两 > 小字,西藏银币十两
1211407519_front_crop.jpg,1211407519_back_crop.jpg,9,机制银币 > 地方省造 > 湖北省造 > 双龙 > 一两 > 小字,西藏银币十两
1211407521_front_crop.jpg,1211407521_back_crop.jpg,9,机制银币 > 地方省造 > 湖北省造 > 双龙 > 一两 > 小字,西藏银币十两
1211407523_front_crop.jpg,1211407523_back_crop.jpg,9,机制银币 > 地方省造 > 湖北省造 > 双龙 > 一两 > 小字,西藏银币十两
1211407525_front_crop.jpg,1211407525_back_crop.jpg,9,机制银币 > 地方省造 > 湖北省造 > 双龙 > 一两 > 小字,西藏银币十两
1211407531_front_crop.jpg,1211407531_back_crop.jpg,9,机制银币 > 地方省造 > 湖北省造 > 双龙 > 一两 > 小字,西藏银币十两
1211407533_front_crop.jpg,1211407533_back_crop.jpg,9,机制银币 > 地方省造 > 湖北省造 > 双龙 > 一两 > 小字,西藏银币十两
1211407537_front_crop.jpg,1211407537_back_crop.jpg,9,机制银币 > 地方省造 > 湖北省造 > 双龙 > 一两 > 小字,西藏银币十两
1211407539_front_crop.jpg,1211407539_back_crop.jpg,9,机制银币 > 地方省造 > 湖北省造 > 双龙 > 一两 > 小字,西藏银币十两
1211407541_front_crop.jpg,1211407541_back_crop.jpg,9,机制银币 > 地方省造 > 湖北省造 > 双龙 > 一两 > 小字,西藏银币十两
1211407543_front_crop.jpg,1211407543_back_crop.jpg,9,机制银币 > 地方省造 > 湖北省造 > 双龙 > 一两 > 小字,西藏银币十两
1211407557_front_crop.jpg,1211407557_back_crop.jpg,69,机制银币 > 民国中央 > 孙中山像 > 民国17年 > 壹圆 > 甘肃省造,孙中山像壹毫
1211407595_front_crop.jpg,1211407595_back_crop.jpg,58,机制银币 > 民国中央 > 袁世凯像 > 民国九年 > 壹圆 > 精发,袁世凯像壹圆
1211407605_front_crop.jpg,1211407605_back_crop.jpg,9,机制银币 > 地方省造 > 湖北省造 > 双龙 > 一两 > 小字,西藏银币一两五钱
1211407607_front_crop.jpg,1211407607_back_crop.jpg,4,机制银币 > 地方省造 > 四川省造 > 光绪元宝 > 三钱六分 > 银币,西藏银币三两
1211407841_front_crop.jpg,1211407841_back_crop.jpg,12,机制银币 > 地方省造 > 云南省造 > 光绪元宝 > 七钱二分 > 老龙,云南省造半圆
1211407849_front_crop.jpg,1211407849_back_crop.jpg,58,机制银币 > 民国中央 > 袁世凯像 > 民国九年 > 壹圆 > 精发,袁世凯像壹圆
1211407897_front_crop.jpg,1211407897_back_crop.jpg,12,机制银币 > 地方省造 > 云南省造 > 光绪元宝 > 七钱二分 > 老龙,云南省造半圆
1211407899_front_crop.jpg,1211407899_back_crop.jpg,12,机制银币 > 地方省造 > 云南省造 > 光绪元宝 > 七钱二分 > 老龙,云南省造半圆
1211407903_front_crop.jpg,1211407903_back_crop.jpg,12,机制银币 > 地方省造 > 云南省造 > 光绪元宝 > 七钱二分 > 老龙,云南省造半圆
1211407905_front_crop.jpg,1211407905_back_crop.jpg,12,机制银币 > 地方省造 > 云南省造 > 光绪元宝 > 七钱二分 > 老龙,云南省造半圆
1211407911_front_crop.jpg,1211407911_back_crop.jpg,12,机制银币 > 地方省造 > 云南省造 > 光绪元宝 > 七钱二分 > 老龙,云南省造半圆
1211407913_front_crop.jpg,1211407913_back_crop.jpg,12,机制银币 > 地方省造 > 云南省造 > 光绪元宝 > 七钱二分 > 老龙,云南省造半圆
1211407923_front_crop.jpg,1211407923_back_crop.jpg,12,机制银币 > 地方省造 > 云南省造 > 光绪元宝 > 七钱二分 > 老龙,云南省造半圆
1211407925_front_crop.jpg,1211407925_back_crop.jpg,12,机制银币 > 地方省造 > 云南省造 > 光绪元宝 > 七钱二分 > 老龙,云南省造半圆
1211407927_front_crop.jpg,1211407927_back_crop.jpg,12,机制银币 > 地方省造 > 云南省造 > 光绪元宝 > 七钱二分 > 老龙,云南省造半圆
1211407935_front_crop.jpg,1211407935_back_crop.jpg,12,机制银币 > 地方省造 > 云南省造 > 光绪元宝 > 七钱二分 > 老龙,云南省造半圆
1211407949_front_crop.jpg,1211407949_back_crop.jpg,9,机制银币 > 地方省造 > 湖北省造 > 双龙 > 一两 > 小字,西藏银币十两
1211407961_front_crop.jpg,1211407961_back_crop.jpg,9,机制银币 > 地方省造 > 湖北省造 > 双龙 > 一两 > 小字,西藏银币十两
1211407965_front_crop.jpg,1211407965_back_crop.jpg,9,机制银币 > 地方省造 > 湖北省造 > 双龙 > 一两 > 小字,西藏银币十两
1211407967_front_crop.jpg,1211407967_back_crop.jpg,9,机制银币 > 地方省造 > 湖北省造 > 双龙 > 一两 > 小字,西藏银币十两
1211407969_front_crop.jpg,1211407969_back_crop.jpg,9,机制银币 > 地方省造 > 湖北省造 > 双龙 > 一两 > 小字,西藏银币十两
1211407973_front_crop.jpg,1211407973_back_crop.jpg,69,机制银币 > 民国中央 > 孙中山像 > 民国17年 > 壹圆 > 甘肃省造,孙中山像壹圆
1211407987_front_crop.jpg,1211407987_back_crop.jpg,58,机制银币 > 民国中央 > 袁世凯像 > 民国九年 > 壹圆 > 精发,袁世凯像壹圆
1211407991_front_crop.jpg,1211407991_back_crop.jpg,58,机制银币 > 民国中央 > 袁世凯像 > 民国九年 > 壹圆 > 精发,袁世凯像壹圆
1211407993_front_crop.jpg,1211407993_back_crop.jpg,58,机制银币 > 民国中央 > 袁世凯像 > 民国九年 > 壹圆 > 精发,袁世凯像壹圆
1211408003_front_crop.jpg,1211408003_back_crop.jpg,58,机制银币 > 民国中央 > 袁世凯像 > 民国九年 > 壹圆 > 精发,袁世凯像贰角
1211408007_front_crop.jpg,1211408007_back_crop.jpg,0,机制银币 > 地方省造 > 四川省造 > 军政府 > 壹圆 > 普通,四川省造卢比
1211408011_front_crop.jpg,1211408011_back_crop.jpg,6,机制银币 > 地方省造 > 四川省造 > 光绪元宝 > 七钱二分 > 四角龙,福建省造二角
1211408013_front_crop.jpg,1211408013_back_crop.jpg,90,机制银币 > 中华苏维埃 > 苏维埃 > 1932 > 贰角,福建中华二角
1211408015_front_crop.jpg,1211408015_back_crop.jpg,90,机制银币 > 中华苏维埃 > 苏维埃 > 1932 > 贰角,福建中华二角
1211408019_front_crop.jpg,1211408019_back_crop.jpg,6,机制银币 > 地方省造 > 四川省造 > 光绪元宝 > 七钱二分 > 四角龙,福建省造二角
1211408027_front_crop.jpg,1211408027_back_crop.jpg,58,机制银币 > 民国中央 > 袁世凯像 > 民国九年 > 壹圆 > 精发,袁世凯像壹圆
1211408029_front_crop.jpg,1211408029_back_crop.jpg,58,机制银币 > 民国中央 > 袁世凯像 > 民国九年 > 壹圆 > 精发,袁世凯像壹圆
1211408031_front_crop.jpg,1211408031_back_crop.jpg,58,机制银币 > 民国中央 > 袁世凯像 > 民国九年 > 壹圆 > 精发,袁世凯像壹圆
1211408033_front_crop.jpg,1211408033_back_crop.jpg,58,机制银币 > 民国中央 > 袁世凯像 > 民国九年 > 壹圆 > 精发,袁世凯像壹圆
1211408035_front_crop.jpg,1211408035_back_crop.jpg,58,机制银币 > 民国中央 > 袁世凯像 > 民国九年 > 壹圆 > 精发,袁世凯像壹圆
1211408037_front_crop.jpg,1211408037_back_crop.jpg,58,机制银币 > 民国中央 > 袁世凯像 > 民国九年 > 壹圆 > 精发,袁世凯像壹圆
1211408039_front_crop.jpg,1211408039_back_crop.jpg,58,机制银币 > 民国中央 > 袁世凯像 > 民国九年 > 壹圆 > 精发,袁世凯像壹圆
1211408043_front_crop.jpg,1211408043_back_crop.jpg,58,机制银币 > 民国中央 > 袁世凯像 > 民国九年 > 壹圆 > 精发,袁世凯像壹圆
1211408051_front_crop.jpg,1211408051_back_crop.jpg,58,机制银币 > 民国中央 > 袁世凯像 > 民国九年 > 壹圆 > 精发,袁世凯像壹圆
1211408053_front_crop.jpg,1211408053_back_crop.jpg,58,机制银币 > 民国中央 > 袁世凯像 > 民国九年 > 壹圆 > 精发,袁世凯像壹圆
1211408057_front_crop.jpg,1211408057_back_crop.jpg,70,机制银币 > 民国中央 > 孙中山像 > 开国纪念 > 壹圆 > 下五星,开国纪念壹圆
1211408059_front_crop.jpg,1211408059_back_crop.jpg,70,机制银币 > 民国中央 > 孙中山像 > 开国纪念 > 壹圆 > 下五星,开国纪念壹圆
1211408063_front_crop.jpg,1211408063_back_crop.jpg,0,机制银币 > 地方省造 > 四川省造 > 军政府 > 壹圆 > 普通,四川银币壹圆
1211408071_front_crop.jpg,1211408071_back_crop.jpg,70,机制银币 > 民国中央 > 孙中山像 > 开国纪念 > 壹圆 > 下五星,开国纪念壹圆
1211408089_front_crop.jpg,1211408089_back_crop.jpg,12,机制银币 > 地方省造 > 云南省造 > 光绪元宝 > 七钱二分 > 老龙,云南省造一圆
1211408117_front_crop.jpg,1211408117_back_crop.jpg,69,机制银币 > 民国中央 > 孙中山像 > 民国17年 > 壹圆 > 甘肃省造,孙中山像壹圆
1211408131_front_crop.jpg,1211408131_back_crop.jpg,87,机制银币 > 清代中央 > 光绪年造 > 丁未大清银币 > 壹圆,大清银币壹圆
1211408157_front_crop.jpg,1211408157_back_crop.jpg,12,机制银币 > 地方省造 > 云南省造 > 光绪元宝 > 七钱二分 > 老龙,云南省造二角
1211408159_front_crop.jpg,1211408159_back_crop.jpg,7,机制银币 > 地方省造 > 湖北省造 > 光绪元宝 > 七钱二分 > 普通,湖北省造一圆
1211408161_front_crop.jpg,1211408161_back_crop.jpg,58,机制银币 > 民国中央 > 袁世凯像 > 民国九年 > 壹圆 > 精发,袁世凯像壹圆
1211408225_front_crop.jpg,1211408225_back_crop.jpg,0,机制银币 > 地方省造 > 四川省造 > 军政府 > 壹圆 > 普通,浙江省造壹毫
1211408235_front_crop.jpg,1211408235_back_crop.jpg,18,机制银币 > 地方省造 > 东三省造 > 光绪元宝 > 七钱二分,东三省造二角
1211408237_front_crop.jpg,1211408237_back_crop.jpg,69,机制银币 > 民国中央 > 孙中山像 > 民国17年 > 壹圆 > 甘肃省造,孙中山像贰毫
1211408239_front_crop.jpg,1211408239_back_crop.jpg,12,机制银币 > 地方省造 > 云南省造 > 光绪元宝 > 七钱二分 > 老龙,云南省造贰角
1211408295_front_crop.jpg,1211408295_back_crop.jpg,6,机制银币 > 地方省造 > 四川省造 > 光绪元宝 > 七钱二分 > 四角龙,福建省造二角
1211408311_front_crop.jpg,1211408311_back_crop.jpg,18,机制银币 > 地方省造 > 东三省造 > 光绪元宝 > 七钱二分,东三省造二角
1211408313_front_crop.jpg,1211408313_back_crop.jpg,58,机制银币 > 民国中央 > 袁世凯像 > 民国九年 > 壹圆 > 精发,袁世凯像壹圆
1211408317_front_crop.jpg,1211408317_back_crop.jpg,58,机制银币 > 民国中央 > 袁世凯像 > 民国九年 > 壹圆 > 精发,袁世凯像壹圆
1211408331_front_crop.jpg,1211408331_back_crop.jpg,58,机制银币 > 民国中央 > 袁世凯像 > 民国九年 > 壹圆 > 精发,袁世凯像壹圆
1211408333_front_crop.jpg,1211408333_back_crop.jpg,58,机制银币 > 民国中央 > 袁世凯像 > 民国九年 > 壹圆 > 精发,袁世凯像壹圆
1211408337_front_crop.jpg,1211408337_back_crop.jpg,58,机制银币 > 民国中央 > 袁世凯像 > 民国九年 > 壹圆 > 精发,袁世凯像壹圆
1211408341_front_crop.jpg,1211408341_back_crop.jpg,58,机制银币 > 民国中央 > 袁世凯像 > 民国九年 > 壹圆 > 精发,袁世凯像壹圆
1211408369_front_crop.jpg,1211408369_back_crop.jpg,70,机制银币 > 民国中央 > 孙中山像 > 开国纪念 > 壹圆 > 下五星,开国纪念壹圆
1211408375_front_crop.jpg,1211408375_back_crop.jpg,58,机制银币 > 民国中央 > 袁世凯像 > 民国九年 > 壹圆 > 精发,袁世凯像壹圆
1211408383_front_crop.jpg,1211408383_back_crop.jpg,69,机制银币 > 民国中央 > 孙中山像 > 民国17年 > 壹圆 > 甘肃省造,孙中山像壹圆
1211408397_front_crop.jpg,1211408397_back_crop.jpg,12,机制银币 > 地方省造 > 云南省造 > 光绪元宝 > 七钱二分 > 老龙,云南省造半圆
1211408399_front_crop.jpg,1211408399_back_crop.jpg,12,机制银币 > 地方省造 > 云南省造 > 光绪元宝 > 七钱二分 > 老龙,云南省造半圆
1211408467_front_crop.jpg,1211408467_back_crop.jpg,69,机制银币 > 民国中央 > 孙中山像 > 民国17年 > 壹圆 > 甘肃省造,孙中山像壹圆
1211408471_front_crop.jpg,1211408471_back_crop.jpg,70,机制银币 > 民国中央 > 孙中山像 > 开国纪念 > 壹圆 > 下五星,开国纪念壹圆
1211408483_front_crop.jpg,1211408483_back_crop.jpg,12,机制银币 > 地方省造 > 云南省造 > 光绪元宝 > 七钱二分 > 老龙,云南省造贰角
1211408515_front_crop.jpg,1211408515_back_crop.jpg,58,机制银币 > 民国中央 > 袁世凯像 > 民国九年 > 壹圆 > 精发,袁世凯像壹圆
1211408541_front_crop.jpg,1211408541_back_crop.jpg,58,机制银币 > 民国中央 > 袁世凯像 > 民国九年 > 壹圆 > 精发,袁世凯像壹圆
1211408543_front_crop.jpg,1211408543_back_crop.jpg,58,机制银币 > 民国中央 > 袁世凯像 > 民国九年 > 壹圆 > 精发,袁世凯像壹圆
1211408545_front_crop.jpg,1211408545_back_crop.jpg,58,机制银币 > 民国中央 > 袁世凯像 > 民国九年 > 壹圆 > 精发,袁世凯像壹圆
1211408547_front_crop.jpg,1211408547_back_crop.jpg,58,机制银币 > 民国中央 > 袁世凯像 > 民国九年 > 壹圆 > 精发,袁世凯像壹圆
1211408551_front_crop.jpg,1211408551_back_crop.jpg,58,机制银币 > 民国中央 > 袁世凯像 > 民国九年 > 壹圆 > 精发,袁世凯像壹圆
1211408595_front_crop.jpg,1211408595_back_crop.jpg,58,机制银币 > 民国中央 > 袁世凯像 > 民国九年 > 壹圆 > 精发,袁世凯像壹圆
1211408627_front_crop.jpg,1211408627_back_crop.jpg,12,机制银币 > 地方省造 > 云南省造 > 光绪元宝 > 七钱二分 > 老龙,云南省造半圆
1211408629_front_crop.jpg,1211408629_back_crop.jpg,12,机制银币 > 地方省造 > 云南省造 > 光绪元宝 > 七钱二分 > 老龙,云南省造半圆
1211408635_front_crop.jpg,1211408635_back_crop.jpg,12,机制银币 > 地方省造 > 云南省造 > 光绪元宝 > 七钱二分 > 老龙,云南省造半圆
1211408639_front_crop.jpg,1211408639_back_crop.jpg,12,机制银币 > 地方省造 > 云南省造 > 光绪元宝 > 七钱二分 > 老龙,云南省造半圆
1211408641_front_crop.jpg,1211408641_back_crop.jpg,12,机制银币 > 地方省造 > 云南省造 > 光绪元宝 > 七钱二分 > 老龙,云南省造半圆
1211408643_front_crop.jpg,1211408643_back_crop.jpg,12,机制银币 > 地方省造 > 云南省造 > 光绪元宝 > 七钱二分 > 老龙,云南省造半圆
1211408645_front_crop.jpg,1211408645_back_crop.jpg,12,机制银币 > 地方省造 > 云南省造 > 光绪元宝 > 七钱二分 > 老龙,云南省造半圆
1211408649_front_crop.jpg,1211408649_back_crop.jpg,12,机制银币 > 地方省造 > 云南省造 > 光绪元宝 > 七钱二分 > 老龙,云南省造半圆
1211408651_front_crop.jpg,1211408651_back_crop.jpg,12,机制银币 > 地方省造 > 云南省造 > 光绪元宝 > 七钱二分 > 老龙,云南省造半圆
1211408653_front_crop.jpg,1211408653_back_crop.jpg,12,机制银币 > 地方省造 > 云南省造 > 光绪元宝 > 七钱二分 > 老龙,云南省造半圆
1211408657_front_crop.jpg,1211408657_back_crop.jpg,12,机制银币 > 地方省造 > 云南省造 > 光绪元宝 > 七钱二分 > 老龙,云南省造半圆
1211408659_front_crop.jpg,1211408659_back_crop.jpg,12,机制银币 > 地方省造 > 云南省造 > 光绪元宝 > 七钱二分 > 老龙,云南省造半圆
1211408669_front_crop.jpg,1211408669_back_crop.jpg,12,机制银币 > 地方省造 > 云南省造 > 光绪元宝 > 七钱二分 > 老龙,云南省造半圆
1211408671_front_crop.jpg,1211408671_back_crop.jpg,12,机制银币 > 地方省造 > 云南省造 > 光绪元宝 > 七钱二分 > 老龙,云南省造半圆
1211408677_front_crop.jpg,1211408677_back_crop.jpg,12,机制银币 > 地方省造 > 云南省造 > 光绪元宝 > 七钱二分 > 老龙,云南省造半圆
1211408681_front_crop.jpg,1211408681_back_crop.jpg,12,机制银币 > 地方省造 > 云南省造 > 光绪元宝 > 七钱二分 > 老龙,云南省造半圆
1211408685_front_crop.jpg,1211408685_back_crop.jpg,12,机制银币 > 地方省造 > 云南省造 > 光绪元宝 > 七钱二分 > 老龙,云南省造半圆
1211408693_front_crop.jpg,1211408693_back_crop.jpg,12,机制银币 > 地方省造 > 云南省造 > 光绪元宝 > 七钱二分 > 老龙,云南省造半圆
1211408695_front_crop.jpg,1211408695_back_crop.jpg,12,机制银币 > 地方省造 > 云南省造 > 光绪元宝 > 七钱二分 > 老龙,云南省造半圆
1211408703_front_crop.jpg,1211408703_back_crop.jpg,12,机制银币 > 地方省造 > 云南省造 > 光绪元宝 > 七钱二分 > 老龙,云南省造半圆
1211408709_front_crop.jpg,1211408709_back_crop.jpg,12,机制银币 > 地方省造 > 云南省造 > 光绪元宝 > 七钱二分 > 老龙,云南省造半圆
1211408715_front_crop.jpg,1211408715_back_crop.jpg,12,机制银币 > 地方省造 > 云南省造 > 光绪元宝 > 七钱二分 > 老龙,云南省造半圆
1211408719_front_crop.jpg,1211408719_back_crop.jpg,12,机制银币 > 地方省造 > 云南省造 > 光绪元宝 > 七钱二分 > 老龙,云南省造半圆
1211408721_front_crop.jpg,1211408721_back_crop.jpg,70,机制银币 > 民国中央 > 孙中山像 > 开国纪念 > 壹圆 > 下五星,开国纪念壹圆
1211408739_front_crop.jpg,1211408739_back_crop.jpg,12,机制银币 > 地方省造 > 云南省造 > 光绪元宝 > 七钱二分 > 老龙,云南省造半圆
1211408747_front_crop.jpg,1211408747_back_crop.jpg,58,机制银币 > 民国中央 > 袁世凯像 > 民国九年 > 壹圆 > 精发,袁世凯像壹圆
1211408749_front_crop.jpg,1211408749_back_crop.jpg,69,机制银币 > 民国中央 > 孙中山像 > 民国17年 > 壹圆 > 甘肃省造,孙中山像壹圆
1211408763_front_crop.jpg,1211408763_back_crop.jpg,12,机制银币 > 地方省造 > 云南省造 > 光绪元宝 > 七钱二分 > 老龙,云南省造贰角
1211408765_front_crop.jpg,1211408765_back_crop.jpg,12,机制银币 > 地方省造 > 云南省造 > 光绪元宝 > 七钱二分 > 老龙,云南省造贰角
1211408767_front_crop.jpg,1211408767_back_crop.jpg,12,机制银币 > 地方省造 > 云南省造 > 光绪元宝 > 七钱二分 > 老龙,云南省造半圆
1211408769_front_crop.jpg,1211408769_back_crop.jpg,12,机制银币 > 地方省造 > 云南省造 > 光绪元宝 > 七钱二分 > 老龙,云南省造半圆
1211408771_front_crop.jpg,1211408771_back_crop.jpg,12,机制银币 > 地方省造 > 云南省造 > 光绪元宝 > 七钱二分 > 老龙,云南省造半圆
1211408773_front_crop.jpg,1211408773_back_crop.jpg,12,机制银币 > 地方省造 > 云南省造 > 光绪元宝 > 七钱二分 > 老龙,云南省造半圆
1211408775_front_crop.jpg,1211408775_back_crop.jpg,12,机制银币 > 地方省造 > 云南省造 > 光绪元宝 > 七钱二分 > 老龙,云南省造半圆
1211408777_front_crop.jpg,1211408777_back_crop.jpg,12,机制银币 > 地方省造 > 云南省造 > 光绪元宝 > 七钱二分 > 老龙,云南省造半圆
1211408779_front_crop.jpg,1211408779_back_crop.jpg,12,机制银币 > 地方省造 > 云南省造 > 光绪元宝 > 七钱二分 > 老龙,云南省造半圆
1211408781_front_crop.jpg,1211408781_back_crop.jpg,12,机制银币 > 地方省造 > 云南省造 > 光绪元宝 > 七钱二分 > 老龙,云南省造半圆
1211408783_front_crop.jpg,1211408783_back_crop.jpg,12,机制银币 > 地方省造 > 云南省造 > 光绪元宝 > 七钱二分 > 老龙,云南省造半圆
1211408785_front_crop.jpg,1211408785_back_crop.jpg,12,机制银币 > 地方省造 > 云南省造 > 光绪元宝 > 七钱二分 > 老龙,云南省造半圆
1211408787_front_crop.jpg,1211408787_back_crop.jpg,12,机制银币 > 地方省造 > 云南省造 > 光绪元宝 > 七钱二分 > 老龙,云南省造半圆
1211408789_front_crop.jpg,1211408789_back_crop.jpg,12,机制银币 > 地方省造 > 云南省造 > 光绪元宝 > 七钱二分 > 老龙,云南省造半圆
1211408891_front_crop.jpg,1211408891_back_crop.jpg,58,机制银币 > 民国中央 > 袁世凯像 > 民国九年 > 壹圆 > 精发,袁世凯像壹圆
1211408919_front_crop.jpg,1211408919_back_crop.jpg,55,机制银币 > 地方省造 > 广东省造 > 光绪元宝 > 三钱六分,广西省造贰毫
1211408943_front_crop.jpg,1211408943_back_crop.jpg,58,机制银币 > 民国中央 > 袁世凯像 > 民国九年 > 壹圆 > 精发,袁世凯像壹圆
1211408957_front_crop.jpg,1211408957_back_crop.jpg,58,机制银币 > 民国中央 > 袁世凯像 > 民国九年 > 壹圆 > 精发,袁世凯像壹圆
1211408959_front_crop.jpg,1211408959_back_crop.jpg,58,机制银币 > 民国中央 > 袁世凯像 > 民国九年 > 壹圆 > 精发,袁世凯像壹圆
1211408969_front_crop.jpg,1211408969_back_crop.jpg,18,机制银币 > 地方省造 > 东三省造 > 光绪元宝 > 七钱二分,东三省造二角
1211408987_front_crop.jpg,1211408987_back_crop.jpg,70,机制银币 > 民国中央 > 孙中山像 > 开国纪念 > 壹圆 > 下五星,开国纪念壹圆
1211408993_front_crop.jpg,1211408993_back_crop.jpg,69,机制银币 > 民国中央 > 孙中山像 > 民国17年 > 壹圆 > 甘肃省造,孙中山像壹圆
1211409001_front_crop.jpg,1211409001_back_crop.jpg,55,机制银币 > 地方省造 > 广东省造 > 光绪元宝 > 三钱六分,广东省造二角
1211409003_front_crop.jpg,1211409003_back_crop.jpg,6,机制银币 > 地方省造 > 四川省造 > 光绪元宝 > 七钱二分 > 四角龙,福建省造二角
1211409011_front_crop.jpg,1211409011_back_crop.jpg,58,机制银币 > 民国中央 > 袁世凯像 > 民国九年 > 壹圆 > 精发,袁世凯像壹圆
1211409013_front_crop.jpg,1211409013_back_crop.jpg,46,机制银币 > 地方省造 > 北洋造 > 光绪24年 > 壹圆,北洋局造一圆
1211409025_front_crop.jpg,1211409025_back_crop.jpg,69,机制银币 > 民国中央 > 孙中山像 > 民国17年 > 壹圆 > 甘肃省造,孙中山像壹圆
1211409047_front_crop.jpg,1211409047_back_crop.jpg,58,机制银币 > 民国中央 > 袁世凯像 > 民国九年 > 壹圆 > 精发,袁世凯像贰角
1211409073_front_crop.jpg,1211409073_back_crop.jpg,12,机制银币 > 地方省造 > 云南省造 > 光绪元宝 > 七钱二分 > 老龙,云南省造贰角
1211409077_front_crop.jpg,1211409077_back_crop.jpg,58,机制银币 > 民国中央 > 袁世凯像 > 民国九年 > 壹圆 > 精发,袁世凯像壹圆
1211409079_front_crop.jpg,1211409079_back_crop.jpg,70,机制银币 > 民国中央 > 孙中山像 > 开国纪念 > 壹圆 > 下五星,开国纪念壹圆
1211409109_front_crop.jpg,1211409109_back_crop.jpg,58,机制银币 > 民国中央 > 袁世凯像 > 民国九年 > 壹圆 > 精发,袁世凯像壹圆
1211409127_front_crop.jpg,1211409127_back_crop.jpg,58,机制银币 > 民国中央 > 袁世凯像 > 民国九年 > 壹圆 > 精发,袁世凯像壹圆
1211409139_front_crop.jpg,1211409139_back_crop.jpg,58,机制银币 > 民国中央 > 袁世凯像 > 民国九年 > 壹圆 > 精发,袁世凯像壹圆
1211409147_front_crop.jpg,1211409147_back_crop.jpg,12,机制银币 > 地方省造 > 云南省造 > 光绪元宝 > 七钱二分 > 老龙,云南省造半圆
1211409149_front_crop.jpg,1211409149_back_crop.jpg,12,机制银币 > 地方省造 > 云南省造 > 光绪元宝 > 七钱二分 > 老龙,云南省造半圆
1211409151_front_crop.jpg,1211409151_back_crop.jpg,12,机制银币 > 地方省造 > 云南省造 > 光绪元宝 > 七钱二分 > 老龙,云南省造半圆
1211409177_front_crop.jpg,1211409177_back_crop.jpg,27,机制银币 > 地方省造 > 江南省造 > 甲辰 > 七钱二分 > 普通,江南省造一圆
1211409181_front_crop.jpg,1211409181_back_crop.jpg,58,机制银币 > 民国中央 > 袁世凯像 > 民国九年 > 壹圆 > 精发,袁世凯像壹圆
1211409185_front_crop.jpg,1211409185_back_crop.jpg,58,机制银币 > 民国中央 > 袁世凯像 > 民国九年 > 壹圆 > 精发,袁世凯像壹圆
1211409193_front_crop.jpg,1211409193_back_crop.jpg,52,机制银币 > 地方省造 > 新疆省造 > 造币厂铸 > 壹圆 > 尖足1,新疆迪化壹两
1211409207_front_crop.jpg,1211409207_back_crop.jpg,12,机制银币 > 地方省造 > 云南省造 > 光绪元宝 > 七钱二分 > 老龙,云南省造贰角
1211409211_front_crop.jpg,1211409211_back_crop.jpg,58,机制银币 > 民国中央 > 袁世凯像 > 民国九年 > 壹圆 > 精发,袁世凯像壹圆
1211409215_front_crop.jpg,1211409215_back_crop.jpg,70,机制银币 > 民国中央 > 孙中山像 > 开国纪念 > 壹圆 > 下五星,开国纪念壹圆
1211409231_front_crop.jpg,1211409231_back_crop.jpg,12,机制银币 > 地方省造 > 云南省造 > 光绪元宝 > 七钱二分 > 老龙,云南省造半圆
1211409245_front_crop.jpg,1211409245_back_crop.jpg,58,机制银币 > 民国中央 > 袁世凯像 > 民国九年 > 壹圆 > 精发,袁世凯像壹角
1211409265_front_crop.jpg,1211409265_back_crop.jpg,70,机制银币 > 民国中央 > 孙中山像 > 开国纪念 > 壹圆 > 下五星,开国纪念壹圆
1211409301_front_crop.jpg,1211409301_back_crop.jpg,58,机制银币 > 民国中央 > 袁世凯像 > 民国九年 > 壹圆 > 精发,袁世凯像壹圆
1211409303_front_crop.jpg,1211409303_back_crop.jpg,58,机制银币 > 民国中央 > 袁世凯像 > 民国九年 > 壹圆 > 精发,袁世凯像壹圆
1211409305_front_crop.jpg,1211409305_back_crop.jpg,58,机制银币 > 民国中央 > 袁世凯像 > 民国九年 > 壹圆 > 精发,袁世凯像壹圆
1211409307_front_crop.jpg,1211409307_back_crop.jpg,58,机制银币 > 民国中央 > 袁世凯像 > 民国九年 > 壹圆 > 精发,袁世凯像壹圆
1211409325_front_crop.jpg,1211409325_back_crop.jpg,7,机制银币 > 地方省造 > 湖北省造 > 光绪元宝 > 七钱二分 > 普通,湖北省造一圆
1211409327_front_crop.jpg,1211409327_back_crop.jpg,55,机制银币 > 地方省造 > 广东省造 > 光绪元宝 > 三钱六分,广东省造一圆
1211409329_front_crop.jpg,1211409329_back_crop.jpg,55,机制银币 > 地方省造 > 广东省造 > 光绪元宝 > 三钱六分,广东省造一圆
1211409331_front_crop.jpg,1211409331_back_crop.jpg,27,机制银币 > 地方省造 > 江南省造 > 甲辰 > 七钱二分 > 普通,江南省造一圆
1211409333_front_crop.jpg,1211409333_back_crop.jpg,27,机制银币 > 地方省造 > 江南省造 > 甲辰 > 七钱二分 > 普通,江南省造一圆
1211409345_front_crop.jpg,1211409345_back_crop.jpg,9,机制银币 > 地方省造 > 湖北省造 > 双龙 > 一两 > 小字,富字一两正银
1211409351_front_crop.jpg,1211409351_back_crop.jpg,12,机制银币 > 地方省造 > 云南省造 > 光绪元宝 > 七钱二分 > 老龙,云南省造半圆
1211409359_front_crop.jpg,1211409359_back_crop.jpg,12,机制银币 > 地方省造 > 云南省造 > 光绪元宝 > 七钱二分 > 老龙,云南省造半圆
1211409363_front_crop.jpg,1211409363_back_crop.jpg,12,机制银币 > 地方省造 > 云南省造 > 光绪元宝 > 七钱二分 > 老龙,云南省造半圆
1211409377_front_crop.jpg,1211409377_back_crop.jpg,12,机制银币 > 地方省造 > 云南省造 > 光绪元宝 > 七钱二分 > 老龙,云南省造半圆
1211409383_front_crop.jpg,1211409383_back_crop.jpg,12,机制银币 > 地方省造 > 云南省造 > 光绪元宝 > 七钱二分 > 老龙,云南省造半圆
1211409431_front_crop.jpg,1211409431_back_crop.jpg,58,机制银币 > 民国中央 > 袁世凯像 > 民国九年 > 壹圆 > 精发,袁世凯像壹圆
1211409457_front_crop.jpg,1211409457_back_crop.jpg,55,机制银币 > 地方省造 > 广东省造 > 光绪元宝 > 三钱六分,广东省造二角
1211409459_front_crop.jpg,1211409459_back_crop.jpg,55,机制银币 > 地方省造 > 广东省造 > 光绪元宝 > 三钱六分,广东省造二角
1211409463_front_crop.jpg,1211409463_back_crop.jpg,69,机制银币 > 民国中央 > 孙中山像 > 民国17年 > 壹圆 > 甘肃省造,孙中山像壹圆
1211409479_front_crop.jpg,1211409479_back_crop.jpg,58,机制银币 > 民国中央 > 袁世凯像 > 民国九年 > 壹圆 > 精发,袁世凯像壹圆
1211409491_front_crop.jpg,1211409491_back_crop.jpg,58,机制银币 > 民国中央 > 袁世凯像 > 民国九年 > 壹圆 > 精发,袁世凯像贰角
1211409493_front_crop.jpg,1211409493_back_crop.jpg,85,机制银币 > 纪念币 > 唐继尧像 > 拥护共和 > 三钱六分 > 正像,唐继尧像半圆
1211409495_front_crop.jpg,1211409495_back_crop.jpg,69,机制银币 > 民国中央 > 孙中山像 > 民国17年 > 壹圆 > 甘肃省造,孙中山像壹圆
1211409525_front_crop.jpg,1211409525_back_crop.jpg,58,机制银币 > 民国中央 > 袁世凯像 > 民国九年 > 壹圆 > 精发,袁世凯像壹圆
1211409539_front_crop.jpg,1211409539_back_crop.jpg,58,机制银币 > 民国中央 > 袁世凯像 > 民国九年 > 壹圆 > 精发,袁世凯像壹圆
1211409541_front_crop.jpg,1211409541_back_crop.jpg,58,机制银币 > 民国中央 > 袁世凯像 > 民国九年 > 壹圆 > 精发,袁世凯像壹圆
1211409543_front_crop.jpg,1211409543_back_crop.jpg,70,机制银币 > 民国中央 > 孙中山像 > 开国纪念 > 壹圆 > 下五星,开国纪念壹圆
1211409563_front_crop.jpg,1211409563_back_crop.jpg,12,机制银币 > 地方省造 > 云南省造 > 光绪元宝 > 七钱二分 > 老龙,云南省造半圆
1211409565_front_crop.jpg,1211409565_back_crop.jpg,27,机制银币 > 地方省造 > 江南省造 > 甲辰 > 七钱二分 > 普通,江南省造二角
1211409567_front_crop.jpg,1211409567_back_crop.jpg,58,机制银币 > 民国中央 > 袁世凯像 > 民国九年 > 壹圆 > 精发,袁世凯像壹圆
1211409569_front_crop.jpg,1211409569_back_crop.jpg,58,机制银币 > 民国中央 > 袁世凯像 > 民国九年 > 壹圆 > 精发,袁世凯像壹圆
1211409571_front_crop.jpg,1211409571_back_crop.jpg,58,机制银币 > 民国中央 > 袁世凯像 > 民国九年 > 壹圆 > 精发,袁世凯像壹圆
1211409573_front_crop.jpg,1211409573_back_crop.jpg,58,机制银币 > 民国中央 > 袁世凯像 > 民国九年 > 壹圆 > 精发,袁世凯像壹圆
1211409575_front_crop.jpg,1211409575_back_crop.jpg,58,机制银币 > 民国中央 > 袁世凯像 > 民国九年 > 壹圆 > 精发,袁世凯像壹圆
1211409577_front_crop.jpg,1211409577_back_crop.jpg,58,机制银币 > 民国中央 > 袁世凯像 > 民国九年 > 壹圆 > 精发,袁世凯像壹圆
1211409579_front_crop.jpg,1211409579_back_crop.jpg,58,机制银币 > 民国中央 > 袁世凯像 > 民国九年 > 壹圆 > 精发,袁世凯像壹圆
1211409581_front_crop.jpg,1211409581_back_crop.jpg,58,机制银币 > 民国中央 > 袁世凯像 > 民国九年 > 壹圆 > 精发,袁世凯像壹圆
1211409583_front_crop.jpg,1211409583_back_crop.jpg,58,机制银币 > 民国中央 > 袁世凯像 > 民国九年 > 壹圆 > 精发,袁世凯像壹圆
1211409585_front_crop.jpg,1211409585_back_crop.jpg,58,机制银币 > 民国中央 > 袁世凯像 > 民国九年 > 壹圆 > 精发,袁世凯像壹圆
1211409587_front_crop.jpg,1211409587_back_crop.jpg,58,机制银币 > 民国中央 > 袁世凯像 > 民国九年 > 壹圆 > 精发,袁世凯像壹圆
1211409589_front_crop.jpg,1211409589_back_crop.jpg,58,机制银币 > 民国中央 > 袁世凯像 > 民国九年 > 壹圆 > 精发,袁世凯像壹圆
1211409591_front_crop.jpg,1211409591_back_crop.jpg,58,机制银币 > 民国中央 > 袁世凯像 > 民国九年 > 壹圆 > 精发,袁世凯像壹圆
1211409593_front_crop.jpg,1211409593_back_crop.jpg,58,机制银币 > 民国中央 > 袁世凯像 > 民国九年 > 壹圆 > 精发,袁世凯像壹圆
1211409595_front_crop.jpg,1211409595_back_crop.jpg,58,机制银币 > 民国中央 > 袁世凯像 > 民国九年 > 壹圆 > 精发,袁世凯像壹圆
1211409597_front_crop.jpg,1211409597_back_crop.jpg,58,机制银币 > 民国中央 > 袁世凯像 > 民国九年 > 壹圆 > 精发,袁世凯像壹圆
1211409599_front_crop.jpg,1211409599_back_crop.jpg,58,机制银币 > 民国中央 > 袁世凯像 > 民国九年 > 壹圆 > 精发,袁世凯像壹圆
1211409601_front_crop.jpg,1211409601_back_crop.jpg,58,机制银币 > 民国中央 > 袁世凯像 > 民国九年 > 壹圆 > 精发,袁世凯像壹圆
1211409603_front_crop.jpg,1211409603_back_crop.jpg,58,机制银币 > 民国中央 > 袁世凯像 > 民国九年 > 壹圆 > 精发,袁世凯像壹圆
1211409605_front_crop.jpg,1211409605_back_crop.jpg,58,机制银币 > 民国中央 > 袁世凯像 > 民国九年 > 壹圆 > 精发,袁世凯像壹圆
1211409607_front_crop.jpg,1211409607_back_crop.jpg,58,机制银币 > 民国中央 > 袁世凯像 > 民国九年 > 壹圆 > 精发,袁世凯像壹圆
1211409609_front_crop.jpg,1211409609_back_crop.jpg,58,机制银币 > 民国中央 > 袁世凯像 > 民国九年 > 壹圆 > 精发,袁世凯像壹圆
1211409611_front_crop.jpg,1211409611_back_crop.jpg,58,机制银币 > 民国中央 > 袁世凯像 > 民国九年 > 壹圆 > 精发,袁世凯像壹圆
1211409613_front_crop.jpg,1211409613_back_crop.jpg,58,机制银币 > 民国中央 > 袁世凯像 > 民国九年 > 壹圆 > 精发,袁世凯像壹圆
1211409615_front_crop.jpg,1211409615_back_crop.jpg,58,机制银币 > 民国中央 > 袁世凯像 > 民国九年 > 壹圆 > 精发,袁世凯像壹圆
1211409629_front_crop.jpg,1211409629_back_crop.jpg,58,机制银币 > 民国中央 > 袁世凯像 > 民国九年 > 壹圆 > 精发,袁世凯像壹圆
1211409631_front_crop.jpg,1211409631_back_crop.jpg,58,机制银币 > 民国中央 > 袁世凯像 > 民国九年 > 壹圆 > 精发,袁世凯像壹圆
1211409633_front_crop.jpg,1211409633_back_crop.jpg,58,机制银币 > 民国中央 > 袁世凯像 > 民国九年 > 壹圆 > 精发,袁世凯像壹圆
1211409639_front_crop.jpg,1211409639_back_crop.jpg,58,机制银币 > 民国中央 > 袁世凯像 > 民国九年 > 壹圆 > 精发,袁世凯像壹圆
1211409641_front_crop.jpg,1211409641_back_crop.jpg,58,机制银币 > 民国中央 > 袁世凯像 > 民国九年 > 壹圆 > 精发,袁世凯像壹圆
1211409649_front_crop.jpg,1211409649_back_crop.jpg,58,机制银币 > 民国中央 > 袁世凯像 > 民国九年 > 壹圆 > 精发,袁世凯像壹圆
1211409679_front_crop.jpg,1211409679_back_crop.jpg,58,机制银币 > 民国中央 > 袁世凯像 > 民国九年 > 壹圆 > 精发,袁世凯像壹圆
1211409681_front_crop.jpg,1211409681_back_crop.jpg,58,机制银币 > 民国中央 > 袁世凯像 > 民国九年 > 壹圆 > 精发,袁世凯像壹圆
1211409683_front_crop.jpg,1211409683_back_crop.jpg,58,机制银币 > 民国中央 > 袁世凯像 > 民国九年 > 壹圆 > 精发,袁世凯像壹圆
1211409685_front_crop.jpg,1211409685_back_crop.jpg,58,机制银币 > 民国中央 > 袁世凯像 > 民国九年 > 壹圆 > 精发,袁世凯像壹圆
1211409687_front_crop.jpg,1211409687_back_crop.jpg,58,机制银币 > 民国中央 > 袁世凯像 > 民国九年 > 壹圆 > 精发,袁世凯像壹圆
1211409689_front_crop.jpg,1211409689_back_crop.jpg,58,机制银币 > 民国中央 > 袁世凯像 > 民国九年 > 壹圆 > 精发,袁世凯像壹圆
1211409691_front_crop.jpg,1211409691_back_crop.jpg,58,机制银币 > 民国中央 > 袁世凯像 > 民国九年 > 壹圆 > 精发,袁世凯像壹圆
1211409695_front_crop.jpg,1211409695_back_crop.jpg,58,机制银币 > 民国中央 > 袁世凯像 > 民国九年 > 壹圆 > 精发,袁世凯像壹圆
1211409697_front_crop.jpg,1211409697_back_crop.jpg,58,机制银币 > 民国中央 > 袁世凯像 > 民国九年 > 壹圆 > 精发,袁世凯像壹圆
1211409717_front_crop.jpg,1211409717_back_crop.jpg,58,机制银币 > 民国中央 > 袁世凯像 > 民国九年 > 壹圆 > 精发,袁世凯像壹圆
1211409719_front_crop.jpg,1211409719_back_crop.jpg,58,机制银币 > 民国中央 > 袁世凯像 > 民国九年 > 壹圆 > 精发,袁世凯像壹圆
1211409721_front_crop.jpg,1211409721_back_crop.jpg,58,机制银币 > 民国中央 > 袁世凯像 > 民国九年 > 壹圆 > 精发,袁世凯像壹圆
1211409723_front_crop.jpg,1211409723_back_crop.jpg,58,机制银币 > 民国中央 > 袁世凯像 > 民国九年 > 壹圆 > 精发,袁世凯像壹圆
1211409725_front_crop.jpg,1211409725_back_crop.jpg,58,机制银币 > 民国中央 > 袁世凯像 > 民国九年 > 壹圆 > 精发,袁世凯像壹圆
1211409757_front_crop.jpg,1211409757_back_crop.jpg,58,机制银币 > 民国中央 > 袁世凯像 > 民国九年 > 壹圆 > 精发,袁世凯像壹圆
1211409785_front_crop.jpg,1211409785_back_crop.jpg,69,机制银币 > 民国中央 > 孙中山像 > 民国17年 > 壹圆 > 甘肃省造,孙中山像壹圆
1211409991_front_crop.jpg,1211409991_back_crop.jpg,58,机制银币 > 民国中央 > 袁世凯像 > 民国九年 > 壹圆 > 精发,袁世凯像壹圆
1211409997_front_crop.jpg,1211409997_back_crop.jpg,12,机制银币 > 地方省造 > 云南省造 > 光绪元宝 > 七钱二分 > 老龙,云南省造半圆
1211501629_front_crop.jpg,1211501629_back_crop.jpg,46,机制银币 > 地方省造 > 北洋造 > 光绪24年 > 壹圆,北洋局造一圆
1211501635_front_crop.jpg,1211501635_back_crop.jpg,58,机制银币 > 民国中央 > 袁世凯像 > 民国九年 > 壹圆 > 精发,袁世凯像壹圆
1211501637_front_crop.jpg,1211501637_back_crop.jpg,41,机制银币 > 地方省造 > 奉天省造 > 光绪25年 > 一圆 > 有圈,造币总厂一圆
1211501645_front_crop.jpg,1211501645_back_crop.jpg,70,机制银币 > 民国中央 > 孙中山像 > 开国纪念 > 壹圆 > 下五星,开国纪念壹圆
1211501665_front_crop.jpg,1211501665_back_crop.jpg,12,机制银币 > 地方省造 > 云南省造 > 光绪元宝 > 七钱二分 > 老龙,云南省造半圆
1211501667_front_crop.jpg,1211501667_back_crop.jpg,12,机制银币 > 地方省造 > 云南省造 > 光绪元宝 > 七钱二分 > 老龙,云南省造半圆
1211501669_front_crop.jpg,1211501669_back_crop.jpg,12,机制银币 > 地方省造 > 云南省造 > 光绪元宝 > 七钱二分 > 老龙,云南省造半圆
1211501679_front_crop.jpg,1211501679_back_crop.jpg,58,机制银币 > 民国中央 > 袁世凯像 > 民国九年 > 壹圆 > 精发,袁世凯像壹圆
1211501841_front_crop.jpg,1211501841_back_crop.jpg,58,机制银币 > 民国中央 > 袁世凯像 > 民国九年 > 壹圆 > 精发,袁世凯像壹圆
1211501847_front_crop.jpg,1211501847_back_crop.jpg,58,机制银币 > 民国中央 > 袁世凯像 > 民国九年 > 壹圆 > 精发,袁世凯像壹圆
1211501899_front_crop.jpg,1211501899_back_crop.jpg,55,机制银币 > 地方省造 > 广东省造 > 光绪元宝 > 三钱六分,广东省造贰毫
1211501901_front_crop.jpg,1211501901_back_crop.jpg,55,机制银币 > 地方省造 > 广东省造 > 光绪元宝 > 三钱六分,广东省造贰毫
1211501903_front_crop.jpg,1211501903_back_crop.jpg,55,机制银币 > 地方省造 > 广东省造 > 光绪元宝 > 三钱六分,广东省造贰毫
1211501919_front_crop.jpg,1211501919_back_crop.jpg,12,机制银币 > 地方省造 > 云南省造 > 光绪元宝 > 七钱二分 > 老龙,云南省造半圆
1211501923_front_crop.jpg,1211501923_back_crop.jpg,58,机制银币 > 民国中央 > 袁世凯像 > 民国九年 > 壹圆 > 精发,袁世凯像壹圆
1211501929_front_crop.jpg,1211501929_back_crop.jpg,58,机制银币 > 民国中央 > 袁世凯像 > 民国九年 > 壹圆 > 精发,袁世凯像壹圆
1211501933_front_crop.jpg,1211501933_back_crop.jpg,58,机制银币 > 民国中央 > 袁世凯像 > 民国九年 > 壹圆 > 精发,袁世凯像壹圆
1211501969_front_crop.jpg,1211501969_back_crop.jpg,69,机制银币 > 民国中央 > 孙中山像 > 民国17年 > 壹圆 > 甘肃省造,孙中山像壹圆
1211501991_front_crop.jpg,1211501991_back_crop.jpg,58,机制银币 > 民国中央 > 袁世凯像 > 民国九年 > 壹圆 > 精发,袁世凯像壹圆
1211502005_front_crop.jpg,1211502005_back_crop.jpg,55,机制银币 > 地方省造 > 广东省造 > 光绪元宝 > 三钱六分,广东省造二角
1211502355_front_crop.jpg,1211502355_back_crop.jpg,58,机制银币 > 民国中央 > 袁世凯像 > 民国九年 > 壹圆 > 精发,袁世凯像壹圆
1211503279_front_crop.jpg,1211503279_back_crop.jpg,55,机制银币 > 地方省造 > 广东省造 > 光绪元宝 > 三钱六分,广东省造壹毫
1211503281_front_crop.jpg,1211503281_back_crop.jpg,55,机制银币 > 地方省造 > 广东省造 > 光绪元宝 > 三钱六分,广东省造壹毫
1211503283_front_crop.jpg,1211503283_back_crop.jpg,55,机制银币 > 地方省造 > 广东省造 > 光绪元宝 > 三钱六分,广东省造壹毫
1211503293_front_crop.jpg,1211503293_back_crop.jpg,55,机制银币 > 地方省造 > 广东省造 > 光绪元宝 > 三钱六分,广东省造5分
1211503295_front_crop.jpg,1211503295_back_crop.jpg,55,机制银币 > 地方省造 > 广东省造 > 光绪元宝 > 三钱六分,广东省造5分
1211503307_front_crop.jpg,1211503307_back_crop.jpg,12,机制银币 > 地方省造 > 云南省造 > 光绪元宝 > 七钱二分 > 老龙,云南省造贰角
1211503309_front_crop.jpg,1211503309_back_crop.jpg,90,机制银币 > 中华苏维埃 > 苏维埃 > 1932 > 贰角,福建官局贰毫
1211503313_front_crop.jpg,1211503313_back_crop.jpg,12,机制银币 > 地方省造 > 云南省造 > 光绪元宝 > 七钱二分 > 老龙,云南省造贰角
1211503321_front_crop.jpg,1211503321_back_crop.jpg,12,机制银币 > 地方省造 > 云南省造 > 光绪元宝 > 七钱二分 > 老龙,云南省造贰角
1211503325_front_crop.jpg,1211503325_back_crop.jpg,55,机制银币 > 地方省造 > 广东省造 > 光绪元宝 > 三钱六分,广东省造壹毫
1211503333_front_crop.jpg,1211503333_back_crop.jpg,0,机制银币 > 地方省造 > 四川省造 > 军政府 > 壹圆 > 普通,浙江省造壹毫
1211503335_front_crop.jpg,1211503335_back_crop.jpg,1,机制银币 > 地方省造 > 四川省造 > 军政府 > 五角 > 普通,福建官局一角
1211503343_front_crop.jpg,1211503343_back_crop.jpg,55,机制银币 > 地方省造 > 广东省造 > 光绪元宝 > 三钱六分,广东省造5分
1211504513_front_crop.jpg,1211504513_back_crop.jpg,69,机制银币 > 民国中央 > 孙中山像 > 民国17年 > 壹圆 > 甘肃省造,孙中山像贰毫
1211504517_front_crop.jpg,1211504517_back_crop.jpg,69,机制银币 > 民国中央 > 孙中山像 > 民国17年 > 壹圆 > 甘肃省造,孙中山像贰毫
1211504519_front_crop.jpg,1211504519_back_crop.jpg,69,机制银币 > 民国中央 > 孙中山像 > 民国17年 > 壹圆 > 甘肃省造,孙中山像贰毫
1211504521_front_crop.jpg,1211504521_back_crop.jpg,69,机制银币 > 民国中央 > 孙中山像 > 民国17年 > 壹圆 > 甘肃省造,孙中山像贰毫
1211504531_front_crop.jpg,1211504531_back_crop.jpg,69,机制银币 > 民国中央 > 孙中山像 > 民国17年 > 壹圆 > 甘肃省造,孙中山像贰毫
1211504533_front_crop.jpg,1211504533_back_crop.jpg,69,机制银币 > 民国中央 > 孙中山像 > 民国17年 > 壹圆 > 甘肃省造,孙中山像贰毫
1211504777_front_crop.jpg,1211504777_back_crop.jpg,85,机制银币 > 纪念币 > 唐继尧像 > 拥护共和 > 三钱六分 > 正像,唐继尧像半圆
1211504973_front_crop.jpg,1211504973_back_crop.jpg,55,机制银币 > 地方省造 > 广东省造 > 光绪元宝 > 三钱六分,广东省造贰毫
1211504975_front_crop.jpg,1211504975_back_crop.jpg,55,机制银币 > 地方省造 > 广东省造 > 光绪元宝 > 三钱六分,广东省造贰毫
1211504981_front_crop.jpg,1211504981_back_crop.jpg,55,机制银币 > 地方省造 > 广东省造 > 光绪元宝 > 三钱六分,广东省造二角
1211504983_front_crop.jpg,1211504983_back_crop.jpg,55,机制银币 > 地方省造 > 广东省造 > 光绪元宝 > 三钱六分,广东省造二角
1211504985_front_crop.jpg,1211504985_back_crop.jpg,55,机制银币 > 地方省造 > 广东省造 > 光绪元宝 > 三钱六分,广东省造二角
1211504987_front_crop.jpg,1211504987_back_crop.jpg,55,机制银币 > 地方省造 > 广东省造 > 光绪元宝 > 三钱六分,广东省造二角
1211504989_front_crop.jpg,1211504989_back_crop.jpg,55,机制银币 > 地方省造 > 广东省造 > 光绪元宝 > 三钱六分,广东省造二角
1211504991_front_crop.jpg,1211504991_back_crop.jpg,55,机制银币 > 地方省造 > 广东省造 > 光绪元宝 > 三钱六分,广东省造二角
1211504995_front_crop.jpg,1211504995_back_crop.jpg,55,机制银币 > 地方省造 > 广东省造 > 光绪元宝 > 三钱六分,广东省造贰毫
1211505041_front_crop.jpg,1211505041_back_crop.jpg,12,机制银币 > 地方省造 > 云南省造 > 光绪元宝 > 七钱二分 > 老龙,云南省造贰角
1211505049_front_crop.jpg,1211505049_back_crop.jpg,58,机制银币 > 民国中央 > 袁世凯像 > 民国九年 > 壹圆 > 精发,袁世凯像壹圆
1211505063_front_crop.jpg,1211505063_back_crop.jpg,58,机制银币 > 民国中央 > 袁世凯像 > 民国九年 > 壹圆 > 精发,袁世凯像壹圆
1211505065_front_crop.jpg,1211505065_back_crop.jpg,58,机制银币 > 民国中央 > 袁世凯像 > 民国九年 > 壹圆 > 精发,袁世凯像壹圆
1211505109_front_crop.jpg,1211505109_back_crop.jpg,87,机制银币 > 清代中央 > 光绪年造 > 丁未大清银币 > 壹圆,大清银币壹圆
1211505131_front_crop.jpg,1211505131_back_crop.jpg,70,机制银币 > 民国中央 > 孙中山像 > 开国纪念 > 壹圆 > 下五星,开国纪念壹圆
1211505137_front_crop.jpg,1211505137_back_crop.jpg,58,机制银币 > 民国中央 > 袁世凯像 > 民国九年 > 壹圆 > 精发,袁世凯像壹圆
1211505149_front_crop.jpg,1211505149_back_crop.jpg,27,机制银币 > 地方省造 > 江南省造 > 甲辰 > 七钱二分 > 普通,江南省造二角
1211505151_front_crop.jpg,1211505151_back_crop.jpg,19,机制银币 > 地方省造 > 吉林省造 > 戊申 > 七钱二分 > 中心满文,吉林省造二角
1211505155_front_crop.jpg,1211505155_back_crop.jpg,85,机制银币 > 纪念币 > 唐继尧像 > 拥护共和 > 三钱六分 > 正像,唐继尧像半圆
1211505157_front_crop.jpg,1211505157_back_crop.jpg,19,机制银币 > 地方省造 > 吉林省造 > 戊申 > 七钱二分 > 中心满文,吉林省造半圆
1211505159_front_crop.jpg,1211505159_back_crop.jpg,58,机制银币 > 民国中央 > 袁世凯像 > 民国九年 > 壹圆 > 精发,袁世凯像壹圆
1211505169_front_crop.jpg,1211505169_back_crop.jpg,58,机制银币 > 民国中央 > 袁世凯像 > 民国九年 > 壹圆 > 精发,袁世凯像壹圆
1211505231_front_crop.jpg,1211505231_back_crop.jpg,58,机制银币 > 民国中央 > 袁世凯像 > 民国九年 > 壹圆 > 精发,袁世凯像壹圆
1211505235_front_crop.jpg,1211505235_back_crop.jpg,58,机制银币 > 民国中央 > 袁世凯像 > 民国九年 > 壹圆 > 精发,袁世凯像壹圆
1211505251_front_crop.jpg,1211505251_back_crop.jpg,58,机制银币 > 民国中央 > 袁世凯像 > 民国九年 > 壹圆 > 精发,袁世凯像壹圆
1211505253_front_crop.jpg,1211505253_back_crop.jpg,58,机制银币 > 民国中央 > 袁世凯像 > 民国九年 > 壹圆 > 精发,袁世凯像壹圆
1211505325_front_crop.jpg,1211505325_back_crop.jpg,58,机制银币 > 民国中央 > 袁世凯像 > 民国九年 > 壹圆 > 精发,袁世凯像壹圆
1211505331_front_crop.jpg,1211505331_back_crop.jpg,58,机制银币 > 民国中央 > 袁世凯像 > 民国九年 > 壹圆 > 精发,袁世凯像壹圆
1211505351_front_crop.jpg,1211505351_back_crop.jpg,58,机制银币 > 民国中央 > 袁世凯像 > 民国九年 > 壹圆 > 精发,袁世凯像壹圆
1211505353_front_crop.jpg,1211505353_back_crop.jpg,58,机制银币 > 民国中央 > 袁世凯像 > 民国九年 > 壹圆 > 精发,袁世凯像壹圆
1211505355_front_crop.jpg,1211505355_back_crop.jpg,70,机制银币 > 民国中央 > 孙中山像 > 开国纪念 > 壹圆 > 下五星,开国纪念壹圆
1211505361_front_crop.jpg,1211505361_back_crop.jpg,58,机制银币 > 民国中央 > 袁世凯像 > 民国九年 > 壹圆 > 精发,袁世凯像壹圆
1211505367_front_crop.jpg,1211505367_back_crop.jpg,70,机制银币 > 民国中央 > 孙中山像 > 开国纪念 > 壹圆 > 下五星,开国纪念壹圆
1211505369_front_crop.jpg,1211505369_back_crop.jpg,70,机制银币 > 民国中央 > 孙中山像 > 开国纪念 > 壹圆 > 下五星,开国纪念壹圆
1211505371_front_crop.jpg,1211505371_back_crop.jpg,70,机制银币 > 民国中央 > 孙中山像 > 开国纪念 > 壹圆 > 下五星,开国纪念壹圆
1211505379_front_crop.jpg,1211505379_back_crop.jpg,58,机制银币 > 民国中央 > 袁世凯像 > 民国九年 > 壹圆 > 精发,袁世凯像壹圆
1211505389_front_crop.jpg,1211505389_back_crop.jpg,58,机制银币 > 民国中央 > 袁世凯像 > 民国九年 > 壹圆 > 精发,袁世凯像壹圆
1211505397_front_crop.jpg,1211505397_back_crop.jpg,55,机制银币 > 地方省造 > 广东省造 > 光绪元宝 > 三钱六分,广东省造二角
1211505407_front_crop.jpg,1211505407_back_crop.jpg,46,机制银币 > 地方省造 > 北洋造 > 光绪24年 > 壹圆,北洋局造一圆
1211505413_front_crop.jpg,1211505413_back_crop.jpg,58,机制银币 > 民国中央 > 袁世凯像 > 民国九年 > 壹圆 > 精发,袁世凯像壹圆
1211505431_front_crop.jpg,1211505431_back_crop.jpg,18,机制银币 > 地方省造 > 东三省造 > 光绪元宝 > 七钱二分,东三省造二角
1211505433_front_crop.jpg,1211505433_back_crop.jpg,58,机制银币 > 民国中央 > 袁世凯像 > 民国九年 > 壹圆 > 精发,袁世凯像壹圆
1211505435_front_crop.jpg,1211505435_back_crop.jpg,58,机制银币 > 民国中央 > 袁世凯像 > 民国九年 > 壹圆 > 精发,袁世凯像壹圆
1211505447_front_crop.jpg,1211505447_back_crop.jpg,58,机制银币 > 民国中央 > 袁世凯像 > 民国九年 > 壹圆 > 精发,袁世凯像壹圆
1211505631_front_crop.jpg,1211505631_back_crop.jpg,18,机制银币 > 地方省造 > 东三省造 > 光绪元宝 > 七钱二分,东三省造二角
1211505683_front_crop.jpg,1211505683_back_crop.jpg,12,机制银币 > 地方省造 > 云南省造 > 光绪元宝 > 七钱二分 > 老龙,云南省造半圆
1211505687_front_crop.jpg,1211505687_back_crop.jpg,69,机制银币 > 民国中央 > 孙中山像 > 民国17年 > 壹圆 > 甘肃省造,孙中山像壹圆
1211505691_front_crop.jpg,1211505691_back_crop.jpg,58,机制银币 > 民国中央 > 袁世凯像 > 民国九年 > 壹圆 > 精发,袁世凯像壹圆
1211505693_front_crop.jpg,1211505693_back_crop.jpg,58,机制银币 > 民国中央 > 袁世凯像 > 民国九年 > 壹圆 > 精发,袁世凯像壹圆
1211505701_front_crop.jpg,1211505701_back_crop.jpg,52,机制银币 > 地方省造 > 新疆省造 > 造币厂铸 > 壹圆 > 尖足1,新疆饷银五钱
1211505745_front_crop.jpg,1211505745_back_crop.jpg,58,机制银币 > 民国中央 > 袁世凯像 > 民国九年 > 壹圆 > 精发,袁世凯像壹圆
1211505779_front_crop.jpg,1211505779_back_crop.jpg,70,机制银币 > 民国中央 > 孙中山像 > 开国纪念 > 壹圆 > 下五星,开国纪念壹圆
1211505789_front_crop.jpg,1211505789_back_crop.jpg,0,机制银币 > 地方省造 > 四川省造 > 军政府 > 壹圆 > 普通,四川银币壹圆
1211505797_front_crop.jpg,1211505797_back_crop.jpg,0,机制银币 > 地方省造 > 四川省造 > 军政府 > 壹圆 > 普通,四川银币壹圆
1211505799_front_crop.jpg,1211505799_back_crop.jpg,0,机制银币 > 地方省造 > 四川省造 > 军政府 > 壹圆 > 普通,四川银币壹圆
1211505801_front_crop.jpg,1211505801_back_crop.jpg,0,机制银币 > 地方省造 > 四川省造 > 军政府 > 壹圆 > 普通,四川银币壹圆
1211505803_front_crop.jpg,1211505803_back_crop.jpg,0,机制银币 > 地方省造 > 四川省造 > 军政府 > 壹圆 > 普通,四川银币壹圆
1211505805_front_crop.jpg,1211505805_back_crop.jpg,0,机制银币 > 地方省造 > 四川省造 > 军政府 > 壹圆 > 普通,四川银币壹圆
1211505807_front_crop.jpg,1211505807_back_crop.jpg,0,机制银币 > 地方省造 > 四川省造 > 军政府 > 壹圆 > 普通,四川银币壹圆
1211505809_front_crop.jpg,1211505809_back_crop.jpg,0,机制银币 > 地方省造 > 四川省造 > 军政府 > 壹圆 > 普通,四川银币壹圆
1211505811_front_crop.jpg,1211505811_back_crop.jpg,0,机制银币 > 地方省造 > 四川省造 > 军政府 > 壹圆 > 普通,四川银币壹圆
1211505815_front_crop.jpg,1211505815_back_crop.jpg,0,机制银币 > 地方省造 > 四川省造 > 军政府 > 壹圆 > 普通,四川银币壹圆
1211505817_front_crop.jpg,1211505817_back_crop.jpg,0,机制银币 > 地方省造 > 四川省造 > 军政府 > 壹圆 > 普通,四川银币壹圆
1211505849_front_crop.jpg,1211505849_back_crop.jpg,55,机制银币 > 地方省造 > 广东省造 > 光绪元宝 > 三钱六分,广东省造二角
1211505853_front_crop.jpg,1211505853_back_crop.jpg,55,机制银币 > 地方省造 > 广东省造 > 光绪元宝 > 三钱六分,广东省造二角
1211505855_front_crop.jpg,1211505855_back_crop.jpg,12,机制银币 > 地方省造 > 云南省造 > 光绪元宝 > 七钱二分 > 老龙,云南省造二角
1211505907_front_crop.jpg,1211505907_back_crop.jpg,58,机制银币 > 民国中央 > 袁世凯像 > 民国九年 > 壹圆 > 精发,袁世凯像壹圆
1211505909_front_crop.jpg,1211505909_back_crop.jpg,58,机制银币 > 民国中央 > 袁世凯像 > 民国九年 > 壹圆 > 精发,袁世凯像壹圆
1211505911_front_crop.jpg,1211505911_back_crop.jpg,58,机制银币 > 民国中央 > 袁世凯像 > 民国九年 > 壹圆 > 精发,袁世凯像壹圆
1211505913_front_crop.jpg,1211505913_back_crop.jpg,58,机制银币 > 民国中央 > 袁世凯像 > 民国九年 > 壹圆 > 精发,袁世凯像壹圆
1211505917_front_crop.jpg,1211505917_back_crop.jpg,58,机制银币 > 民国中央 > 袁世凯像 > 民国九年 > 壹圆 > 精发,袁世凯像壹圆
1211505919_front_crop.jpg,1211505919_back_crop.jpg,58,机制银币 > 民国中央 > 袁世凯像 > 民国九年 > 壹圆 > 精发,袁世凯像壹圆
1211505921_front_crop.jpg,1211505921_back_crop.jpg,58,机制银币 > 民国中央 > 袁世凯像 > 民国九年 > 壹圆 > 精发,袁世凯像壹圆
1211505925_front_crop.jpg,1211505925_back_crop.jpg,70,机制银币 > 民国中央 > 孙中山像 > 开国纪念 > 壹圆 > 下五星,开国纪念壹圆
1211505947_front_crop.jpg,1211505947_back_crop.jpg,12,机制银币 > 地方省造 > 云南省造 > 光绪元宝 > 七钱二分 > 老龙,云南省造半圆
1211505957_front_crop.jpg,1211505957_back_crop.jpg,69,机制银币 > 民国中央 > 孙中山像 > 民国17年 > 壹圆 > 甘肃省造,孙中山像壹圆
1211505965_front_crop.jpg,1211505965_back_crop.jpg,58,机制银币 > 民国中央 > 袁世凯像 > 民国九年 > 壹圆 > 精发,袁世凯像壹圆
1211506019_front_crop.jpg,1211506019_back_crop.jpg,70,机制银币 > 民国中央 > 孙中山像 > 开国纪念 > 壹圆 > 下五星,开国纪念壹圆
1211506031_front_crop.jpg,1211506031_back_crop.jpg,58,机制银币 > 民国中央 > 袁世凯像 > 民国九年 > 壹圆 > 精发,袁世凯像壹圆
1211506033_front_crop.jpg,1211506033_back_crop.jpg,69,机制银币 > 民国中央 > 孙中山像 > 民国17年 > 壹圆 > 甘肃省造,孙中山像壹圆
1211506053_front_crop.jpg,1211506053_back_crop.jpg,0,机制银币 > 地方省造 > 四川省造 > 军政府 > 壹圆 > 普通,四川银币壹圆
1211506093_front_crop.jpg,1211506093_back_crop.jpg,58,机制银币 > 民国中央 > 袁世凯像 > 民国九年 > 壹圆 > 精发,袁世凯像壹圆
1211506149_front_crop.jpg,1211506149_back_crop.jpg,0,机制银币 > 地方省造 > 四川省造 > 军政府 > 壹圆 > 普通,澳门银币伍圆
1211506199_front_crop.jpg,1211506199_back_crop.jpg,12,机制银币 > 地方省造 > 云南省造 > 光绪元宝 > 七钱二分 > 老龙,云南省造半圆
1211506205_front_crop.jpg,1211506205_back_crop.jpg,58,机制银币 > 民国中央 > 袁世凯像 > 民国九年 > 壹圆 > 精发,袁世凯像壹圆
1211506263_front_crop.jpg,1211506263_back_crop.jpg,58,机制银币 > 民国中央 > 袁世凯像 > 民国九年 > 壹圆 > 精发,袁世凯像壹圆
1211506265_front_crop.jpg,1211506265_back_crop.jpg,58,机制银币 > 民国中央 > 袁世凯像 > 民国九年 > 壹圆 > 精发,袁世凯像壹圆
1211506267_front_crop.jpg,1211506267_back_crop.jpg,70,机制银币 > 民国中央 > 孙中山像 > 开国纪念 > 壹圆 > 下五星,开国纪念壹圆
1211506271_front_crop.jpg,1211506271_back_crop.jpg,0,机制银币 > 地方省造 > 四川省造 > 军政府 > 壹圆 > 普通,四川省造卢比
1211506305_front_crop.jpg,1211506305_back_crop.jpg,58,机制银币 > 民国中央 > 袁世凯像 > 民国九年 > 壹圆 > 精发,袁世凯像壹圆
1211506307_front_crop.jpg,1211506307_back_crop.jpg,58,机制银币 > 民国中央 > 袁世凯像 > 民国九年 > 壹圆 > 精发,袁世凯像壹圆
1211506309_front_crop.jpg,1211506309_back_crop.jpg,58,机制银币 > 民国中央 > 袁世凯像 > 民国九年 > 壹圆 > 精发,袁世凯像壹圆
1211506343_front_crop.jpg,1211506343_back_crop.jpg,27,机制银币 > 地方省造 > 江南省造 > 甲辰 > 七钱二分 > 普通,江南省造二角
1211506439_front_crop.jpg,1211506439_back_crop.jpg,58,机制银币 > 民国中央 > 袁世凯像 > 民国九年 > 壹圆 > 精发,袁世凯像壹圆
1211506441_front_crop.jpg,1211506441_back_crop.jpg,58,机制银币 > 民国中央 > 袁世凯像 > 民国九年 > 壹圆 > 精发,袁世凯像壹圆
1211506449_front_crop.jpg,1211506449_back_crop.jpg,58,机制银币 > 民国中央 > 袁世凯像 > 民国九年 > 壹圆 > 精发,袁世凯像壹圆
1211506451_front_crop.jpg,1211506451_back_crop.jpg,58,机制银币 > 民国中央 > 袁世凯像 > 民国九年 > 壹圆 > 精发,袁世凯像壹圆
1211506457_front_crop.jpg,1211506457_back_crop.jpg,87,机制银币 > 清代中央 > 光绪年造 > 丁未大清银币 > 壹圆,大清银币壹圆
1211506469_front_crop.jpg,1211506469_back_crop.jpg,46,机制银币 > 地方省造 > 北洋造 > 光绪24年 > 壹圆,北洋局造一圆
1211506691_front_crop.jpg,1211506691_back_crop.jpg,70,机制银币 > 民国中央 > 孙中山像 > 开国纪念 > 壹圆 > 下五星,开国纪念壹圆
1211506723_front_crop.jpg,1211506723_back_crop.jpg,41,机制银币 > 地方省造 > 奉天省造 > 光绪25年 > 一圆 > 有圈,造币总厂一圆
1211506725_front_crop.jpg,1211506725_back_crop.jpg,58,机制银币 > 民国中央 > 袁世凯像 > 民国九年 > 壹圆 > 精发,袁世凯像壹圆
1211506737_front_crop.jpg,1211506737_back_crop.jpg,58,机制银币 > 民国中央 > 袁世凯像 > 民国九年 > 壹圆 > 精发,袁世凯像壹圆
1211506787_front_crop.jpg,1211506787_back_crop.jpg,0,机制银币 > 地方省造 > 四川省造 > 军政府 > 壹圆 > 普通,浙江省造壹毫
1211506789_front_crop.jpg,1211506789_back_crop.jpg,69,机制银币 > 民国中央 > 孙中山像 > 民国17年 > 壹圆 > 甘肃省造,孙中山像壹圆
1211506791_front_crop.jpg,1211506791_back_crop.jpg,70,机制银币 > 民国中央 > 孙中山像 > 开国纪念 > 壹圆 > 下五星,开国纪念壹圆
1211506807_front_crop.jpg,1211506807_back_crop.jpg,46,机制银币 > 地方省造 > 北洋造 > 光绪24年 > 壹圆,北洋局造一圆
1211506821_front_crop.jpg,1211506821_back_crop.jpg,58,机制银币 > 民国中央 > 袁世凯像 > 民国九年 > 壹圆 > 精发,袁世凯像贰角
1211506829_front_crop.jpg,1211506829_back_crop.jpg,87,机制银币 > 清代中央 > 光绪年造 > 丁未大清银币 > 壹圆,大清银币壹角
1211506831_front_crop.jpg,1211506831_back_crop.jpg,85,机制银币 > 纪念币 > 唐继尧像 > 拥护共和 > 三钱六分 > 正像,唐继尧像半圆
1211506845_front_crop.jpg,1211506845_back_crop.jpg,41,机制银币 > 地方省造 > 奉天省造 > 光绪25年 > 一圆 > 有圈,造币总厂一圆
1211506847_front_crop.jpg,1211506847_back_crop.jpg,87,机制银币 > 清代中央 > 光绪年造 > 丁未大清银币 > 壹圆,大清银币壹圆
1211506849_front_crop.jpg,1211506849_back_crop.jpg,46,机制银币 > 地方省造 > 北洋造 > 光绪24年 > 壹圆,北洋局造一圆
1211506851_front_crop.jpg,1211506851_back_crop.jpg,12,机制银币 > 地方省造 > 云南省造 > 光绪元宝 > 七钱二分 > 老龙,云南省造一圆
1211506863_front_crop.jpg,1211506863_back_crop.jpg,9,机制银币 > 地方省造 > 湖北省造 > 双龙 > 一两 > 小字,新疆饷银一两
1211506869_front_crop.jpg,1211506869_back_crop.jpg,58,机制银币 > 民国中央 > 袁世凯像 > 民国九年 > 壹圆 > 精发,袁世凯像壹圆
1211506871_front_crop.jpg,1211506871_back_crop.jpg,58,机制银币 > 民国中央 > 袁世凯像 > 民国九年 > 壹圆 > 精发,袁世凯像壹圆
1211506877_front_crop.jpg,1211506877_back_crop.jpg,91,机制银币 > 纪念章 > 孙中山像,西藏章嘎嘎布
1211506887_front_crop.jpg,1211506887_back_crop.jpg,58,机制银币 > 民国中央 > 袁世凯像 > 民国九年 > 壹圆 > 精发,袁世凯像壹圆
1211506921_front_crop.jpg,1211506921_back_crop.jpg,12,机制银币 > 地方省造 > 云南省造 > 光绪元宝 > 七钱二分 > 老龙,云南省造半圆
1211506927_front_crop.jpg,1211506927_back_crop.jpg,58,机制银币 > 民国中央 > 袁世凯像 > 民国九年 > 壹圆 > 精发,袁世凯像壹圆
1211507003_front_crop.jpg,1211507003_back_crop.jpg,58,机制银币 > 民国中央 > 袁世凯像 > 民国九年 > 壹圆 > 精发,袁世凯像壹圆
1211507015_front_crop.jpg,1211507015_back_crop.jpg,58,机制银币 > 民国中央 > 袁世凯像 > 民国九年 > 壹圆 > 精发,袁世凯像壹圆
1211507017_front_crop.jpg,1211507017_back_crop.jpg,58,机制银币 > 民国中央 > 袁世凯像 > 民国九年 > 壹圆 > 精发,袁世凯像壹圆
1211507023_front_crop.jpg,1211507023_back_crop.jpg,0,机制银币 > 地方省造 > 四川省造 > 军政府 > 壹圆 > 普通,四川省造卢比
1211507027_front_crop.jpg,1211507027_back_crop.jpg,58,机制银币 > 民国中央 > 袁世凯像 > 民国九年 > 壹圆 > 精发,袁世凯像壹角
1211507031_front_crop.jpg,1211507031_back_crop.jpg,69,机制银币 > 民国中央 > 孙中山像 > 民国17年 > 壹圆 > 甘肃省造,孙中山像壹圆
1211507043_front_crop.jpg,1211507043_back_crop.jpg,46,机制银币 > 地方省造 > 北洋造 > 光绪24年 > 壹圆,北洋局造一圆
1211507047_front_crop.jpg,1211507047_back_crop.jpg,58,机制银币 > 民国中央 > 袁世凯像 > 民国九年 > 壹圆 > 精发,袁世凯像贰角
1211507067_front_crop.jpg,1211507067_back_crop.jpg,58,机制银币 > 民国中央 > 袁世凯像 > 民国九年 > 壹圆 > 精发,袁世凯像壹圆
1211507073_front_crop.jpg,1211507073_back_crop.jpg,58,机制银币 > 民国中央 > 袁世凯像 > 民国九年 > 壹圆 > 精发,袁世凯像壹圆
1211507077_front_crop.jpg,1211507077_back_crop.jpg,58,机制银币 > 民国中央 > 袁世凯像 > 民国九年 > 壹圆 > 精发,袁世凯像壹圆
1211507089_front_crop.jpg,1211507089_back_crop.jpg,58,机制银币 > 民国中央 > 袁世凯像 > 民国九年 > 壹圆 > 精发,袁世凯像壹圆
1211507097_front_crop.jpg,1211507097_back_crop.jpg,12,机制银币 > 地方省造 > 云南省造 > 光绪元宝 > 七钱二分 > 老龙,云南省造贰角
1211507101_front_crop.jpg,1211507101_back_crop.jpg,0,机制银币 > 地方省造 > 四川省造 > 军政府 > 壹圆 > 普通,四川银币壹圆
1211507107_front_crop.jpg,1211507107_back_crop.jpg,0,机制银币 > 地方省造 > 四川省造 > 军政府 > 壹圆 > 普通,四川银币壹圆
1211507109_front_crop.jpg,1211507109_back_crop.jpg,0,机制银币 > 地方省造 > 四川省造 > 军政府 > 壹圆 > 普通,四川银币壹圆
1211507111_front_crop.jpg,1211507111_back_crop.jpg,0,机制银币 > 地方省造 > 四川省造 > 军政府 > 壹圆 > 普通,四川银币壹圆
1211507113_front_crop.jpg,1211507113_back_crop.jpg,0,机制银币 > 地方省造 > 四川省造 > 军政府 > 壹圆 > 普通,四川银币壹圆
1211507115_front_crop.jpg,1211507115_back_crop.jpg,0,机制银币 > 地方省造 > 四川省造 > 军政府 > 壹圆 > 普通,四川银币壹圆
1211507119_front_crop.jpg,1211507119_back_crop.jpg,58,机制银币 > 民国中央 > 袁世凯像 > 民国九年 > 壹圆 > 精发,袁世凯像壹圆
1211507121_front_crop.jpg,1211507121_back_crop.jpg,58,机制银币 > 民国中央 > 袁世凯像 > 民国九年 > 壹圆 > 精发,袁世凯像壹圆
1211507123_front_crop.jpg,1211507123_back_crop.jpg,58,机制银币 > 民国中央 > 袁世凯像 > 民国九年 > 壹圆 > 精发,袁世凯像壹圆
1211507125_front_crop.jpg,1211507125_back_crop.jpg,58,机制银币 > 民国中央 > 袁世凯像 > 民国九年 > 壹圆 > 精发,袁世凯像壹圆
1211507127_front_crop.jpg,1211507127_back_crop.jpg,58,机制银币 > 民国中央 > 袁世凯像 > 民国九年 > 壹圆 > 精发,袁世凯像壹圆
1211507133_front_crop.jpg,1211507133_back_crop.jpg,58,机制银币 > 民国中央 > 袁世凯像 > 民国九年 > 壹圆 > 精发,袁世凯像壹圆
1211507135_front_crop.jpg,1211507135_back_crop.jpg,58,机制银币 > 民国中央 > 袁世凯像 > 民国九年 > 壹圆 > 精发,袁世凯像壹圆
1211507167_front_crop.jpg,1211507167_back_crop.jpg,70,机制银币 > 民国中央 > 孙中山像 > 开国纪念 > 壹圆 > 下五星,开国纪念壹圆
1211507187_front_crop.jpg,1211507187_back_crop.jpg,58,机制银币 > 民国中央 > 袁世凯像 > 民国九年 > 壹圆 > 精发,袁世凯像壹圆
1211507207_front_crop.jpg,1211507207_back_crop.jpg,58,机制银币 > 民国中央 > 袁世凯像 > 民国九年 > 壹圆 > 精发,袁世凯像壹圆
1211507227_front_crop.jpg,1211507227_back_crop.jpg,70,机制银币 > 民国中央 > 孙中山像 > 开国纪念 > 壹圆 > 下五星,开国纪念壹圆
1211507253_front_crop.jpg,1211507253_back_crop.jpg,58,机制银币 > 民国中央 > 袁世凯像 > 民国九年 > 壹圆 > 精发,袁世凯像壹圆
1211507413_front_crop.jpg,1211507413_back_crop.jpg,52,机制银币 > 地方省造 > 新疆省造 > 造币厂铸 > 壹圆 > 尖足1,新疆省造壹圆
1211507453_front_crop.jpg,1211507453_back_crop.jpg,52,机制银币 > 地方省造 > 新疆省造 > 造币厂铸 > 壹圆 > 尖足1,新疆迪化伍钱
1211507455_front_crop.jpg,1211507455_back_crop.jpg,69,机制银币 > 民国中央 > 孙中山像 > 民国17年 > 壹圆 > 甘肃省造,孙中山像壹圆
1211507561_front_crop.jpg,1211507561_back_crop.jpg,46,机制银币 > 地方省造 > 北洋造 > 光绪24年 > 壹圆,北洋局造一圆
1211507577_front_crop.jpg,1211507577_back_crop.jpg,85,机制银币 > 纪念币 > 唐继尧像 > 拥护共和 > 三钱六分 > 正像,唐继尧像半圆
1211507599_front_crop.jpg,1211507599_back_crop.jpg,58,机制银币 > 民国中央 > 袁世凯像 > 民国九年 > 壹圆 > 精发,袁世凯像壹圆
1211507601_front_crop.jpg,1211507601_back_crop.jpg,75,机制银币 > 民国中央 > 黎元洪像 > 开国纪念 > 壹圆 > 无帽,黎元洪像壹圆
1211507611_front_crop.jpg,1211507611_back_crop.jpg,12,机制银币 > 地方省造 > 云南省造 > 光绪元宝 > 七钱二分 > 老龙,云南省造半圆
1211507613_front_crop.jpg,1211507613_back_crop.jpg,12,机制银币 > 地方省造 > 云南省造 > 光绪元宝 > 七钱二分 > 老龙,云南省造半圆
1211507615_front_crop.jpg,1211507615_back_crop.jpg,12,机制银币 > 地方省造 > 云南省造 > 光绪元宝 > 七钱二分 > 老龙,云南省造半圆
1211507617_front_crop.jpg,1211507617_back_crop.jpg,12,机制银币 > 地方省造 > 云南省造 > 光绪元宝 > 七钱二分 > 老龙,云南省造半圆
1211507619_front_crop.jpg,1211507619_back_crop.jpg,12,机制银币 > 地方省造 > 云南省造 > 光绪元宝 > 七钱二分 > 老龙,云南省造半圆
1211507621_front_crop.jpg,1211507621_back_crop.jpg,12,机制银币 > 地方省造 > 云南省造 > 光绪元宝 > 七钱二分 > 老龙,云南省造半圆
1211507625_front_crop.jpg,1211507625_back_crop.jpg,12,机制银币 > 地方省造 > 云南省造 > 光绪元宝 > 七钱二分 > 老龙,云南省造半圆
1211507635_front_crop.jpg,1211507635_back_crop.jpg,12,机制银币 > 地方省造 > 云南省造 > 光绪元宝 > 七钱二分 > 老龙,云南省造半圆
1211507637_front_crop.jpg,1211507637_back_crop.jpg,12,机制银币 > 地方省造 > 云南省造 > 光绪元宝 > 七钱二分 > 老龙,云南省造半圆
1211507639_front_crop.jpg,1211507639_back_crop.jpg,12,机制银币 > 地方省造 > 云南省造 > 光绪元宝 > 七钱二分 > 老龙,云南省造半圆
1211507641_front_crop.jpg,1211507641_back_crop.jpg,12,机制银币 > 地方省造 > 云南省造 > 光绪元宝 > 七钱二分 > 老龙,云南省造半圆
1211507643_front_crop.jpg,1211507643_back_crop.jpg,12,机制银币 > 地方省造 > 云南省造 > 光绪元宝 > 七钱二分 > 老龙,云南省造半圆
1211507645_front_crop.jpg,1211507645_back_crop.jpg,12,机制银币 > 地方省造 > 云南省造 > 光绪元宝 > 七钱二分 > 老龙,云南省造半圆
1211507647_front_crop.jpg,1211507647_back_crop.jpg,12,机制银币 > 地方省造 > 云南省造 > 光绪元宝 > 七钱二分 > 老龙,云南省造半圆
1211507649_front_crop.jpg,1211507649_back_crop.jpg,12,机制银币 > 地方省造 > 云南省造 > 光绪元宝 > 七钱二分 > 老龙,云南省造半圆
1211507651_front_crop.jpg,1211507651_back_crop.jpg,12,机制银币 > 地方省造 > 云南省造 > 光绪元宝 > 七钱二分 > 老龙,云南省造半圆
1211507749_front_crop.jpg,1211507749_back_crop.jpg,0,机制银币 > 地方省造 > 四川省造 > 军政府 > 壹圆 > 普通,四川银币壹圆
1211507753_front_crop.jpg,1211507753_back_crop.jpg,0,机制银币 > 地方省造 > 四川省造 > 军政府 > 壹圆 > 普通,四川省造10文
1211507761_front_crop.jpg,1211507761_back_crop.jpg,7,机制银币 > 地方省造 > 湖北省造 > 光绪元宝 > 七钱二分 > 普通,湖北大清10文
1211507765_front_crop.jpg,1211507765_back_crop.jpg,51,机制银币 > 地方省造 > 湖南省造 > 长沙乾益字号 > 柒钱,湖南大清10文
1211507769_front_crop.jpg,1211507769_back_crop.jpg,58,机制银币 > 民国中央 > 袁世凯像 > 民国九年 > 壹圆 > 精发,袁世凯像壹圆
1211507771_front_crop.jpg,1211507771_back_crop.jpg,58,机制银币 > 民国中央 > 袁世凯像 > 民国九年 > 壹圆 > 精发,袁世凯像壹圆
1211507773_front_crop.jpg,1211507773_back_crop.jpg,58,机制银币 > 民国中央 > 袁世凯像 > 民国九年 > 壹圆 > 精发,袁世凯像壹圆
1211507867_front_crop.jpg,1211507867_back_crop.jpg,58,机制银币 > 民国中央 > 袁世凯像 > 民国九年 > 壹圆 > 精发,袁世凯像壹圆
1211507869_front_crop.jpg,1211507869_back_crop.jpg,58,机制银币 > 民国中央 > 袁世凯像 > 民国九年 > 壹圆 > 精发,袁世凯像壹圆
1211507873_front_crop.jpg,1211507873_back_crop.jpg,58,机制银币 > 民国中央 > 袁世凯像 > 民国九年 > 壹圆 > 精发,袁世凯像壹圆
1211507875_front_crop.jpg,1211507875_back_crop.jpg,27,机制银币 > 地方省造 > 江南省造 > 甲辰 > 七钱二分 > 普通,江南省造一角
1211507879_front_crop.jpg,1211507879_back_crop.jpg,27,机制银币 > 地方省造 > 江南省造 > 甲辰 > 七钱二分 > 普通,江南省造二角
1211507881_front_crop.jpg,1211507881_back_crop.jpg,7,机制银币 > 地方省造 > 湖北省造 > 光绪元宝 > 七钱二分 > 普通,湖北省造二角
1211507887_front_crop.jpg,1211507887_back_crop.jpg,7,机制银币 > 地方省造 > 湖北省造 > 光绪元宝 > 七钱二分 > 普通,湖北省造二角
1211507893_front_crop.jpg,1211507893_back_crop.jpg,7,机制银币 > 地方省造 > 湖北省造 > 光绪元宝 > 七钱二分 > 普通,湖北省造二角
1211507905_front_crop.jpg,1211507905_back_crop.jpg,6,机制银币 > 地方省造 > 四川省造 > 光绪元宝 > 七钱二分 > 四角龙,福建官局二角
1211507917_front_crop.jpg,1211507917_back_crop.jpg,1,机制银币 > 地方省造 > 四川省造 > 军政府 > 五角 > 普通,福建省造一角
1211507939_front_crop.jpg,1211507939_back_crop.jpg,27,机制银币 > 地方省造 > 江南省造 > 甲辰 > 七钱二分 > 普通,江南省造二角
1211507979_front_crop.jpg,1211507979_back_crop.jpg,19,机制银币 > 地方省造 > 吉林省造 > 戊申 > 七钱二分 > 中心满文,吉林省造二角
1211507981_front_crop.jpg,1211507981_back_crop.jpg,19,机制银币 > 地方省造 > 吉林省造 > 戊申 > 七钱二分 > 中心满文,吉林省造二角
1211507987_front_crop.jpg,1211507987_back_crop.jpg,0,机制银币 > 地方省造 > 四川省造 > 军政府 > 壹圆 > 普通,四川银币壹圆
1211507991_front_crop.jpg,1211507991_back_crop.jpg,0,机制银币 > 地方省造 > 四川省造 > 军政府 > 壹圆 > 普通,四川银币壹圆
1211507993_front_crop.jpg,1211507993_back_crop.jpg,41,机制银币 > 地方省造 > 奉天省造 > 光绪25年 > 一圆 > 有圈,造币总厂一圆
1211508001_front_crop.jpg,1211508001_back_crop.jpg,46,机制银币 > 地方省造 > 北洋造 > 光绪24年 > 壹圆,北洋局造一圆
1211508005_front_crop.jpg,1211508005_back_crop.jpg,58,机制银币 > 民国中央 > 袁世凯像 > 民国九年 > 壹圆 > 精发,袁世凯像壹圆
1211508007_front_crop.jpg,1211508007_back_crop.jpg,58,机制银币 > 民国中央 > 袁世凯像 > 民国九年 > 壹圆 > 精发,袁世凯像壹圆
1211508017_front_crop.jpg,1211508017_back_crop.jpg,58,机制银币 > 民国中央 > 袁世凯像 > 民国九年 > 壹圆 > 精发,袁世凯像壹圆
1211508019_front_crop.jpg,1211508019_back_crop.jpg,58,机制银币 > 民国中央 > 袁世凯像 > 民国九年 > 壹圆 > 精发,袁世凯像壹圆
1211508031_front_crop.jpg,1211508031_back_crop.jpg,46,机制银币 > 地方省造 > 北洋造 > 光绪24年 > 壹圆,北洋局造一圆
1211508033_front_crop.jpg,1211508033_back_crop.jpg,46,机制银币 > 地方省造 > 北洋造 > 光绪24年 > 壹圆,北洋局造一圆
1211508037_front_crop.jpg,1211508037_back_crop.jpg,46,机制银币 > 地方省造 > 北洋造 > 光绪24年 > 壹圆,北洋局造一圆
1211508043_front_crop.jpg,1211508043_back_crop.jpg,27,机制银币 > 地方省造 > 江南省造 > 甲辰 > 七钱二分 > 普通,江南省造一圆
1211508051_front_crop.jpg,1211508051_back_crop.jpg,87,机制银币 > 清代中央 > 光绪年造 > 丁未大清银币 > 壹圆,大清银币壹圆
1211508073_front_crop.jpg,1211508073_back_crop.jpg,58,机制银币 > 民国中央 > 袁世凯像 > 民国九年 > 壹圆 > 精发,袁世凯像壹圆
1211508089_front_crop.jpg,1211508089_back_crop.jpg,69,机制银币 > 民国中央 > 孙中山像 > 民国17年 > 壹圆 > 甘肃省造,孙中山像壹圆
1211508105_front_crop.jpg,1211508105_back_crop.jpg,58,机制银币 > 民国中央 > 袁世凯像 > 民国九年 > 壹圆 > 精发,袁世凯像壹圆
1211508119_front_crop.jpg,1211508119_back_crop.jpg,9,机制银币 > 地方省造 > 湖北省造 > 双龙 > 一两 > 小字,湖南省造一角
1211508121_front_crop.jpg,1211508121_back_crop.jpg,6,机制银币 > 地方省造 > 四川省造 > 光绪元宝 > 七钱二分 > 四角龙,福建省造二角
1211508123_front_crop.jpg,1211508123_back_crop.jpg,58,机制银币 > 民国中央 > 袁世凯像 > 民国九年 > 壹圆 > 精发,袁世凯像壹圆
1211508129_front_crop.jpg,1211508129_back_crop.jpg,69,机制银币 > 民国中央 > 孙中山像 > 民国17年 > 壹圆 > 甘肃省造,孙中山像贰毫
1211508139_front_crop.jpg,1211508139_back_crop.jpg,0,机制银币 > 地方省造 > 四川省造 > 军政府 > 壹圆 > 普通,四川银币壹圆
1211508161_front_crop.jpg,1211508161_back_crop.jpg,69,机制银币 > 民国中央 > 孙中山像 > 民国17年 > 壹圆 > 甘肃省造,孙中山像贰角
1211508163_front_crop.jpg,1211508163_back_crop.jpg,69,机制银币 > 民国中央 > 孙中山像 > 民国17年 > 壹圆 > 甘肃省造,孙中山像壹圆
1211508201_front_crop.jpg,1211508201_back_crop.jpg,55,机制银币 > 地方省造 > 广东省造 > 光绪元宝 > 三钱六分,广东省造贰毫
1211508207_front_crop.jpg,1211508207_back_crop.jpg,12,机制银币 > 地方省造 > 云南省造 > 光绪元宝 > 七钱二分 > 老龙,云南省造半圆
1211508211_front_crop.jpg,1211508211_back_crop.jpg,58,机制银币 > 民国中央 > 袁世凯像 > 民国九年 > 壹圆 > 精发,袁世凯像壹圆
1211508213_front_crop.jpg,1211508213_back_crop.jpg,58,机制银币 > 民国中央 > 袁世凯像 > 民国九年 > 壹圆 > 精发,袁世凯像壹圆
1211508215_front_crop.jpg,1211508215_back_crop.jpg,58,机制银币 > 民国中央 > 袁世凯像 > 民国九年 > 壹圆 > 精发,袁世凯像壹圆
1211508217_front_crop.jpg,1211508217_back_crop.jpg,58,机制银币 > 民国中央 > 袁世凯像 > 民国九年 > 壹圆 > 精发,袁世凯像壹圆
1211508227_front_crop.jpg,1211508227_back_crop.jpg,18,机制银币 > 地方省造 > 东三省造 > 光绪元宝 > 七钱二分,东三省造二角
1211508231_front_crop.jpg,1211508231_back_crop.jpg,58,机制银币 > 民国中央 > 袁世凯像 > 民国九年 > 壹圆 > 精发,袁世凯像壹圆
1211508233_front_crop.jpg,1211508233_back_crop.jpg,12,机制银币 > 地方省造 > 云南省造 > 光绪元宝 > 七钱二分 > 老龙,云南省造半圆
1211508235_front_crop.jpg,1211508235_back_crop.jpg,12,机制银币 > 地方省造 > 云南省造 > 光绪元宝 > 七钱二分 > 老龙,云南省造半圆
1211508415_front_crop.jpg,1211508415_back_crop.jpg,58,机制银币 > 民国中央 > 袁世凯像 > 民国九年 > 壹圆 > 精发,袁世凯像壹圆
1211508435_front_crop.jpg,1211508435_back_crop.jpg,58,机制银币 > 民国中央 > 袁世凯像 > 民国九年 > 壹圆 > 精发,袁世凯像壹圆
1211508461_front_crop.jpg,1211508461_back_crop.jpg,58,机制银币 > 民国中央 > 袁世凯像 > 民国九年 > 壹圆 > 精发,袁世凯像壹圆
1211508477_front_crop.jpg,1211508477_back_crop.jpg,18,机制银币 > 地方省造 > 东三省造 > 光绪元宝 > 七钱二分,东三省造二角
1211508581_front_crop.jpg,1211508581_back_crop.jpg,70,机制银币 > 民国中央 > 孙中山像 > 开国纪念 > 壹圆 > 下五星,开国纪念壹圆
1211508593_front_crop.jpg,1211508593_back_crop.jpg,6,机制银币 > 地方省造 > 四川省造 > 光绪元宝 > 七钱二分 > 四角龙,四川银币五角
1211508603_front_crop.jpg,1211508603_back_crop.jpg,58,机制银币 > 民国中央 > 袁世凯像 > 民国九年 > 壹圆 > 精发,袁世凯像壹圆
1211508605_front_crop.jpg,1211508605_back_crop.jpg,58,机制银币 > 民国中央 > 袁世凯像 > 民国九年 > 壹圆 > 精发,袁世凯像壹圆
1211508611_front_crop.jpg,1211508611_back_crop.jpg,0,机制银币 > 地方省造 > 四川省造 > 军政府 > 壹圆 > 普通,四川省造卢比
1211508663_front_crop.jpg,1211508663_back_crop.jpg,58,机制银币 > 民国中央 > 袁世凯像 > 民国九年 > 壹圆 > 精发,袁世凯像壹圆
1211508665_front_crop.jpg,1211508665_back_crop.jpg,58,机制银币 > 民国中央 > 袁世凯像 > 民国九年 > 壹圆 > 精发,袁世凯像壹圆
1211508677_front_crop.jpg,1211508677_back_crop.jpg,58,机制银币 > 民国中央 > 袁世凯像 > 民国九年 > 壹圆 > 精发,袁世凯像壹圆
1211508699_front_crop.jpg,1211508699_back_crop.jpg,70,机制银币 > 民国中央 > 孙中山像 > 开国纪念 > 壹圆 > 下五星,开国纪念壹圆
1211508703_front_crop.jpg,1211508703_back_crop.jpg,70,机制银币 > 民国中央 > 孙中山像 > 开国纪念 > 壹圆 > 下五星,开国纪念壹圆
1211508705_front_crop.jpg,1211508705_back_crop.jpg,58,机制银币 > 民国中央 > 袁世凯像 > 民国九年 > 壹圆 > 精发,袁世凯像壹圆
1211508707_front_crop.jpg,1211508707_back_crop.jpg,58,机制银币 > 民国中央 > 袁世凯像 > 民国九年 > 壹圆 > 精发,袁世凯像壹圆
1211508709_front_crop.jpg,1211508709_back_crop.jpg,58,机制银币 > 民国中央 > 袁世凯像 > 民国九年 > 壹圆 > 精发,袁世凯像壹圆
1211508781_front_crop.jpg,1211508781_back_crop.jpg,58,机制银币 > 民国中央 > 袁世凯像 > 民国九年 > 壹圆 > 精发,袁世凯像壹圆
1211508829_front_crop.jpg,1211508829_back_crop.jpg,12,机制银币 > 地方省造 > 云南省造 > 光绪元宝 > 七钱二分 > 老龙,云南省造半圆
1211508845_front_crop.jpg,1211508845_back_crop.jpg,58,机制银币 > 民国中央 > 袁世凯像 > 民国九年 > 壹圆 > 精发,袁世凯像壹圆
1211508847_front_crop.jpg,1211508847_back_crop.jpg,58,机制银币 > 民国中央 > 袁世凯像 > 民国九年 > 壹圆 > 精发,袁世凯像壹圆
1211508849_front_crop.jpg,1211508849_back_crop.jpg,46,机制银币 > 地方省造 > 北洋造 > 光绪24年 > 壹圆,北洋局造一圆
1211508851_front_crop.jpg,1211508851_back_crop.jpg,46,机制银币 > 地方省造 > 北洋造 > 光绪24年 > 壹圆,北洋局造一圆
1211508853_front_crop.jpg,1211508853_back_crop.jpg,85,机制银币 > 纪念币 > 唐继尧像 > 拥护共和 > 三钱六分 > 正像,唐继尧像半圆
1211508877_front_crop.jpg,1211508877_back_crop.jpg,70,机制银币 > 民国中央 > 孙中山像 > 开国纪念 > 壹圆 > 下五星,开国纪念壹圆
1211508945_front_crop.jpg,1211508945_back_crop.jpg,12,机制银币 > 地方省造 > 云南省造 > 光绪元宝 > 七钱二分 > 老龙,云南省造半圆
1211508947_front_crop.jpg,1211508947_back_crop.jpg,12,机制银币 > 地方省造 > 云南省造 > 光绪元宝 > 七钱二分 > 老龙,云南省造半圆
1211508957_front_crop.jpg,1211508957_back_crop.jpg,12,机制银币 > 地方省造 > 云南省造 > 光绪元宝 > 七钱二分 > 老龙,云南省造半圆
1211508959_front_crop.jpg,1211508959_back_crop.jpg,12,机制银币 > 地方省造 > 云南省造 > 光绪元宝 > 七钱二分 > 老龙,云南省造半圆
1211508977_front_crop.jpg,1211508977_back_crop.jpg,70,机制银币 > 民国中央 > 孙中山像 > 开国纪念 > 壹圆 > 下五星,开国纪念壹圆
1211508993_front_crop.jpg,1211508993_back_crop.jpg,7,机制银币 > 地方省造 > 湖北省造 > 光绪元宝 > 七钱二分 > 普通,湖北省造二角
1211509003_front_crop.jpg,1211509003_back_crop.jpg,58,机制银币 > 民国中央 > 袁世凯像 > 民国九年 > 壹圆 > 精发,袁世凯像壹圆
1211509005_front_crop.jpg,1211509005_back_crop.jpg,58,机制银币 > 民国中央 > 袁世凯像 > 民国九年 > 壹圆 > 精发,袁世凯像壹圆
1211509011_front_crop.jpg,1211509011_back_crop.jpg,58,机制银币 > 民国中央 > 袁世凯像 > 民国九年 > 壹圆 > 精发,袁世凯像中圆
1211509013_front_crop.jpg,1211509013_back_crop.jpg,0,机制银币 > 地方省造 > 四川省造 > 军政府 > 壹圆 > 普通,北洋局造壹圆
1211509015_front_crop.jpg,1211509015_back_crop.jpg,0,机制银币 > 地方省造 > 四川省造 > 军政府 > 壹圆 > 普通,四川省造卢比
1211509027_front_crop.jpg,1211509027_back_crop.jpg,69,机制银币 > 民国中央 > 孙中山像 > 民国17年 > 壹圆 > 甘肃省造,孙中山像壹圆
1211509041_front_crop.jpg,1211509041_back_crop.jpg,0,机制银币 > 地方省造 > 四川省造 > 军政府 > 壹圆 > 普通,四川银币壹圆
1211509061_front_crop.jpg,1211509061_back_crop.jpg,69,机制银币 > 民国中央 > 孙中山像 > 民国17年 > 壹圆 > 甘肃省造,孙中山像壹圆
1211509121_front_crop.jpg,1211509121_back_crop.jpg,58,机制银币 > 民国中央 > 袁世凯像 > 民国九年 > 壹圆 > 精发,袁世凯像壹圆
1211509123_front_crop.jpg,1211509123_back_crop.jpg,69,机制银币 > 民国中央 > 孙中山像 > 民国17年 > 壹圆 > 甘肃省造,孙中山像壹圆
1211509125_front_crop.jpg,1211509125_back_crop.jpg,69,机制银币 > 民国中央 > 孙中山像 > 民国17年 > 壹圆 > 甘肃省造,孙中山像壹圆
1211509127_front_crop.jpg,1211509127_back_crop.jpg,58,机制银币 > 民国中央 > 袁世凯像 > 民国九年 > 壹圆 > 精发,袁世凯像壹圆
1211509129_front_crop.jpg,1211509129_back_crop.jpg,58,机制银币 > 民国中央 > 袁世凯像 > 民国九年 > 壹圆 > 精发,袁世凯像壹圆
1211509131_front_crop.jpg,1211509131_back_crop.jpg,58,机制银币 > 民国中央 > 袁世凯像 > 民国九年 > 壹圆 > 精发,袁世凯像壹圆
1211509133_front_crop.jpg,1211509133_back_crop.jpg,58,机制银币 > 民国中央 > 袁世凯像 > 民国九年 > 壹圆 > 精发,袁世凯像壹圆
1211509141_front_crop.jpg,1211509141_back_crop.jpg,58,机制银币 > 民国中央 > 袁世凯像 > 民国九年 > 壹圆 > 精发,袁世凯像壹圆
1211509143_front_crop.jpg,1211509143_back_crop.jpg,58,机制银币 > 民国中央 > 袁世凯像 > 民国九年 > 壹圆 > 精发,袁世凯像壹圆
1211509145_front_crop.jpg,1211509145_back_crop.jpg,58,机制银币 > 民国中央 > 袁世凯像 > 民国九年 > 壹圆 > 精发,袁世凯像壹圆
1211509147_front_crop.jpg,1211509147_back_crop.jpg,58,机制银币 > 民国中央 > 袁世凯像 > 民国九年 > 壹圆 > 精发,袁世凯像壹圆
1211509151_front_crop.jpg,1211509151_back_crop.jpg,58,机制银币 > 民国中央 > 袁世凯像 > 民国九年 > 壹圆 > 精发,袁世凯像壹圆
1211509153_front_crop.jpg,1211509153_back_crop.jpg,58,机制银币 > 民国中央 > 袁世凯像 > 民国九年 > 壹圆 > 精发,袁世凯像壹圆
1211509155_front_crop.jpg,1211509155_back_crop.jpg,58,机制银币 > 民国中央 > 袁世凯像 > 民国九年 > 壹圆 > 精发,袁世凯像壹圆
1211509161_front_crop.jpg,1211509161_back_crop.jpg,12,机制银币 > 地方省造 > 云南省造 > 光绪元宝 > 七钱二分 > 老龙,云南省造半圆
1211509175_front_crop.jpg,1211509175_back_crop.jpg,12,机制银币 > 地方省造 > 云南省造 > 光绪元宝 > 七钱二分 > 老龙,云南省造半圆
1211509181_front_crop.jpg,1211509181_back_crop.jpg,12,机制银币 > 地方省造 > 云南省造 > 光绪元宝 > 七钱二分 > 老龙,云南省造半圆
1211509189_front_crop.jpg,1211509189_back_crop.jpg,12,机制银币 > 地方省造 > 云南省造 > 光绪元宝 > 七钱二分 > 老龙,云南省造半圆
1211509191_front_crop.jpg,1211509191_back_crop.jpg,12,机制银币 > 地方省造 > 云南省造 > 光绪元宝 > 七钱二分 > 老龙,云南省造半圆
1211509197_front_crop.jpg,1211509197_back_crop.jpg,12,机制银币 > 地方省造 > 云南省造 > 光绪元宝 > 七钱二分 > 老龙,云南省造半圆
1211509205_front_crop.jpg,1211509205_back_crop.jpg,12,机制银币 > 地方省造 > 云南省造 > 光绪元宝 > 七钱二分 > 老龙,云南省造半圆
1211509223_front_crop.jpg,1211509223_back_crop.jpg,12,机制银币 > 地方省造 > 云南省造 > 光绪元宝 > 七钱二分 > 老龙,云南省造半圆
1211509225_front_crop.jpg,1211509225_back_crop.jpg,12,机制银币 > 地方省造 > 云南省造 > 光绪元宝 > 七钱二分 > 老龙,云南省造半圆
1211509235_front_crop.jpg,1211509235_back_crop.jpg,12,机制银币 > 地方省造 > 云南省造 > 光绪元宝 > 七钱二分 > 老龙,云南省造半圆
1211509345_front_crop.jpg,1211509345_back_crop.jpg,0,机制银币 > 地方省造 > 四川省造 > 军政府 > 壹圆 > 普通,香港半圆
1211509359_front_crop.jpg,1211509359_back_crop.jpg,0,机制银币 > 地方省造 > 四川省造 > 军政府 > 壹圆 > 普通,四川银币壹圆
1211509365_front_crop.jpg,1211509365_back_crop.jpg,58,机制银币 > 民国中央 > 袁世凯像 > 民国九年 > 壹圆 > 精发,袁世凯像壹圆
1211509373_front_crop.jpg,1211509373_back_crop.jpg,46,机制银币 > 地方省造 > 北洋造 > 光绪24年 > 壹圆,北洋局造一圆
1211509375_front_crop.jpg,1211509375_back_crop.jpg,58,机制银币 > 民国中央 > 袁世凯像 > 民国九年 > 壹圆 > 精发,袁世凯像壹圆
1211509377_front_crop.jpg,1211509377_back_crop.jpg,58,机制银币 > 民国中央 > 袁世凯像 > 民国九年 > 壹圆 > 精发,袁世凯像壹圆
1211509403_front_crop.jpg,1211509403_back_crop.jpg,58,机制银币 > 民国中央 > 袁世凯像 > 民国九年 > 壹圆 > 精发,袁世凯像壹圆
1211509405_front_crop.jpg,1211509405_back_crop.jpg,58,机制银币 > 民国中央 > 袁世凯像 > 民国九年 > 壹圆 > 精发,袁世凯像壹圆
1211509407_front_crop.jpg,1211509407_back_crop.jpg,58,机制银币 > 民国中央 > 袁世凯像 > 民国九年 > 壹圆 > 精发,袁世凯像壹圆
1211509409_front_crop.jpg,1211509409_back_crop.jpg,58,机制银币 > 民国中央 > 袁世凯像 > 民国九年 > 壹圆 > 精发,袁世凯像壹圆
1211509411_front_crop.jpg,1211509411_back_crop.jpg,58,机制银币 > 民国中央 > 袁世凯像 > 民国九年 > 壹圆 > 精发,袁世凯像壹圆
1211509413_front_crop.jpg,1211509413_back_crop.jpg,18,机制银币 > 地方省造 > 东三省造 > 光绪元宝 > 七钱二分,东三省造二角
1211509423_front_crop.jpg,1211509423_back_crop.jpg,55,机制银币 > 地方省造 > 广东省造 > 光绪元宝 > 三钱六分,广东省造二角
1211509565_front_crop.jpg,1211509565_back_crop.jpg,12,机制银币 > 地方省造 > 云南省造 > 光绪元宝 > 七钱二分 > 老龙,云南省造贰角
1211509567_front_crop.jpg,1211509567_back_crop.jpg,12,机制银币 > 地方省造 > 云南省造 > 光绪元宝 > 七钱二分 > 老龙,云南省造贰角
1211509569_front_crop.jpg,1211509569_back_crop.jpg,12,机制银币 > 地方省造 > 云南省造 > 光绪元宝 > 七钱二分 > 老龙,云南省造贰角
1211509595_front_crop.jpg,1211509595_back_crop.jpg,58,机制银币 > 民国中央 > 袁世凯像 > 民国九年 > 壹圆 > 精发,袁世凯像壹圆
1211509607_front_crop.jpg,1211509607_back_crop.jpg,19,机制银币 > 地方省造 > 吉林省造 > 戊申 > 七钱二分 > 中心满文,吉林省造半圆
1211509625_front_crop.jpg,1211509625_back_crop.jpg,58,机制银币 > 民国中央 > 袁世凯像 > 民国九年 > 壹圆 > 精发,袁世凯像壹圆
1211509651_front_crop.jpg,1211509651_back_crop.jpg,58,机制银币 > 民国中央 > 袁世凯像 > 民国九年 > 壹圆 > 精发,袁世凯像壹圆
1211509669_front_crop.jpg,1211509669_back_crop.jpg,58,机制银币 > 民国中央 > 袁世凯像 > 民国九年 > 壹圆 > 精发,袁世凯像壹圆
1211509673_front_crop.jpg,1211509673_back_crop.jpg,58,机制银币 > 民国中央 > 袁世凯像 > 民国九年 > 壹圆 > 精发,袁世凯像壹圆
1211509675_front_crop.jpg,1211509675_back_crop.jpg,46,机制银币 > 地方省造 > 北洋造 > 光绪24年 > 壹圆,北洋局造一圆
1211509679_front_crop.jpg,1211509679_back_crop.jpg,58,机制银币 > 民国中央 > 袁世凯像 > 民国九年 > 壹圆 > 精发,袁世凯像壹圆
1211509687_front_crop.jpg,1211509687_back_crop.jpg,58,机制银币 > 民国中央 > 袁世凯像 > 民国九年 > 壹圆 > 精发,袁世凯像壹圆
1211509691_front_crop.jpg,1211509691_back_crop.jpg,69,机制银币 > 民国中央 > 孙中山像 > 民国17年 > 壹圆 > 甘肃省造,孙中山像壹圆
1211509711_front_crop.jpg,1211509711_back_crop.jpg,55,机制银币 > 地方省造 > 广东省造 > 光绪元宝 > 三钱六分,广东省造壹毫
1211509715_front_crop.jpg,1211509715_back_crop.jpg,18,机制银币 > 地方省造 > 东三省造 > 光绪元宝 > 七钱二分,东三省造二角
1211509719_front_crop.jpg,1211509719_back_crop.jpg,18,机制银币 > 地方省造 > 东三省造 > 光绪元宝 > 七钱二分,东三省造二角
1211509743_front_crop.jpg,1211509743_back_crop.jpg,46,机制银币 > 地方省造 > 北洋造 > 光绪24年 > 壹圆,北洋局造一圆
1211509765_front_crop.jpg,1211509765_back_crop.jpg,58,机制银币 > 民国中央 > 袁世凯像 > 民国九年 > 壹圆 > 精发,袁世凯像壹圆
1211509781_front_crop.jpg,1211509781_back_crop.jpg,58,机制银币 > 民国中央 > 袁世凯像 > 民国九年 > 壹圆 > 精发,袁世凯像壹圆
1211509791_front_crop.jpg,1211509791_back_crop.jpg,12,机制银币 > 地方省造 > 云南省造 > 光绪元宝 > 七钱二分 > 老龙,云南省造半圆
1211509797_front_crop.jpg,1211509797_back_crop.jpg,12,机制银币 > 地方省造 > 云南省造 > 光绪元宝 > 七钱二分 > 老龙,云南省造半圆
1211509801_front_crop.jpg,1211509801_back_crop.jpg,12,机制银币 > 地方省造 > 云南省造 > 光绪元宝 > 七钱二分 > 老龙,云南省造半圆
1211509803_front_crop.jpg,1211509803_back_crop.jpg,12,机制银币 > 地方省造 > 云南省造 > 光绪元宝 > 七钱二分 > 老龙,云南省造半圆
1211509811_front_crop.jpg,1211509811_back_crop.jpg,12,机制银币 > 地方省造 > 云南省造 > 光绪元宝 > 七钱二分 > 老龙,云南省造半圆
1211509813_front_crop.jpg,1211509813_back_crop.jpg,12,机制银币 > 地方省造 > 云南省造 > 光绪元宝 > 七钱二分 > 老龙,云南省造半圆
1211509815_front_crop.jpg,1211509815_back_crop.jpg,12,机制银币 > 地方省造 > 云南省造 > 光绪元宝 > 七钱二分 > 老龙,云南省造半圆
1211509817_front_crop.jpg,1211509817_back_crop.jpg,12,机制银币 > 地方省造 > 云南省造 > 光绪元宝 > 七钱二分 > 老龙,云南省造半圆
1211509821_front_crop.jpg,1211509821_back_crop.jpg,12,机制银币 > 地方省造 > 云南省造 > 光绪元宝 > 七钱二分 > 老龙,云南省造半圆
1211509823_front_crop.jpg,1211509823_back_crop.jpg,12,机制银币 > 地方省造 > 云南省造 > 光绪元宝 > 七钱二分 > 老龙,云南省造半圆
1211509827_front_crop.jpg,1211509827_back_crop.jpg,12,机制银币 > 地方省造 > 云南省造 > 光绪元宝 > 七钱二分 > 老龙,云南省造半圆
1211509833_front_crop.jpg,1211509833_back_crop.jpg,12,机制银币 > 地方省造 > 云南省造 > 光绪元宝 > 七钱二分 > 老龙,云南省造半圆
1211509835_front_crop.jpg,1211509835_back_crop.jpg,12,机制银币 > 地方省造 > 云南省造 > 光绪元宝 > 七钱二分 > 老龙,云南省造半圆
1211509837_front_crop.jpg,1211509837_back_crop.jpg,12,机制银币 > 地方省造 > 云南省造 > 光绪元宝 > 七钱二分 > 老龙,云南省造半圆
1211509839_front_crop.jpg,1211509839_back_crop.jpg,12,机制银币 > 地方省造 > 云南省造 > 光绪元宝 > 七钱二分 > 老龙,云南省造半圆
1211509843_front_crop.jpg,1211509843_back_crop.jpg,12,机制银币 > 地方省造 > 云南省造 > 光绪元宝 > 七钱二分 > 老龙,云南省造半圆
1211509847_front_crop.jpg,1211509847_back_crop.jpg,12,机制银币 > 地方省造 > 云南省造 > 光绪元宝 > 七钱二分 > 老龙,云南省造半圆
1211509849_front_crop.jpg,1211509849_back_crop.jpg,12,机制银币 > 地方省造 > 云南省造 > 光绪元宝 > 七钱二分 > 老龙,云南省造半圆
1211509851_front_crop.jpg,1211509851_back_crop.jpg,12,机制银币 > 地方省造 > 云南省造 > 光绪元宝 > 七钱二分 > 老龙,云南省造半圆
1211509855_front_crop.jpg,1211509855_back_crop.jpg,12,机制银币 > 地方省造 > 云南省造 > 光绪元宝 > 七钱二分 > 老龙,云南省造半圆
1211509857_front_crop.jpg,1211509857_back_crop.jpg,12,机制银币 > 地方省造 > 云南省造 > 光绪元宝 > 七钱二分 > 老龙,云南省造半圆
1211509859_front_crop.jpg,1211509859_back_crop.jpg,12,机制银币 > 地方省造 > 云南省造 > 光绪元宝 > 七钱二分 > 老龙,云南省造半圆
1211509861_front_crop.jpg,1211509861_back_crop.jpg,12,机制银币 > 地方省造 > 云南省造 > 光绪元宝 > 七钱二分 > 老龙,云南省造半圆
1211509863_front_crop.jpg,1211509863_back_crop.jpg,12,机制银币 > 地方省造 > 云南省造 > 光绪元宝 > 七钱二分 > 老龙,云南省造半圆
1211509865_front_crop.jpg,1211509865_back_crop.jpg,12,机制银币 > 地方省造 > 云南省造 > 光绪元宝 > 七钱二分 > 老龙,云南省造半圆
1211509869_front_crop.jpg,1211509869_back_crop.jpg,12,机制银币 > 地方省造 > 云南省造 > 光绪元宝 > 七钱二分 > 老龙,云南省造半圆
1211509873_front_crop.jpg,1211509873_back_crop.jpg,12,机制银币 > 地方省造 > 云南省造 > 光绪元宝 > 七钱二分 > 老龙,云南省造半圆
1211509875_front_crop.jpg,1211509875_back_crop.jpg,12,机制银币 > 地方省造 > 云南省造 > 光绪元宝 > 七钱二分 > 老龙,云南省造半圆
1211509877_front_crop.jpg,1211509877_back_crop.jpg,12,机制银币 > 地方省造 > 云南省造 > 光绪元宝 > 七钱二分 > 老龙,云南省造半圆
1211509879_front_crop.jpg,1211509879_back_crop.jpg,12,机制银币 > 地方省造 > 云南省造 > 光绪元宝 > 七钱二分 > 老龙,云南省造半圆
1211509881_front_crop.jpg,1211509881_back_crop.jpg,12,机制银币 > 地方省造 > 云南省造 > 光绪元宝 > 七钱二分 > 老龙,云南省造半圆
1211509883_front_crop.jpg,1211509883_back_crop.jpg,12,机制银币 > 地方省造 > 云南省造 > 光绪元宝 > 七钱二分 > 老龙,云南省造半圆
1211509885_front_crop.jpg,1211509885_back_crop.jpg,12,机制银币 > 地方省造 > 云南省造 > 光绪元宝 > 七钱二分 > 老龙,云南省造半圆
1211509895_front_crop.jpg,1211509895_back_crop.jpg,58,机制银币 > 民国中央 > 袁世凯像 > 民国九年 > 壹圆 > 精发,袁世凯像壹圆
1211509899_front_crop.jpg,1211509899_back_crop.jpg,70,机制银币 > 民国中央 > 孙中山像 > 开国纪念 > 壹圆 > 下五星,开国纪念壹圆
1211509915_front_crop.jpg,1211509915_back_crop.jpg,58,机制银币 > 民国中央 > 袁世凯像 > 民国九年 > 壹圆 > 精发,袁世凯像壹圆
1211509925_front_crop.jpg,1211509925_back_crop.jpg,55,机制银币 > 地方省造 > 广东省造 > 光绪元宝 > 三钱六分,广东省造贰毫
1211509929_front_crop.jpg,1211509929_back_crop.jpg,55,机制银币 > 地方省造 > 广东省造 > 光绪元宝 > 三钱六分,广东省造贰毫
1211509935_front_crop.jpg,1211509935_back_crop.jpg,58,机制银币 > 民国中央 > 袁世凯像 > 民国九年 > 壹圆 > 精发,袁世凯像贰角
1211509937_front_crop.jpg,1211509937_back_crop.jpg,85,机制银币 > 纪念币 > 唐继尧像 > 拥护共和 > 三钱六分 > 正像,唐继尧像半圆
1211509967_front_crop.jpg,1211509967_back_crop.jpg,27,机制银币 > 地方省造 > 江南省造 > 甲辰 > 七钱二分 > 普通,江南省造一角
1211509975_front_crop.jpg,1211509975_back_crop.jpg,27,机制银币 > 地方省造 > 江南省造 > 甲辰 > 七钱二分 > 普通,江南省造一圆
1211509987_front_crop.jpg,1211509987_back_crop.jpg,87,机制银币 > 清代中央 > 光绪年造 > 丁未大清银币 > 壹圆,大清银币壹圆
1211601615_front_crop.jpg,1211601615_back_crop.jpg,58,机制银币 > 民国中央 > 袁世凯像 > 民国九年 > 壹圆 > 精发,袁世凯像壹圆
1211601617_front_crop.jpg,1211601617_back_crop.jpg,58,机制银币 > 民国中央 > 袁世凯像 > 民国九年 > 壹圆 > 精发,袁世凯像壹圆
1211601619_front_crop.jpg,1211601619_back_crop.jpg,58,机制银币 > 民国中央 > 袁世凯像 > 民国九年 > 壹圆 > 精发,袁世凯像壹圆
1211601621_front_crop.jpg,1211601621_back_crop.jpg,58,机制银币 > 民国中央 > 袁世凯像 > 民国九年 > 壹圆 > 精发,袁世凯像壹圆
1211601627_front_crop.jpg,1211601627_back_crop.jpg,58,机制银币 > 民国中央 > 袁世凯像 > 民国九年 > 壹圆 > 精发,袁世凯像壹圆
1211601665_front_crop.jpg,1211601665_back_crop.jpg,12,机制银币 > 地方省造 > 云南省造 > 光绪元宝 > 七钱二分 > 老龙,云南省造半圆
1211601669_front_crop.jpg,1211601669_back_crop.jpg,12,机制银币 > 地方省造 > 云南省造 > 光绪元宝 > 七钱二分 > 老龙,云南省造半圆
1211601671_front_crop.jpg,1211601671_back_crop.jpg,12,机制银币 > 地方省造 > 云南省造 > 光绪元宝 > 七钱二分 > 老龙,云南省造半圆
1211601673_front_crop.jpg,1211601673_back_crop.jpg,12,机制银币 > 地方省造 > 云南省造 > 光绪元宝 > 七钱二分 > 老龙,云南省造半圆
1211601675_front_crop.jpg,1211601675_back_crop.jpg,12,机制银币 > 地方省造 > 云南省造 > 光绪元宝 > 七钱二分 > 老龙,云南省造半圆
1211601679_front_crop.jpg,1211601679_back_crop.jpg,12,机制银币 > 地方省造 > 云南省造 > 光绪元宝 > 七钱二分 > 老龙,云南省造半圆
1211601681_front_crop.jpg,1211601681_back_crop.jpg,12,机制银币 > 地方省造 > 云南省造 > 光绪元宝 > 七钱二分 > 老龙,云南省造半圆
1211601683_front_crop.jpg,1211601683_back_crop.jpg,12,机制银币 > 地方省造 > 云南省造 > 光绪元宝 > 七钱二分 > 老龙,云南省造半圆
1211601685_front_crop.jpg,1211601685_back_crop.jpg,12,机制银币 > 地方省造 > 云南省造 > 光绪元宝 > 七钱二分 > 老龙,云南省造半圆
1211601695_front_crop.jpg,1211601695_back_crop.jpg,46,机制银币 > 地方省造 > 北洋造 > 光绪24年 > 壹圆,北洋局造一圆
1211601699_front_crop.jpg,1211601699_back_crop.jpg,0,机制银币 > 地方省造 > 四川省造 > 军政府 > 壹圆 > 普通,四川省造卢比
1211601701_front_crop.jpg,1211601701_back_crop.jpg,58,机制银币 > 民国中央 > 袁世凯像 > 民国九年 > 壹圆 > 精发,袁世凯像贰角
1211601705_front_crop.jpg,1211601705_back_crop.jpg,0,机制银币 > 地方省造 > 四川省造 > 军政府 > 壹圆 > 普通,四川银币壹圆
1211601707_front_crop.jpg,1211601707_back_crop.jpg,0,机制银币 > 地方省造 > 四川省造 > 军政府 > 壹圆 > 普通,四川银币壹圆
1211601709_front_crop.jpg,1211601709_back_crop.jpg,0,机制银币 > 地方省造 > 四川省造 > 军政府 > 壹圆 > 普通,四川银币壹圆
1211601717_front_crop.jpg,1211601717_back_crop.jpg,58,机制银币 > 民国中央 > 袁世凯像 > 民国九年 > 壹圆 > 精发,袁世凯像壹圆
1211601721_front_crop.jpg,1211601721_back_crop.jpg,58,机制银币 > 民国中央 > 袁世凯像 > 民国九年 > 壹圆 > 精发,袁世凯像壹圆
1211601723_front_crop.jpg,1211601723_back_crop.jpg,58,机制银币 > 民国中央 > 袁世凯像 > 民国九年 > 壹圆 > 精发,袁世凯像壹圆
1211601725_front_crop.jpg,1211601725_back_crop.jpg,69,机制银币 > 民国中央 > 孙中山像 > 民国17年 > 壹圆 > 甘肃省造,孙中山像壹圆
1211601727_front_crop.jpg,1211601727_back_crop.jpg,70,机制银币 > 民国中央 > 孙中山像 > 开国纪念 > 壹圆 > 下五星,开国纪念壹圆
1211601831_front_crop.jpg,1211601831_back_crop.jpg,58,机制银币 > 民国中央 > 袁世凯像 > 民国九年 > 壹圆 > 精发,袁世凯像壹圆
1211601835_front_crop.jpg,1211601835_back_crop.jpg,58,机制银币 > 民国中央 > 袁世凯像 > 民国九年 > 壹圆 > 精发,袁世凯像贰角
1211601867_front_crop.jpg,1211601867_back_crop.jpg,58,机制银币 > 民国中央 > 袁世凯像 > 民国九年 > 壹圆 > 精发,袁世凯像壹圆
1211601881_front_crop.jpg,1211601881_back_crop.jpg,58,机制银币 > 民国中央 > 袁世凯像 > 民国九年 > 壹圆 > 精发,袁世凯像壹圆
1211601893_front_crop.jpg,1211601893_back_crop.jpg,70,机制银币 > 民国中央 > 孙中山像 > 开国纪念 > 壹圆 > 下五星,开国纪念壹圆
1211601901_front_crop.jpg,1211601901_back_crop.jpg,58,机制银币 > 民国中央 > 袁世凯像 > 民国九年 > 壹圆 > 精发,袁世凯像壹圆
1211601905_front_crop.jpg,1211601905_back_crop.jpg,58,机制银币 > 民国中央 > 袁世凯像 > 民国九年 > 壹圆 > 精发,袁世凯像壹圆
1211601927_front_crop.jpg,1211601927_back_crop.jpg,69,机制银币 > 民国中央 > 孙中山像 > 民国17年 > 壹圆 > 甘肃省造,孙中山像壹圆
1211601931_front_crop.jpg,1211601931_back_crop.jpg,0,机制银币 > 地方省造 > 四川省造 > 军政府 > 壹圆 > 普通,四川银币壹圆
1211601955_front_crop.jpg,1211601955_back_crop.jpg,69,机制银币 > 民国中央 > 孙中山像 > 民国17年 > 壹圆 > 甘肃省造,孙中山像贰毫
1211601957_front_crop.jpg,1211601957_back_crop.jpg,69,机制银币 > 民国中央 > 孙中山像 > 民国17年 > 壹圆 > 甘肃省造,孙中山像贰毫
1211601959_front_crop.jpg,1211601959_back_crop.jpg,69,机制银币 > 民国中央 > 孙中山像 > 民国17年 > 壹圆 > 甘肃省造,孙中山像贰毫
1211601961_front_crop.jpg,1211601961_back_crop.jpg,69,机制银币 > 民国中央 > 孙中山像 > 民国17年 > 壹圆 > 甘肃省造,孙中山像贰毫
1211601965_front_crop.jpg,1211601965_back_crop.jpg,69,机制银币 > 民国中央 > 孙中山像 > 民国17年 > 壹圆 > 甘肃省造,孙中山像贰毫
1211601967_front_crop.jpg,1211601967_back_crop.jpg,69,机制银币 > 民国中央 > 孙中山像 > 民国17年 > 壹圆 > 甘肃省造,孙中山像贰毫
1211601969_front_crop.jpg,1211601969_back_crop.jpg,69,机制银币 > 民国中央 > 孙中山像 > 民国17年 > 壹圆 > 甘肃省造,孙中山像贰毫
1211601973_front_crop.jpg,1211601973_back_crop.jpg,69,机制银币 > 民国中央 > 孙中山像 > 民国17年 > 壹圆 > 甘肃省造,孙中山像贰毫
1211601977_front_crop.jpg,1211601977_back_crop.jpg,69,机制银币 > 民国中央 > 孙中山像 > 民国17年 > 壹圆 > 甘肃省造,孙中山像贰毫
1211601979_front_crop.jpg,1211601979_back_crop.jpg,69,机制银币 > 民国中央 > 孙中山像 > 民国17年 > 壹圆 > 甘肃省造,孙中山像贰毫
1211601981_front_crop.jpg,1211601981_back_crop.jpg,69,机制银币 > 民国中央 > 孙中山像 > 民国17年 > 壹圆 > 甘肃省造,孙中山像贰毫
1211601983_front_crop.jpg,1211601983_back_crop.jpg,69,机制银币 > 民国中央 > 孙中山像 > 民国17年 > 壹圆 > 甘肃省造,孙中山像贰毫
1211601985_front_crop.jpg,1211601985_back_crop.jpg,69,机制银币 > 民国中央 > 孙中山像 > 民国17年 > 壹圆 > 甘肃省造,孙中山像贰毫
1211601987_front_crop.jpg,1211601987_back_crop.jpg,69,机制银币 > 民国中央 > 孙中山像 > 民国17年 > 壹圆 > 甘肃省造,孙中山像贰毫
1211601989_front_crop.jpg,1211601989_back_crop.jpg,69,机制银币 > 民国中央 > 孙中山像 > 民国17年 > 壹圆 > 甘肃省造,孙中山像贰毫
1211601991_front_crop.jpg,1211601991_back_crop.jpg,69,机制银币 > 民国中央 > 孙中山像 > 民国17年 > 壹圆 > 甘肃省造,孙中山像贰毫
1211601995_front_crop.jpg,1211601995_back_crop.jpg,69,机制银币 > 民国中央 > 孙中山像 > 民国17年 > 壹圆 > 甘肃省造,孙中山像贰毫
1211601997_front_crop.jpg,1211601997_back_crop.jpg,69,机制银币 > 民国中央 > 孙中山像 > 民国17年 > 壹圆 > 甘肃省造,孙中山像贰毫
1211601999_front_crop.jpg,1211601999_back_crop.jpg,69,机制银币 > 民国中央 > 孙中山像 > 民国17年 > 壹圆 > 甘肃省造,孙中山像贰毫
1211602005_front_crop.jpg,1211602005_back_crop.jpg,69,机制银币 > 民国中央 > 孙中山像 > 民国17年 > 壹圆 > 甘肃省造,孙中山像贰毫
1211602007_front_crop.jpg,1211602007_back_crop.jpg,69,机制银币 > 民国中央 > 孙中山像 > 民国17年 > 壹圆 > 甘肃省造,孙中山像贰毫
1211602697_front_crop.jpg,1211602697_back_crop.jpg,46,机制银币 > 地方省造 > 北洋造 > 光绪24年 > 壹圆,北洋局造一圆
1211602829_front_crop.jpg,1211602829_back_crop.jpg,12,机制银币 > 地方省造 > 云南省造 > 光绪元宝 > 七钱二分 > 老龙,云南省造半圆
1211602837_front_crop.jpg,1211602837_back_crop.jpg,12,机制银币 > 地方省造 > 云南省造 > 光绪元宝 > 七钱二分 > 老龙,云南省造半圆
1211602839_front_crop.jpg,1211602839_back_crop.jpg,12,机制银币 > 地方省造 > 云南省造 > 光绪元宝 > 七钱二分 > 老龙,云南省造半圆
1211603033_front_crop.jpg,1211603033_back_crop.jpg,91,机制银币 > 纪念章 > 孙中山像,西藏章嘎嘎布
1211603039_front_crop.jpg,1211603039_back_crop.jpg,91,机制银币 > 纪念章 > 孙中山像,西藏章嘎嘎布
1211603041_front_crop.jpg,1211603041_back_crop.jpg,91,机制银币 > 纪念章 > 孙中山像,西藏章嘎嘎布
1211603043_front_crop.jpg,1211603043_back_crop.jpg,91,机制银币 > 纪念章 > 孙中山像,西藏章嘎嘎布
1211603045_front_crop.jpg,1211603045_back_crop.jpg,91,机制银币 > 纪念章 > 孙中山像,西藏章嘎嘎布
1211603049_front_crop.jpg,1211603049_back_crop.jpg,91,机制银币 > 纪念章 > 孙中山像,西藏章嘎嘎布
1211603059_front_crop.jpg,1211603059_back_crop.jpg,91,机制银币 > 纪念章 > 孙中山像,西藏章嘎嘎布
1211603061_front_crop.jpg,1211603061_back_crop.jpg,91,机制银币 > 纪念章 > 孙中山像,西藏章嘎嘎布
1211603067_front_crop.jpg,1211603067_back_crop.jpg,91,机制银币 > 纪念章 > 孙中山像,西藏章嘎嘎布
1211603069_front_crop.jpg,1211603069_back_crop.jpg,91,机制银币 > 纪念章 > 孙中山像,西藏章嘎嘎布
1211603077_front_crop.jpg,1211603077_back_crop.jpg,91,机制银币 > 纪念章 > 孙中山像,西藏章嘎嘎布
1211603081_front_crop.jpg,1211603081_back_crop.jpg,91,机制银币 > 纪念章 > 孙中山像,西藏章嘎嘎布
1211603083_front_crop.jpg,1211603083_back_crop.jpg,91,机制银币 > 纪念章 > 孙中山像,西藏章嘎嘎布
1211603085_front_crop.jpg,1211603085_back_crop.jpg,91,机制银币 > 纪念章 > 孙中山像,西藏章嘎嘎布
1211603087_front_crop.jpg,1211603087_back_crop.jpg,91,机制银币 > 纪念章 > 孙中山像,西藏章嘎嘎布
1211603089_front_crop.jpg,1211603089_back_crop.jpg,91,机制银币 > 纪念章 > 孙中山像,西藏章嘎嘎布
1211603099_front_crop.jpg,1211603099_back_crop.jpg,91,机制银币 > 纪念章 > 孙中山像,西藏章嘎嘎布
1211603101_front_crop.jpg,1211603101_back_crop.jpg,91,机制银币 > 纪念章 > 孙中山像,西藏章嘎嘎布
1211603103_front_crop.jpg,1211603103_back_crop.jpg,91,机制银币 > 纪念章 > 孙中山像,西藏章嘎嘎布
1211603109_front_crop.jpg,1211603109_back_crop.jpg,91,机制银币 > 纪念章 > 孙中山像,西藏章嘎嘎布
1211603111_front_crop.jpg,1211603111_back_crop.jpg,91,机制银币 > 纪念章 > 孙中山像,西藏章嘎嘎布
1211603113_front_crop.jpg,1211603113_back_crop.jpg,91,机制银币 > 纪念章 > 孙中山像,西藏章嘎嘎布
1211603123_front_crop.jpg,1211603123_back_crop.jpg,91,机制银币 > 纪念章 > 孙中山像,西藏章嘎嘎布
1211603125_front_crop.jpg,1211603125_back_crop.jpg,91,机制银币 > 纪念章 > 孙中山像,西藏章嘎嘎布
1211603127_front_crop.jpg,1211603127_back_crop.jpg,91,机制银币 > 纪念章 > 孙中山像,西藏章嘎嘎布
1211603129_front_crop.jpg,1211603129_back_crop.jpg,91,机制银币 > 纪念章 > 孙中山像,西藏章嘎嘎布
1211603131_front_crop.jpg,1211603131_back_crop.jpg,91,机制银币 > 纪念章 > 孙中山像,西藏章嘎嘎布
1211603133_front_crop.jpg,1211603133_back_crop.jpg,91,机制银币 > 纪念章 > 孙中山像,西藏章嘎嘎布
1211603135_front_crop.jpg,1211603135_back_crop.jpg,91,机制银币 > 纪念章 > 孙中山像,西藏章嘎嘎布
1211603139_front_crop.jpg,1211603139_back_crop.jpg,91,机制银币 > 纪念章 > 孙中山像,西藏章嘎嘎布
1211603141_front_crop.jpg,1211603141_back_crop.jpg,91,机制银币 > 纪念章 > 孙中山像,西藏章嘎嘎布
1211603145_front_crop.jpg,1211603145_back_crop.jpg,91,机制银币 > 纪念章 > 孙中山像,西藏章嘎嘎布
1211603147_front_crop.jpg,1211603147_back_crop.jpg,91,机制银币 > 纪念章 > 孙中山像,西藏章嘎嘎布
1211603149_front_crop.jpg,1211603149_back_crop.jpg,91,机制银币 > 纪念章 > 孙中山像,西藏章嘎嘎布
1211603151_front_crop.jpg,1211603151_back_crop.jpg,91,机制银币 > 纪念章 > 孙中山像,西藏章嘎嘎布
1211603153_front_crop.jpg,1211603153_back_crop.jpg,91,机制银币 > 纪念章 > 孙中山像,西藏章嘎嘎布
1211603769_front_crop.jpg,1211603769_back_crop.jpg,4,机制银币 > 地方省造 > 四川省造 > 光绪元宝 > 三钱六分 > 银币,西藏银币三两
1211604049_front_crop.jpg,1211604049_back_crop.jpg,19,机制银币 > 地方省造 > 吉林省造 > 戊申 > 七钱二分 > 中心满文,桂林代用币
1211604169_front_crop.jpg,1211604169_back_crop.jpg,18,机制银币 > 地方省造 > 东三省造 > 光绪元宝 > 七钱二分,东三省造二角
1211604171_front_crop.jpg,1211604171_back_crop.jpg,18,机制银币 > 地方省造 > 东三省造 > 光绪元宝 > 七钱二分,东三省造二角
1211604233_front_crop.jpg,1211604233_back_crop.jpg,58,机制银币 > 民国中央 > 袁世凯像 > 民国九年 > 壹圆 > 精发,袁世凯像壹圆
1211605005_front_crop.jpg,1211605005_back_crop.jpg,12,机制银币 > 地方省造 > 云南省造 > 光绪元宝 > 七钱二分 > 老龙,云南省造半圆
1211605007_front_crop.jpg,1211605007_back_crop.jpg,12,机制银币 > 地方省造 > 云南省造 > 光绪元宝 > 七钱二分 > 老龙,云南省造半圆
1211605011_front_crop.jpg,1211605011_back_crop.jpg,12,机制银币 > 地方省造 > 云南省造 > 光绪元宝 > 七钱二分 > 老龙,云南省造半圆
1211605013_front_crop.jpg,1211605013_back_crop.jpg,12,机制银币 > 地方省造 > 云南省造 > 光绪元宝 > 七钱二分 > 老龙,云南省造半圆
1211605015_front_crop.jpg,1211605015_back_crop.jpg,12,机制银币 > 地方省造 > 云南省造 > 光绪元宝 > 七钱二分 > 老龙,云南省造半圆
1211605017_front_crop.jpg,1211605017_back_crop.jpg,12,机制银币 > 地方省造 > 云南省造 > 光绪元宝 > 七钱二分 > 老龙,云南省造半圆
1211605019_front_crop.jpg,1211605019_back_crop.jpg,12,机制银币 > 地方省造 > 云南省造 > 光绪元宝 > 七钱二分 > 老龙,云南省造半圆
1211605021_front_crop.jpg,1211605021_back_crop.jpg,12,机制银币 > 地方省造 > 云南省造 > 光绪元宝 > 七钱二分 > 老龙,云南省造半圆
1211605023_front_crop.jpg,1211605023_back_crop.jpg,12,机制银币 > 地方省造 > 云南省造 > 光绪元宝 > 七钱二分 > 老龙,云南省造半圆
1211605033_front_crop.jpg,1211605033_back_crop.jpg,12,机制银币 > 地方省造 > 云南省造 > 光绪元宝 > 七钱二分 > 老龙,云南省造半圆
1211605037_front_crop.jpg,1211605037_back_crop.jpg,12,机制银币 > 地方省造 > 云南省造 > 光绪元宝 > 七钱二分 > 老龙,云南省造半圆
1211605039_front_crop.jpg,1211605039_back_crop.jpg,12,机制银币 > 地方省造 > 云南省造 > 光绪元宝 > 七钱二分 > 老龙,云南省造半圆
1211605041_front_crop.jpg,1211605041_back_crop.jpg,12,机制银币 > 地方省造 > 云南省造 > 光绪元宝 > 七钱二分 > 老龙,云南省造半圆
1211605045_front_crop.jpg,1211605045_back_crop.jpg,12,机制银币 > 地方省造 > 云南省造 > 光绪元宝 > 七钱二分 > 老龙,云南省造半圆
1211605047_front_crop.jpg,1211605047_back_crop.jpg,12,机制银币 > 地方省造 > 云南省造 > 光绪元宝 > 七钱二分 > 老龙,云南省造半圆
1211605049_front_crop.jpg,1211605049_back_crop.jpg,12,机制银币 > 地方省造 > 云南省造 > 光绪元宝 > 七钱二分 > 老龙,云南省造半圆
1211605055_front_crop.jpg,1211605055_back_crop.jpg,12,机制银币 > 地方省造 > 云南省造 > 光绪元宝 > 七钱二分 > 老龙,云南省造半圆
1211605057_front_crop.jpg,1211605057_back_crop.jpg,12,机制银币 > 地方省造 > 云南省造 > 光绪元宝 > 七钱二分 > 老龙,云南省造半圆
1211605063_front_crop.jpg,1211605063_back_crop.jpg,12,机制银币 > 地方省造 > 云南省造 > 光绪元宝 > 七钱二分 > 老龙,云南省造半圆
1211605067_front_crop.jpg,1211605067_back_crop.jpg,12,机制银币 > 地方省造 > 云南省造 > 光绪元宝 > 七钱二分 > 老龙,云南省造半圆
1211605073_front_crop.jpg,1211605073_back_crop.jpg,46,机制银币 > 地方省造 > 北洋造 > 光绪24年 > 壹圆,北洋局造一圆
1211605079_front_crop.jpg,1211605079_back_crop.jpg,69,机制银币 > 民国中央 > 孙中山像 > 民国17年 > 壹圆 > 甘肃省造,孙中山像壹圆
1211605081_front_crop.jpg,1211605081_back_crop.jpg,69,机制银币 > 民国中央 > 孙中山像 > 民国17年 > 壹圆 > 甘肃省造,孙中山像壹圆
1211605083_front_crop.jpg,1211605083_back_crop.jpg,58,机制银币 > 民国中央 > 袁世凯像 > 民国九年 > 壹圆 > 精发,袁世凯像壹圆
1211605101_front_crop.jpg,1211605101_back_crop.jpg,19,机制银币 > 地方省造 > 吉林省造 > 戊申 > 七钱二分 > 中心满文,吉林省造二角
1211605105_front_crop.jpg,1211605105_back_crop.jpg,19,机制银币 > 地方省造 > 吉林省造 > 戊申 > 七钱二分 > 中心满文,吉林省造二角
1211605145_front_crop.jpg,1211605145_back_crop.jpg,4,机制银币 > 地方省造 > 四川省造 > 光绪元宝 > 三钱六分 > 银币,福建省造5分
1211605163_front_crop.jpg,1211605163_back_crop.jpg,58,机制银币 > 民国中央 > 袁世凯像 > 民国九年 > 壹圆 > 精发,袁世凯像壹圆
1211605173_front_crop.jpg,1211605173_back_crop.jpg,69,机制银币 > 民国中央 > 孙中山像 > 民国17年 > 壹圆 > 甘肃省造,孙中山像壹圆
1211605177_front_crop.jpg,1211605177_back_crop.jpg,12,机制银币 > 地方省造 > 云南省造 > 光绪元宝 > 七钱二分 > 老龙,云南省造半圆
1211605181_front_crop.jpg,1211605181_back_crop.jpg,58,机制银币 > 民国中央 > 袁世凯像 > 民国九年 > 壹圆 > 精发,袁世凯像壹圆
1211605183_front_crop.jpg,1211605183_back_crop.jpg,58,机制银币 > 民国中央 > 袁世凯像 > 民国九年 > 壹圆 > 精发,袁世凯像壹圆
1211605185_front_crop.jpg,1211605185_back_crop.jpg,58,机制银币 > 民国中央 > 袁世凯像 > 民国九年 > 壹圆 > 精发,袁世凯像壹圆
1211605187_front_crop.jpg,1211605187_back_crop.jpg,58,机制银币 > 民国中央 > 袁世凯像 > 民国九年 > 壹圆 > 精发,袁世凯像壹圆
1211605191_front_crop.jpg,1211605191_back_crop.jpg,58,机制银币 > 民国中央 > 袁世凯像 > 民国九年 > 壹圆 > 精发,袁世凯像壹圆
1211605199_front_crop.jpg,1211605199_back_crop.jpg,58,机制银币 > 民国中央 > 袁世凯像 > 民国九年 > 壹圆 > 精发,袁世凯像壹圆
1211605201_front_crop.jpg,1211605201_back_crop.jpg,58,机制银币 > 民国中央 > 袁世凯像 > 民国九年 > 壹圆 > 精发,袁世凯像壹圆
1211605203_front_crop.jpg,1211605203_back_crop.jpg,58,机制银币 > 民国中央 > 袁世凯像 > 民国九年 > 壹圆 > 精发,袁世凯像壹圆
1211605209_front_crop.jpg,1211605209_back_crop.jpg,58,机制银币 > 民国中央 > 袁世凯像 > 民国九年 > 壹圆 > 精发,袁世凯像壹圆
1211605215_front_crop.jpg,1211605215_back_crop.jpg,58,机制银币 > 民国中央 > 袁世凯像 > 民国九年 > 壹圆 > 精发,袁世凯像壹圆
1211605217_front_crop.jpg,1211605217_back_crop.jpg,58,机制银币 > 民国中央 > 袁世凯像 > 民国九年 > 壹圆 > 精发,袁世凯像壹圆
1211605219_front_crop.jpg,1211605219_back_crop.jpg,58,机制银币 > 民国中央 > 袁世凯像 > 民国九年 > 壹圆 > 精发,袁世凯像壹圆
1211605221_front_crop.jpg,1211605221_back_crop.jpg,58,机制银币 > 民国中央 > 袁世凯像 > 民国九年 > 壹圆 > 精发,袁世凯像壹圆
1211605229_front_crop.jpg,1211605229_back_crop.jpg,58,机制银币 > 民国中央 > 袁世凯像 > 民国九年 > 壹圆 > 精发,袁世凯像壹圆
1211605247_front_crop.jpg,1211605247_back_crop.jpg,58,机制银币 > 民国中央 > 袁世凯像 > 民国九年 > 壹圆 > 精发,袁世凯像壹圆
1211605249_front_crop.jpg,1211605249_back_crop.jpg,58,机制银币 > 民国中央 > 袁世凯像 > 民国九年 > 壹圆 > 精发,袁世凯像壹圆
1211605251_front_crop.jpg,1211605251_back_crop.jpg,58,机制银币 > 民国中央 > 袁世凯像 > 民国九年 > 壹圆 > 精发,袁世凯像壹圆
1211605263_front_crop.jpg,1211605263_back_crop.jpg,58,机制银币 > 民国中央 > 袁世凯像 > 民国九年 > 壹圆 > 精发,袁世凯像壹圆
1211605265_front_crop.jpg,1211605265_back_crop.jpg,58,机制银币 > 民国中央 > 袁世凯像 > 民国九年 > 壹圆 > 精发,袁世凯像壹圆
1211605281_front_crop.jpg,1211605281_back_crop.jpg,12,机制银币 > 地方省造 > 云南省造 > 光绪元宝 > 七钱二分 > 老龙,云南省造半圆
1211605291_front_crop.jpg,1211605291_back_crop.jpg,12,机制银币 > 地方省造 > 云南省造 > 光绪元宝 > 七钱二分 > 老龙,云南省造一圆
1211605295_front_crop.jpg,1211605295_back_crop.jpg,70,机制银币 > 民国中央 > 孙中山像 > 开国纪念 > 壹圆 > 下五星,开国纪念壹圆
1211605303_front_crop.jpg,1211605303_back_crop.jpg,69,机制银币 > 民国中央 > 孙中山像 > 民国17年 > 壹圆 > 甘肃省造,孙中山像壹圆
1211605305_front_crop.jpg,1211605305_back_crop.jpg,12,机制银币 > 地方省造 > 云南省造 > 光绪元宝 > 七钱二分 > 老龙,云南省造半圆
1211605315_front_crop.jpg,1211605315_back_crop.jpg,58,机制银币 > 民国中央 > 袁世凯像 > 民国九年 > 壹圆 > 精发,袁世凯像壹圆
1211605341_front_crop.jpg,1211605341_back_crop.jpg,58,机制银币 > 民国中央 > 袁世凯像 > 民国九年 > 壹圆 > 精发,袁世凯像壹圆
1211605353_front_crop.jpg,1211605353_back_crop.jpg,58,机制银币 > 民国中央 > 袁世凯像 > 民国九年 > 壹圆 > 精发,袁世凯像壹圆
1211605355_front_crop.jpg,1211605355_back_crop.jpg,58,机制银币 > 民国中央 > 袁世凯像 > 民国九年 > 壹圆 > 精发,袁世凯像壹圆
1211605357_front_crop.jpg,1211605357_back_crop.jpg,58,机制银币 > 民国中央 > 袁世凯像 > 民国九年 > 壹圆 > 精发,袁世凯像壹圆
1211605361_front_crop.jpg,1211605361_back_crop.jpg,58,机制银币 > 民国中央 > 袁世凯像 > 民国九年 > 壹圆 > 精发,袁世凯像壹圆
1211605367_front_crop.jpg,1211605367_back_crop.jpg,58,机制银币 > 民国中央 > 袁世凯像 > 民国九年 > 壹圆 > 精发,袁世凯像壹圆
1211605373_front_crop.jpg,1211605373_back_crop.jpg,58,机制银币 > 民国中央 > 袁世凯像 > 民国九年 > 壹圆 > 精发,袁世凯像壹圆
1211605379_front_crop.jpg,1211605379_back_crop.jpg,58,机制银币 > 民国中央 > 袁世凯像 > 民国九年 > 壹圆 > 精发,袁世凯像壹圆
1211605381_front_crop.jpg,1211605381_back_crop.jpg,69,机制银币 > 民国中央 > 孙中山像 > 民国17年 > 壹圆 > 甘肃省造,孙中山像壹圆
1211605383_front_crop.jpg,1211605383_back_crop.jpg,69,机制银币 > 民国中央 > 孙中山像 > 民国17年 > 壹圆 > 甘肃省造,孙中山像壹圆
1211605401_front_crop.jpg,1211605401_back_crop.jpg,58,机制银币 > 民国中央 > 袁世凯像 > 民国九年 > 壹圆 > 精发,袁世凯像壹圆
1211605417_front_crop.jpg,1211605417_back_crop.jpg,58,机制银币 > 民国中央 > 袁世凯像 > 民国九年 > 壹圆 > 精发,袁世凯像壹圆
1211605419_front_crop.jpg,1211605419_back_crop.jpg,58,机制银币 > 民国中央 > 袁世凯像 > 民国九年 > 壹圆 > 精发,袁世凯像壹圆
1211605447_front_crop.jpg,1211605447_back_crop.jpg,58,机制银币 > 民国中央 > 袁世凯像 > 民国九年 > 壹圆 > 精发,袁世凯像壹圆
1211605449_front_crop.jpg,1211605449_back_crop.jpg,58,机制银币 > 民国中央 > 袁世凯像 > 民国九年 > 壹圆 > 精发,袁世凯像壹圆
1211605451_front_crop.jpg,1211605451_back_crop.jpg,58,机制银币 > 民国中央 > 袁世凯像 > 民国九年 > 壹圆 > 精发,袁世凯像壹圆
1211605453_front_crop.jpg,1211605453_back_crop.jpg,58,机制银币 > 民国中央 > 袁世凯像 > 民国九年 > 壹圆 > 精发,袁世凯像壹圆
1211605455_front_crop.jpg,1211605455_back_crop.jpg,58,机制银币 > 民国中央 > 袁世凯像 > 民国九年 > 壹圆 > 精发,袁世凯像壹圆
1211605457_front_crop.jpg,1211605457_back_crop.jpg,58,机制银币 > 民国中央 > 袁世凯像 > 民国九年 > 壹圆 > 精发,袁世凯像壹圆
1211605459_front_crop.jpg,1211605459_back_crop.jpg,58,机制银币 > 民国中央 > 袁世凯像 > 民国九年 > 壹圆 > 精发,袁世凯像壹圆
1211605463_front_crop.jpg,1211605463_back_crop.jpg,58,机制银币 > 民国中央 > 袁世凯像 > 民国九年 > 壹圆 > 精发,袁世凯像壹圆
1211605465_front_crop.jpg,1211605465_back_crop.jpg,58,机制银币 > 民国中央 > 袁世凯像 > 民国九年 > 壹圆 > 精发,袁世凯像壹圆
1211605479_front_crop.jpg,1211605479_back_crop.jpg,58,机制银币 > 民国中央 > 袁世凯像 > 民国九年 > 壹圆 > 精发,袁世凯像壹圆
1211605483_front_crop.jpg,1211605483_back_crop.jpg,58,机制银币 > 民国中央 > 袁世凯像 > 民国九年 > 壹圆 > 精发,袁世凯像壹圆
1211605489_front_crop.jpg,1211605489_back_crop.jpg,58,机制银币 > 民国中央 > 袁世凯像 > 民国九年 > 壹圆 > 精发,袁世凯像壹圆
1211605491_front_crop.jpg,1211605491_back_crop.jpg,58,机制银币 > 民国中央 > 袁世凯像 > 民国九年 > 壹圆 > 精发,袁世凯像壹圆
1211605493_front_crop.jpg,1211605493_back_crop.jpg,58,机制银币 > 民国中央 > 袁世凯像 > 民国九年 > 壹圆 > 精发,袁世凯像壹圆
1211605503_front_crop.jpg,1211605503_back_crop.jpg,58,机制银币 > 民国中央 > 袁世凯像 > 民国九年 > 壹圆 > 精发,袁世凯像壹圆
1211605505_front_crop.jpg,1211605505_back_crop.jpg,58,机制银币 > 民国中央 > 袁世凯像 > 民国九年 > 壹圆 > 精发,袁世凯像壹圆
1211605509_front_crop.jpg,1211605509_back_crop.jpg,58,机制银币 > 民国中央 > 袁世凯像 > 民国九年 > 壹圆 > 精发,袁世凯像壹圆
1211605511_front_crop.jpg,1211605511_back_crop.jpg,58,机制银币 > 民国中央 > 袁世凯像 > 民国九年 > 壹圆 > 精发,袁世凯像壹圆
1211605515_front_crop.jpg,1211605515_back_crop.jpg,69,机制银币 > 民国中央 > 孙中山像 > 民国17年 > 壹圆 > 甘肃省造,孙中山像壹圆
1211605517_front_crop.jpg,1211605517_back_crop.jpg,69,机制银币 > 民国中央 > 孙中山像 > 民国17年 > 壹圆 > 甘肃省造,孙中山像壹圆
1211605521_front_crop.jpg,1211605521_back_crop.jpg,70,机制银币 > 民国中央 > 孙中山像 > 开国纪念 > 壹圆 > 下五星,开国纪念壹圆
1211605523_front_crop.jpg,1211605523_back_crop.jpg,70,机制银币 > 民国中央 > 孙中山像 > 开国纪念 > 壹圆 > 下五星,开国纪念壹圆
1211605531_front_crop.jpg,1211605531_back_crop.jpg,70,机制银币 > 民国中央 > 孙中山像 > 开国纪念 > 壹圆 > 下五星,开国纪念壹圆
1211605533_front_crop.jpg,1211605533_back_crop.jpg,70,机制银币 > 民国中央 > 孙中山像 > 开国纪念 > 壹圆 > 下五星,开国纪念壹圆
1211605535_front_crop.jpg,1211605535_back_crop.jpg,70,机制银币 > 民国中央 > 孙中山像 > 开国纪念 > 壹圆 > 下五星,开国纪念壹圆
1211605537_front_crop.jpg,1211605537_back_crop.jpg,70,机制银币 > 民国中央 > 孙中山像 > 开国纪念 > 壹圆 > 下五星,开国纪念壹圆
1211605539_front_crop.jpg,1211605539_back_crop.jpg,70,机制银币 > 民国中央 > 孙中山像 > 开国纪念 > 壹圆 > 下五星,开国纪念壹圆
1211605541_front_crop.jpg,1211605541_back_crop.jpg,70,机制银币 > 民国中央 > 孙中山像 > 开国纪念 > 壹圆 > 下五星,开国纪念壹圆
1211605555_front_crop.jpg,1211605555_back_crop.jpg,58,机制银币 > 民国中央 > 袁世凯像 > 民国九年 > 壹圆 > 精发,袁世凯像壹圆
1211605559_front_crop.jpg,1211605559_back_crop.jpg,58,机制银币 > 民国中央 > 袁世凯像 > 民国九年 > 壹圆 > 精发,袁世凯像壹圆
1211605567_front_crop.jpg,1211605567_back_crop.jpg,0,机制银币 > 地方省造 > 四川省造 > 军政府 > 壹圆 > 普通,四川银币壹圆
1211605587_front_crop.jpg,1211605587_back_crop.jpg,0,机制银币 > 地方省造 > 四川省造 > 军政府 > 壹圆 > 普通,四川省造卢比
1211605591_front_crop.jpg,1211605591_back_crop.jpg,58,机制银币 > 民国中央 > 袁世凯像 > 民国九年 > 壹圆 > 精发,袁世凯像壹圆
1211605599_front_crop.jpg,1211605599_back_crop.jpg,18,机制银币 > 地方省造 > 东三省造 > 光绪元宝 > 七钱二分,东三省造二角
1211605601_front_crop.jpg,1211605601_back_crop.jpg,18,机制银币 > 地方省造 > 东三省造 > 光绪元宝 > 七钱二分,东三省造二角
1211605651_front_crop.jpg,1211605651_back_crop.jpg,58,机制银币 > 民国中央 > 袁世凯像 > 民国九年 > 壹圆 > 精发,袁世凯像壹圆
1211605653_front_crop.jpg,1211605653_back_crop.jpg,58,机制银币 > 民国中央 > 袁世凯像 > 民国九年 > 壹圆 > 精发,袁世凯像壹圆
1211605663_front_crop.jpg,1211605663_back_crop.jpg,69,机制银币 > 民国中央 > 孙中山像 > 民国17年 > 壹圆 > 甘肃省造,孙中山像壹圆
1211605675_front_crop.jpg,1211605675_back_crop.jpg,69,机制银币 > 民国中央 > 孙中山像 > 民国17年 > 壹圆 > 甘肃省造,孙中山像壹圆
1211605677_front_crop.jpg,1211605677_back_crop.jpg,69,机制银币 > 民国中央 > 孙中山像 > 民国17年 > 壹圆 > 甘肃省造,孙中山像壹圆
1211605687_front_crop.jpg,1211605687_back_crop.jpg,46,机制银币 > 地方省造 > 北洋造 > 光绪24年 > 壹圆,北洋局造一圆
1211605689_front_crop.jpg,1211605689_back_crop.jpg,46,机制银币 > 地方省造 > 北洋造 > 光绪24年 > 壹圆,北洋局造一圆
1211605697_front_crop.jpg,1211605697_back_crop.jpg,55,机制银币 > 地方省造 > 广东省造 > 光绪元宝 > 三钱六分,广东省造贰毫
1211605747_front_crop.jpg,1211605747_back_crop.jpg,85,机制银币 > 纪念币 > 唐继尧像 > 拥护共和 > 三钱六分 > 正像,唐继尧像半圆
1211605755_front_crop.jpg,1211605755_back_crop.jpg,46,机制银币 > 地方省造 > 北洋造 > 光绪24年 > 壹圆,北洋局造一圆
1211605757_front_crop.jpg,1211605757_back_crop.jpg,46,机制银币 > 地方省造 > 北洋造 > 光绪24年 > 壹圆,北洋局造一圆
1211605771_front_crop.jpg,1211605771_back_crop.jpg,58,机制银币 > 民国中央 > 袁世凯像 > 民国九年 > 壹圆 > 精发,袁世凯像壹圆
1211605773_front_crop.jpg,1211605773_back_crop.jpg,58,机制银币 > 民国中央 > 袁世凯像 > 民国九年 > 壹圆 > 精发,袁世凯像壹圆
1211605783_front_crop.jpg,1211605783_back_crop.jpg,58,机制银币 > 民国中央 > 袁世凯像 > 民国九年 > 壹圆 > 精发,袁世凯像壹圆
1211605799_front_crop.jpg,1211605799_back_crop.jpg,58,机制银币 > 民国中央 > 袁世凯像 > 民国九年 > 壹圆 > 精发,袁世凯像壹圆
1211605805_front_crop.jpg,1211605805_back_crop.jpg,58,机制银币 > 民国中央 > 袁世凯像 > 民国九年 > 壹圆 > 精发,袁世凯像壹圆
1211605813_front_crop.jpg,1211605813_back_crop.jpg,70,机制银币 > 民国中央 > 孙中山像 > 开国纪念 > 壹圆 > 下五星,开国纪念壹圆
1211605815_front_crop.jpg,1211605815_back_crop.jpg,70,机制银币 > 民国中央 > 孙中山像 > 开国纪念 > 壹圆 > 下五星,开国纪念壹圆
1211605817_front_crop.jpg,1211605817_back_crop.jpg,58,机制银币 > 民国中央 > 袁世凯像 > 民国九年 > 壹圆 > 精发,袁世凯像壹圆
1211605823_front_crop.jpg,1211605823_back_crop.jpg,58,机制银币 > 民国中央 > 袁世凯像 > 民国九年 > 壹圆 > 精发,袁世凯像壹圆
1211605837_front_crop.jpg,1211605837_back_crop.jpg,58,机制银币 > 民国中央 > 袁世凯像 > 民国九年 > 壹圆 > 精发,袁世凯像壹圆
1211605849_front_crop.jpg,1211605849_back_crop.jpg,55,机制银币 > 地方省造 > 广东省造 > 光绪元宝 > 三钱六分,广东省造贰毫
1211605889_front_crop.jpg,1211605889_back_crop.jpg,58,机制银币 > 民国中央 > 袁世凯像 > 民国九年 > 壹圆 > 精发,袁世凯像壹圆
1211605891_front_crop.jpg,1211605891_back_crop.jpg,58,机制银币 > 民国中央 > 袁世凯像 > 民国九年 > 壹圆 > 精发,袁世凯像壹圆
1211605893_front_crop.jpg,1211605893_back_crop.jpg,58,机制银币 > 民国中央 > 袁世凯像 > 民国九年 > 壹圆 > 精发,袁世凯像壹圆
1211605899_front_crop.jpg,1211605899_back_crop.jpg,46,机制银币 > 地方省造 > 北洋造 > 光绪24年 > 壹圆,北洋局造一圆
1211605937_front_crop.jpg,1211605937_back_crop.jpg,69,机制银币 > 民国中央 > 孙中山像 > 民国17年 > 壹圆 > 甘肃省造,孙中山像贰毫
1211605941_front_crop.jpg,1211605941_back_crop.jpg,69,机制银币 > 民国中央 > 孙中山像 > 民国17年 > 壹圆 > 甘肃省造,孙中山像贰毫
1211605971_front_crop.jpg,1211605971_back_crop.jpg,69,机制银币 > 民国中央 > 孙中山像 > 民国17年 > 壹圆 > 甘肃省造,孙中山像壹圆
1211605977_front_crop.jpg,1211605977_back_crop.jpg,55,机制银币 > 地方省造 > 广东省造 > 光绪元宝 > 三钱六分,广东省造二角
1211605979_front_crop.jpg,1211605979_back_crop.jpg,55,机制银币 > 地方省造 > 广东省造 > 光绪元宝 > 三钱六分,广东省造二角
1211605981_front_crop.jpg,1211605981_back_crop.jpg,55,机制银币 > 地方省造 > 广东省造 > 光绪元宝 > 三钱六分,广东省造二角
1211605983_front_crop.jpg,1211605983_back_crop.jpg,55,机制银币 > 地方省造 > 广东省造 > 光绪元宝 > 三钱六分,广东省造二角
1211605985_front_crop.jpg,1211605985_back_crop.jpg,55,机制银币 > 地方省造 > 广东省造 > 光绪元宝 > 三钱六分,广东省造二角
1211605987_front_crop.jpg,1211605987_back_crop.jpg,55,机制银币 > 地方省造 > 广东省造 > 光绪元宝 > 三钱六分,广东省造二角
1211605989_front_crop.jpg,1211605989_back_crop.jpg,55,机制银币 > 地方省造 > 广东省造 > 光绪元宝 > 三钱六分,广东省造二角
1211605991_front_crop.jpg,1211605991_back_crop.jpg,55,机制银币 > 地方省造 > 广东省造 > 光绪元宝 > 三钱六分,广东省造二角
1211605993_front_crop.jpg,1211605993_back_crop.jpg,55,机制银币 > 地方省造 > 广东省造 > 光绪元宝 > 三钱六分,广东省造二角
1211605995_front_crop.jpg,1211605995_back_crop.jpg,55,机制银币 > 地方省造 > 广东省造 > 光绪元宝 > 三钱六分,广东省造二角
1211605999_front_crop.jpg,1211605999_back_crop.jpg,55,机制银币 > 地方省造 > 广东省造 > 光绪元宝 > 三钱六分,广东省造二角
1211606001_front_crop.jpg,1211606001_back_crop.jpg,55,机制银币 > 地方省造 > 广东省造 > 光绪元宝 > 三钱六分,广东省造二角
1211606003_front_crop.jpg,1211606003_back_crop.jpg,55,机制银币 > 地方省造 > 广东省造 > 光绪元宝 > 三钱六分,广东省造二角
1211606007_front_crop.jpg,1211606007_back_crop.jpg,55,机制银币 > 地方省造 > 广东省造 > 光绪元宝 > 三钱六分,广东省造二角
1211606009_front_crop.jpg,1211606009_back_crop.jpg,55,机制银币 > 地方省造 > 广东省造 > 光绪元宝 > 三钱六分,广东省造二角
1211606013_front_crop.jpg,1211606013_back_crop.jpg,55,机制银币 > 地方省造 > 广东省造 > 光绪元宝 > 三钱六分,广东省造二角
1211606015_front_crop.jpg,1211606015_back_crop.jpg,55,机制银币 > 地方省造 > 广东省造 > 光绪元宝 > 三钱六分,广东省造二角
1211606017_front_crop.jpg,1211606017_back_crop.jpg,55,机制银币 > 地方省造 > 广东省造 > 光绪元宝 > 三钱六分,广东省造二角
1211606019_front_crop.jpg,1211606019_back_crop.jpg,55,机制银币 > 地方省造 > 广东省造 > 光绪元宝 > 三钱六分,广东省造二角
1211606021_front_crop.jpg,1211606021_back_crop.jpg,55,机制银币 > 地方省造 > 广东省造 > 光绪元宝 > 三钱六分,广东省造二角
1211606025_front_crop.jpg,1211606025_back_crop.jpg,55,机制银币 > 地方省造 > 广东省造 > 光绪元宝 > 三钱六分,广东省造二角
1211606027_front_crop.jpg,1211606027_back_crop.jpg,55,机制银币 > 地方省造 > 广东省造 > 光绪元宝 > 三钱六分,广东省造二角
1211606101_front_crop.jpg,1211606101_back_crop.jpg,55,机制银币 > 地方省造 > 广东省造 > 光绪元宝 > 三钱六分,广东省造二角
1211606103_front_crop.jpg,1211606103_back_crop.jpg,55,机制银币 > 地方省造 > 广东省造 > 光绪元宝 > 三钱六分,广东省造二角
1211606107_front_crop.jpg,1211606107_back_crop.jpg,55,机制银币 > 地方省造 > 广东省造 > 光绪元宝 > 三钱六分,广东省造二角
1211606113_front_crop.jpg,1211606113_back_crop.jpg,55,机制银币 > 地方省造 > 广东省造 > 光绪元宝 > 三钱六分,广东省造二角
1211606115_front_crop.jpg,1211606115_back_crop.jpg,55,机制银币 > 地方省造 > 广东省造 > 光绪元宝 > 三钱六分,广东省造二角
1211606119_front_crop.jpg,1211606119_back_crop.jpg,55,机制银币 > 地方省造 > 广东省造 > 光绪元宝 > 三钱六分,广东省造二角
1211606121_front_crop.jpg,1211606121_back_crop.jpg,55,机制银币 > 地方省造 > 广东省造 > 光绪元宝 > 三钱六分,广东省造二角
1211606125_front_crop.jpg,1211606125_back_crop.jpg,55,机制银币 > 地方省造 > 广东省造 > 光绪元宝 > 三钱六分,广东省造二角
1211606127_front_crop.jpg,1211606127_back_crop.jpg,55,机制银币 > 地方省造 > 广东省造 > 光绪元宝 > 三钱六分,广东省造二角
1211606129_front_crop.jpg,1211606129_back_crop.jpg,55,机制银币 > 地方省造 > 广东省造 > 光绪元宝 > 三钱六分,广东省造二角
1211606131_front_crop.jpg,1211606131_back_crop.jpg,55,机制银币 > 地方省造 > 广东省造 > 光绪元宝 > 三钱六分,广东省造二角
1211606133_front_crop.jpg,1211606133_back_crop.jpg,55,机制银币 > 地方省造 > 广东省造 > 光绪元宝 > 三钱六分,广东省造二角
1211606137_front_crop.jpg,1211606137_back_crop.jpg,55,机制银币 > 地方省造 > 广东省造 > 光绪元宝 > 三钱六分,广东省造二角
1211606139_front_crop.jpg,1211606139_back_crop.jpg,55,机制银币 > 地方省造 > 广东省造 > 光绪元宝 > 三钱六分,广东省造二角
1211606141_front_crop.jpg,1211606141_back_crop.jpg,55,机制银币 > 地方省造 > 广东省造 > 光绪元宝 > 三钱六分,广东省造二角
1211606143_front_crop.jpg,1211606143_back_crop.jpg,55,机制银币 > 地方省造 > 广东省造 > 光绪元宝 > 三钱六分,广东省造二角
1211606149_front_crop.jpg,1211606149_back_crop.jpg,55,机制银币 > 地方省造 > 广东省造 > 光绪元宝 > 三钱六分,广东省造二角
1211606151_front_crop.jpg,1211606151_back_crop.jpg,55,机制银币 > 地方省造 > 广东省造 > 光绪元宝 > 三钱六分,广东省造二角
1211606155_front_crop.jpg,1211606155_back_crop.jpg,55,机制银币 > 地方省造 > 广东省造 > 光绪元宝 > 三钱六分,广东省造二角
1211606159_front_crop.jpg,1211606159_back_crop.jpg,55,机制银币 > 地方省造 > 广东省造 > 光绪元宝 > 三钱六分,广东省造二角
1211606161_front_crop.jpg,1211606161_back_crop.jpg,55,机制银币 > 地方省造 > 广东省造 > 光绪元宝 > 三钱六分,广东省造二角
1211606165_front_crop.jpg,1211606165_back_crop.jpg,55,机制银币 > 地方省造 > 广东省造 > 光绪元宝 > 三钱六分,广东省造二角
1211606167_front_crop.jpg,1211606167_back_crop.jpg,55,机制银币 > 地方省造 > 广东省造 > 光绪元宝 > 三钱六分,广东省造二角
1211606169_front_crop.jpg,1211606169_back_crop.jpg,55,机制银币 > 地方省造 > 广东省造 > 光绪元宝 > 三钱六分,广东省造二角
1211606171_front_crop.jpg,1211606171_back_crop.jpg,55,机制银币 > 地方省造 > 广东省造 > 光绪元宝 > 三钱六分,广东省造二角
1211606173_front_crop.jpg,1211606173_back_crop.jpg,55,机制银币 > 地方省造 > 广东省造 > 光绪元宝 > 三钱六分,广东省造二角
1211606175_front_crop.jpg,1211606175_back_crop.jpg,55,机制银币 > 地方省造 > 广东省造 > 光绪元宝 > 三钱六分,广东省造二角
1211606177_front_crop.jpg,1211606177_back_crop.jpg,55,机制银币 > 地方省造 > 广东省造 > 光绪元宝 > 三钱六分,广东省造二角
1211606179_front_crop.jpg,1211606179_back_crop.jpg,55,机制银币 > 地方省造 > 广东省造 > 光绪元宝 > 三钱六分,广东省造二角
1211606181_front_crop.jpg,1211606181_back_crop.jpg,55,机制银币 > 地方省造 > 广东省造 > 光绪元宝 > 三钱六分,广东省造二角
1211606183_front_crop.jpg,1211606183_back_crop.jpg,55,机制银币 > 地方省造 > 广东省造 > 光绪元宝 > 三钱六分,广东省造二角
1211606185_front_crop.jpg,1211606185_back_crop.jpg,55,机制银币 > 地方省造 > 广东省造 > 光绪元宝 > 三钱六分,广东省造二角
1211606187_front_crop.jpg,1211606187_back_crop.jpg,55,机制银币 > 地方省造 > 广东省造 > 光绪元宝 > 三钱六分,广东省造二角
1211606189_front_crop.jpg,1211606189_back_crop.jpg,55,机制银币 > 地方省造 > 广东省造 > 光绪元宝 > 三钱六分,广东省造二角
1211606205_front_crop.jpg,1211606205_back_crop.jpg,69,机制银币 > 民国中央 > 孙中山像 > 民国17年 > 壹圆 > 甘肃省造,孙中山像壹毫
1211606215_front_crop.jpg,1211606215_back_crop.jpg,70,机制银币 > 民国中央 > 孙中山像 > 开国纪念 > 壹圆 > 下五星,开国纪念壹圆
1211606219_front_crop.jpg,1211606219_back_crop.jpg,58,机制银币 > 民国中央 > 袁世凯像 > 民国九年 > 壹圆 > 精发,袁世凯像壹圆
1211606221_front_crop.jpg,1211606221_back_crop.jpg,58,机制银币 > 民国中央 > 袁世凯像 > 民国九年 > 壹圆 > 精发,袁世凯像壹圆
1211606263_front_crop.jpg,1211606263_back_crop.jpg,55,机制银币 > 地方省造 > 广东省造 > 光绪元宝 > 三钱六分,广东省造二角
1211606267_front_crop.jpg,1211606267_back_crop.jpg,55,机制银币 > 地方省造 > 广东省造 > 光绪元宝 > 三钱六分,广东省造二角
1211606271_front_crop.jpg,1211606271_back_crop.jpg,55,机制银币 > 地方省造 > 广东省造 > 光绪元宝 > 三钱六分,广东省造二角
1211606275_front_crop.jpg,1211606275_back_crop.jpg,55,机制银币 > 地方省造 > 广东省造 > 光绪元宝 > 三钱六分,广东省造二角
1211606283_front_crop.jpg,1211606283_back_crop.jpg,55,机制银币 > 地方省造 > 广东省造 > 光绪元宝 > 三钱六分,广东省造二角
1211606285_front_crop.jpg,1211606285_back_crop.jpg,55,机制银币 > 地方省造 > 广东省造 > 光绪元宝 > 三钱六分,广东省造二角
1211606291_front_crop.jpg,1211606291_back_crop.jpg,55,机制银币 > 地方省造 > 广东省造 > 光绪元宝 > 三钱六分,广东省造二角
1211606299_front_crop.jpg,1211606299_back_crop.jpg,55,机制银币 > 地方省造 > 广东省造 > 光绪元宝 > 三钱六分,广东省造二角
1211606305_front_crop.jpg,1211606305_back_crop.jpg,55,机制银币 > 地方省造 > 广东省造 > 光绪元宝 > 三钱六分,广东省造二角
1211606307_front_crop.jpg,1211606307_back_crop.jpg,55,机制银币 > 地方省造 > 广东省造 > 光绪元宝 > 三钱六分,广东省造二角
1211606309_front_crop.jpg,1211606309_back_crop.jpg,55,机制银币 > 地方省造 > 广东省造 > 光绪元宝 > 三钱六分,广东省造二角
1211606311_front_crop.jpg,1211606311_back_crop.jpg,55,机制银币 > 地方省造 > 广东省造 > 光绪元宝 > 三钱六分,广东省造二角
1211606313_front_crop.jpg,1211606313_back_crop.jpg,55,机制银币 > 地方省造 > 广东省造 > 光绪元宝 > 三钱六分,广东省造二角
1211606315_front_crop.jpg,1211606315_back_crop.jpg,55,机制银币 > 地方省造 > 广东省造 > 光绪元宝 > 三钱六分,广东省造二角
1211606317_front_crop.jpg,1211606317_back_crop.jpg,55,机制银币 > 地方省造 > 广东省造 > 光绪元宝 > 三钱六分,广东省造二角
1211606323_front_crop.jpg,1211606323_back_crop.jpg,55,机制银币 > 地方省造 > 广东省造 > 光绪元宝 > 三钱六分,广东省造二角
1211606327_front_crop.jpg,1211606327_back_crop.jpg,55,机制银币 > 地方省造 > 广东省造 > 光绪元宝 > 三钱六分,广东省造二角
1211606331_front_crop.jpg,1211606331_back_crop.jpg,55,机制银币 > 地方省造 > 广东省造 > 光绪元宝 > 三钱六分,广东省造二角
1211606333_front_crop.jpg,1211606333_back_crop.jpg,55,机制银币 > 地方省造 > 广东省造 > 光绪元宝 > 三钱六分,广东省造二角
1211606335_front_crop.jpg,1211606335_back_crop.jpg,55,机制银币 > 地方省造 > 广东省造 > 光绪元宝 > 三钱六分,广东省造二角
1211606345_front_crop.jpg,1211606345_back_crop.jpg,55,机制银币 > 地方省造 > 广东省造 > 光绪元宝 > 三钱六分,广东省造二角
1211606347_front_crop.jpg,1211606347_back_crop.jpg,55,机制银币 > 地方省造 > 广东省造 > 光绪元宝 > 三钱六分,广东省造二角
1211606349_front_crop.jpg,1211606349_back_crop.jpg,55,机制银币 > 地方省造 > 广东省造 > 光绪元宝 > 三钱六分,广东省造二角
1211606351_front_crop.jpg,1211606351_back_crop.jpg,55,机制银币 > 地方省造 > 广东省造 > 光绪元宝 > 三钱六分,广东省造二角
1211606353_front_crop.jpg,1211606353_back_crop.jpg,55,机制银币 > 地方省造 > 广东省造 > 光绪元宝 > 三钱六分,广东省造二角
1211606355_front_crop.jpg,1211606355_back_crop.jpg,55,机制银币 > 地方省造 > 广东省造 > 光绪元宝 > 三钱六分,广东省造二角
1211606357_front_crop.jpg,1211606357_back_crop.jpg,55,机制银币 > 地方省造 > 广东省造 > 光绪元宝 > 三钱六分,广东省造二角
1211606359_front_crop.jpg,1211606359_back_crop.jpg,55,机制银币 > 地方省造 > 广东省造 > 光绪元宝 > 三钱六分,广东省造二角
1211606361_front_crop.jpg,1211606361_back_crop.jpg,55,机制银币 > 地方省造 > 广东省造 > 光绪元宝 > 三钱六分,广东省造二角
1211606363_front_crop.jpg,1211606363_back_crop.jpg,55,机制银币 > 地方省造 > 广东省造 > 光绪元宝 > 三钱六分,广东省造二角
1211606365_front_crop.jpg,1211606365_back_crop.jpg,55,机制银币 > 地方省造 > 广东省造 > 光绪元宝 > 三钱六分,广东省造二角
1211606367_front_crop.jpg,1211606367_back_crop.jpg,55,机制银币 > 地方省造 > 广东省造 > 光绪元宝 > 三钱六分,广东省造二角
1211606369_front_crop.jpg,1211606369_back_crop.jpg,55,机制银币 > 地方省造 > 广东省造 > 光绪元宝 > 三钱六分,广东省造二角
1211606371_front_crop.jpg,1211606371_back_crop.jpg,55,机制银币 > 地方省造 > 广东省造 > 光绪元宝 > 三钱六分,广东省造二角
1211606373_front_crop.jpg,1211606373_back_crop.jpg,55,机制银币 > 地方省造 > 广东省造 > 光绪元宝 > 三钱六分,广东省造二角
1211606375_front_crop.jpg,1211606375_back_crop.jpg,55,机制银币 > 地方省造 > 广东省造 > 光绪元宝 > 三钱六分,广东省造二角
1211606377_front_crop.jpg,1211606377_back_crop.jpg,55,机制银币 > 地方省造 > 广东省造 > 光绪元宝 > 三钱六分,广东省造二角
1211606387_front_crop.jpg,1211606387_back_crop.jpg,55,机制银币 > 地方省造 > 广东省造 > 光绪元宝 > 三钱六分,广东省造二角
1211606389_front_crop.jpg,1211606389_back_crop.jpg,55,机制银币 > 地方省造 > 广东省造 > 光绪元宝 > 三钱六分,广东省造二角
1211606391_front_crop.jpg,1211606391_back_crop.jpg,55,机制银币 > 地方省造 > 广东省造 > 光绪元宝 > 三钱六分,广东省造二角
1211606393_front_crop.jpg,1211606393_back_crop.jpg,55,机制银币 > 地方省造 > 广东省造 > 光绪元宝 > 三钱六分,广东省造二角
1211606395_front_crop.jpg,1211606395_back_crop.jpg,55,机制银币 > 地方省造 > 广东省造 > 光绪元宝 > 三钱六分,广东省造二角
1211606397_front_crop.jpg,1211606397_back_crop.jpg,55,机制银币 > 地方省造 > 广东省造 > 光绪元宝 > 三钱六分,广东省造二角
1211606399_front_crop.jpg,1211606399_back_crop.jpg,55,机制银币 > 地方省造 > 广东省造 > 光绪元宝 > 三钱六分,广东省造二角
1211606401_front_crop.jpg,1211606401_back_crop.jpg,55,机制银币 > 地方省造 > 广东省造 > 光绪元宝 > 三钱六分,广东省造二角
1211606427_front_crop.jpg,1211606427_back_crop.jpg,58,机制银币 > 民国中央 > 袁世凯像 > 民国九年 > 壹圆 > 精发,袁世凯像壹圆
1211606433_front_crop.jpg,1211606433_back_crop.jpg,69,机制银币 > 民国中央 > 孙中山像 > 民国17年 > 壹圆 > 甘肃省造,孙中山像壹圆
1211606439_front_crop.jpg,1211606439_back_crop.jpg,70,机制银币 > 民国中央 > 孙中山像 > 开国纪念 > 壹圆 > 下五星,开国纪念壹圆
1211606465_front_crop.jpg,1211606465_back_crop.jpg,55,机制银币 > 地方省造 > 广东省造 > 光绪元宝 > 三钱六分,广西省造贰毫
1211606467_front_crop.jpg,1211606467_back_crop.jpg,12,机制银币 > 地方省造 > 云南省造 > 光绪元宝 > 七钱二分 > 老龙,云南省造半圆
1211606469_front_crop.jpg,1211606469_back_crop.jpg,12,机制银币 > 地方省造 > 云南省造 > 光绪元宝 > 七钱二分 > 老龙,云南省造半圆
1211606471_front_crop.jpg,1211606471_back_crop.jpg,12,机制银币 > 地方省造 > 云南省造 > 光绪元宝 > 七钱二分 > 老龙,云南省造半圆
1211606481_front_crop.jpg,1211606481_back_crop.jpg,12,机制银币 > 地方省造 > 云南省造 > 光绪元宝 > 七钱二分 > 老龙,云南省造半圆
1211606483_front_crop.jpg,1211606483_back_crop.jpg,12,机制银币 > 地方省造 > 云南省造 > 光绪元宝 > 七钱二分 > 老龙,云南省造半圆
1211606487_front_crop.jpg,1211606487_back_crop.jpg,12,机制银币 > 地方省造 > 云南省造 > 光绪元宝 > 七钱二分 > 老龙,云南省造半圆
1211606493_front_crop.jpg,1211606493_back_crop.jpg,12,机制银币 > 地方省造 > 云南省造 > 光绪元宝 > 七钱二分 > 老龙,云南省造半圆
1211606501_front_crop.jpg,1211606501_back_crop.jpg,12,机制银币 > 地方省造 > 云南省造 > 光绪元宝 > 七钱二分 > 老龙,云南省造半圆
1211606503_front_crop.jpg,1211606503_back_crop.jpg,12,机制银币 > 地方省造 > 云南省造 > 光绪元宝 > 七钱二分 > 老龙,云南省造半圆
1211606505_front_crop.jpg,1211606505_back_crop.jpg,12,机制银币 > 地方省造 > 云南省造 > 光绪元宝 > 七钱二分 > 老龙,云南省造半圆
1211606513_front_crop.jpg,1211606513_back_crop.jpg,12,机制银币 > 地方省造 > 云南省造 > 光绪元宝 > 七钱二分 > 老龙,云南省造半圆
1211606515_front_crop.jpg,1211606515_back_crop.jpg,12,机制银币 > 地方省造 > 云南省造 > 光绪元宝 > 七钱二分 > 老龙,云南省造半圆
1211606517_front_crop.jpg,1211606517_back_crop.jpg,12,机制银币 > 地方省造 > 云南省造 > 光绪元宝 > 七钱二分 > 老龙,云南省造半圆
1211606519_front_crop.jpg,1211606519_back_crop.jpg,12,机制银币 > 地方省造 > 云南省造 > 光绪元宝 > 七钱二分 > 老龙,云南省造半圆
1211606521_front_crop.jpg,1211606521_back_crop.jpg,12,机制银币 > 地方省造 > 云南省造 > 光绪元宝 > 七钱二分 > 老龙,云南省造半圆
1211606527_front_crop.jpg,1211606527_back_crop.jpg,12,机制银币 > 地方省造 > 云南省造 > 光绪元宝 > 七钱二分 > 老龙,云南省造半圆
1211606535_front_crop.jpg,1211606535_back_crop.jpg,12,机制银币 > 地方省造 > 云南省造 > 光绪元宝 > 七钱二分 > 老龙,云南省造半圆
1211606543_front_crop.jpg,1211606543_back_crop.jpg,12,机制银币 > 地方省造 > 云南省造 > 光绪元宝 > 七钱二分 > 老龙,云南省造半圆
1211606545_front_crop.jpg,1211606545_back_crop.jpg,12,机制银币 > 地方省造 > 云南省造 > 光绪元宝 > 七钱二分 > 老龙,云南省造半圆
1211606547_front_crop.jpg,1211606547_back_crop.jpg,12,机制银币 > 地方省造 > 云南省造 > 光绪元宝 > 七钱二分 > 老龙,云南省造半圆
1211606549_front_crop.jpg,1211606549_back_crop.jpg,12,机制银币 > 地方省造 > 云南省造 > 光绪元宝 > 七钱二分 > 老龙,云南省造半圆
1211606551_front_crop.jpg,1211606551_back_crop.jpg,12,机制银币 > 地方省造 > 云南省造 > 光绪元宝 > 七钱二分 > 老龙,云南省造半圆
1211606553_front_crop.jpg,1211606553_back_crop.jpg,12,机制银币 > 地方省造 > 云南省造 > 光绪元宝 > 七钱二分 > 老龙,云南省造半圆
1211606555_front_crop.jpg,1211606555_back_crop.jpg,12,机制银币 > 地方省造 > 云南省造 > 光绪元宝 > 七钱二分 > 老龙,云南省造半圆
1211606557_front_crop.jpg,1211606557_back_crop.jpg,12,机制银币 > 地方省造 > 云南省造 > 光绪元宝 > 七钱二分 > 老龙,云南省造半圆
1211606565_front_crop.jpg,1211606565_back_crop.jpg,12,机制银币 > 地方省造 > 云南省造 > 光绪元宝 > 七钱二分 > 老龙,云南省造半圆
1211606569_front_crop.jpg,1211606569_back_crop.jpg,12,机制银币 > 地方省造 > 云南省造 > 光绪元宝 > 七钱二分 > 老龙,云南省造半圆
1211606571_front_crop.jpg,1211606571_back_crop.jpg,12,机制银币 > 地方省造 > 云南省造 > 光绪元宝 > 七钱二分 > 老龙,云南省造半圆
1211606581_front_crop.jpg,1211606581_back_crop.jpg,12,机制银币 > 地方省造 > 云南省造 > 光绪元宝 > 七钱二分 > 老龙,云南省造半圆
1211606583_front_crop.jpg,1211606583_back_crop.jpg,12,机制银币 > 地方省造 > 云南省造 > 光绪元宝 > 七钱二分 > 老龙,云南省造半圆
1211606585_front_crop.jpg,1211606585_back_crop.jpg,12,机制银币 > 地方省造 > 云南省造 > 光绪元宝 > 七钱二分 > 老龙,云南省造半圆
1211606589_front_crop.jpg,1211606589_back_crop.jpg,12,机制银币 > 地方省造 > 云南省造 > 光绪元宝 > 七钱二分 > 老龙,云南省造半圆
1211606591_front_crop.jpg,1211606591_back_crop.jpg,12,机制银币 > 地方省造 > 云南省造 > 光绪元宝 > 七钱二分 > 老龙,云南省造半圆
1211606597_front_crop.jpg,1211606597_back_crop.jpg,12,机制银币 > 地方省造 > 云南省造 > 光绪元宝 > 七钱二分 > 老龙,云南省造半圆
1211606617_front_crop.jpg,1211606617_back_crop.jpg,58,机制银币 > 民国中央 > 袁世凯像 > 民国九年 > 壹圆 > 精发,袁世凯像壹圆
1211606653_front_crop.jpg,1211606653_back_crop.jpg,70,机制银币 > 民国中央 > 孙中山像 > 开国纪念 > 壹圆 > 下五星,开国纪念壹圆
1211606655_front_crop.jpg,1211606655_back_crop.jpg,70,机制银币 > 民国中央 > 孙中山像 > 开国纪念 > 壹圆 > 下五星,开国纪念壹圆
1211606667_front_crop.jpg,1211606667_back_crop.jpg,0,机制银币 > 地方省造 > 四川省造 > 军政府 > 壹圆 > 普通,四川银币壹圆
1211606685_front_crop.jpg,1211606685_back_crop.jpg,12,机制银币 > 地方省造 > 云南省造 > 光绪元宝 > 七钱二分 > 老龙,云南省造贰角
1211606695_front_crop.jpg,1211606695_back_crop.jpg,18,机制银币 > 地方省造 > 东三省造 > 光绪元宝 > 七钱二分,东三省造二角
1211606707_front_crop.jpg,1211606707_back_crop.jpg,58,机制银币 > 民国中央 > 袁世凯像 > 民国九年 > 壹圆 > 精发,袁世凯像壹圆
1211606717_front_crop.jpg,1211606717_back_crop.jpg,70,机制银币 > 民国中央 > 孙中山像 > 开国纪念 > 壹圆 > 下五星,开国纪念壹圆
1211606727_front_crop.jpg,1211606727_back_crop.jpg,46,机制银币 > 地方省造 > 北洋造 > 光绪24年 > 壹圆,北洋局造一圆
1211606729_front_crop.jpg,1211606729_back_crop.jpg,69,机制银币 > 民国中央 > 孙中山像 > 民国17年 > 壹圆 > 甘肃省造,孙中山像壹圆
1211606737_front_crop.jpg,1211606737_back_crop.jpg,69,机制银币 > 民国中央 > 孙中山像 > 民国17年 > 壹圆 > 甘肃省造,孙中山像壹圆
1211606739_front_crop.jpg,1211606739_back_crop.jpg,58,机制银币 > 民国中央 > 袁世凯像 > 民国九年 > 壹圆 > 精发,袁世凯像壹圆
1211606773_front_crop.jpg,1211606773_back_crop.jpg,12,机制银币 > 地方省造 > 云南省造 > 光绪元宝 > 七钱二分 > 老龙,云南省造一角
1211606785_front_crop.jpg,1211606785_back_crop.jpg,58,机制银币 > 民国中央 > 袁世凯像 > 民国九年 > 壹圆 > 精发,袁世凯像壹圆
1211606795_front_crop.jpg,1211606795_back_crop.jpg,69,机制银币 > 民国中央 > 孙中山像 > 民国17年 > 壹圆 > 甘肃省造,孙中山像壹圆
1211606797_front_crop.jpg,1211606797_back_crop.jpg,69,机制银币 > 民国中央 > 孙中山像 > 民国17年 > 壹圆 > 甘肃省造,孙中山像壹圆
1211606799_front_crop.jpg,1211606799_back_crop.jpg,69,机制银币 > 民国中央 > 孙中山像 > 民国17年 > 壹圆 > 甘肃省造,孙中山像壹圆
1211606801_front_crop.jpg,1211606801_back_crop.jpg,7,机制银币 > 地方省造 > 湖北省造 > 光绪元宝 > 七钱二分 > 普通,湖北省造一圆
1211606807_front_crop.jpg,1211606807_back_crop.jpg,12,机制银币 > 地方省造 > 云南省造 > 光绪元宝 > 七钱二分 > 老龙,云南省造贰角
1211606809_front_crop.jpg,1211606809_back_crop.jpg,18,机制银币 > 地方省造 > 东三省造 > 光绪元宝 > 七钱二分,东三省造二角
1211606821_front_crop.jpg,1211606821_back_crop.jpg,58,机制银币 > 民国中央 > 袁世凯像 > 民国九年 > 壹圆 > 精发,袁世凯像壹圆
1211606823_front_crop.jpg,1211606823_back_crop.jpg,58,机制银币 > 民国中央 > 袁世凯像 > 民国九年 > 壹圆 > 精发,袁世凯像壹圆
1211606839_front_crop.jpg,1211606839_back_crop.jpg,55,机制银币 > 地方省造 > 广东省造 > 光绪元宝 > 三钱六分,广西省造贰毫
1211606841_front_crop.jpg,1211606841_back_crop.jpg,18,机制银币 > 地方省造 > 东三省造 > 光绪元宝 > 七钱二分,东三省造二角
1211606845_front_crop.jpg,1211606845_back_crop.jpg,18,机制银币 > 地方省造 > 东三省造 > 光绪元宝 > 七钱二分,东三省造二角
1211606847_front_crop.jpg,1211606847_back_crop.jpg,6,机制银币 > 地方省造 > 四川省造 > 光绪元宝 > 七钱二分 > 四角龙,福建官局二角
1211606849_front_crop.jpg,1211606849_back_crop.jpg,6,机制银币 > 地方省造 > 四川省造 > 光绪元宝 > 七钱二分 > 四角龙,福建官局二角
1211606851_front_crop.jpg,1211606851_back_crop.jpg,6,机制银币 > 地方省造 > 四川省造 > 光绪元宝 > 七钱二分 > 四角龙,福建省造二角
1211606857_front_crop.jpg,1211606857_back_crop.jpg,6,机制银币 > 地方省造 > 四川省造 > 光绪元宝 > 七钱二分 > 四角龙,福建官局二角
1211606861_front_crop.jpg,1211606861_back_crop.jpg,18,机制银币 > 地方省造 > 东三省造 > 光绪元宝 > 七钱二分,东三省造二角
1211606877_front_crop.jpg,1211606877_back_crop.jpg,6,机制银币 > 地方省造 > 四川省造 > 光绪元宝 > 七钱二分 > 四角龙,福建官局二角
1211606879_front_crop.jpg,1211606879_back_crop.jpg,6,机制银币 > 地方省造 > 四川省造 > 光绪元宝 > 七钱二分 > 四角龙,福建官局二角
1211606881_front_crop.jpg,1211606881_back_crop.jpg,6,机制银币 > 地方省造 > 四川省造 > 光绪元宝 > 七钱二分 > 四角龙,福建官局二角
1211606883_front_crop.jpg,1211606883_back_crop.jpg,55,机制银币 > 地方省造 > 广东省造 > 光绪元宝 > 三钱六分,广东省造一角
1211606885_front_crop.jpg,1211606885_back_crop.jpg,55,机制银币 > 地方省造 > 广东省造 > 光绪元宝 > 三钱六分,广东省造一角
1211606887_front_crop.jpg,1211606887_back_crop.jpg,55,机制银币 > 地方省造 > 广东省造 > 光绪元宝 > 三钱六分,广东省造一角
1211606889_front_crop.jpg,1211606889_back_crop.jpg,55,机制银币 > 地方省造 > 广东省造 > 光绪元宝 > 三钱六分,广东省造一角
1211606905_front_crop.jpg,1211606905_back_crop.jpg,18,机制银币 > 地方省造 > 东三省造 > 光绪元宝 > 七钱二分,东三省造二角
1211606913_front_crop.jpg,1211606913_back_crop.jpg,69,机制银币 > 民国中央 > 孙中山像 > 民国17年 > 壹圆 > 甘肃省造,孙中山像壹圆
1211606917_front_crop.jpg,1211606917_back_crop.jpg,58,机制银币 > 民国中央 > 袁世凯像 > 民国九年 > 壹圆 > 精发,袁世凯像壹圆
1211606923_front_crop.jpg,1211606923_back_crop.jpg,58,机制银币 > 民国中央 > 袁世凯像 > 民国九年 > 壹圆 > 精发,袁世凯像壹圆
1211606929_front_crop.jpg,1211606929_back_crop.jpg,58,机制银币 > 民国中央 > 袁世凯像 > 民国九年 > 壹圆 > 精发,袁世凯像壹圆
1211606933_front_crop.jpg,1211606933_back_crop.jpg,58,机制银币 > 民国中央 > 袁世凯像 > 民国九年 > 壹圆 > 精发,袁世凯像壹圆
1211606939_front_crop.jpg,1211606939_back_crop.jpg,58,机制银币 > 民国中央 > 袁世凯像 > 民国九年 > 壹圆 > 精发,袁世凯像壹圆
1211606953_front_crop.jpg,1211606953_back_crop.jpg,58,机制银币 > 民国中央 > 袁世凯像 > 民国九年 > 壹圆 > 精发,袁世凯像壹圆
1211606957_front_crop.jpg,1211606957_back_crop.jpg,0,机制银币 > 地方省造 > 四川省造 > 军政府 > 壹圆 > 普通,四川银币壹圆
1211606961_front_crop.jpg,1211606961_back_crop.jpg,58,机制银币 > 民国中央 > 袁世凯像 > 民国九年 > 壹圆 > 精发,袁世凯像壹圆
1211606979_front_crop.jpg,1211606979_back_crop.jpg,70,机制银币 > 民国中央 > 孙中山像 > 开国纪念 > 壹圆 > 下五星,开国纪念壹圆
1211606981_front_crop.jpg,1211606981_back_crop.jpg,6,机制银币 > 地方省造 > 四川省造 > 光绪元宝 > 七钱二分 > 四角龙,福建省造二角
1211606983_front_crop.jpg,1211606983_back_crop.jpg,6,机制银币 > 地方省造 > 四川省造 > 光绪元宝 > 七钱二分 > 四角龙,福建省造二角
1211606989_front_crop.jpg,1211606989_back_crop.jpg,6,机制银币 > 地方省造 > 四川省造 > 光绪元宝 > 七钱二分 > 四角龙,福建省造二角
1211606991_front_crop.jpg,1211606991_back_crop.jpg,6,机制银币 > 地方省造 > 四川省造 > 光绪元宝 > 七钱二分 > 四角龙,福建省造二角
1211606993_front_crop.jpg,1211606993_back_crop.jpg,6,机制银币 > 地方省造 > 四川省造 > 光绪元宝 > 七钱二分 > 四角龙,福建省造二角
1211606997_front_crop.jpg,1211606997_back_crop.jpg,6,机制银币 > 地方省造 > 四川省造 > 光绪元宝 > 七钱二分 > 四角龙,福建省造二角
1211606999_front_crop.jpg,1211606999_back_crop.jpg,6,机制银币 > 地方省造 > 四川省造 > 光绪元宝 > 七钱二分 > 四角龙,福建省造二角
1211607011_front_crop.jpg,1211607011_back_crop.jpg,6,机制银币 > 地方省造 > 四川省造 > 光绪元宝 > 七钱二分 > 四角龙,福建省造二角
1211607013_front_crop.jpg,1211607013_back_crop.jpg,6,机制银币 > 地方省造 > 四川省造 > 光绪元宝 > 七钱二分 > 四角龙,福建省造二角
1211607015_front_crop.jpg,1211607015_back_crop.jpg,6,机制银币 > 地方省造 > 四川省造 > 光绪元宝 > 七钱二分 > 四角龙,福建省造二角
1211607017_front_crop.jpg,1211607017_back_crop.jpg,6,机制银币 > 地方省造 > 四川省造 > 光绪元宝 > 七钱二分 > 四角龙,福建省造二角
1211607023_front_crop.jpg,1211607023_back_crop.jpg,6,机制银币 > 地方省造 > 四川省造 > 光绪元宝 > 七钱二分 > 四角龙,福建省造二角
1211607029_front_crop.jpg,1211607029_back_crop.jpg,6,机制银币 > 地方省造 > 四川省造 > 光绪元宝 > 七钱二分 > 四角龙,福建省造二角
1211607031_front_crop.jpg,1211607031_back_crop.jpg,6,机制银币 > 地方省造 > 四川省造 > 光绪元宝 > 七钱二分 > 四角龙,福建省造二角
1211607033_front_crop.jpg,1211607033_back_crop.jpg,55,机制银币 > 地方省造 > 广东省造 > 光绪元宝 > 三钱六分,广东省造二角
1211607035_front_crop.jpg,1211607035_back_crop.jpg,55,机制银币 > 地方省造 > 广东省造 > 光绪元宝 > 三钱六分,广东省造二角
1211607037_front_crop.jpg,1211607037_back_crop.jpg,55,机制银币 > 地方省造 > 广东省造 > 光绪元宝 > 三钱六分,广东省造二角
1211607047_front_crop.jpg,1211607047_back_crop.jpg,55,机制银币 > 地方省造 > 广东省造 > 光绪元宝 > 三钱六分,广东省造二角
1211607049_front_crop.jpg,1211607049_back_crop.jpg,55,机制银币 > 地方省造 > 广东省造 > 光绪元宝 > 三钱六分,广东省造二角
1211607053_front_crop.jpg,1211607053_back_crop.jpg,55,机制银币 > 地方省造 > 广东省造 > 光绪元宝 > 三钱六分,广东省造二角
1211607061_front_crop.jpg,1211607061_back_crop.jpg,58,机制银币 > 民国中央 > 袁世凯像 > 民国九年 > 壹圆 > 精发,袁世凯像壹圆
1211607079_front_crop.jpg,1211607079_back_crop.jpg,70,机制银币 > 民国中央 > 孙中山像 > 开国纪念 > 壹圆 > 下五星,开国纪念壹圆
1211607105_front_crop.jpg,1211607105_back_crop.jpg,12,机制银币 > 地方省造 > 云南省造 > 光绪元宝 > 七钱二分 > 老龙,云南省造贰角
1211607129_front_crop.jpg,1211607129_back_crop.jpg,58,机制银币 > 民国中央 > 袁世凯像 > 民国九年 > 壹圆 > 精发,袁世凯像壹圆
1211607139_front_crop.jpg,1211607139_back_crop.jpg,0,机制银币 > 地方省造 > 四川省造 > 军政府 > 壹圆 > 普通,四川银币壹圆
1211607141_front_crop.jpg,1211607141_back_crop.jpg,85,机制银币 > 纪念币 > 唐继尧像 > 拥护共和 > 三钱六分 > 正像,唐继尧像半圆
1211607149_front_crop.jpg,1211607149_back_crop.jpg,9,机制银币 > 地方省造 > 湖北省造 > 双龙 > 一两 > 小字,西藏银币十两
1211607151_front_crop.jpg,1211607151_back_crop.jpg,4,机制银币 > 地方省造 > 四川省造 > 光绪元宝 > 三钱六分 > 银币,西藏银币三两
1211607157_front_crop.jpg,1211607157_back_crop.jpg,58,机制银币 > 民国中央 > 袁世凯像 > 民国九年 > 壹圆 > 精发,袁世凯像壹圆
1211607237_front_crop.jpg,1211607237_back_crop.jpg,27,机制银币 > 地方省造 > 江南省造 > 甲辰 > 七钱二分 > 普通,江南省造二角
1211607241_front_crop.jpg,1211607241_back_crop.jpg,27,机制银币 > 地方省造 > 江南省造 > 甲辰 > 七钱二分 > 普通,江南省造二角
1211607243_front_crop.jpg,1211607243_back_crop.jpg,27,机制银币 > 地方省造 > 江南省造 > 甲辰 > 七钱二分 > 普通,江南省造二角
1211607245_front_crop.jpg,1211607245_back_crop.jpg,55,机制银币 > 地方省造 > 广东省造 > 光绪元宝 > 三钱六分,广东省造二角
1211607249_front_crop.jpg,1211607249_back_crop.jpg,27,机制银币 > 地方省造 > 江南省造 > 甲辰 > 七钱二分 > 普通,江南省造一角
1211607299_front_crop.jpg,1211607299_back_crop.jpg,58,机制银币 > 民国中央 > 袁世凯像 > 民国九年 > 壹圆 > 精发,袁世凯像壹圆
1211607301_front_crop.jpg,1211607301_back_crop.jpg,58,机制银币 > 民国中央 > 袁世凯像 > 民国九年 > 壹圆 > 精发,袁世凯像壹圆
1211607303_front_crop.jpg,1211607303_back_crop.jpg,9,机制银币 > 地方省造 > 湖北省造 > 双龙 > 一两 > 小字,西藏银币一两五钱
1211607307_front_crop.jpg,1211607307_back_crop.jpg,85,机制银币 > 纪念币 > 唐继尧像 > 拥护共和 > 三钱六分 > 正像,唐继尧像半圆
1211607309_front_crop.jpg,1211607309_back_crop.jpg,58,机制银币 > 民国中央 > 袁世凯像 > 民国九年 > 壹圆 > 精发,袁世凯像壹圆
1211607317_front_crop.jpg,1211607317_back_crop.jpg,0,机制银币 > 地方省造 > 四川省造 > 军政府 > 壹圆 > 普通,浙江省造壹毫
1211607327_front_crop.jpg,1211607327_back_crop.jpg,69,机制银币 > 民国中央 > 孙中山像 > 民国17年 > 壹圆 > 甘肃省造,孙中山像壹圆
1211607333_front_crop.jpg,1211607333_back_crop.jpg,0,机制银币 > 地方省造 > 四川省造 > 军政府 > 壹圆 > 普通,四川银币壹圆
1211607339_front_crop.jpg,1211607339_back_crop.jpg,46,机制银币 > 地方省造 > 北洋造 > 光绪24年 > 壹圆,北洋局造一圆
1211607341_front_crop.jpg,1211607341_back_crop.jpg,46,机制银币 > 地方省造 > 北洋造 > 光绪24年 > 壹圆,北洋局造一圆
1211607373_front_crop.jpg,1211607373_back_crop.jpg,58,机制银币 > 民国中央 > 袁世凯像 > 民国九年 > 壹圆 > 精发,袁世凯像壹圆
1211607377_front_crop.jpg,1211607377_back_crop.jpg,70,机制银币 > 民国中央 > 孙中山像 > 开国纪念 > 壹圆 > 下五星,开国纪念壹圆
1211607379_front_crop.jpg,1211607379_back_crop.jpg,70,机制银币 > 民国中央 > 孙中山像 > 开国纪念 > 壹圆 > 下五星,开国纪念壹圆
1211607389_front_crop.jpg,1211607389_back_crop.jpg,58,机制银币 > 民国中央 > 袁世凯像 > 民国九年 > 壹圆 > 精发,袁世凯像壹圆
1211607397_front_crop.jpg,1211607397_back_crop.jpg,46,机制银币 > 地方省造 > 北洋造 > 光绪24年 > 壹圆,北洋局造一圆
1211607399_front_crop.jpg,1211607399_back_crop.jpg,0,机制银币 > 地方省造 > 四川省造 > 军政府 > 壹圆 > 普通,四川银币壹圆
1211607401_front_crop.jpg,1211607401_back_crop.jpg,85,机制银币 > 纪念币 > 唐继尧像 > 拥护共和 > 三钱六分 > 正像,唐继尧像半圆
1211607403_front_crop.jpg,1211607403_back_crop.jpg,69,机制银币 > 民国中央 > 孙中山像 > 民国17年 > 壹圆 > 甘肃省造,孙中山像壹圆
1211607421_front_crop.jpg,1211607421_back_crop.jpg,55,机制银币 > 地方省造 > 广东省造 > 光绪元宝 > 三钱六分,广东省造二角
1211607429_front_crop.jpg,1211607429_back_crop.jpg,58,机制银币 > 民国中央 > 袁世凯像 > 民国九年 > 壹圆 > 精发,袁世凯像壹圆
1211607437_front_crop.jpg,1211607437_back_crop.jpg,70,机制银币 > 民国中央 > 孙中山像 > 开国纪念 > 壹圆 > 下五星,开国纪念壹圆
1211607439_front_crop.jpg,1211607439_back_crop.jpg,70,机制银币 > 民国中央 > 孙中山像 > 开国纪念 > 壹圆 > 下五星,开国纪念壹圆
1211607447_front_crop.jpg,1211607447_back_crop.jpg,12,机制银币 > 地方省造 > 云南省造 > 光绪元宝 > 七钱二分 > 老龙,云南省造半圆
1211607493_front_crop.jpg,1211607493_back_crop.jpg,58,机制银币 > 民国中央 > 袁世凯像 > 民国九年 > 壹圆 > 精发,袁世凯像壹圆
1211607503_front_crop.jpg,1211607503_back_crop.jpg,70,机制银币 > 民国中央 > 孙中山像 > 开国纪念 > 壹圆 > 下五星,开国纪念壹圆
1211607515_front_crop.jpg,1211607515_back_crop.jpg,46,机制银币 > 地方省造 > 北洋造 > 光绪24年 > 壹圆,北洋局造一圆
1211607521_front_crop.jpg,1211607521_back_crop.jpg,58,机制银币 > 民国中央 > 袁世凯像 > 民国九年 > 壹圆 > 精发,袁世凯像壹圆
1211607541_front_crop.jpg,1211607541_back_crop.jpg,55,机制银币 > 地方省造 > 广东省造 > 光绪元宝 > 三钱六分,广东省造壹毫
1211607545_front_crop.jpg,1211607545_back_crop.jpg,6,机制银币 > 地方省造 > 四川省造 > 光绪元宝 > 七钱二分 > 四角龙,福建省造二角
1211607571_front_crop.jpg,1211607571_back_crop.jpg,12,机制银币 > 地方省造 > 云南省造 > 光绪元宝 > 七钱二分 > 老龙,云南省造半圆
1211607575_front_crop.jpg,1211607575_back_crop.jpg,69,机制银币 > 民国中央 > 孙中山像 > 民国17年 > 壹圆 > 甘肃省造,孙中山像壹圆
1211607615_front_crop.jpg,1211607615_back_crop.jpg,70,机制银币 > 民国中央 > 孙中山像 > 开国纪念 > 壹圆 > 下五星,开国纪念壹圆
1211607619_front_crop.jpg,1211607619_back_crop.jpg,58,机制银币 > 民国中央 > 袁世凯像 > 民国九年 > 壹圆 > 精发,袁世凯像壹圆
1211607623_front_crop.jpg,1211607623_back_crop.jpg,69,机制银币 > 民国中央 > 孙中山像 > 民国17年 > 壹圆 > 甘肃省造,孙中山像壹圆
1211607641_front_crop.jpg,1211607641_back_crop.jpg,55,机制银币 > 地方省造 > 广东省造 > 光绪元宝 > 三钱六分,广东省造壹毫
1211607645_front_crop.jpg,1211607645_back_crop.jpg,55,机制银币 > 地方省造 > 广东省造 > 光绪元宝 > 三钱六分,广东省造二角
1211607647_front_crop.jpg,1211607647_back_crop.jpg,55,机制银币 > 地方省造 > 广东省造 > 光绪元宝 > 三钱六分,广东省造二角
1211607657_front_crop.jpg,1211607657_back_crop.jpg,58,机制银币 > 民国中央 > 袁世凯像 > 民国九年 > 壹圆 > 精发,袁世凯像壹圆
1211607671_front_crop.jpg,1211607671_back_crop.jpg,70,机制银币 > 民国中央 > 孙中山像 > 开国纪念 > 壹圆 > 下五星,开国纪念壹圆
1211607673_front_crop.jpg,1211607673_back_crop.jpg,58,机制银币 > 民国中央 > 袁世凯像 > 民国九年 > 壹圆 > 精发,袁世凯像壹圆
1211607687_front_crop.jpg,1211607687_back_crop.jpg,12,机制银币 > 地方省造 > 云南省造 > 光绪元宝 > 七钱二分 > 老龙,云南省造贰角
1211607689_front_crop.jpg,1211607689_back_crop.jpg,4,机制银币 > 地方省造 > 四川省造 > 光绪元宝 > 三钱六分 > 银币,西藏银币三两
1211607691_front_crop.jpg,1211607691_back_crop.jpg,9,机制银币 > 地方省造 > 湖北省造 > 双龙 > 一两 > 小字,西藏银币一两五钱
1211607693_front_crop.jpg,1211607693_back_crop.jpg,9,机制银币 > 地方省造 > 湖北省造 > 双龙 > 一两 > 小字,西藏银币一两五钱
1211607697_front_crop.jpg,1211607697_back_crop.jpg,58,机制银币 > 民国中央 > 袁世凯像 > 民国九年 > 壹圆 > 精发,袁世凯像壹圆
1211607703_front_crop.jpg,1211607703_back_crop.jpg,12,机制银币 > 地方省造 > 云南省造 > 光绪元宝 > 七钱二分 > 老龙,云南省造半圆
1211607769_front_crop.jpg,1211607769_back_crop.jpg,70,机制银币 > 民国中央 > 孙中山像 > 开国纪念 > 壹圆 > 下五星,开国纪念壹圆
1211607771_front_crop.jpg,1211607771_back_crop.jpg,70,机制银币 > 民国中央 > 孙中山像 > 开国纪念 > 壹圆 > 下五星,开国纪念壹圆
1211607775_front_crop.jpg,1211607775_back_crop.jpg,58,机制银币 > 民国中央 > 袁世凯像 > 民国九年 > 壹圆 > 精发,袁世凯像壹圆
1211607777_front_crop.jpg,1211607777_back_crop.jpg,60,机制银币 > 民国中央 > 袁世凯像 > 民国九年 > 壹圆 > 海南版,上海银饼壹两
1211607779_front_crop.jpg,1211607779_back_crop.jpg,69,机制银币 > 民国中央 > 孙中山像 > 民国17年 > 壹圆 > 甘肃省造,孙中山像壹圆
1211607785_front_crop.jpg,1211607785_back_crop.jpg,27,机制银币 > 地方省造 > 江南省造 > 甲辰 > 七钱二分 > 普通,江南省造一圆
1211607793_front_crop.jpg,1211607793_back_crop.jpg,69,机制银币 > 民国中央 > 孙中山像 > 民国17年 > 壹圆 > 甘肃省造,孙中山像壹毫
1211607813_front_crop.jpg,1211607813_back_crop.jpg,46,机制银币 > 地方省造 > 北洋造 > 光绪24年 > 壹圆,北洋局造一圆
1211607819_front_crop.jpg,1211607819_back_crop.jpg,70,机制银币 > 民国中央 > 孙中山像 > 开国纪念 > 壹圆 > 下五星,开国纪念壹圆
1211607821_front_crop.jpg,1211607821_back_crop.jpg,58,机制银币 > 民国中央 > 袁世凯像 > 民国九年 > 壹圆 > 精发,袁世凯像壹圆
1211607827_front_crop.jpg,1211607827_back_crop.jpg,58,机制银币 > 民国中央 > 袁世凯像 > 民国九年 > 壹圆 > 精发,袁世凯像壹圆
1211607833_front_crop.jpg,1211607833_back_crop.jpg,58,机制银币 > 民国中央 > 袁世凯像 > 民国九年 > 壹圆 > 精发,袁世凯像壹圆
1211607837_front_crop.jpg,1211607837_back_crop.jpg,58,机制银币 > 民国中央 > 袁世凯像 > 民国九年 > 壹圆 > 精发,袁世凯像壹圆
1211607839_front_crop.jpg,1211607839_back_crop.jpg,12,机制银币 > 地方省造 > 云南省造 > 光绪元宝 > 七钱二分 > 老龙,云南省造半圆
1211607857_front_crop.jpg,1211607857_back_crop.jpg,58,机制银币 > 民国中央 > 袁世凯像 > 民国九年 > 壹圆 > 精发,袁世凯像壹圆
1211607863_front_crop.jpg,1211607863_back_crop.jpg,70,机制银币 > 民国中央 > 孙中山像 > 开国纪念 > 壹圆 > 下五星,开国纪念壹圆
1211607869_front_crop.jpg,1211607869_back_crop.jpg,70,机制银币 > 民国中央 > 孙中山像 > 开国纪念 > 壹圆 > 下五星,开国纪念壹圆
1211607905_front_crop.jpg,1211607905_back_crop.jpg,58,机制银币 > 民国中央 > 袁世凯像 > 民国九年 > 壹圆 > 精发,袁世凯像壹圆
1211607907_front_crop.jpg,1211607907_back_crop.jpg,58,机制银币 > 民国中央 > 袁世凯像 > 民国九年 > 壹圆 > 精发,袁世凯像壹圆
1211607953_front_crop.jpg,1211607953_back_crop.jpg,58,机制银币 > 民国中央 > 袁世凯像 > 民国九年 > 壹圆 > 精发,袁世凯像壹圆
1211608045_front_crop.jpg,1211608045_back_crop.jpg,58,机制银币 > 民国中央 > 袁世凯像 > 民国九年 > 壹圆 > 精发,袁世凯像壹圆
1211608053_front_crop.jpg,1211608053_back_crop.jpg,69,机制银币 > 民国中央 > 孙中山像 > 民国17年 > 壹圆 > 甘肃省造,孙中山像贰毫
1211608063_front_crop.jpg,1211608063_back_crop.jpg,0,机制银币 > 地方省造 > 四川省造 > 军政府 > 壹圆 > 普通,四川银币壹圆
1211608065_front_crop.jpg,1211608065_back_crop.jpg,55,机制银币 > 地方省造 > 广东省造 > 光绪元宝 > 三钱六分,广东省造壹毫
1211608077_front_crop.jpg,1211608077_back_crop.jpg,18,机制银币 > 地方省造 > 东三省造 > 光绪元宝 > 七钱二分,东三省造二角
1211608109_front_crop.jpg,1211608109_back_crop.jpg,85,机制银币 > 纪念币 > 唐继尧像 > 拥护共和 > 三钱六分 > 正像,唐继尧像半圆
1211608111_front_crop.jpg,1211608111_back_crop.jpg,0,机制银币 > 地方省造 > 四川省造 > 军政府 > 壹圆 > 普通,四川省造卢比
1211608133_front_crop.jpg,1211608133_back_crop.jpg,69,机制银币 > 民国中央 > 孙中山像 > 民国17年 > 壹圆 > 甘肃省造,孙中山像贰毫
1211608153_front_crop.jpg,1211608153_back_crop.jpg,58,机制银币 > 民国中央 > 袁世凯像 > 民国九年 > 壹圆 > 精发,袁世凯像壹圆
1211608173_front_crop.jpg,1211608173_back_crop.jpg,58,机制银币 > 民国中央 > 袁世凯像 > 民国九年 > 壹圆 > 精发,袁世凯像壹圆
1211608175_front_crop.jpg,1211608175_back_crop.jpg,58,机制银币 > 民国中央 > 袁世凯像 > 民国九年 > 壹圆 > 精发,袁世凯像壹圆
1211608177_front_crop.jpg,1211608177_back_crop.jpg,58,机制银币 > 民国中央 > 袁世凯像 > 民国九年 > 壹圆 > 精发,袁世凯像壹圆
1211608179_front_crop.jpg,1211608179_back_crop.jpg,58,机制银币 > 民国中央 > 袁世凯像 > 民国九年 > 壹圆 > 精发,袁世凯像壹圆
1211608181_front_crop.jpg,1211608181_back_crop.jpg,58,机制银币 > 民国中央 > 袁世凯像 > 民国九年 > 壹圆 > 精发,袁世凯像壹圆
1211608183_front_crop.jpg,1211608183_back_crop.jpg,58,机制银币 > 民国中央 > 袁世凯像 > 民国九年 > 壹圆 > 精发,袁世凯像壹圆
1211608187_front_crop.jpg,1211608187_back_crop.jpg,58,机制银币 > 民国中央 > 袁世凯像 > 民国九年 > 壹圆 > 精发,袁世凯像壹圆
1211608189_front_crop.jpg,1211608189_back_crop.jpg,58,机制银币 > 民国中央 > 袁世凯像 > 民国九年 > 壹圆 > 精发,袁世凯像壹圆
1211608191_front_crop.jpg,1211608191_back_crop.jpg,58,机制银币 > 民国中央 > 袁世凯像 > 民国九年 > 壹圆 > 精发,袁世凯像壹圆
1211608193_front_crop.jpg,1211608193_back_crop.jpg,58,机制银币 > 民国中央 > 袁世凯像 > 民国九年 > 壹圆 > 精发,袁世凯像壹圆
1211608199_front_crop.jpg,1211608199_back_crop.jpg,58,机制银币 > 民国中央 > 袁世凯像 > 民国九年 > 壹圆 > 精发,袁世凯像壹圆
1211608201_front_crop.jpg,1211608201_back_crop.jpg,58,机制银币 > 民国中央 > 袁世凯像 > 民国九年 > 壹圆 > 精发,袁世凯像壹圆
1211608203_front_crop.jpg,1211608203_back_crop.jpg,58,机制银币 > 民国中央 > 袁世凯像 > 民国九年 > 壹圆 > 精发,袁世凯像壹圆
1211608205_front_crop.jpg,1211608205_back_crop.jpg,58,机制银币 > 民国中央 > 袁世凯像 > 民国九年 > 壹圆 > 精发,袁世凯像壹圆
1211608207_front_crop.jpg,1211608207_back_crop.jpg,70,机制银币 > 民国中央 > 孙中山像 > 开国纪念 > 壹圆 > 下五星,开国纪念壹圆
1211608209_front_crop.jpg,1211608209_back_crop.jpg,70,机制银币 > 民国中央 > 孙中山像 > 开国纪念 > 壹圆 > 下五星,开国纪念壹圆
1211608211_front_crop.jpg,1211608211_back_crop.jpg,70,机制银币 > 民国中央 > 孙中山像 > 开国纪念 > 壹圆 > 下五星,开国纪念壹圆
1211608213_front_crop.jpg,1211608213_back_crop.jpg,70,机制银币 > 民国中央 > 孙中山像 > 开国纪念 > 壹圆 > 下五星,开国纪念壹圆
1211608215_front_crop.jpg,1211608215_back_crop.jpg,70,机制银币 > 民国中央 > 孙中山像 > 开国纪念 > 壹圆 > 下五星,开国纪念壹圆
1211608221_front_crop.jpg,1211608221_back_crop.jpg,69,机制银币 > 民国中央 > 孙中山像 > 民国17年 > 壹圆 > 甘肃省造,孙中山像壹圆
1211608223_front_crop.jpg,1211608223_back_crop.jpg,58,机制银币 > 民国中央 > 袁世凯像 > 民国九年 > 壹圆 > 精发,袁世凯像壹圆
1211608227_front_crop.jpg,1211608227_back_crop.jpg,46,机制银币 > 地方省造 > 北洋造 > 光绪24年 > 壹圆,北洋局造一圆
1211608235_front_crop.jpg,1211608235_back_crop.jpg,0,机制银币 > 地方省造 > 四川省造 > 军政府 > 壹圆 > 普通,四川省造卢比
1211608237_front_crop.jpg,1211608237_back_crop.jpg,0,机制银币 > 地方省造 > 四川省造 > 军政府 > 壹圆 > 普通,四川省造卢比
1211608239_front_crop.jpg,1211608239_back_crop.jpg,0,机制银币 > 地方省造 > 四川省造 > 军政府 > 壹圆 > 普通,四川省造卢比
1211608241_front_crop.jpg,1211608241_back_crop.jpg,0,机制银币 > 地方省造 > 四川省造 > 军政府 > 壹圆 > 普通,四川省造卢比
1211608243_front_crop.jpg,1211608243_back_crop.jpg,0,机制银币 > 地方省造 > 四川省造 > 军政府 > 壹圆 > 普通,四川省造卢比
1211608245_front_crop.jpg,1211608245_back_crop.jpg,0,机制银币 > 地方省造 > 四川省造 > 军政府 > 壹圆 > 普通,四川省造卢比
1211608247_front_crop.jpg,1211608247_back_crop.jpg,0,机制银币 > 地方省造 > 四川省造 > 军政府 > 壹圆 > 普通,四川省造卢比
1211608249_front_crop.jpg,1211608249_back_crop.jpg,0,机制银币 > 地方省造 > 四川省造 > 军政府 > 壹圆 > 普通,四川省造卢比
1211608251_front_crop.jpg,1211608251_back_crop.jpg,91,机制银币 > 纪念章 > 孙中山像,西藏章嘎嘎布
1211608317_front_crop.jpg,1211608317_back_crop.jpg,69,机制银币 > 民国中央 > 孙中山像 > 民国17年 > 壹圆 > 甘肃省造,孙中山像壹圆
1211608381_front_crop.jpg,1211608381_back_crop.jpg,58,机制银币 > 民国中央 > 袁世凯像 > 民国九年 > 壹圆 > 精发,袁世凯像壹圆
1211608405_front_crop.jpg,1211608405_back_crop.jpg,12,机制银币 > 地方省造 > 云南省造 > 光绪元宝 > 七钱二分 > 老龙,云南省造半圆
1211608423_front_crop.jpg,1211608423_back_crop.jpg,7,机制银币 > 地方省造 > 湖北省造 > 光绪元宝 > 七钱二分 > 普通,湖北省造一圆
1211608429_front_crop.jpg,1211608429_back_crop.jpg,58,机制银币 > 民国中央 > 袁世凯像 > 民国九年 > 壹圆 > 精发,袁世凯像壹圆
1211608435_front_crop.jpg,1211608435_back_crop.jpg,7,机制银币 > 地方省造 > 湖北省造 > 光绪元宝 > 七钱二分 > 普通,湖北省造一圆
1211608467_front_crop.jpg,1211608467_back_crop.jpg,58,机制银币 > 民国中央 > 袁世凯像 > 民国九年 > 壹圆 > 精发,袁世凯像壹圆
1211608471_front_crop.jpg,1211608471_back_crop.jpg,58,机制银币 > 民国中央 > 袁世凯像 > 民国九年 > 壹圆 > 精发,袁世凯像壹圆
1211608491_front_crop.jpg,1211608491_back_crop.jpg,58,机制银币 > 民国中央 > 袁世凯像 > 民国九年 > 壹圆 > 精发,袁世凯像壹圆
1211608499_front_crop.jpg,1211608499_back_crop.jpg,41,机制银币 > 地方省造 > 奉天省造 > 光绪25年 > 一圆 > 有圈,造币总厂一圆
1211608537_front_crop.jpg,1211608537_back_crop.jpg,91,机制银币 > 纪念章 > 孙中山像,西藏章嘎嘎布
1211608539_front_crop.jpg,1211608539_back_crop.jpg,91,机制银币 > 纪念章 > 孙中山像,西藏章嘎嘎布
1211608547_front_crop.jpg,1211608547_back_crop.jpg,91,机制银币 > 纪念章 > 孙中山像,西藏章嘎嘎布
1211608549_front_crop.jpg,1211608549_back_crop.jpg,91,机制银币 > 纪念章 > 孙中山像,西藏章嘎嘎布
1211608557_front_crop.jpg,1211608557_back_crop.jpg,91,机制银币 > 纪念章 > 孙中山像,西藏章嘎嘎布
1211608561_front_crop.jpg,1211608561_back_crop.jpg,91,机制银币 > 纪念章 > 孙中山像,西藏章嘎嘎布
1211608565_front_crop.jpg,1211608565_back_crop.jpg,91,机制银币 > 纪念章 > 孙中山像,西藏章嘎嘎布
1211608567_front_crop.jpg,1211608567_back_crop.jpg,91,机制银币 > 纪念章 > 孙中山像,西藏章嘎嘎布
1211608569_front_crop.jpg,1211608569_back_crop.jpg,91,机制银币 > 纪念章 > 孙中山像,西藏章嘎嘎布
1211608571_front_crop.jpg,1211608571_back_crop.jpg,91,机制银币 > 纪念章 > 孙中山像,西藏章嘎嘎布
1211608573_front_crop.jpg,1211608573_back_crop.jpg,91,机制银币 > 纪念章 > 孙中山像,西藏章嘎嘎布
1211608575_front_crop.jpg,1211608575_back_crop.jpg,91,机制银币 > 纪念章 > 孙中山像,西藏章嘎嘎布
1211608577_front_crop.jpg,1211608577_back_crop.jpg,91,机制银币 > 纪念章 > 孙中山像,西藏章嘎嘎布
1211608579_front_crop.jpg,1211608579_back_crop.jpg,91,机制银币 > 纪念章 > 孙中山像,西藏章嘎嘎布
1211608581_front_crop.jpg,1211608581_back_crop.jpg,91,机制银币 > 纪念章 > 孙中山像,西藏章嘎嘎布
1211608583_front_crop.jpg,1211608583_back_crop.jpg,91,机制银币 > 纪念章 > 孙中山像,西藏章嘎嘎布
1211608585_front_crop.jpg,1211608585_back_crop.jpg,91,机制银币 > 纪念章 > 孙中山像,西藏章嘎嘎布
1211608587_front_crop.jpg,1211608587_back_crop.jpg,91,机制银币 > 纪念章 > 孙中山像,西藏章嘎嘎布
1211608589_front_crop.jpg,1211608589_back_crop.jpg,91,机制银币 > 纪念章 > 孙中山像,西藏章嘎嘎布
1211608591_front_crop.jpg,1211608591_back_crop.jpg,91,机制银币 > 纪念章 > 孙中山像,西藏章嘎嘎布
1211608593_front_crop.jpg,1211608593_back_crop.jpg,91,机制银币 > 纪念章 > 孙中山像,西藏章嘎嘎布
1211608595_front_crop.jpg,1211608595_back_crop.jpg,91,机制银币 > 纪念章 > 孙中山像,西藏章嘎嘎布
1211608597_front_crop.jpg,1211608597_back_crop.jpg,91,机制银币 > 纪念章 > 孙中山像,西藏章嘎嘎布
1211608599_front_crop.jpg,1211608599_back_crop.jpg,91,机制银币 > 纪念章 > 孙中山像,西藏章嘎嘎布
1211608601_front_crop.jpg,1211608601_back_crop.jpg,91,机制银币 > 纪念章 > 孙中山像,西藏章嘎嘎布
1211608625_front_crop.jpg,1211608625_back_crop.jpg,70,机制银币 > 民国中央 > 孙中山像 > 开国纪念 > 壹圆 > 下五星,开国纪念壹圆
1211608629_front_crop.jpg,1211608629_back_crop.jpg,58,机制银币 > 民国中央 > 袁世凯像 > 民国九年 > 壹圆 > 精发,袁世凯像壹圆
1211608631_front_crop.jpg,1211608631_back_crop.jpg,58,机制银币 > 民国中央 > 袁世凯像 > 民国九年 > 壹圆 > 精发,袁世凯像壹圆
1211608633_front_crop.jpg,1211608633_back_crop.jpg,58,机制银币 > 民国中央 > 袁世凯像 > 民国九年 > 壹圆 > 精发,袁世凯像壹圆
1211608639_front_crop.jpg,1211608639_back_crop.jpg,58,机制银币 > 民国中央 > 袁世凯像 > 民国九年 > 壹圆 > 精发,袁世凯像壹圆
1211608647_front_crop.jpg,1211608647_back_crop.jpg,70,机制银币 > 民国中央 > 孙中山像 > 开国纪念 > 壹圆 > 下五星,开国纪念壹圆
1211608653_front_crop.jpg,1211608653_back_crop.jpg,58,机制银币 > 民国中央 > 袁世凯像 > 民国九年 > 壹圆 > 精发,袁世凯像壹圆
1211608665_front_crop.jpg,1211608665_back_crop.jpg,58,机制银币 > 民国中央 > 袁世凯像 > 民国九年 > 壹圆 > 精发,袁世凯像壹圆
1211608673_front_crop.jpg,1211608673_back_crop.jpg,90,机制银币 > 中华苏维埃 > 苏维埃 > 1932 > 贰角,福建官局贰毫
1211608677_front_crop.jpg,1211608677_back_crop.jpg,12,机制银币 > 地方省造 > 云南省造 > 光绪元宝 > 七钱二分 > 老龙,云南省造半圆
1211608681_front_crop.jpg,1211608681_back_crop.jpg,58,机制银币 > 民国中央 > 袁世凯像 > 民国九年 > 壹圆 > 精发,袁世凯像壹圆
1211608683_front_crop.jpg,1211608683_back_crop.jpg,58,机制银币 > 民国中央 > 袁世凯像 > 民国九年 > 壹圆 > 精发,袁世凯像壹圆
1211608685_front_crop.jpg,1211608685_back_crop.jpg,58,机制银币 > 民国中央 > 袁世凯像 > 民国九年 > 壹圆 > 精发,袁世凯像壹圆
1211608785_front_crop.jpg,1211608785_back_crop.jpg,12,机制银币 > 地方省造 > 云南省造 > 光绪元宝 > 七钱二分 > 老龙,云南省造半圆
1211608789_front_crop.jpg,1211608789_back_crop.jpg,12,机制银币 > 地方省造 > 云南省造 > 光绪元宝 > 七钱二分 > 老龙,云南省造半圆
1211608803_front_crop.jpg,1211608803_back_crop.jpg,58,机制银币 > 民国中央 > 袁世凯像 > 民国九年 > 壹圆 > 精发,袁世凯像壹圆
1211608807_front_crop.jpg,1211608807_back_crop.jpg,58,机制银币 > 民国中央 > 袁世凯像 > 民国九年 > 壹圆 > 精发,袁世凯像壹圆
1211608809_front_crop.jpg,1211608809_back_crop.jpg,58,机制银币 > 民国中央 > 袁世凯像 > 民国九年 > 壹圆 > 精发,袁世凯像壹圆
1211608861_front_crop.jpg,1211608861_back_crop.jpg,58,机制银币 > 民国中央 > 袁世凯像 > 民国九年 > 壹圆 > 精发,袁世凯像壹圆
1211608865_front_crop.jpg,1211608865_back_crop.jpg,70,机制银币 > 民国中央 > 孙中山像 > 开国纪念 > 壹圆 > 下五星,开国纪念壹圆
1211608873_front_crop.jpg,1211608873_back_crop.jpg,70,机制银币 > 民国中央 > 孙中山像 > 开国纪念 > 壹圆 > 下五星,开国纪念壹圆
1211608943_front_crop.jpg,1211608943_back_crop.jpg,0,机制银币 > 地方省造 > 四川省造 > 军政府 > 壹圆 > 普通,四川省造卢比
1211608955_front_crop.jpg,1211608955_back_crop.jpg,46,机制银币 > 地方省造 > 北洋造 > 光绪24年 > 壹圆,北洋局造一圆
1211608961_front_crop.jpg,1211608961_back_crop.jpg,12,机制银币 > 地方省造 > 云南省造 > 光绪元宝 > 七钱二分 > 老龙,云南省造贰角
1211608963_front_crop.jpg,1211608963_back_crop.jpg,12,机制银币 > 地方省造 > 云南省造 > 光绪元宝 > 七钱二分 > 老龙,云南省造贰角
1211608965_front_crop.jpg,1211608965_back_crop.jpg,12,机制银币 > 地方省造 > 云南省造 > 光绪元宝 > 七钱二分 > 老龙,云南省造贰角
1211608967_front_crop.jpg,1211608967_back_crop.jpg,12,机制银币 > 地方省造 > 云南省造 > 光绪元宝 > 七钱二分 > 老龙,云南省造贰角
1211608969_front_crop.jpg,1211608969_back_crop.jpg,12,机制银币 > 地方省造 > 云南省造 > 光绪元宝 > 七钱二分 > 老龙,云南省造贰角
1211608975_front_crop.jpg,1211608975_back_crop.jpg,12,机制银币 > 地方省造 > 云南省造 > 光绪元宝 > 七钱二分 > 老龙,云南省造贰角
1211608977_front_crop.jpg,1211608977_back_crop.jpg,12,机制银币 > 地方省造 > 云南省造 > 光绪元宝 > 七钱二分 > 老龙,云南省造贰角
1211608979_front_crop.jpg,1211608979_back_crop.jpg,12,机制银币 > 地方省造 > 云南省造 > 光绪元宝 > 七钱二分 > 老龙,云南省造贰角
1211608981_front_crop.jpg,1211608981_back_crop.jpg,12,机制银币 > 地方省造 > 云南省造 > 光绪元宝 > 七钱二分 > 老龙,云南省造贰角
1211608991_front_crop.jpg,1211608991_back_crop.jpg,12,机制银币 > 地方省造 > 云南省造 > 光绪元宝 > 七钱二分 > 老龙,云南省造贰角
1211608993_front_crop.jpg,1211608993_back_crop.jpg,12,机制银币 > 地方省造 > 云南省造 > 光绪元宝 > 七钱二分 > 老龙,云南省造贰角
1211608999_front_crop.jpg,1211608999_back_crop.jpg,12,机制银币 > 地方省造 > 云南省造 > 光绪元宝 > 七钱二分 > 老龙,云南省造贰角
1211609001_front_crop.jpg,1211609001_back_crop.jpg,12,机制银币 > 地方省造 > 云南省造 > 光绪元宝 > 七钱二分 > 老龙,云南省造贰角
1211609005_front_crop.jpg,1211609005_back_crop.jpg,12,机制银币 > 地方省造 > 云南省造 > 光绪元宝 > 七钱二分 > 老龙,云南省造贰角
1211609009_front_crop.jpg,1211609009_back_crop.jpg,12,机制银币 > 地方省造 > 云南省造 > 光绪元宝 > 七钱二分 > 老龙,云南省造贰角
1211609025_front_crop.jpg,1211609025_back_crop.jpg,58,机制银币 > 民国中央 > 袁世凯像 > 民国九年 > 壹圆 > 精发,袁世凯像壹圆
1211609041_front_crop.jpg,1211609041_back_crop.jpg,91,机制银币 > 纪念章 > 孙中山像,西藏章嘎嘎布
1211609043_front_crop.jpg,1211609043_back_crop.jpg,91,机制银币 > 纪念章 > 孙中山像,西藏章嘎嘎布
1211609045_front_crop.jpg,1211609045_back_crop.jpg,91,机制银币 > 纪念章 > 孙中山像,西藏章嘎嘎布
1211609053_front_crop.jpg,1211609053_back_crop.jpg,12,机制银币 > 地方省造 > 云南省造 > 光绪元宝 > 七钱二分 > 老龙,云南省造半圆
1211609055_front_crop.jpg,1211609055_back_crop.jpg,12,机制银币 > 地方省造 > 云南省造 > 光绪元宝 > 七钱二分 > 老龙,云南省造半圆
1211609059_front_crop.jpg,1211609059_back_crop.jpg,12,机制银币 > 地方省造 > 云南省造 > 光绪元宝 > 七钱二分 > 老龙,云南省造半圆
1211609065_front_crop.jpg,1211609065_back_crop.jpg,27,机制银币 > 地方省造 > 江南省造 > 甲辰 > 七钱二分 > 普通,江南省造一圆
1211609079_front_crop.jpg,1211609079_back_crop.jpg,12,机制银币 > 地方省造 > 云南省造 > 光绪元宝 > 七钱二分 > 老龙,云南省造贰角
1211609081_front_crop.jpg,1211609081_back_crop.jpg,12,机制银币 > 地方省造 > 云南省造 > 光绪元宝 > 七钱二分 > 老龙,云南省造贰角
1211609083_front_crop.jpg,1211609083_back_crop.jpg,12,机制银币 > 地方省造 > 云南省造 > 光绪元宝 > 七钱二分 > 老龙,云南省造贰角
1211609085_front_crop.jpg,1211609085_back_crop.jpg,12,机制银币 > 地方省造 > 云南省造 > 光绪元宝 > 七钱二分 > 老龙,云南省造贰角
1211609087_front_crop.jpg,1211609087_back_crop.jpg,12,机制银币 > 地方省造 > 云南省造 > 光绪元宝 > 七钱二分 > 老龙,云南省造贰角
1211609089_front_crop.jpg,1211609089_back_crop.jpg,12,机制银币 > 地方省造 > 云南省造 > 光绪元宝 > 七钱二分 > 老龙,云南省造贰角
1211609091_front_crop.jpg,1211609091_back_crop.jpg,12,机制银币 > 地方省造 > 云南省造 > 光绪元宝 > 七钱二分 > 老龙,云南省造半圆
1211609101_front_crop.jpg,1211609101_back_crop.jpg,91,机制银币 > 纪念章 > 孙中山像,西藏章嘎嘎布
1211609107_front_crop.jpg,1211609107_back_crop.jpg,91,机制银币 > 纪念章 > 孙中山像,西藏章嘎嘎布
1211609109_front_crop.jpg,1211609109_back_crop.jpg,91,机制银币 > 纪念章 > 孙中山像,西藏章嘎嘎布
1211609111_front_crop.jpg,1211609111_back_crop.jpg,91,机制银币 > 纪念章 > 孙中山像,西藏章嘎嘎布
1211609113_front_crop.jpg,1211609113_back_crop.jpg,91,机制银币 > 纪念章 > 孙中山像,西藏章嘎嘎布
1211609121_front_crop.jpg,1211609121_back_crop.jpg,91,机制银币 > 纪念章 > 孙中山像,西藏章嘎嘎布
1211609135_front_crop.jpg,1211609135_back_crop.jpg,91,机制银币 > 纪念章 > 孙中山像,西藏章嘎嘎布
1211609137_front_crop.jpg,1211609137_back_crop.jpg,91,机制银币 > 纪念章 > 孙中山像,西藏章嘎嘎布
1211609139_front_crop.jpg,1211609139_back_crop.jpg,91,机制银币 > 纪念章 > 孙中山像,西藏章嘎嘎布
1211609141_front_crop.jpg,1211609141_back_crop.jpg,91,机制银币 > 纪念章 > 孙中山像,西藏章嘎嘎布
1211609143_front_crop.jpg,1211609143_back_crop.jpg,91,机制银币 > 纪念章 > 孙中山像,西藏章嘎嘎布
1211609145_front_crop.jpg,1211609145_back_crop.jpg,91,机制银币 > 纪念章 > 孙中山像,西藏章嘎嘎布
1211609179_front_crop.jpg,1211609179_back_crop.jpg,58,机制银币 > 民国中央 > 袁世凯像 > 民国九年 > 壹圆 > 精发,袁世凯像壹圆
1211609189_front_crop.jpg,1211609189_back_crop.jpg,58,机制银币 > 民国中央 > 袁世凯像 > 民国九年 > 壹圆 > 精发,袁世凯像壹圆
1211609197_front_crop.jpg,1211609197_back_crop.jpg,58,机制银币 > 民国中央 > 袁世凯像 > 民国九年 > 壹圆 > 精发,袁世凯像壹圆
1211609209_front_crop.jpg,1211609209_back_crop.jpg,58,机制银币 > 民国中央 > 袁世凯像 > 民国九年 > 壹圆 > 精发,袁世凯像壹圆
1211609221_front_crop.jpg,1211609221_back_crop.jpg,58,机制银币 > 民国中央 > 袁世凯像 > 民国九年 > 壹圆 > 精发,袁世凯像壹圆
1211609225_front_crop.jpg,1211609225_back_crop.jpg,58,机制银币 > 民国中央 > 袁世凯像 > 民国九年 > 壹圆 > 精发,袁世凯像壹圆
1211609227_front_crop.jpg,1211609227_back_crop.jpg,58,机制银币 > 民国中央 > 袁世凯像 > 民国九年 > 壹圆 > 精发,袁世凯像壹圆
1211609229_front_crop.jpg,1211609229_back_crop.jpg,58,机制银币 > 民国中央 > 袁世凯像 > 民国九年 > 壹圆 > 精发,袁世凯像壹圆
1211609231_front_crop.jpg,1211609231_back_crop.jpg,58,机制银币 > 民国中央 > 袁世凯像 > 民国九年 > 壹圆 > 精发,袁世凯像壹圆
1211609233_front_crop.jpg,1211609233_back_crop.jpg,58,机制银币 > 民国中央 > 袁世凯像 > 民国九年 > 壹圆 > 精发,袁世凯像壹圆
1211609235_front_crop.jpg,1211609235_back_crop.jpg,58,机制银币 > 民国中央 > 袁世凯像 > 民国九年 > 壹圆 > 精发,袁世凯像壹圆
1211609241_front_crop.jpg,1211609241_back_crop.jpg,58,机制银币 > 民国中央 > 袁世凯像 > 民国九年 > 壹圆 > 精发,袁世凯像壹圆
1211609243_front_crop.jpg,1211609243_back_crop.jpg,58,机制银币 > 民国中央 > 袁世凯像 > 民国九年 > 壹圆 > 精发,袁世凯像壹圆
1211609247_front_crop.jpg,1211609247_back_crop.jpg,58,机制银币 > 民国中央 > 袁世凯像 > 民国九年 > 壹圆 > 精发,袁世凯像壹圆
1211609253_front_crop.jpg,1211609253_back_crop.jpg,58,机制银币 > 民国中央 > 袁世凯像 > 民国九年 > 壹圆 > 精发,袁世凯像壹圆
1211609257_front_crop.jpg,1211609257_back_crop.jpg,58,机制银币 > 民国中央 > 袁世凯像 > 民国九年 > 壹圆 > 精发,袁世凯像壹圆
1211609279_front_crop.jpg,1211609279_back_crop.jpg,12,机制银币 > 地方省造 > 云南省造 > 光绪元宝 > 七钱二分 > 老龙,云南省造半圆
1211609281_front_crop.jpg,1211609281_back_crop.jpg,12,机制银币 > 地方省造 > 云南省造 > 光绪元宝 > 七钱二分 > 老龙,云南省造半圆
1211609287_front_crop.jpg,1211609287_back_crop.jpg,58,机制银币 > 民国中央 > 袁世凯像 > 民国九年 > 壹圆 > 精发,袁世凯像壹圆
1211609293_front_crop.jpg,1211609293_back_crop.jpg,70,机制银币 > 民国中央 > 孙中山像 > 开国纪念 > 壹圆 > 下五星,开国纪念壹圆
1211609303_front_crop.jpg,1211609303_back_crop.jpg,58,机制银币 > 民国中央 > 袁世凯像 > 民国九年 > 壹圆 > 精发,袁世凯像壹圆
1211609401_front_crop.jpg,1211609401_back_crop.jpg,58,机制银币 > 民国中央 > 袁世凯像 > 民国九年 > 壹圆 > 精发,袁世凯像壹圆
1211609403_front_crop.jpg,1211609403_back_crop.jpg,58,机制银币 > 民国中央 > 袁世凯像 > 民国九年 > 壹圆 > 精发,袁世凯像壹圆
1211609405_front_crop.jpg,1211609405_back_crop.jpg,27,机制银币 > 地方省造 > 江南省造 > 甲辰 > 七钱二分 > 普通,江南省造一圆
1211609407_front_crop.jpg,1211609407_back_crop.jpg,70,机制银币 > 民国中央 > 孙中山像 > 开国纪念 > 壹圆 > 下五星,开国纪念壹圆
1211609411_front_crop.jpg,1211609411_back_crop.jpg,58,机制银币 > 民国中央 > 袁世凯像 > 民国九年 > 壹圆 > 精发,袁世凯像壹圆
1211609427_front_crop.jpg,1211609427_back_crop.jpg,58,机制银币 > 民国中央 > 袁世凯像 > 民国九年 > 壹圆 > 精发,袁世凯像壹圆
1211609431_front_crop.jpg,1211609431_back_crop.jpg,58,机制银币 > 民国中央 > 袁世凯像 > 民国九年 > 壹圆 > 精发,袁世凯像壹圆
1211609443_front_crop.jpg,1211609443_back_crop.jpg,58,机制银币 > 民国中央 > 袁世凯像 > 民国九年 > 壹圆 > 精发,袁世凯像壹圆
1211609449_front_crop.jpg,1211609449_back_crop.jpg,70,机制银币 > 民国中央 > 孙中山像 > 开国纪念 > 壹圆 > 下五星,开国纪念壹圆
1211609453_front_crop.jpg,1211609453_back_crop.jpg,70,机制银币 > 民国中央 > 孙中山像 > 开国纪念 > 壹圆 > 下五星,开国纪念壹圆
1211609457_front_crop.jpg,1211609457_back_crop.jpg,58,机制银币 > 民国中央 > 袁世凯像 > 民国九年 > 壹圆 > 精发,袁世凯像壹圆
1211609465_front_crop.jpg,1211609465_back_crop.jpg,58,机制银币 > 民国中央 > 袁世凯像 > 民国九年 > 壹圆 > 精发,袁世凯像壹圆
1211609471_front_crop.jpg,1211609471_back_crop.jpg,58,机制银币 > 民国中央 > 袁世凯像 > 民国九年 > 壹圆 > 精发,袁世凯像壹圆
1211609489_front_crop.jpg,1211609489_back_crop.jpg,90,机制银币 > 中华苏维埃 > 苏维埃 > 1932 > 贰角,福建中华二角
1211609505_front_crop.jpg,1211609505_back_crop.jpg,69,机制银币 > 民国中央 > 孙中山像 > 民国17年 > 壹圆 > 甘肃省造,孙中山像贰毫
1211609509_front_crop.jpg,1211609509_back_crop.jpg,55,机制银币 > 地方省造 > 广东省造 > 光绪元宝 > 三钱六分,广东省造贰毫
1211609511_front_crop.jpg,1211609511_back_crop.jpg,55,机制银币 > 地方省造 > 广东省造 > 光绪元宝 > 三钱六分,广西省造贰毫
1211609517_front_crop.jpg,1211609517_back_crop.jpg,12,机制银币 > 地方省造 > 云南省造 > 光绪元宝 > 七钱二分 > 老龙,云南省造半圆
1211609549_front_crop.jpg,1211609549_back_crop.jpg,58,机制银币 > 民国中央 > 袁世凯像 > 民国九年 > 壹圆 > 精发,袁世凯像壹圆
1211609553_front_crop.jpg,1211609553_back_crop.jpg,58,机制银币 > 民国中央 > 袁世凯像 > 民国九年 > 壹圆 > 精发,袁世凯像贰角
1211609555_front_crop.jpg,1211609555_back_crop.jpg,70,机制银币 > 民国中央 > 孙中山像 > 开国纪念 > 壹圆 > 下五星,开国纪念壹圆
1211609577_front_crop.jpg,1211609577_back_crop.jpg,58,机制银币 > 民国中央 > 袁世凯像 > 民国九年 > 壹圆 > 精发,袁世凯像壹圆
1211609685_front_crop.jpg,1211609685_back_crop.jpg,58,机制银币 > 民国中央 > 袁世凯像 > 民国九年 > 壹圆 > 精发,袁世凯像壹圆
1211609689_front_crop.jpg,1211609689_back_crop.jpg,58,机制银币 > 民国中央 > 袁世凯像 > 民国九年 > 壹圆 > 精发,袁世凯像壹圆
1211609701_front_crop.jpg,1211609701_back_crop.jpg,69,机制银币 > 民国中央 > 孙中山像 > 民国17年 > 壹圆 > 甘肃省造,孙中山像壹圆
1211609707_front_crop.jpg,1211609707_back_crop.jpg,18,机制银币 > 地方省造 > 东三省造 > 光绪元宝 > 七钱二分,东三省造二角
1211609725_front_crop.jpg,1211609725_back_crop.jpg,69,机制银币 > 民国中央 > 孙中山像 > 民国17年 > 壹圆 > 甘肃省造,孙中山像壹圆
1211609743_front_crop.jpg,1211609743_back_crop.jpg,69,机制银币 > 民国中央 > 孙中山像 > 民国17年 > 壹圆 > 甘肃省造,孙中山像壹圆
1211609745_front_crop.jpg,1211609745_back_crop.jpg,12,机制银币 > 地方省造 > 云南省造 > 光绪元宝 > 七钱二分 > 老龙,云南省造贰角
1211609767_front_crop.jpg,1211609767_back_crop.jpg,87,机制银币 > 清代中央 > 光绪年造 > 丁未大清银币 > 壹圆,大清银币壹圆
1211609769_front_crop.jpg,1211609769_back_crop.jpg,87,机制银币 > 清代中央 > 光绪年造 > 丁未大清银币 > 壹圆,大清银币壹圆
1211609777_front_crop.jpg,1211609777_back_crop.jpg,69,机制银币 > 民国中央 > 孙中山像 > 民国17年 > 壹圆 > 甘肃省造,孙中山像壹圆
1211609781_front_crop.jpg,1211609781_back_crop.jpg,41,机制银币 > 地方省造 > 奉天省造 > 光绪25年 > 一圆 > 有圈,造币总厂一圆
1211609799_front_crop.jpg,1211609799_back_crop.jpg,46,机制银币 > 地方省造 > 北洋造 > 光绪24年 > 壹圆,北洋局造一圆
1211609813_front_crop.jpg,1211609813_back_crop.jpg,58,机制银币 > 民国中央 > 袁世凯像 > 民国九年 > 壹圆 > 精发,袁世凯像壹圆
1211609815_front_crop.jpg,1211609815_back_crop.jpg,58,机制银币 > 民国中央 > 袁世凯像 > 民国九年 > 壹圆 > 精发,袁世凯像壹圆
1211609825_front_crop.jpg,1211609825_back_crop.jpg,58,机制银币 > 民国中央 > 袁世凯像 > 民国九年 > 壹圆 > 精发,袁世凯像壹圆
1211609827_front_crop.jpg,1211609827_back_crop.jpg,58,机制银币 > 民国中央 > 袁世凯像 > 民国九年 > 壹圆 > 精发,袁世凯像壹圆
1211609841_front_crop.jpg,1211609841_back_crop.jpg,58,机制银币 > 民国中央 > 袁世凯像 > 民国九年 > 壹圆 > 精发,袁世凯像壹圆
1211609857_front_crop.jpg,1211609857_back_crop.jpg,58,机制银币 > 民国中央 > 袁世凯像 > 民国九年 > 壹圆 > 精发,袁世凯像壹圆
1211609859_front_crop.jpg,1211609859_back_crop.jpg,58,机制银币 > 民国中央 > 袁世凯像 > 民国九年 > 壹圆 > 精发,袁世凯像壹圆
1211609873_front_crop.jpg,1211609873_back_crop.jpg,69,机制银币 > 民国中央 > 孙中山像 > 民国17年 > 壹圆 > 甘肃省造,孙中山像贰毫
1211609879_front_crop.jpg,1211609879_back_crop.jpg,69,机制银币 > 民国中央 > 孙中山像 > 民国17年 > 壹圆 > 甘肃省造,孙中山像贰毫
1211609883_front_crop.jpg,1211609883_back_crop.jpg,69,机制银币 > 民国中央 > 孙中山像 > 民国17年 > 壹圆 > 甘肃省造,孙中山像贰毫
1211609885_front_crop.jpg,1211609885_back_crop.jpg,69,机制银币 > 民国中央 > 孙中山像 > 民国17年 > 壹圆 > 甘肃省造,孙中山像贰毫
1211609953_front_crop.jpg,1211609953_back_crop.jpg,91,机制银币 > 纪念章 > 孙中山像,西藏章嘎嘎布
1211609955_front_crop.jpg,1211609955_back_crop.jpg,91,机制银币 > 纪念章 > 孙中山像,西藏章嘎嘎布
1211609959_front_crop.jpg,1211609959_back_crop.jpg,91,机制银币 > 纪念章 > 孙中山像,西藏章嘎嘎布
1211609963_front_crop.jpg,1211609963_back_crop.jpg,91,机制银币 > 纪念章 > 孙中山像,西藏章嘎嘎布
1211609967_front_crop.jpg,1211609967_back_crop.jpg,91,机制银币 > 纪念章 > 孙中山像,西藏章嘎嘎布
1211609969_front_crop.jpg,1211609969_back_crop.jpg,91,机制银币 > 纪念章 > 孙中山像,西藏章嘎嘎布
1211609971_front_crop.jpg,1211609971_back_crop.jpg,91,机制银币 > 纪念章 > 孙中山像,西藏章嘎嘎布
1211609975_front_crop.jpg,1211609975_back_crop.jpg,91,机制银币 > 纪念章 > 孙中山像,西藏章嘎嘎布
1211609979_front_crop.jpg,1211609979_back_crop.jpg,91,机制银币 > 纪念章 > 孙中山像,西藏章嘎嘎布
1211609981_front_crop.jpg,1211609981_back_crop.jpg,91,机制银币 > 纪念章 > 孙中山像,西藏章嘎嘎布
1211609989_front_crop.jpg,1211609989_back_crop.jpg,91,机制银币 > 纪念章 > 孙中山像,西藏章嘎嘎布
1211609991_front_crop.jpg,1211609991_back_crop.jpg,91,机制银币 > 纪念章 > 孙中山像,西藏章嘎嘎布
1211609995_front_crop.jpg,1211609995_back_crop.jpg,91,机制银币 > 纪念章 > 孙中山像,西藏章嘎嘎布
1211609997_front_crop.jpg,1211609997_back_crop.jpg,91,机制银币 > 纪念章 > 孙中山像,西藏章嘎嘎布
1211609999_front_crop.jpg,1211609999_back_crop.jpg,91,机制银币 > 纪念章 > 孙中山像,西藏章嘎嘎布
1211701647_front_crop.jpg,1211701647_back_crop.jpg,19,机制银币 > 地方省造 > 吉林省造 > 戊申 > 七钱二分 > 中心满文,吉林省造二角
1211701669_front_crop.jpg,1211701669_back_crop.jpg,18,机制银币 > 地方省造 > 东三省造 > 光绪元宝 > 七钱二分,东三省造二角
1211701671_front_crop.jpg,1211701671_back_crop.jpg,18,机制银币 > 地方省造 > 东三省造 > 光绪元宝 > 七钱二分,东三省造二角
1211701723_front_crop.jpg,1211701723_back_crop.jpg,58,机制银币 > 民国中央 > 袁世凯像 > 民国九年 > 壹圆 > 精发,袁世凯像壹圆
1211701731_front_crop.jpg,1211701731_back_crop.jpg,58,机制银币 > 民国中央 > 袁世凯像 > 民国九年 > 壹圆 > 精发,袁世凯像壹圆
1211701741_front_crop.jpg,1211701741_back_crop.jpg,12,机制银币 > 地方省造 > 云南省造 > 光绪元宝 > 七钱二分 > 老龙,云南省造半圆
1211701787_front_crop.jpg,1211701787_back_crop.jpg,12,机制银币 > 地方省造 > 云南省造 > 光绪元宝 > 七钱二分 > 老龙,云南省造半圆
1211701795_front_crop.jpg,1211701795_back_crop.jpg,12,机制银币 > 地方省造 > 云南省造 > 光绪元宝 > 七钱二分 > 老龙,云南省造半圆
1211701809_front_crop.jpg,1211701809_back_crop.jpg,0,机制银币 > 地方省造 > 四川省造 > 军政府 > 壹圆 > 普通,四川银币壹圆
1211701811_front_crop.jpg,1211701811_back_crop.jpg,0,机制银币 > 地方省造 > 四川省造 > 军政府 > 壹圆 > 普通,四川银币壹圆
1211701813_front_crop.jpg,1211701813_back_crop.jpg,0,机制银币 > 地方省造 > 四川省造 > 军政府 > 壹圆 > 普通,四川银币壹圆
1211701827_front_crop.jpg,1211701827_back_crop.jpg,12,机制银币 > 地方省造 > 云南省造 > 光绪元宝 > 七钱二分 > 老龙,云南省造半圆
1211701829_front_crop.jpg,1211701829_back_crop.jpg,12,机制银币 > 地方省造 > 云南省造 > 光绪元宝 > 七钱二分 > 老龙,云南省造半圆
1211701831_front_crop.jpg,1211701831_back_crop.jpg,12,机制银币 > 地方省造 > 云南省造 > 光绪元宝 > 七钱二分 > 老龙,云南省造半圆
1211701833_front_crop.jpg,1211701833_back_crop.jpg,12,机制银币 > 地方省造 > 云南省造 > 光绪元宝 > 七钱二分 > 老龙,云南省造半圆
1211701835_front_crop.jpg,1211701835_back_crop.jpg,12,机制银币 > 地方省造 > 云南省造 > 光绪元宝 > 七钱二分 > 老龙,云南省造半圆
1211701883_front_crop.jpg,1211701883_back_crop.jpg,58,机制银币 > 民国中央 > 袁世凯像 > 民国九年 > 壹圆 > 精发,袁世凯像壹圆
1211701887_front_crop.jpg,1211701887_back_crop.jpg,58,机制银币 > 民国中央 > 袁世凯像 > 民国九年 > 壹圆 > 精发,袁世凯像壹角
1211701905_front_crop.jpg,1211701905_back_crop.jpg,70,机制银币 > 民国中央 > 孙中山像 > 开国纪念 > 壹圆 > 下五星,开国纪念壹圆
1211701927_front_crop.jpg,1211701927_back_crop.jpg,58,机制银币 > 民国中央 > 袁世凯像 > 民国九年 > 壹圆 > 精发,袁世凯像壹圆
1211701929_front_crop.jpg,1211701929_back_crop.jpg,7,机制银币 > 地方省造 > 湖北省造 > 光绪元宝 > 七钱二分 > 普通,湖北省造一圆
1211701935_front_crop.jpg,1211701935_back_crop.jpg,70,机制银币 > 民国中央 > 孙中山像 > 开国纪念 > 壹圆 > 下五星,开国纪念壹圆
1211701945_front_crop.jpg,1211701945_back_crop.jpg,70,机制银币 > 民国中央 > 孙中山像 > 开国纪念 > 壹圆 > 下五星,开国纪念壹圆
1211701947_front_crop.jpg,1211701947_back_crop.jpg,70,机制银币 > 民国中央 > 孙中山像 > 开国纪念 > 壹圆 > 下五星,开国纪念壹圆
1211701953_front_crop.jpg,1211701953_back_crop.jpg,70,机制银币 > 民国中央 > 孙中山像 > 开国纪念 > 壹圆 > 下五星,开国纪念壹圆
1211701955_front_crop.jpg,1211701955_back_crop.jpg,70,机制银币 > 民国中央 > 孙中山像 > 开国纪念 > 壹圆 > 下五星,开国纪念壹圆
1211701957_front_crop.jpg,1211701957_back_crop.jpg,70,机制银币 > 民国中央 > 孙中山像 > 开国纪念 > 壹圆 > 下五星,开国纪念壹圆
1211701961_front_crop.jpg,1211701961_back_crop.jpg,91,机制银币 > 纪念章 > 孙中山像,西藏章嘎嘎布
1211701973_front_crop.jpg,1211701973_back_crop.jpg,58,机制银币 > 民国中央 > 袁世凯像 > 民国九年 > 壹圆 > 精发,袁世凯像壹圆
1211701995_front_crop.jpg,1211701995_back_crop.jpg,12,机制银币 > 地方省造 > 云南省造 > 光绪元宝 > 七钱二分 > 老龙,云南省造半圆
1211701997_front_crop.jpg,1211701997_back_crop.jpg,12,机制银币 > 地方省造 > 云南省造 > 光绪元宝 > 七钱二分 > 老龙,云南省造半圆
1211701999_front_crop.jpg,1211701999_back_crop.jpg,12,机制银币 > 地方省造 > 云南省造 > 光绪元宝 > 七钱二分 > 老龙,云南省造半圆
1211702003_front_crop.jpg,1211702003_back_crop.jpg,12,机制银币 > 地方省造 > 云南省造 > 光绪元宝 > 七钱二分 > 老龙,云南省造半圆
1211702005_front_crop.jpg,1211702005_back_crop.jpg,12,机制银币 > 地方省造 > 云南省造 > 光绪元宝 > 七钱二分 > 老龙,云南省造半圆
1211702007_front_crop.jpg,1211702007_back_crop.jpg,12,机制银币 > 地方省造 > 云南省造 > 光绪元宝 > 七钱二分 > 老龙,云南省造半圆
1211702009_front_crop.jpg,1211702009_back_crop.jpg,12,机制银币 > 地方省造 > 云南省造 > 光绪元宝 > 七钱二分 > 老龙,云南省造半圆
1211702015_front_crop.jpg,1211702015_back_crop.jpg,12,机制银币 > 地方省造 > 云南省造 > 光绪元宝 > 七钱二分 > 老龙,云南省造半圆
1211702017_front_crop.jpg,1211702017_back_crop.jpg,12,机制银币 > 地方省造 > 云南省造 > 光绪元宝 > 七钱二分 > 老龙,云南省造半圆
1211702029_front_crop.jpg,1211702029_back_crop.jpg,46,机制银币 > 地方省造 > 北洋造 > 光绪24年 > 壹圆,北洋局造一圆
1211702031_front_crop.jpg,1211702031_back_crop.jpg,46,机制银币 > 地方省造 > 北洋造 > 光绪24年 > 壹圆,北洋局造一圆
1211702047_front_crop.jpg,1211702047_back_crop.jpg,12,机制银币 > 地方省造 > 云南省造 > 光绪元宝 > 七钱二分 > 老龙,云南省造半圆
1211702051_front_crop.jpg,1211702051_back_crop.jpg,6,机制银币 > 地方省造 > 四川省造 > 光绪元宝 > 七钱二分 > 四角龙,福建省造二角
1211702055_front_crop.jpg,1211702055_back_crop.jpg,12,机制银币 > 地方省造 > 云南省造 > 光绪元宝 > 七钱二分 > 老龙,云南省造半圆
1211702057_front_crop.jpg,1211702057_back_crop.jpg,27,机制银币 > 地方省造 > 江南省造 > 甲辰 > 七钱二分 > 普通,江南省造一圆
1211702059_front_crop.jpg,1211702059_back_crop.jpg,27,机制银币 > 地方省造 > 江南省造 > 甲辰 > 七钱二分 > 普通,江南省造二角
1211702061_front_crop.jpg,1211702061_back_crop.jpg,46,机制银币 > 地方省造 > 北洋造 > 光绪24年 > 壹圆,北洋局造一圆
1211702103_front_crop.jpg,1211702103_back_crop.jpg,70,机制银币 > 民国中央 > 孙中山像 > 开国纪念 > 壹圆 > 下五星,开国纪念壹圆
1211702113_front_crop.jpg,1211702113_back_crop.jpg,58,机制银币 > 民国中央 > 袁世凯像 > 民国九年 > 壹圆 > 精发,袁世凯像壹圆
1211702121_front_crop.jpg,1211702121_back_crop.jpg,52,机制银币 > 地方省造 > 新疆省造 > 造币厂铸 > 壹圆 > 尖足1,新疆迪化壹两
1211702127_front_crop.jpg,1211702127_back_crop.jpg,58,机制银币 > 民国中央 > 袁世凯像 > 民国九年 > 壹圆 > 精发,袁世凯像壹圆
1211702139_front_crop.jpg,1211702139_back_crop.jpg,58,机制银币 > 民国中央 > 袁世凯像 > 民国九年 > 壹圆 > 精发,袁世凯像壹圆
1211702157_front_crop.jpg,1211702157_back_crop.jpg,58,机制银币 > 民国中央 > 袁世凯像 > 民国九年 > 壹圆 > 精发,袁世凯像壹圆
1211702165_front_crop.jpg,1211702165_back_crop.jpg,58,机制银币 > 民国中央 > 袁世凯像 > 民国九年 > 壹圆 > 精发,袁世凯像壹圆
1211702173_front_crop.jpg,1211702173_back_crop.jpg,58,机制银币 > 民国中央 > 袁世凯像 > 民国九年 > 壹圆 > 精发,袁世凯像壹圆
1211702203_front_crop.jpg,1211702203_back_crop.jpg,58,机制银币 > 民国中央 > 袁世凯像 > 民国九年 > 壹圆 > 精发,袁世凯像壹圆
1211702211_front_crop.jpg,1211702211_back_crop.jpg,70,机制银币 > 民国中央 > 孙中山像 > 开国纪念 > 壹圆 > 下五星,开国纪念壹圆
1211702255_front_crop.jpg,1211702255_back_crop.jpg,55,机制银币 > 地方省造 > 广东省造 > 光绪元宝 > 三钱六分,广西省造贰毫
1211702257_front_crop.jpg,1211702257_back_crop.jpg,58,机制银币 > 民国中央 > 袁世凯像 > 民国九年 > 壹圆 > 精发,袁世凯像贰角
1211702265_front_crop.jpg,1211702265_back_crop.jpg,9,机制银币 > 地方省造 > 湖北省造 > 双龙 > 一两 > 小字,西藏银币十两
1211702267_front_crop.jpg,1211702267_back_crop.jpg,58,机制银币 > 民国中央 > 袁世凯像 > 民国九年 > 壹圆 > 精发,袁世凯像壹圆
1211702269_front_crop.jpg,1211702269_back_crop.jpg,58,机制银币 > 民国中央 > 袁世凯像 > 民国九年 > 壹圆 > 精发,袁世凯像壹圆
1211702273_front_crop.jpg,1211702273_back_crop.jpg,58,机制银币 > 民国中央 > 袁世凯像 > 民国九年 > 壹圆 > 精发,袁世凯像壹圆
1211702275_front_crop.jpg,1211702275_back_crop.jpg,58,机制银币 > 民国中央 > 袁世凯像 > 民国九年 > 壹圆 > 精发,袁世凯像壹圆
1211702277_front_crop.jpg,1211702277_back_crop.jpg,27,机制银币 > 地方省造 > 江南省造 > 甲辰 > 七钱二分 > 普通,江南省造一角
1211702279_front_crop.jpg,1211702279_back_crop.jpg,58,机制银币 > 民国中央 > 袁世凯像 > 民国九年 > 壹圆 > 精发,袁世凯像壹圆
1211702287_front_crop.jpg,1211702287_back_crop.jpg,58,机制银币 > 民国中央 > 袁世凯像 > 民国九年 > 壹圆 > 精发,袁世凯像壹圆
1211702301_front_crop.jpg,1211702301_back_crop.jpg,58,机制银币 > 民国中央 > 袁世凯像 > 民国九年 > 壹圆 > 精发,袁世凯像壹圆
1211702309_front_crop.jpg,1211702309_back_crop.jpg,58,机制银币 > 民国中央 > 袁世凯像 > 民国九年 > 壹圆 > 精发,袁世凯像壹圆
1211702341_front_crop.jpg,1211702341_back_crop.jpg,55,机制银币 > 地方省造 > 广东省造 > 光绪元宝 > 三钱六分,广东省造贰毫
1211702343_front_crop.jpg,1211702343_back_crop.jpg,58,机制银币 > 民国中央 > 袁世凯像 > 民国九年 > 壹圆 > 精发,袁世凯像壹圆
1211702345_front_crop.jpg,1211702345_back_crop.jpg,58,机制银币 > 民国中央 > 袁世凯像 > 民国九年 > 壹圆 > 精发,袁世凯像壹圆
1211702365_front_crop.jpg,1211702365_back_crop.jpg,55,机制银币 > 地方省造 > 广东省造 > 光绪元宝 > 三钱六分,广东省造贰毫
1211702369_front_crop.jpg,1211702369_back_crop.jpg,55,机制银币 > 地方省造 > 广东省造 > 光绪元宝 > 三钱六分,广东省造贰毫
1211702375_front_crop.jpg,1211702375_back_crop.jpg,55,机制银币 > 地方省造 > 广东省造 > 光绪元宝 > 三钱六分,广西省造贰毫
1211702397_front_crop.jpg,1211702397_back_crop.jpg,27,机制银币 > 地方省造 > 江南省造 > 甲辰 > 七钱二分 > 普通,江南省造一圆
1211702401_front_crop.jpg,1211702401_back_crop.jpg,69,机制银币 > 民国中央 > 孙中山像 > 民国17年 > 壹圆 > 甘肃省造,孙中山像壹角
1211702403_front_crop.jpg,1211702403_back_crop.jpg,69,机制银币 > 民国中央 > 孙中山像 > 民国17年 > 壹圆 > 甘肃省造,孙中山像壹角
1211702405_front_crop.jpg,1211702405_back_crop.jpg,69,机制银币 > 民国中央 > 孙中山像 > 民国17年 > 壹圆 > 甘肃省造,孙中山像壹角
1211702407_front_crop.jpg,1211702407_back_crop.jpg,69,机制银币 > 民国中央 > 孙中山像 > 民国17年 > 壹圆 > 甘肃省造,孙中山像壹角
1211702409_front_crop.jpg,1211702409_back_crop.jpg,69,机制银币 > 民国中央 > 孙中山像 > 民国17年 > 壹圆 > 甘肃省造,孙中山像壹角
1211702411_front_crop.jpg,1211702411_back_crop.jpg,69,机制银币 > 民国中央 > 孙中山像 > 民国17年 > 壹圆 > 甘肃省造,孙中山像壹角
1211702413_front_crop.jpg,1211702413_back_crop.jpg,69,机制银币 > 民国中央 > 孙中山像 > 民国17年 > 壹圆 > 甘肃省造,孙中山像壹角
1211702415_front_crop.jpg,1211702415_back_crop.jpg,69,机制银币 > 民国中央 > 孙中山像 > 民国17年 > 壹圆 > 甘肃省造,孙中山像壹角
1211702419_front_crop.jpg,1211702419_back_crop.jpg,69,机制银币 > 民国中央 > 孙中山像 > 民国17年 > 壹圆 > 甘肃省造,孙中山像壹角
1211702421_front_crop.jpg,1211702421_back_crop.jpg,69,机制银币 > 民国中央 > 孙中山像 > 民国17年 > 壹圆 > 甘肃省造,孙中山像壹角
1211702423_front_crop.jpg,1211702423_back_crop.jpg,69,机制银币 > 民国中央 > 孙中山像 > 民国17年 > 壹圆 > 甘肃省造,孙中山像壹角
1211702425_front_crop.jpg,1211702425_back_crop.jpg,69,机制银币 > 民国中央 > 孙中山像 > 民国17年 > 壹圆 > 甘肃省造,孙中山像壹角
1211702429_front_crop.jpg,1211702429_back_crop.jpg,69,机制银币 > 民国中央 > 孙中山像 > 民国17年 > 壹圆 > 甘肃省造,孙中山像壹角
1211702431_front_crop.jpg,1211702431_back_crop.jpg,69,机制银币 > 民国中央 > 孙中山像 > 民国17年 > 壹圆 > 甘肃省造,孙中山像壹角
1211702433_front_crop.jpg,1211702433_back_crop.jpg,69,机制银币 > 民国中央 > 孙中山像 > 民国17年 > 壹圆 > 甘肃省造,孙中山像壹角
1211702435_front_crop.jpg,1211702435_back_crop.jpg,69,机制银币 > 民国中央 > 孙中山像 > 民国17年 > 壹圆 > 甘肃省造,孙中山像壹角
1211702437_front_crop.jpg,1211702437_back_crop.jpg,69,机制银币 > 民国中央 > 孙中山像 > 民国17年 > 壹圆 > 甘肃省造,孙中山像壹角
1211702439_front_crop.jpg,1211702439_back_crop.jpg,69,机制银币 > 民国中央 > 孙中山像 > 民国17年 > 壹圆 > 甘肃省造,孙中山像壹角
1211702441_front_crop.jpg,1211702441_back_crop.jpg,69,机制银币 > 民国中央 > 孙中山像 > 民国17年 > 壹圆 > 甘肃省造,孙中山像壹角
1211702443_front_crop.jpg,1211702443_back_crop.jpg,69,机制银币 > 民国中央 > 孙中山像 > 民国17年 > 壹圆 > 甘肃省造,孙中山像壹角
1211702445_front_crop.jpg,1211702445_back_crop.jpg,69,机制银币 > 民国中央 > 孙中山像 > 民国17年 > 壹圆 > 甘肃省造,孙中山像壹角
1211702447_front_crop.jpg,1211702447_back_crop.jpg,69,机制银币 > 民国中央 > 孙中山像 > 民国17年 > 壹圆 > 甘肃省造,孙中山像壹角
1211702449_front_crop.jpg,1211702449_back_crop.jpg,69,机制银币 > 民国中央 > 孙中山像 > 民国17年 > 壹圆 > 甘肃省造,孙中山像壹角
1211702451_front_crop.jpg,1211702451_back_crop.jpg,69,机制银币 > 民国中央 > 孙中山像 > 民国17年 > 壹圆 > 甘肃省造,孙中山像壹角
1211702453_front_crop.jpg,1211702453_back_crop.jpg,69,机制银币 > 民国中央 > 孙中山像 > 民国17年 > 壹圆 > 甘肃省造,孙中山像壹角
1211702455_front_crop.jpg,1211702455_back_crop.jpg,69,机制银币 > 民国中央 > 孙中山像 > 民国17年 > 壹圆 > 甘肃省造,孙中山像壹角
1211702457_front_crop.jpg,1211702457_back_crop.jpg,69,机制银币 > 民国中央 > 孙中山像 > 民国17年 > 壹圆 > 甘肃省造,孙中山像壹角
1211702461_front_crop.jpg,1211702461_back_crop.jpg,69,机制银币 > 民国中央 > 孙中山像 > 民国17年 > 壹圆 > 甘肃省造,孙中山像壹角
1211702463_front_crop.jpg,1211702463_back_crop.jpg,69,机制银币 > 民国中央 > 孙中山像 > 民国17年 > 壹圆 > 甘肃省造,孙中山像壹角
1211702465_front_crop.jpg,1211702465_back_crop.jpg,69,机制银币 > 民国中央 > 孙中山像 > 民国17年 > 壹圆 > 甘肃省造,孙中山像壹角
1211702467_front_crop.jpg,1211702467_back_crop.jpg,69,机制银币 > 民国中央 > 孙中山像 > 民国17年 > 壹圆 > 甘肃省造,孙中山像壹角
1211702469_front_crop.jpg,1211702469_back_crop.jpg,69,机制银币 > 民国中央 > 孙中山像 > 民国17年 > 壹圆 > 甘肃省造,孙中山像壹角
1211702471_front_crop.jpg,1211702471_back_crop.jpg,69,机制银币 > 民国中央 > 孙中山像 > 民国17年 > 壹圆 > 甘肃省造,孙中山像壹角
1211702473_front_crop.jpg,1211702473_back_crop.jpg,69,机制银币 > 民国中央 > 孙中山像 > 民国17年 > 壹圆 > 甘肃省造,孙中山像壹角
1211702475_front_crop.jpg,1211702475_back_crop.jpg,69,机制银币 > 民国中央 > 孙中山像 > 民国17年 > 壹圆 > 甘肃省造,孙中山像壹角
1211702477_front_crop.jpg,1211702477_back_crop.jpg,69,机制银币 > 民国中央 > 孙中山像 > 民国17年 > 壹圆 > 甘肃省造,孙中山像壹角
1211702479_front_crop.jpg,1211702479_back_crop.jpg,69,机制银币 > 民国中央 > 孙中山像 > 民国17年 > 壹圆 > 甘肃省造,孙中山像壹角
1211702481_front_crop.jpg,1211702481_back_crop.jpg,69,机制银币 > 民国中央 > 孙中山像 > 民国17年 > 壹圆 > 甘肃省造,孙中山像壹角
1211702483_front_crop.jpg,1211702483_back_crop.jpg,69,机制银币 > 民国中央 > 孙中山像 > 民国17年 > 壹圆 > 甘肃省造,孙中山像壹角
1211702485_front_crop.jpg,1211702485_back_crop.jpg,69,机制银币 > 民国中央 > 孙中山像 > 民国17年 > 壹圆 > 甘肃省造,孙中山像壹角
1211702487_front_crop.jpg,1211702487_back_crop.jpg,69,机制银币 > 民国中央 > 孙中山像 > 民国17年 > 壹圆 > 甘肃省造,孙中山像壹角
1211702489_front_crop.jpg,1211702489_back_crop.jpg,69,机制银币 > 民国中央 > 孙中山像 > 民国17年 > 壹圆 > 甘肃省造,孙中山像壹角
1211702491_front_crop.jpg,1211702491_back_crop.jpg,69,机制银币 > 民国中央 > 孙中山像 > 民国17年 > 壹圆 > 甘肃省造,孙中山像壹角
1211702493_front_crop.jpg,1211702493_back_crop.jpg,69,机制银币 > 民国中央 > 孙中山像 > 民国17年 > 壹圆 > 甘肃省造,孙中山像壹角
1211702495_front_crop.jpg,1211702495_back_crop.jpg,69,机制银币 > 民国中央 > 孙中山像 > 民国17年 > 壹圆 > 甘肃省造,孙中山像壹角
1211702497_front_crop.jpg,1211702497_back_crop.jpg,69,机制银币 > 民国中央 > 孙中山像 > 民国17年 > 壹圆 > 甘肃省造,孙中山像壹角
1211702499_front_crop.jpg,1211702499_back_crop.jpg,69,机制银币 > 民国中央 > 孙中山像 > 民国17年 > 壹圆 > 甘肃省造,孙中山像壹角
1211702501_front_crop.jpg,1211702501_back_crop.jpg,69,机制银币 > 民国中央 > 孙中山像 > 民国17年 > 壹圆 > 甘肃省造,孙中山像壹角
1211702503_front_crop.jpg,1211702503_back_crop.jpg,69,机制银币 > 民国中央 > 孙中山像 > 民国17年 > 壹圆 > 甘肃省造,孙中山像壹角
1211702505_front_crop.jpg,1211702505_back_crop.jpg,69,机制银币 > 民国中央 > 孙中山像 > 民国17年 > 壹圆 > 甘肃省造,孙中山像壹角
1211702509_front_crop.jpg,1211702509_back_crop.jpg,69,机制银币 > 民国中央 > 孙中山像 > 民国17年 > 壹圆 > 甘肃省造,孙中山像壹角
1211702511_front_crop.jpg,1211702511_back_crop.jpg,69,机制银币 > 民国中央 > 孙中山像 > 民国17年 > 壹圆 > 甘肃省造,孙中山像壹角
1211702655_front_crop.jpg,1211702655_back_crop.jpg,58,机制银币 > 民国中央 > 袁世凯像 > 民国九年 > 壹圆 > 精发,袁世凯像壹圆
1211702677_front_crop.jpg,1211702677_back_crop.jpg,58,机制银币 > 民国中央 > 袁世凯像 > 民国九年 > 壹圆 > 精发,袁世凯像壹圆
1211702687_front_crop.jpg,1211702687_back_crop.jpg,46,机制银币 > 地方省造 > 北洋造 > 光绪24年 > 壹圆,北洋局造一圆
1211702689_front_crop.jpg,1211702689_back_crop.jpg,46,机制银币 > 地方省造 > 北洋造 > 光绪24年 > 壹圆,北洋局造一圆
1211702713_front_crop.jpg,1211702713_back_crop.jpg,58,机制银币 > 民国中央 > 袁世凯像 > 民国九年 > 壹圆 > 精发,袁世凯像壹圆
1211702715_front_crop.jpg,1211702715_back_crop.jpg,46,机制银币 > 地方省造 > 北洋造 > 光绪24年 > 壹圆,北洋局造一圆
1211702729_front_crop.jpg,1211702729_back_crop.jpg,12,机制银币 > 地方省造 > 云南省造 > 光绪元宝 > 七钱二分 > 老龙,云南省造半圆
1211702739_front_crop.jpg,1211702739_back_crop.jpg,75,机制银币 > 民国中央 > 黎元洪像 > 开国纪念 > 壹圆 > 无帽,黎元洪像壹圆
1211702785_front_crop.jpg,1211702785_back_crop.jpg,70,机制银币 > 民国中央 > 孙中山像 > 开国纪念 > 壹圆 > 下五星,开国纪念壹圆
1211702789_front_crop.jpg,1211702789_back_crop.jpg,12,机制银币 > 地方省造 > 云南省造 > 光绪元宝 > 七钱二分 > 老龙,云南省造半圆
1211702791_front_crop.jpg,1211702791_back_crop.jpg,12,机制银币 > 地方省造 > 云南省造 > 光绪元宝 > 七钱二分 > 老龙,云南省造半圆
1211702793_front_crop.jpg,1211702793_back_crop.jpg,12,机制银币 > 地方省造 > 云南省造 > 光绪元宝 > 七钱二分 > 老龙,云南省造半圆
1211702795_front_crop.jpg,1211702795_back_crop.jpg,12,机制银币 > 地方省造 > 云南省造 > 光绪元宝 > 七钱二分 > 老龙,云南省造半圆
1211702797_front_crop.jpg,1211702797_back_crop.jpg,12,机制银币 > 地方省造 > 云南省造 > 光绪元宝 > 七钱二分 > 老龙,云南省造半圆
1211702805_front_crop.jpg,1211702805_back_crop.jpg,12,机制银币 > 地方省造 > 云南省造 > 光绪元宝 > 七钱二分 > 老龙,云南省造半圆
1211702807_front_crop.jpg,1211702807_back_crop.jpg,12,机制银币 > 地方省造 > 云南省造 > 光绪元宝 > 七钱二分 > 老龙,云南省造半圆
1211702809_front_crop.jpg,1211702809_back_crop.jpg,12,机制银币 > 地方省造 > 云南省造 > 光绪元宝 > 七钱二分 > 老龙,云南省造半圆
1211702817_front_crop.jpg,1211702817_back_crop.jpg,12,机制银币 > 地方省造 > 云南省造 > 光绪元宝 > 七钱二分 > 老龙,云南省造半圆
1211702819_front_crop.jpg,1211702819_back_crop.jpg,12,机制银币 > 地方省造 > 云南省造 > 光绪元宝 > 七钱二分 > 老龙,云南省造半圆
1211702821_front_crop.jpg,1211702821_back_crop.jpg,12,机制银币 > 地方省造 > 云南省造 > 光绪元宝 > 七钱二分 > 老龙,云南省造半圆
1211702823_front_crop.jpg,1211702823_back_crop.jpg,12,机制银币 > 地方省造 > 云南省造 > 光绪元宝 > 七钱二分 > 老龙,云南省造半圆
1211702825_front_crop.jpg,1211702825_back_crop.jpg,12,机制银币 > 地方省造 > 云南省造 > 光绪元宝 > 七钱二分 > 老龙,云南省造半圆
1211702827_front_crop.jpg,1211702827_back_crop.jpg,12,机制银币 > 地方省造 > 云南省造 > 光绪元宝 > 七钱二分 > 老龙,云南省造半圆
1211702829_front_crop.jpg,1211702829_back_crop.jpg,12,机制银币 > 地方省造 > 云南省造 > 光绪元宝 > 七钱二分 > 老龙,云南省造半圆
1211702843_front_crop.jpg,1211702843_back_crop.jpg,12,机制银币 > 地方省造 > 云南省造 > 光绪元宝 > 七钱二分 > 老龙,云南省造半圆
1211702845_front_crop.jpg,1211702845_back_crop.jpg,12,机制银币 > 地方省造 > 云南省造 > 光绪元宝 > 七钱二分 > 老龙,云南省造半圆
1211702847_front_crop.jpg,1211702847_back_crop.jpg,12,机制银币 > 地方省造 > 云南省造 > 光绪元宝 > 七钱二分 > 老龙,云南省造半圆
1211702849_front_crop.jpg,1211702849_back_crop.jpg,12,机制银币 > 地方省造 > 云南省造 > 光绪元宝 > 七钱二分 > 老龙,云南省造半圆
1211702853_front_crop.jpg,1211702853_back_crop.jpg,12,机制银币 > 地方省造 > 云南省造 > 光绪元宝 > 七钱二分 > 老龙,云南省造半圆
1211702857_front_crop.jpg,1211702857_back_crop.jpg,12,机制银币 > 地方省造 > 云南省造 > 光绪元宝 > 七钱二分 > 老龙,云南省造半圆
1211702875_front_crop.jpg,1211702875_back_crop.jpg,12,机制银币 > 地方省造 > 云南省造 > 光绪元宝 > 七钱二分 > 老龙,云南省造半圆
1211702883_front_crop.jpg,1211702883_back_crop.jpg,12,机制银币 > 地方省造 > 云南省造 > 光绪元宝 > 七钱二分 > 老龙,云南省造半圆
1211702887_front_crop.jpg,1211702887_back_crop.jpg,12,机制银币 > 地方省造 > 云南省造 > 光绪元宝 > 七钱二分 > 老龙,云南省造半圆
1211702889_front_crop.jpg,1211702889_back_crop.jpg,12,机制银币 > 地方省造 > 云南省造 > 光绪元宝 > 七钱二分 > 老龙,云南省造半圆
1211702891_front_crop.jpg,1211702891_back_crop.jpg,12,机制银币 > 地方省造 > 云南省造 > 光绪元宝 > 七钱二分 > 老龙,云南省造半圆
1211702899_front_crop.jpg,1211702899_back_crop.jpg,12,机制银币 > 地方省造 > 云南省造 > 光绪元宝 > 七钱二分 > 老龙,云南省造半圆
1211702901_front_crop.jpg,1211702901_back_crop.jpg,12,机制银币 > 地方省造 > 云南省造 > 光绪元宝 > 七钱二分 > 老龙,云南省造半圆
1211702907_front_crop.jpg,1211702907_back_crop.jpg,12,机制银币 > 地方省造 > 云南省造 > 光绪元宝 > 七钱二分 > 老龙,云南省造半圆
1211702909_front_crop.jpg,1211702909_back_crop.jpg,12,机制银币 > 地方省造 > 云南省造 > 光绪元宝 > 七钱二分 > 老龙,云南省造半圆
1211702911_front_crop.jpg,1211702911_back_crop.jpg,12,机制银币 > 地方省造 > 云南省造 > 光绪元宝 > 七钱二分 > 老龙,云南省造半圆
1211702913_front_crop.jpg,1211702913_back_crop.jpg,12,机制银币 > 地方省造 > 云南省造 > 光绪元宝 > 七钱二分 > 老龙,云南省造半圆
1211702915_front_crop.jpg,1211702915_back_crop.jpg,12,机制银币 > 地方省造 > 云南省造 > 光绪元宝 > 七钱二分 > 老龙,云南省造半圆
1211702917_front_crop.jpg,1211702917_back_crop.jpg,12,机制银币 > 地方省造 > 云南省造 > 光绪元宝 > 七钱二分 > 老龙,云南省造半圆
1211702919_front_crop.jpg,1211702919_back_crop.jpg,12,机制银币 > 地方省造 > 云南省造 > 光绪元宝 > 七钱二分 > 老龙,云南省造半圆
1211702921_front_crop.jpg,1211702921_back_crop.jpg,12,机制银币 > 地方省造 > 云南省造 > 光绪元宝 > 七钱二分 > 老龙,云南省造半圆
1211702923_front_crop.jpg,1211702923_back_crop.jpg,12,机制银币 > 地方省造 > 云南省造 > 光绪元宝 > 七钱二分 > 老龙,云南省造半圆
1211702925_front_crop.jpg,1211702925_back_crop.jpg,12,机制银币 > 地方省造 > 云南省造 > 光绪元宝 > 七钱二分 > 老龙,云南省造半圆
1211702927_front_crop.jpg,1211702927_back_crop.jpg,12,机制银币 > 地方省造 > 云南省造 > 光绪元宝 > 七钱二分 > 老龙,云南省造半圆
1211702929_front_crop.jpg,1211702929_back_crop.jpg,12,机制银币 > 地方省造 > 云南省造 > 光绪元宝 > 七钱二分 > 老龙,云南省造半圆
1211702931_front_crop.jpg,1211702931_back_crop.jpg,12,机制银币 > 地方省造 > 云南省造 > 光绪元宝 > 七钱二分 > 老龙,云南省造半圆
1211702933_front_crop.jpg,1211702933_back_crop.jpg,12,机制银币 > 地方省造 > 云南省造 > 光绪元宝 > 七钱二分 > 老龙,云南省造半圆
1211702935_front_crop.jpg,1211702935_back_crop.jpg,12,机制银币 > 地方省造 > 云南省造 > 光绪元宝 > 七钱二分 > 老龙,云南省造半圆
1211702937_front_crop.jpg,1211702937_back_crop.jpg,12,机制银币 > 地方省造 > 云南省造 > 光绪元宝 > 七钱二分 > 老龙,云南省造半圆
1211702939_front_crop.jpg,1211702939_back_crop.jpg,12,机制银币 > 地方省造 > 云南省造 > 光绪元宝 > 七钱二分 > 老龙,云南省造半圆
1211702941_front_crop.jpg,1211702941_back_crop.jpg,12,机制银币 > 地方省造 > 云南省造 > 光绪元宝 > 七钱二分 > 老龙,云南省造半圆
1211702943_front_crop.jpg,1211702943_back_crop.jpg,12,机制银币 > 地方省造 > 云南省造 > 光绪元宝 > 七钱二分 > 老龙,云南省造半圆
1211703001_front_crop.jpg,1211703001_back_crop.jpg,12,机制银币 > 地方省造 > 云南省造 > 光绪元宝 > 七钱二分 > 老龙,云南省造半圆
1211703003_front_crop.jpg,1211703003_back_crop.jpg,12,机制银币 > 地方省造 > 云南省造 > 光绪元宝 > 七钱二分 > 老龙,云南省造半圆
1211703005_front_crop.jpg,1211703005_back_crop.jpg,12,机制银币 > 地方省造 > 云南省造 > 光绪元宝 > 七钱二分 > 老龙,云南省造半圆
1211703007_front_crop.jpg,1211703007_back_crop.jpg,12,机制银币 > 地方省造 > 云南省造 > 光绪元宝 > 七钱二分 > 老龙,云南省造半圆
1211703009_front_crop.jpg,1211703009_back_crop.jpg,12,机制银币 > 地方省造 > 云南省造 > 光绪元宝 > 七钱二分 > 老龙,云南省造半圆
1211703011_front_crop.jpg,1211703011_back_crop.jpg,12,机制银币 > 地方省造 > 云南省造 > 光绪元宝 > 七钱二分 > 老龙,云南省造半圆
1211703013_front_crop.jpg,1211703013_back_crop.jpg,12,机制银币 > 地方省造 > 云南省造 > 光绪元宝 > 七钱二分 > 老龙,云南省造半圆
1211703015_front_crop.jpg,1211703015_back_crop.jpg,12,机制银币 > 地方省造 > 云南省造 > 光绪元宝 > 七钱二分 > 老龙,云南省造半圆
1211703017_front_crop.jpg,1211703017_back_crop.jpg,12,机制银币 > 地方省造 > 云南省造 > 光绪元宝 > 七钱二分 > 老龙,云南省造半圆
1211703019_front_crop.jpg,1211703019_back_crop.jpg,12,机制银币 > 地方省造 > 云南省造 > 光绪元宝 > 七钱二分 > 老龙,云南省造半圆
1211703021_front_crop.jpg,1211703021_back_crop.jpg,12,机制银币 > 地方省造 > 云南省造 > 光绪元宝 > 七钱二分 > 老龙,云南省造半圆
1211703023_front_crop.jpg,1211703023_back_crop.jpg,12,机制银币 > 地方省造 > 云南省造 > 光绪元宝 > 七钱二分 > 老龙,云南省造半圆
1211703025_front_crop.jpg,1211703025_back_crop.jpg,12,机制银币 > 地方省造 > 云南省造 > 光绪元宝 > 七钱二分 > 老龙,云南省造半圆
1211703027_front_crop.jpg,1211703027_back_crop.jpg,12,机制银币 > 地方省造 > 云南省造 > 光绪元宝 > 七钱二分 > 老龙,云南省造半圆
1211703029_front_crop.jpg,1211703029_back_crop.jpg,12,机制银币 > 地方省造 > 云南省造 > 光绪元宝 > 七钱二分 > 老龙,云南省造半圆
1211703031_front_crop.jpg,1211703031_back_crop.jpg,12,机制银币 > 地方省造 > 云南省造 > 光绪元宝 > 七钱二分 > 老龙,云南省造半圆
1211703033_front_crop.jpg,1211703033_back_crop.jpg,12,机制银币 > 地方省造 > 云南省造 > 光绪元宝 > 七钱二分 > 老龙,云南省造半圆
1211703035_front_crop.jpg,1211703035_back_crop.jpg,12,机制银币 > 地方省造 > 云南省造 > 光绪元宝 > 七钱二分 > 老龙,云南省造半圆
1211703037_front_crop.jpg,1211703037_back_crop.jpg,12,机制银币 > 地方省造 > 云南省造 > 光绪元宝 > 七钱二分 > 老龙,云南省造半圆
1211703039_front_crop.jpg,1211703039_back_crop.jpg,12,机制银币 > 地方省造 > 云南省造 > 光绪元宝 > 七钱二分 > 老龙,云南省造半圆
1211703041_front_crop.jpg,1211703041_back_crop.jpg,12,机制银币 > 地方省造 > 云南省造 > 光绪元宝 > 七钱二分 > 老龙,云南省造半圆
1211703043_front_crop.jpg,1211703043_back_crop.jpg,12,机制银币 > 地方省造 > 云南省造 > 光绪元宝 > 七钱二分 > 老龙,云南省造半圆
1211703045_front_crop.jpg,1211703045_back_crop.jpg,12,机制银币 > 地方省造 > 云南省造 > 光绪元宝 > 七钱二分 > 老龙,云南省造半圆
1211703047_front_crop.jpg,1211703047_back_crop.jpg,12,机制银币 > 地方省造 > 云南省造 > 光绪元宝 > 七钱二分 > 老龙,云南省造半圆
1211703067_front_crop.jpg,1211703067_back_crop.jpg,12,机制银币 > 地方省造 > 云南省造 > 光绪元宝 > 七钱二分 > 老龙,云南省造半圆
1211703071_front_crop.jpg,1211703071_back_crop.jpg,12,机制银币 > 地方省造 > 云南省造 > 光绪元宝 > 七钱二分 > 老龙,云南省造半圆
1211703081_front_crop.jpg,1211703081_back_crop.jpg,0,机制银币 > 地方省造 > 四川省造 > 军政府 > 壹圆 > 普通,四川省造卢比
1211703089_front_crop.jpg,1211703089_back_crop.jpg,58,机制银币 > 民国中央 > 袁世凯像 > 民国九年 > 壹圆 > 精发,袁世凯像壹圆
1211703091_front_crop.jpg,1211703091_back_crop.jpg,70,机制银币 > 民国中央 > 孙中山像 > 开国纪念 > 壹圆 > 下五星,开国纪念壹圆
1211703101_front_crop.jpg,1211703101_back_crop.jpg,58,机制银币 > 民国中央 > 袁世凯像 > 民国九年 > 壹圆 > 精发,袁世凯像壹圆
1211703103_front_crop.jpg,1211703103_back_crop.jpg,58,机制银币 > 民国中央 > 袁世凯像 > 民国九年 > 壹圆 > 精发,袁世凯像壹圆
1211703105_front_crop.jpg,1211703105_back_crop.jpg,58,机制银币 > 民国中央 > 袁世凯像 > 民国九年 > 壹圆 > 精发,袁世凯像壹圆
1211703107_front_crop.jpg,1211703107_back_crop.jpg,58,机制银币 > 民国中央 > 袁世凯像 > 民国九年 > 壹圆 > 精发,袁世凯像壹圆
1211703111_front_crop.jpg,1211703111_back_crop.jpg,58,机制银币 > 民国中央 > 袁世凯像 > 民国九年 > 壹圆 > 精发,袁世凯像壹圆
1211703117_front_crop.jpg,1211703117_back_crop.jpg,58,机制银币 > 民国中央 > 袁世凯像 > 民国九年 > 壹圆 > 精发,袁世凯像壹圆
1211703123_front_crop.jpg,1211703123_back_crop.jpg,58,机制银币 > 民国中央 > 袁世凯像 > 民国九年 > 壹圆 > 精发,袁世凯像壹圆
1211703157_front_crop.jpg,1211703157_back_crop.jpg,69,机制银币 > 民国中央 > 孙中山像 > 民国17年 > 壹圆 > 甘肃省造,孙中山像贰毫
1211703169_front_crop.jpg,1211703169_back_crop.jpg,27,机制银币 > 地方省造 > 江南省造 > 甲辰 > 七钱二分 > 普通,江南省造一圆
1211703403_front_crop.jpg,1211703403_back_crop.jpg,69,机制银币 > 民国中央 > 孙中山像 > 民国17年 > 壹圆 > 甘肃省造,孙中山像壹角
1211703405_front_crop.jpg,1211703405_back_crop.jpg,69,机制银币 > 民国中央 > 孙中山像 > 民国17年 > 壹圆 > 甘肃省造,孙中山像壹角
1211703407_front_crop.jpg,1211703407_back_crop.jpg,69,机制银币 > 民国中央 > 孙中山像 > 民国17年 > 壹圆 > 甘肃省造,孙中山像壹角
1211703409_front_crop.jpg,1211703409_back_crop.jpg,69,机制银币 > 民国中央 > 孙中山像 > 民国17年 > 壹圆 > 甘肃省造,孙中山像壹角
1211703411_front_crop.jpg,1211703411_back_crop.jpg,69,机制银币 > 民国中央 > 孙中山像 > 民国17年 > 壹圆 > 甘肃省造,孙中山像壹角
1211703413_front_crop.jpg,1211703413_back_crop.jpg,69,机制银币 > 民国中央 > 孙中山像 > 民国17年 > 壹圆 > 甘肃省造,孙中山像壹角
1211703415_front_crop.jpg,1211703415_back_crop.jpg,69,机制银币 > 民国中央 > 孙中山像 > 民国17年 > 壹圆 > 甘肃省造,孙中山像壹角
1211703417_front_crop.jpg,1211703417_back_crop.jpg,69,机制银币 > 民国中央 > 孙中山像 > 民国17年 > 壹圆 > 甘肃省造,孙中山像壹角
1211703419_front_crop.jpg,1211703419_back_crop.jpg,69,机制银币 > 民国中央 > 孙中山像 > 民国17年 > 壹圆 > 甘肃省造,孙中山像壹角
1211703421_front_crop.jpg,1211703421_back_crop.jpg,69,机制银币 > 民国中央 > 孙中山像 > 民国17年 > 壹圆 > 甘肃省造,孙中山像壹角
1211703425_front_crop.jpg,1211703425_back_crop.jpg,69,机制银币 > 民国中央 > 孙中山像 > 民国17年 > 壹圆 > 甘肃省造,孙中山像壹角
1211703427_front_crop.jpg,1211703427_back_crop.jpg,69,机制银币 > 民国中央 > 孙中山像 > 民国17年 > 壹圆 > 甘肃省造,孙中山像壹角
1211703429_front_crop.jpg,1211703429_back_crop.jpg,69,机制银币 > 民国中央 > 孙中山像 > 民国17年 > 壹圆 > 甘肃省造,孙中山像壹角
1211703431_front_crop.jpg,1211703431_back_crop.jpg,69,机制银币 > 民国中央 > 孙中山像 > 民国17年 > 壹圆 > 甘肃省造,孙中山像壹角
1211703433_front_crop.jpg,1211703433_back_crop.jpg,69,机制银币 > 民国中央 > 孙中山像 > 民国17年 > 壹圆 > 甘肃省造,孙中山像壹角
1211703435_front_crop.jpg,1211703435_back_crop.jpg,69,机制银币 > 民国中央 > 孙中山像 > 民国17年 > 壹圆 > 甘肃省造,孙中山像壹角
1211703439_front_crop.jpg,1211703439_back_crop.jpg,69,机制银币 > 民国中央 > 孙中山像 > 民国17年 > 壹圆 > 甘肃省造,孙中山像壹角
1211703441_front_crop.jpg,1211703441_back_crop.jpg,69,机制银币 > 民国中央 > 孙中山像 > 民国17年 > 壹圆 > 甘肃省造,孙中山像壹角
1211703443_front_crop.jpg,1211703443_back_crop.jpg,69,机制银币 > 民国中央 > 孙中山像 > 民国17年 > 壹圆 > 甘肃省造,孙中山像壹角
1211703445_front_crop.jpg,1211703445_back_crop.jpg,69,机制银币 > 民国中央 > 孙中山像 > 民国17年 > 壹圆 > 甘肃省造,孙中山像壹角
1211703449_front_crop.jpg,1211703449_back_crop.jpg,69,机制银币 > 民国中央 > 孙中山像 > 民国17年 > 壹圆 > 甘肃省造,孙中山像壹角
1211703451_front_crop.jpg,1211703451_back_crop.jpg,69,机制银币 > 民国中央 > 孙中山像 > 民国17年 > 壹圆 > 甘肃省造,孙中山像壹角
1211703453_front_crop.jpg,1211703453_back_crop.jpg,69,机制银币 > 民国中央 > 孙中山像 > 民国17年 > 壹圆 > 甘肃省造,孙中山像壹角
1211703455_front_crop.jpg,1211703455_back_crop.jpg,69,机制银币 > 民国中央 > 孙中山像 > 民国17年 > 壹圆 > 甘肃省造,孙中山像壹角
1211703457_front_crop.jpg,1211703457_back_crop.jpg,69,机制银币 > 民国中央 > 孙中山像 > 民国17年 > 壹圆 > 甘肃省造,孙中山像壹角
1211703459_front_crop.jpg,1211703459_back_crop.jpg,69,机制银币 > 民国中央 > 孙中山像 > 民国17年 > 壹圆 > 甘肃省造,孙中山像壹角
1211703461_front_crop.jpg,1211703461_back_crop.jpg,69,机制银币 > 民国中央 > 孙中山像 > 民国17年 > 壹圆 > 甘肃省造,孙中山像壹角
1211703463_front_crop.jpg,1211703463_back_crop.jpg,69,机制银币 > 民国中央 > 孙中山像 > 民国17年 > 壹圆 > 甘肃省造,孙中山像壹角
1211703465_front_crop.jpg,1211703465_back_crop.jpg,69,机制银币 > 民国中央 > 孙中山像 > 民国17年 > 壹圆 > 甘肃省造,孙中山像壹角
1211703467_front_crop.jpg,1211703467_back_crop.jpg,69,机制银币 > 民国中央 > 孙中山像 > 民国17年 > 壹圆 > 甘肃省造,孙中山像壹角
1211703469_front_crop.jpg,1211703469_back_crop.jpg,69,机制银币 > 民国中央 > 孙中山像 > 民国17年 > 壹圆 > 甘肃省造,孙中山像壹角
1211703471_front_crop.jpg,1211703471_back_crop.jpg,69,机制银币 > 民国中央 > 孙中山像 > 民国17年 > 壹圆 > 甘肃省造,孙中山像壹角
1211703473_front_crop.jpg,1211703473_back_crop.jpg,69,机制银币 > 民国中央 > 孙中山像 > 民国17年 > 壹圆 > 甘肃省造,孙中山像壹角
1211703475_front_crop.jpg,1211703475_back_crop.jpg,69,机制银币 > 民国中央 > 孙中山像 > 民国17年 > 壹圆 > 甘肃省造,孙中山像壹角
1211703477_front_crop.jpg,1211703477_back_crop.jpg,69,机制银币 > 民国中央 > 孙中山像 > 民国17年 > 壹圆 > 甘肃省造,孙中山像壹角
1211703479_front_crop.jpg,1211703479_back_crop.jpg,69,机制银币 > 民国中央 > 孙中山像 > 民国17年 > 壹圆 > 甘肃省造,孙中山像壹角
1211703481_front_crop.jpg,1211703481_back_crop.jpg,69,机制银币 > 民国中央 > 孙中山像 > 民国17年 > 壹圆 > 甘肃省造,孙中山像壹角
1211703483_front_crop.jpg,1211703483_back_crop.jpg,69,机制银币 > 民国中央 > 孙中山像 > 民国17年 > 壹圆 > 甘肃省造,孙中山像壹角
1211703485_front_crop.jpg,1211703485_back_crop.jpg,69,机制银币 > 民国中央 > 孙中山像 > 民国17年 > 壹圆 > 甘肃省造,孙中山像壹角
1211703487_front_crop.jpg,1211703487_back_crop.jpg,69,机制银币 > 民国中央 > 孙中山像 > 民国17年 > 壹圆 > 甘肃省造,孙中山像壹角
1211703489_front_crop.jpg,1211703489_back_crop.jpg,69,机制银币 > 民国中央 > 孙中山像 > 民国17年 > 壹圆 > 甘肃省造,孙中山像壹角
1211703491_front_crop.jpg,1211703491_back_crop.jpg,69,机制银币 > 民国中央 > 孙中山像 > 民国17年 > 壹圆 > 甘肃省造,孙中山像壹角
1211703493_front_crop.jpg,1211703493_back_crop.jpg,69,机制银币 > 民国中央 > 孙中山像 > 民国17年 > 壹圆 > 甘肃省造,孙中山像壹角
1211703495_front_crop.jpg,1211703495_back_crop.jpg,69,机制银币 > 民国中央 > 孙中山像 > 民国17年 > 壹圆 > 甘肃省造,孙中山像壹角
1211703497_front_crop.jpg,1211703497_back_crop.jpg,69,机制银币 > 民国中央 > 孙中山像 > 民国17年 > 壹圆 > 甘肃省造,孙中山像壹角
1211703499_front_crop.jpg,1211703499_back_crop.jpg,69,机制银币 > 民国中央 > 孙中山像 > 民国17年 > 壹圆 > 甘肃省造,孙中山像壹角
1211703503_front_crop.jpg,1211703503_back_crop.jpg,69,机制银币 > 民国中央 > 孙中山像 > 民国17年 > 壹圆 > 甘肃省造,孙中山像壹角
1211703575_front_crop.jpg,1211703575_back_crop.jpg,70,机制银币 > 民国中央 > 孙中山像 > 开国纪念 > 壹圆 > 下五星,开国纪念壹圆
1211703679_front_crop.jpg,1211703679_back_crop.jpg,12,机制银币 > 地方省造 > 云南省造 > 光绪元宝 > 七钱二分 > 老龙,云南省造半圆
1211703685_front_crop.jpg,1211703685_back_crop.jpg,12,机制银币 > 地方省造 > 云南省造 > 光绪元宝 > 七钱二分 > 老龙,云南省造半圆
1211703687_front_crop.jpg,1211703687_back_crop.jpg,12,机制银币 > 地方省造 > 云南省造 > 光绪元宝 > 七钱二分 > 老龙,云南省造半圆
1211703695_front_crop.jpg,1211703695_back_crop.jpg,12,机制银币 > 地方省造 > 云南省造 > 光绪元宝 > 七钱二分 > 老龙,云南省造贰角
1211703701_front_crop.jpg,1211703701_back_crop.jpg,12,机制银币 > 地方省造 > 云南省造 > 光绪元宝 > 七钱二分 > 老龙,云南省造贰角
1211703703_front_crop.jpg,1211703703_back_crop.jpg,12,机制银币 > 地方省造 > 云南省造 > 光绪元宝 > 七钱二分 > 老龙,云南省造贰角
1211703707_front_crop.jpg,1211703707_back_crop.jpg,12,机制银币 > 地方省造 > 云南省造 > 光绪元宝 > 七钱二分 > 老龙,云南省造贰角
1211703709_front_crop.jpg,1211703709_back_crop.jpg,12,机制银币 > 地方省造 > 云南省造 > 光绪元宝 > 七钱二分 > 老龙,云南省造贰角
1211703711_front_crop.jpg,1211703711_back_crop.jpg,12,机制银币 > 地方省造 > 云南省造 > 光绪元宝 > 七钱二分 > 老龙,云南省造贰角
1211703713_front_crop.jpg,1211703713_back_crop.jpg,12,机制银币 > 地方省造 > 云南省造 > 光绪元宝 > 七钱二分 > 老龙,云南省造贰角
1211703715_front_crop.jpg,1211703715_back_crop.jpg,12,机制银币 > 地方省造 > 云南省造 > 光绪元宝 > 七钱二分 > 老龙,云南省造贰角
1211703717_front_crop.jpg,1211703717_back_crop.jpg,12,机制银币 > 地方省造 > 云南省造 > 光绪元宝 > 七钱二分 > 老龙,云南省造贰角
1211703719_front_crop.jpg,1211703719_back_crop.jpg,12,机制银币 > 地方省造 > 云南省造 > 光绪元宝 > 七钱二分 > 老龙,云南省造贰角
1211703721_front_crop.jpg,1211703721_back_crop.jpg,12,机制银币 > 地方省造 > 云南省造 > 光绪元宝 > 七钱二分 > 老龙,云南省造贰角
1211703723_front_crop.jpg,1211703723_back_crop.jpg,12,机制银币 > 地方省造 > 云南省造 > 光绪元宝 > 七钱二分 > 老龙,云南省造贰角
1211703725_front_crop.jpg,1211703725_back_crop.jpg,12,机制银币 > 地方省造 > 云南省造 > 光绪元宝 > 七钱二分 > 老龙,云南省造贰角
1211703733_front_crop.jpg,1211703733_back_crop.jpg,12,机制银币 > 地方省造 > 云南省造 > 光绪元宝 > 七钱二分 > 老龙,云南省造贰角
1211703739_front_crop.jpg,1211703739_back_crop.jpg,12,机制银币 > 地方省造 > 云南省造 > 光绪元宝 > 七钱二分 > 老龙,云南省造贰角
1211703743_front_crop.jpg,1211703743_back_crop.jpg,12,机制银币 > 地方省造 > 云南省造 > 光绪元宝 > 七钱二分 > 老龙,云南省造贰角
1211703753_front_crop.jpg,1211703753_back_crop.jpg,58,机制银币 > 民国中央 > 袁世凯像 > 民国九年 > 壹圆 > 精发,袁世凯像中圆
1211703755_front_crop.jpg,1211703755_back_crop.jpg,69,机制银币 > 民国中央 > 孙中山像 > 民国17年 > 壹圆 > 甘肃省造,孙中山像壹圆
1211703757_front_crop.jpg,1211703757_back_crop.jpg,0,机制银币 > 地方省造 > 四川省造 > 军政府 > 壹圆 > 普通,四川银币壹圆
1211703759_front_crop.jpg,1211703759_back_crop.jpg,12,机制银币 > 地方省造 > 云南省造 > 光绪元宝 > 七钱二分 > 老龙,云南省造半圆
1211703761_front_crop.jpg,1211703761_back_crop.jpg,7,机制银币 > 地方省造 > 湖北省造 > 光绪元宝 > 七钱二分 > 普通,湖北省造一圆
1211703765_front_crop.jpg,1211703765_back_crop.jpg,58,机制银币 > 民国中央 > 袁世凯像 > 民国九年 > 壹圆 > 精发,袁世凯像壹圆
1211703769_front_crop.jpg,1211703769_back_crop.jpg,58,机制银币 > 民国中央 > 袁世凯像 > 民国九年 > 壹圆 > 精发,袁世凯像壹圆
1211703771_front_crop.jpg,1211703771_back_crop.jpg,58,机制银币 > 民国中央 > 袁世凯像 > 民国九年 > 壹圆 > 精发,袁世凯像壹圆
1211703773_front_crop.jpg,1211703773_back_crop.jpg,58,机制银币 > 民国中央 > 袁世凯像 > 民国九年 > 壹圆 > 精发,袁世凯像壹圆
1211703775_front_crop.jpg,1211703775_back_crop.jpg,58,机制银币 > 民国中央 > 袁世凯像 > 民国九年 > 壹圆 > 精发,袁世凯像壹圆
1211703779_front_crop.jpg,1211703779_back_crop.jpg,58,机制银币 > 民国中央 > 袁世凯像 > 民国九年 > 壹圆 > 精发,袁世凯像壹圆
1211703781_front_crop.jpg,1211703781_back_crop.jpg,58,机制银币 > 民国中央 > 袁世凯像 > 民国九年 > 壹圆 > 精发,袁世凯像壹圆
1211703783_front_crop.jpg,1211703783_back_crop.jpg,58,机制银币 > 民国中央 > 袁世凯像 > 民国九年 > 壹圆 > 精发,袁世凯像壹圆
1211703785_front_crop.jpg,1211703785_back_crop.jpg,58,机制银币 > 民国中央 > 袁世凯像 > 民国九年 > 壹圆 > 精发,袁世凯像壹圆
1211703787_front_crop.jpg,1211703787_back_crop.jpg,58,机制银币 > 民国中央 > 袁世凯像 > 民国九年 > 壹圆 > 精发,袁世凯像壹圆
1211703789_front_crop.jpg,1211703789_back_crop.jpg,58,机制银币 > 民国中央 > 袁世凯像 > 民国九年 > 壹圆 > 精发,袁世凯像壹圆
1211703791_front_crop.jpg,1211703791_back_crop.jpg,58,机制银币 > 民国中央 > 袁世凯像 > 民国九年 > 壹圆 > 精发,袁世凯像壹圆
1211703793_front_crop.jpg,1211703793_back_crop.jpg,58,机制银币 > 民国中央 > 袁世凯像 > 民国九年 > 壹圆 > 精发,袁世凯像壹圆
1211703795_front_crop.jpg,1211703795_back_crop.jpg,58,机制银币 > 民国中央 > 袁世凯像 > 民国九年 > 壹圆 > 精发,袁世凯像壹圆
1211703897_front_crop.jpg,1211703897_back_crop.jpg,91,机制银币 > 纪念章 > 孙中山像,西藏章嘎嘎布
1211703907_front_crop.jpg,1211703907_back_crop.jpg,58,机制银币 > 民国中央 > 袁世凯像 > 民国九年 > 壹圆 > 精发,袁世凯像壹圆
1211703913_front_crop.jpg,1211703913_back_crop.jpg,69,机制银币 > 民国中央 > 孙中山像 > 民国17年 > 壹圆 > 甘肃省造,孙中山像贰角
1211703925_front_crop.jpg,1211703925_back_crop.jpg,58,机制银币 > 民国中央 > 袁世凯像 > 民国九年 > 壹圆 > 精发,袁世凯像壹圆
1211703929_front_crop.jpg,1211703929_back_crop.jpg,12,机制银币 > 地方省造 > 云南省造 > 光绪元宝 > 七钱二分 > 老龙,云南省造半圆
1211704041_front_crop.jpg,1211704041_back_crop.jpg,12,机制银币 > 地方省造 > 云南省造 > 光绪元宝 > 七钱二分 > 老龙,云南省造一圆
1211704045_front_crop.jpg,1211704045_back_crop.jpg,69,机制银币 > 民国中央 > 孙中山像 > 民国17年 > 壹圆 > 甘肃省造,孙中山像壹角
1211704047_front_crop.jpg,1211704047_back_crop.jpg,69,机制银币 > 民国中央 > 孙中山像 > 民国17年 > 壹圆 > 甘肃省造,孙中山像壹角
1211704049_front_crop.jpg,1211704049_back_crop.jpg,69,机制银币 > 民国中央 > 孙中山像 > 民国17年 > 壹圆 > 甘肃省造,孙中山像壹角
1211704051_front_crop.jpg,1211704051_back_crop.jpg,69,机制银币 > 民国中央 > 孙中山像 > 民国17年 > 壹圆 > 甘肃省造,孙中山像壹角
1211704053_front_crop.jpg,1211704053_back_crop.jpg,69,机制银币 > 民国中央 > 孙中山像 > 民国17年 > 壹圆 > 甘肃省造,孙中山像壹角
1211704055_front_crop.jpg,1211704055_back_crop.jpg,69,机制银币 > 民国中央 > 孙中山像 > 民国17年 > 壹圆 > 甘肃省造,孙中山像壹角
1211704057_front_crop.jpg,1211704057_back_crop.jpg,69,机制银币 > 民国中央 > 孙中山像 > 民国17年 > 壹圆 > 甘肃省造,孙中山像壹角
1211704059_front_crop.jpg,1211704059_back_crop.jpg,69,机制银币 > 民国中央 > 孙中山像 > 民国17年 > 壹圆 > 甘肃省造,孙中山像壹角
1211704061_front_crop.jpg,1211704061_back_crop.jpg,69,机制银币 > 民国中央 > 孙中山像 > 民国17年 > 壹圆 > 甘肃省造,孙中山像壹角
1211704063_front_crop.jpg,1211704063_back_crop.jpg,69,机制银币 > 民国中央 > 孙中山像 > 民国17年 > 壹圆 > 甘肃省造,孙中山像壹角
1211704065_front_crop.jpg,1211704065_back_crop.jpg,69,机制银币 > 民国中央 > 孙中山像 > 民国17年 > 壹圆 > 甘肃省造,孙中山像壹角
1211704067_front_crop.jpg,1211704067_back_crop.jpg,69,机制银币 > 民国中央 > 孙中山像 > 民国17年 > 壹圆 > 甘肃省造,孙中山像壹角
1211704069_front_crop.jpg,1211704069_back_crop.jpg,69,机制银币 > 民国中央 > 孙中山像 > 民国17年 > 壹圆 > 甘肃省造,孙中山像壹角
1211704071_front_crop.jpg,1211704071_back_crop.jpg,69,机制银币 > 民国中央 > 孙中山像 > 民国17年 > 壹圆 > 甘肃省造,孙中山像壹角
1211704073_front_crop.jpg,1211704073_back_crop.jpg,69,机制银币 > 民国中央 > 孙中山像 > 民国17年 > 壹圆 > 甘肃省造,孙中山像壹角
1211704075_front_crop.jpg,1211704075_back_crop.jpg,69,机制银币 > 民国中央 > 孙中山像 > 民国17年 > 壹圆 > 甘肃省造,孙中山像壹角
1211704077_front_crop.jpg,1211704077_back_crop.jpg,69,机制银币 > 民国中央 > 孙中山像 > 民国17年 > 壹圆 > 甘肃省造,孙中山像壹角
1211704079_front_crop.jpg,1211704079_back_crop.jpg,69,机制银币 > 民国中央 > 孙中山像 > 民国17年 > 壹圆 > 甘肃省造,孙中山像壹角
1211704081_front_crop.jpg,1211704081_back_crop.jpg,69,机制银币 > 民国中央 > 孙中山像 > 民国17年 > 壹圆 > 甘肃省造,孙中山像壹角
1211704083_front_crop.jpg,1211704083_back_crop.jpg,69,机制银币 > 民国中央 > 孙中山像 > 民国17年 > 壹圆 > 甘肃省造,孙中山像壹角
1211704085_front_crop.jpg,1211704085_back_crop.jpg,69,机制银币 > 民国中央 > 孙中山像 > 民国17年 > 壹圆 > 甘肃省造,孙中山像壹角
1211704087_front_crop.jpg,1211704087_back_crop.jpg,69,机制银币 > 民国中央 > 孙中山像 > 民国17年 > 壹圆 > 甘肃省造,孙中山像壹角
1211704089_front_crop.jpg,1211704089_back_crop.jpg,69,机制银币 > 民国中央 > 孙中山像 > 民国17年 > 壹圆 > 甘肃省造,孙中山像壹角
1211704091_front_crop.jpg,1211704091_back_crop.jpg,69,机制银币 > 民国中央 > 孙中山像 > 民国17年 > 壹圆 > 甘肃省造,孙中山像壹角
1211704093_front_crop.jpg,1211704093_back_crop.jpg,69,机制银币 > 民国中央 > 孙中山像 > 民国17年 > 壹圆 > 甘肃省造,孙中山像壹角
1211704095_front_crop.jpg,1211704095_back_crop.jpg,69,机制银币 > 民国中央 > 孙中山像 > 民国17年 > 壹圆 > 甘肃省造,孙中山像壹角
1211704097_front_crop.jpg,1211704097_back_crop.jpg,69,机制银币 > 民国中央 > 孙中山像 > 民国17年 > 壹圆 > 甘肃省造,孙中山像壹角
1211704099_front_crop.jpg,1211704099_back_crop.jpg,69,机制银币 > 民国中央 > 孙中山像 > 民国17年 > 壹圆 > 甘肃省造,孙中山像壹角
1211704101_front_crop.jpg,1211704101_back_crop.jpg,69,机制银币 > 民国中央 > 孙中山像 > 民国17年 > 壹圆 > 甘肃省造,孙中山像壹角
1211704103_front_crop.jpg,1211704103_back_crop.jpg,69,机制银币 > 民国中央 > 孙中山像 > 民国17年 > 壹圆 > 甘肃省造,孙中山像壹角
1211704105_front_crop.jpg,1211704105_back_crop.jpg,69,机制银币 > 民国中央 > 孙中山像 > 民国17年 > 壹圆 > 甘肃省造,孙中山像壹角
1211704107_front_crop.jpg,1211704107_back_crop.jpg,69,机制银币 > 民国中央 > 孙中山像 > 民国17年 > 壹圆 > 甘肃省造,孙中山像壹角
1211704109_front_crop.jpg,1211704109_back_crop.jpg,69,机制银币 > 民国中央 > 孙中山像 > 民国17年 > 壹圆 > 甘肃省造,孙中山像壹角
1211704111_front_crop.jpg,1211704111_back_crop.jpg,69,机制银币 > 民国中央 > 孙中山像 > 民国17年 > 壹圆 > 甘肃省造,孙中山像壹角
1211704113_front_crop.jpg,1211704113_back_crop.jpg,69,机制银币 > 民国中央 > 孙中山像 > 民国17年 > 壹圆 > 甘肃省造,孙中山像壹角
1211704115_front_crop.jpg,1211704115_back_crop.jpg,69,机制银币 > 民国中央 > 孙中山像 > 民国17年 > 壹圆 > 甘肃省造,孙中山像壹角
1211704117_front_crop.jpg,1211704117_back_crop.jpg,69,机制银币 > 民国中央 > 孙中山像 > 民国17年 > 壹圆 > 甘肃省造,孙中山像壹角
1211704121_front_crop.jpg,1211704121_back_crop.jpg,69,机制银币 > 民国中央 > 孙中山像 > 民国17年 > 壹圆 > 甘肃省造,孙中山像壹角
1211704123_front_crop.jpg,1211704123_back_crop.jpg,69,机制银币 > 民国中央 > 孙中山像 > 民国17年 > 壹圆 > 甘肃省造,孙中山像壹角
1211704125_front_crop.jpg,1211704125_back_crop.jpg,69,机制银币 > 民国中央 > 孙中山像 > 民国17年 > 壹圆 > 甘肃省造,孙中山像壹角
1211704127_front_crop.jpg,1211704127_back_crop.jpg,69,机制银币 > 民国中央 > 孙中山像 > 民国17年 > 壹圆 > 甘肃省造,孙中山像壹角
1211704129_front_crop.jpg,1211704129_back_crop.jpg,69,机制银币 > 民国中央 > 孙中山像 > 民国17年 > 壹圆 > 甘肃省造,孙中山像壹角
1211704131_front_crop.jpg,1211704131_back_crop.jpg,69,机制银币 > 民国中央 > 孙中山像 > 民国17年 > 壹圆 > 甘肃省造,孙中山像壹角
1211704133_front_crop.jpg,1211704133_back_crop.jpg,69,机制银币 > 民国中央 > 孙中山像 > 民国17年 > 壹圆 > 甘肃省造,孙中山像壹角
1211704135_front_crop.jpg,1211704135_back_crop.jpg,69,机制银币 > 民国中央 > 孙中山像 > 民国17年 > 壹圆 > 甘肃省造,孙中山像壹角
1211704137_front_crop.jpg,1211704137_back_crop.jpg,69,机制银币 > 民国中央 > 孙中山像 > 民国17年 > 壹圆 > 甘肃省造,孙中山像壹角
1211704139_front_crop.jpg,1211704139_back_crop.jpg,69,机制银币 > 民国中央 > 孙中山像 > 民国17年 > 壹圆 > 甘肃省造,孙中山像壹角
1211704141_front_crop.jpg,1211704141_back_crop.jpg,69,机制银币 > 民国中央 > 孙中山像 > 民国17年 > 壹圆 > 甘肃省造,孙中山像壹角
1211704143_front_crop.jpg,1211704143_back_crop.jpg,69,机制银币 > 民国中央 > 孙中山像 > 民国17年 > 壹圆 > 甘肃省造,孙中山像壹角
1211704145_front_crop.jpg,1211704145_back_crop.jpg,69,机制银币 > 民国中央 > 孙中山像 > 民国17年 > 壹圆 > 甘肃省造,孙中山像壹角
1211704147_front_crop.jpg,1211704147_back_crop.jpg,69,机制银币 > 民国中央 > 孙中山像 > 民国17年 > 壹圆 > 甘肃省造,孙中山像壹角
1211704149_front_crop.jpg,1211704149_back_crop.jpg,69,机制银币 > 民国中央 > 孙中山像 > 民国17年 > 壹圆 > 甘肃省造,孙中山像壹角
1211704151_front_crop.jpg,1211704151_back_crop.jpg,69,机制银币 > 民国中央 > 孙中山像 > 民国17年 > 壹圆 > 甘肃省造,孙中山像壹角
1211704153_front_crop.jpg,1211704153_back_crop.jpg,69,机制银币 > 民国中央 > 孙中山像 > 民国17年 > 壹圆 > 甘肃省造,孙中山像壹角
1211704155_front_crop.jpg,1211704155_back_crop.jpg,69,机制银币 > 民国中央 > 孙中山像 > 民国17年 > 壹圆 > 甘肃省造,孙中山像壹角
1211704157_front_crop.jpg,1211704157_back_crop.jpg,69,机制银币 > 民国中央 > 孙中山像 > 民国17年 > 壹圆 > 甘肃省造,孙中山像壹角
1211704159_front_crop.jpg,1211704159_back_crop.jpg,69,机制银币 > 民国中央 > 孙中山像 > 民国17年 > 壹圆 > 甘肃省造,孙中山像壹角
1211704161_front_crop.jpg,1211704161_back_crop.jpg,69,机制银币 > 民国中央 > 孙中山像 > 民国17年 > 壹圆 > 甘肃省造,孙中山像壹角
1211704163_front_crop.jpg,1211704163_back_crop.jpg,69,机制银币 > 民国中央 > 孙中山像 > 民国17年 > 壹圆 > 甘肃省造,孙中山像壹角
1211704165_front_crop.jpg,1211704165_back_crop.jpg,69,机制银币 > 民国中央 > 孙中山像 > 民国17年 > 壹圆 > 甘肃省造,孙中山像壹角
1211704167_front_crop.jpg,1211704167_back_crop.jpg,69,机制银币 > 民国中央 > 孙中山像 > 民国17年 > 壹圆 > 甘肃省造,孙中山像壹角
1211704169_front_crop.jpg,1211704169_back_crop.jpg,69,机制银币 > 民国中央 > 孙中山像 > 民国17年 > 壹圆 > 甘肃省造,孙中山像壹角
1211704171_front_crop.jpg,1211704171_back_crop.jpg,69,机制银币 > 民国中央 > 孙中山像 > 民国17年 > 壹圆 > 甘肃省造,孙中山像壹角
1211704173_front_crop.jpg,1211704173_back_crop.jpg,69,机制银币 > 民国中央 > 孙中山像 > 民国17年 > 壹圆 > 甘肃省造,孙中山像壹角
1211704175_front_crop.jpg,1211704175_back_crop.jpg,69,机制银币 > 民国中央 > 孙中山像 > 民国17年 > 壹圆 > 甘肃省造,孙中山像壹角
1211704177_front_crop.jpg,1211704177_back_crop.jpg,69,机制银币 > 民国中央 > 孙中山像 > 民国17年 > 壹圆 > 甘肃省造,孙中山像壹角
1211704179_front_crop.jpg,1211704179_back_crop.jpg,69,机制银币 > 民国中央 > 孙中山像 > 民国17年 > 壹圆 > 甘肃省造,孙中山像壹角
1211704181_front_crop.jpg,1211704181_back_crop.jpg,69,机制银币 > 民国中央 > 孙中山像 > 民国17年 > 壹圆 > 甘肃省造,孙中山像壹角
1211704183_front_crop.jpg,1211704183_back_crop.jpg,69,机制银币 > 民国中央 > 孙中山像 > 民国17年 > 壹圆 > 甘肃省造,孙中山像壹角
1211704185_front_crop.jpg,1211704185_back_crop.jpg,69,机制银币 > 民国中央 > 孙中山像 > 民国17年 > 壹圆 > 甘肃省造,孙中山像壹角
1211704187_front_crop.jpg,1211704187_back_crop.jpg,69,机制银币 > 民国中央 > 孙中山像 > 民国17年 > 壹圆 > 甘肃省造,孙中山像壹角
1211704251_front_crop.jpg,1211704251_back_crop.jpg,58,机制银币 > 民国中央 > 袁世凯像 > 民国九年 > 壹圆 > 精发,袁世凯像壹圆
1211704265_front_crop.jpg,1211704265_back_crop.jpg,70,机制银币 > 民国中央 > 孙中山像 > 开国纪念 > 壹圆 > 下五星,开国纪念壹圆
1211704293_front_crop.jpg,1211704293_back_crop.jpg,58,机制银币 > 民国中央 > 袁世凯像 > 民国九年 > 壹圆 > 精发,袁世凯像壹圆
1211704295_front_crop.jpg,1211704295_back_crop.jpg,58,机制银币 > 民国中央 > 袁世凯像 > 民国九年 > 壹圆 > 精发,袁世凯像壹圆
1211704305_front_crop.jpg,1211704305_back_crop.jpg,58,机制银币 > 民国中央 > 袁世凯像 > 民国九年 > 壹圆 > 精发,袁世凯像壹圆
1211704333_front_crop.jpg,1211704333_back_crop.jpg,12,机制银币 > 地方省造 > 云南省造 > 光绪元宝 > 七钱二分 > 老龙,云南省造半圆
1211704335_front_crop.jpg,1211704335_back_crop.jpg,12,机制银币 > 地方省造 > 云南省造 > 光绪元宝 > 七钱二分 > 老龙,云南省造半圆
1211704355_front_crop.jpg,1211704355_back_crop.jpg,12,机制银币 > 地方省造 > 云南省造 > 光绪元宝 > 七钱二分 > 老龙,云南省造半圆
1211704413_front_crop.jpg,1211704413_back_crop.jpg,58,机制银币 > 民国中央 > 袁世凯像 > 民国九年 > 壹圆 > 精发,袁世凯像壹圆
1211704451_front_crop.jpg,1211704451_back_crop.jpg,58,机制银币 > 民国中央 > 袁世凯像 > 民国九年 > 壹圆 > 精发,袁世凯像壹圆
1211704479_front_crop.jpg,1211704479_back_crop.jpg,70,机制银币 > 民国中央 > 孙中山像 > 开国纪念 > 壹圆 > 下五星,开国纪念壹圆
1211704497_front_crop.jpg,1211704497_back_crop.jpg,69,机制银币 > 民国中央 > 孙中山像 > 民国17年 > 壹圆 > 甘肃省造,孙中山像壹圆
1211704503_front_crop.jpg,1211704503_back_crop.jpg,58,机制银币 > 民国中央 > 袁世凯像 > 民国九年 > 壹圆 > 精发,袁世凯像壹圆
1211704513_front_crop.jpg,1211704513_back_crop.jpg,58,机制银币 > 民国中央 > 袁世凯像 > 民国九年 > 壹圆 > 精发,袁世凯像壹圆
1211704515_front_crop.jpg,1211704515_back_crop.jpg,70,机制银币 > 民国中央 > 孙中山像 > 开国纪念 > 壹圆 > 下五星,开国纪念壹圆
1211704527_front_crop.jpg,1211704527_back_crop.jpg,58,机制银币 > 民国中央 > 袁世凯像 > 民国九年 > 壹圆 > 精发,袁世凯像贰角
1211704531_front_crop.jpg,1211704531_back_crop.jpg,0,机制银币 > 地方省造 > 四川省造 > 军政府 > 壹圆 > 普通,浙江省造壹毫
1211704541_front_crop.jpg,1211704541_back_crop.jpg,55,机制银币 > 地方省造 > 广东省造 > 光绪元宝 > 三钱六分,广东省造贰毫
1211704555_front_crop.jpg,1211704555_back_crop.jpg,55,机制银币 > 地方省造 > 广东省造 > 光绪元宝 > 三钱六分,广东省造贰毫
1211704557_front_crop.jpg,1211704557_back_crop.jpg,55,机制银币 > 地方省造 > 广东省造 > 光绪元宝 > 三钱六分,广东省造贰毫
1211704653_front_crop.jpg,1211704653_back_crop.jpg,85,机制银币 > 纪念币 > 唐继尧像 > 拥护共和 > 三钱六分 > 正像,唐继尧像半圆
1211704655_front_crop.jpg,1211704655_back_crop.jpg,58,机制银币 > 民国中央 > 袁世凯像 > 民国九年 > 壹圆 > 精发,袁世凯像壹圆
1211704661_front_crop.jpg,1211704661_back_crop.jpg,58,机制银币 > 民国中央 > 袁世凯像 > 民国九年 > 壹圆 > 精发,袁世凯像壹圆
1211704673_front_crop.jpg,1211704673_back_crop.jpg,58,机制银币 > 民国中央 > 袁世凯像 > 民国九年 > 壹圆 > 精发,袁世凯像壹圆
1211704689_front_crop.jpg,1211704689_back_crop.jpg,58,机制银币 > 民国中央 > 袁世凯像 > 民国九年 > 壹圆 > 精发,袁世凯像壹圆
1211704695_front_crop.jpg,1211704695_back_crop.jpg,58,机制银币 > 民国中央 > 袁世凯像 > 民国九年 > 壹圆 > 精发,袁世凯像壹圆
1211704705_front_crop.jpg,1211704705_back_crop.jpg,58,机制银币 > 民国中央 > 袁世凯像 > 民国九年 > 壹圆 > 精发,袁世凯像壹圆
1211704753_front_crop.jpg,1211704753_back_crop.jpg,58,机制银币 > 民国中央 > 袁世凯像 > 民国九年 > 壹圆 > 精发,袁世凯像壹圆
1211704757_front_crop.jpg,1211704757_back_crop.jpg,58,机制银币 > 民国中央 > 袁世凯像 > 民国九年 > 壹圆 > 精发,袁世凯像壹圆
1211704803_front_crop.jpg,1211704803_back_crop.jpg,58,机制银币 > 民国中央 > 袁世凯像 > 民国九年 > 壹圆 > 精发,袁世凯像壹圆
1211704827_front_crop.jpg,1211704827_back_crop.jpg,58,机制银币 > 民国中央 > 袁世凯像 > 民国九年 > 壹圆 > 精发,袁世凯像壹圆
1211704845_front_crop.jpg,1211704845_back_crop.jpg,58,机制银币 > 民国中央 > 袁世凯像 > 民国九年 > 壹圆 > 精发,袁世凯像壹圆
1211704849_front_crop.jpg,1211704849_back_crop.jpg,58,机制银币 > 民国中央 > 袁世凯像 > 民国九年 > 壹圆 > 精发,袁世凯像壹圆
1211704859_front_crop.jpg,1211704859_back_crop.jpg,58,机制银币 > 民国中央 > 袁世凯像 > 民国九年 > 壹圆 > 精发,袁世凯像壹圆
1211704883_front_crop.jpg,1211704883_back_crop.jpg,58,机制银币 > 民国中央 > 袁世凯像 > 民国九年 > 壹圆 > 精发,袁世凯像壹圆
1211704893_front_crop.jpg,1211704893_back_crop.jpg,18,机制银币 > 地方省造 > 东三省造 > 光绪元宝 > 七钱二分,东三省造二角
1211704903_front_crop.jpg,1211704903_back_crop.jpg,58,机制银币 > 民国中央 > 袁世凯像 > 民国九年 > 壹圆 > 精发,袁世凯像壹圆
1211704919_front_crop.jpg,1211704919_back_crop.jpg,46,机制银币 > 地方省造 > 北洋造 > 光绪24年 > 壹圆,北洋局造一圆
1211704935_front_crop.jpg,1211704935_back_crop.jpg,58,机制银币 > 民国中央 > 袁世凯像 > 民国九年 > 壹圆 > 精发,袁世凯像壹圆
1211704985_front_crop.jpg,1211704985_back_crop.jpg,58,机制银币 > 民国中央 > 袁世凯像 > 民国九年 > 壹圆 > 精发,袁世凯像壹圆
1211704989_front_crop.jpg,1211704989_back_crop.jpg,58,机制银币 > 民国中央 > 袁世凯像 > 民国九年 > 壹圆 > 精发,袁世凯像壹圆
1211705013_front_crop.jpg,1211705013_back_crop.jpg,87,机制银币 > 清代中央 > 光绪年造 > 丁未大清银币 > 壹圆,大清银币壹圆
1211705021_front_crop.jpg,1211705021_back_crop.jpg,58,机制银币 > 民国中央 > 袁世凯像 > 民国九年 > 壹圆 > 精发,袁世凯像壹圆
1211705025_front_crop.jpg,1211705025_back_crop.jpg,70,机制银币 > 民国中央 > 孙中山像 > 开国纪念 > 壹圆 > 下五星,开国纪念壹圆
1211705029_front_crop.jpg,1211705029_back_crop.jpg,85,机制银币 > 纪念币 > 唐继尧像 > 拥护共和 > 三钱六分 > 正像,唐继尧像半圆
1211705035_front_crop.jpg,1211705035_back_crop.jpg,70,机制银币 > 民国中央 > 孙中山像 > 开国纪念 > 壹圆 > 下五星,开国纪念壹圆
1211705043_front_crop.jpg,1211705043_back_crop.jpg,70,机制银币 > 民国中央 > 孙中山像 > 开国纪念 > 壹圆 > 下五星,开国纪念壹圆
1211705045_front_crop.jpg,1211705045_back_crop.jpg,70,机制银币 > 民国中央 > 孙中山像 > 开国纪念 > 壹圆 > 下五星,开国纪念壹圆
1211705057_front_crop.jpg,1211705057_back_crop.jpg,46,机制银币 > 地方省造 > 北洋造 > 光绪24年 > 壹圆,北洋局造一圆
1211705077_front_crop.jpg,1211705077_back_crop.jpg,58,机制银币 > 民国中央 > 袁世凯像 > 民国九年 > 壹圆 > 精发,袁世凯像壹圆
1211705079_front_crop.jpg,1211705079_back_crop.jpg,58,机制银币 > 民国中央 > 袁世凯像 > 民国九年 > 壹圆 > 精发,袁世凯像壹圆
1211705101_front_crop.jpg,1211705101_back_crop.jpg,55,机制银币 > 地方省造 > 广东省造 > 光绪元宝 > 三钱六分,广东省造一角
1211705105_front_crop.jpg,1211705105_back_crop.jpg,87,机制银币 > 清代中央 > 光绪年造 > 丁未大清银币 > 壹圆,大清银币壹圆
1211705117_front_crop.jpg,1211705117_back_crop.jpg,12,机制银币 > 地方省造 > 云南省造 > 光绪元宝 > 七钱二分 > 老龙,云南省造半圆
1211705119_front_crop.jpg,1211705119_back_crop.jpg,12,机制银币 > 地方省造 > 云南省造 > 光绪元宝 > 七钱二分 > 老龙,云南省造半圆
1211705121_front_crop.jpg,1211705121_back_crop.jpg,12,机制银币 > 地方省造 > 云南省造 > 光绪元宝 > 七钱二分 > 老龙,云南省造半圆
1211705139_front_crop.jpg,1211705139_back_crop.jpg,58,机制银币 > 民国中央 > 袁世凯像 > 民国九年 > 壹圆 > 精发,袁世凯像壹圆
1211705191_front_crop.jpg,1211705191_back_crop.jpg,70,机制银币 > 民国中央 > 孙中山像 > 开国纪念 > 壹圆 > 下五星,开国纪念壹圆
1211705217_front_crop.jpg,1211705217_back_crop.jpg,58,机制银币 > 民国中央 > 袁世凯像 > 民国九年 > 壹圆 > 精发,袁世凯像壹圆
1211705219_front_crop.jpg,1211705219_back_crop.jpg,87,机制银币 > 清代中央 > 光绪年造 > 丁未大清银币 > 壹圆,大清银币壹圆
1211705221_front_crop.jpg,1211705221_back_crop.jpg,87,机制银币 > 清代中央 > 光绪年造 > 丁未大清银币 > 壹圆,大清银币壹圆
1211705223_front_crop.jpg,1211705223_back_crop.jpg,87,机制银币 > 清代中央 > 光绪年造 > 丁未大清银币 > 壹圆,大清银币壹圆
1211705257_front_crop.jpg,1211705257_back_crop.jpg,70,机制银币 > 民国中央 > 孙中山像 > 开国纪念 > 壹圆 > 下五星,开国纪念壹圆
1211705261_front_crop.jpg,1211705261_back_crop.jpg,58,机制银币 > 民国中央 > 袁世凯像 > 民国九年 > 壹圆 > 精发,袁世凯像壹圆
1211705267_front_crop.jpg,1211705267_back_crop.jpg,58,机制银币 > 民国中央 > 袁世凯像 > 民国九年 > 壹圆 > 精发,袁世凯像壹圆
1211705275_front_crop.jpg,1211705275_back_crop.jpg,58,机制银币 > 民国中央 > 袁世凯像 > 民国九年 > 壹圆 > 精发,袁世凯像壹圆
1211705303_front_crop.jpg,1211705303_back_crop.jpg,58,机制银币 > 民国中央 > 袁世凯像 > 民国九年 > 壹圆 > 精发,袁世凯像壹圆
1211705435_front_crop.jpg,1211705435_back_crop.jpg,58,机制银币 > 民国中央 > 袁世凯像 > 民国九年 > 壹圆 > 精发,袁世凯像壹圆
1211705449_front_crop.jpg,1211705449_back_crop.jpg,58,机制银币 > 民国中央 > 袁世凯像 > 民国九年 > 壹圆 > 精发,袁世凯像壹圆
1211705481_front_crop.jpg,1211705481_back_crop.jpg,12,机制银币 > 地方省造 > 云南省造 > 光绪元宝 > 七钱二分 > 老龙,云南省造半圆
1211705485_front_crop.jpg,1211705485_back_crop.jpg,58,机制银币 > 民国中央 > 袁世凯像 > 民国九年 > 壹圆 > 精发,袁世凯像壹圆
1211705487_front_crop.jpg,1211705487_back_crop.jpg,70,机制银币 > 民国中央 > 孙中山像 > 开国纪念 > 壹圆 > 下五星,开国纪念壹圆
1211705545_front_crop.jpg,1211705545_back_crop.jpg,58,机制银币 > 民国中央 > 袁世凯像 > 民国九年 > 壹圆 > 精发,袁世凯像壹圆
1211705585_front_crop.jpg,1211705585_back_crop.jpg,70,机制银币 > 民国中央 > 孙中山像 > 开国纪念 > 壹圆 > 下五星,开国纪念壹圆
1211705589_front_crop.jpg,1211705589_back_crop.jpg,58,机制银币 > 民国中央 > 袁世凯像 > 民国九年 > 壹圆 > 精发,袁世凯像壹圆
1211705599_front_crop.jpg,1211705599_back_crop.jpg,70,机制银币 > 民国中央 > 孙中山像 > 开国纪念 > 壹圆 > 下五星,开国纪念壹圆
1211705605_front_crop.jpg,1211705605_back_crop.jpg,58,机制银币 > 民国中央 > 袁世凯像 > 民国九年 > 壹圆 > 精发,袁世凯像壹圆
1211705633_front_crop.jpg,1211705633_back_crop.jpg,58,机制银币 > 民国中央 > 袁世凯像 > 民国九年 > 壹圆 > 精发,袁世凯像壹圆
1211705641_front_crop.jpg,1211705641_back_crop.jpg,58,机制银币 > 民国中央 > 袁世凯像 > 民国九年 > 壹圆 > 精发,袁世凯像壹圆
1211705645_front_crop.jpg,1211705645_back_crop.jpg,58,机制银币 > 民国中央 > 袁世凯像 > 民国九年 > 壹圆 > 精发,袁世凯像壹圆
1211705679_front_crop.jpg,1211705679_back_crop.jpg,58,机制银币 > 民国中央 > 袁世凯像 > 民国九年 > 壹圆 > 精发,袁世凯像壹圆
1211705689_front_crop.jpg,1211705689_back_crop.jpg,70,机制银币 > 民国中央 > 孙中山像 > 开国纪念 > 壹圆 > 下五星,开国纪念壹圆
1211705691_front_crop.jpg,1211705691_back_crop.jpg,58,机制银币 > 民国中央 > 袁世凯像 > 民国九年 > 壹圆 > 精发,袁世凯像壹圆
1211705703_front_crop.jpg,1211705703_back_crop.jpg,2,机制银币 > 地方省造 > 四川省造 > 光绪帝像 > 卢比 > 一期,香港一毫
1211705705_front_crop.jpg,1211705705_back_crop.jpg,58,机制银币 > 民国中央 > 袁世凯像 > 民国九年 > 壹圆 > 精发,袁世凯像壹圆
1211705713_front_crop.jpg,1211705713_back_crop.jpg,58,机制银币 > 民国中央 > 袁世凯像 > 民国九年 > 壹圆 > 精发,袁世凯像壹圆
1211705745_front_crop.jpg,1211705745_back_crop.jpg,58,机制银币 > 民国中央 > 袁世凯像 > 民国九年 > 壹圆 > 精发,袁世凯像壹圆
1211705757_front_crop.jpg,1211705757_back_crop.jpg,58,机制银币 > 民国中央 > 袁世凯像 > 民国九年 > 壹圆 > 精发,袁世凯像壹角
1211705759_front_crop.jpg,1211705759_back_crop.jpg,12,机制银币 > 地方省造 > 云南省造 > 光绪元宝 > 七钱二分 > 老龙,云南省造半圆
1211705761_front_crop.jpg,1211705761_back_crop.jpg,58,机制银币 > 民国中央 > 袁世凯像 > 民国九年 > 壹圆 > 精发,袁世凯像中圆
1211705763_front_crop.jpg,1211705763_back_crop.jpg,85,机制银币 > 纪念币 > 唐继尧像 > 拥护共和 > 三钱六分 > 正像,唐继尧像半圆
1211705765_front_crop.jpg,1211705765_back_crop.jpg,0,机制银币 > 地方省造 > 四川省造 > 军政府 > 壹圆 > 普通,四川省造卢比
1211705783_front_crop.jpg,1211705783_back_crop.jpg,58,机制银币 > 民国中央 > 袁世凯像 > 民国九年 > 壹圆 > 精发,袁世凯像壹圆
1211705793_front_crop.jpg,1211705793_back_crop.jpg,69,机制银币 > 民国中央 > 孙中山像 > 民国17年 > 壹圆 > 甘肃省造,孙中山像壹圆
1211705795_front_crop.jpg,1211705795_back_crop.jpg,46,机制银币 > 地方省造 > 北洋造 > 光绪24年 > 壹圆,北洋局造一圆
1211705797_front_crop.jpg,1211705797_back_crop.jpg,46,机制银币 > 地方省造 > 北洋造 > 光绪24年 > 壹圆,北洋局造一圆
1211705799_front_crop.jpg,1211705799_back_crop.jpg,87,机制银币 > 清代中央 > 光绪年造 > 丁未大清银币 > 壹圆,大清银币壹圆
1211705803_front_crop.jpg,1211705803_back_crop.jpg,0,机制银币 > 地方省造 > 四川省造 > 军政府 > 壹圆 > 普通,四川省造一圆
1211705815_front_crop.jpg,1211705815_back_crop.jpg,58,机制银币 > 民国中央 > 袁世凯像 > 民国九年 > 壹圆 > 精发,袁世凯像壹圆
1211705859_front_crop.jpg,1211705859_back_crop.jpg,58,机制银币 > 民国中央 > 袁世凯像 > 民国九年 > 壹圆 > 精发,袁世凯像壹圆
1211705861_front_crop.jpg,1211705861_back_crop.jpg,58,机制银币 > 民国中央 > 袁世凯像 > 民国九年 > 壹圆 > 精发,袁世凯像壹圆
1211705875_front_crop.jpg,1211705875_back_crop.jpg,69,机制银币 > 民国中央 > 孙中山像 > 民国17年 > 壹圆 > 甘肃省造,孙中山像壹圆
1211705879_front_crop.jpg,1211705879_back_crop.jpg,58,机制银币 > 民国中央 > 袁世凯像 > 民国九年 > 壹圆 > 精发,袁世凯像壹圆
1211705883_front_crop.jpg,1211705883_back_crop.jpg,58,机制银币 > 民国中央 > 袁世凯像 > 民国九年 > 壹圆 > 精发,袁世凯像壹圆
1211705891_front_crop.jpg,1211705891_back_crop.jpg,9,机制银币 > 地方省造 > 湖北省造 > 双龙 > 一两 > 小字,西藏银币十两
1211705893_front_crop.jpg,1211705893_back_crop.jpg,9,机制银币 > 地方省造 > 湖北省造 > 双龙 > 一两 > 小字,西藏银币十两
1211705899_front_crop.jpg,1211705899_back_crop.jpg,46,机制银币 > 地方省造 > 北洋造 > 光绪24年 > 壹圆,北洋局造一圆
1211705905_front_crop.jpg,1211705905_back_crop.jpg,58,机制银币 > 民国中央 > 袁世凯像 > 民国九年 > 壹圆 > 精发,袁世凯像壹圆
1211705911_front_crop.jpg,1211705911_back_crop.jpg,58,机制银币 > 民国中央 > 袁世凯像 > 民国九年 > 壹圆 > 精发,袁世凯像贰角
1211705915_front_crop.jpg,1211705915_back_crop.jpg,69,机制银币 > 民国中央 > 孙中山像 > 民国17年 > 壹圆 > 甘肃省造,孙中山像壹圆
1211705943_front_crop.jpg,1211705943_back_crop.jpg,58,机制银币 > 民国中央 > 袁世凯像 > 民国九年 > 壹圆 > 精发,袁世凯像壹圆
1211705955_front_crop.jpg,1211705955_back_crop.jpg,58,机制银币 > 民国中央 > 袁世凯像 > 民国九年 > 壹圆 > 精发,袁世凯像壹圆
1211705967_front_crop.jpg,1211705967_back_crop.jpg,70,机制银币 > 民国中央 > 孙中山像 > 开国纪念 > 壹圆 > 下五星,开国纪念壹圆
1211705971_front_crop.jpg,1211705971_back_crop.jpg,70,机制银币 > 民国中央 > 孙中山像 > 开国纪念 > 壹圆 > 下五星,开国纪念壹圆
1211705973_front_crop.jpg,1211705973_back_crop.jpg,70,机制银币 > 民国中央 > 孙中山像 > 开国纪念 > 壹圆 > 下五星,开国纪念壹圆
1211705997_front_crop.jpg,1211705997_back_crop.jpg,18,机制银币 > 地方省造 > 东三省造 > 光绪元宝 > 七钱二分,东三省造二角
1211706007_front_crop.jpg,1211706007_back_crop.jpg,58,机制银币 > 民国中央 > 袁世凯像 > 民国九年 > 壹圆 > 精发,袁世凯像壹圆
1211706035_front_crop.jpg,1211706035_back_crop.jpg,58,机制银币 > 民国中央 > 袁世凯像 > 民国九年 > 壹圆 > 精发,袁世凯像壹圆
1211706039_front_crop.jpg,1211706039_back_crop.jpg,58,机制银币 > 民国中央 > 袁世凯像 > 民国九年 > 壹圆 > 精发,袁世凯像壹圆
1211706051_front_crop.jpg,1211706051_back_crop.jpg,58,机制银币 > 民国中央 > 袁世凯像 > 民国九年 > 壹圆 > 精发,袁世凯像壹圆
1211706055_front_crop.jpg,1211706055_back_crop.jpg,0,机制银币 > 地方省造 > 四川省造 > 军政府 > 壹圆 > 普通,袁像共和壹圆
1211706065_front_crop.jpg,1211706065_back_crop.jpg,58,机制银币 > 民国中央 > 袁世凯像 > 民国九年 > 壹圆 > 精发,袁世凯像壹圆
1211706073_front_crop.jpg,1211706073_back_crop.jpg,55,机制银币 > 地方省造 > 广东省造 > 光绪元宝 > 三钱六分,广东省造二角
1211706093_front_crop.jpg,1211706093_back_crop.jpg,87,机制银币 > 清代中央 > 光绪年造 > 丁未大清银币 > 壹圆,大清银币壹圆
1211706107_front_crop.jpg,1211706107_back_crop.jpg,70,机制银币 > 民国中央 > 孙中山像 > 开国纪念 > 壹圆 > 下五星,开国纪念壹圆
1211706139_front_crop.jpg,1211706139_back_crop.jpg,12,机制银币 > 地方省造 > 云南省造 > 光绪元宝 > 七钱二分 > 老龙,云南省造半圆
1211706141_front_crop.jpg,1211706141_back_crop.jpg,12,机制银币 > 地方省造 > 云南省造 > 光绪元宝 > 七钱二分 > 老龙,云南省造半圆
1211706159_front_crop.jpg,1211706159_back_crop.jpg,58,机制银币 > 民国中央 > 袁世凯像 > 民国九年 > 壹圆 > 精发,袁世凯像壹圆
1211706163_front_crop.jpg,1211706163_back_crop.jpg,58,机制银币 > 民国中央 > 袁世凯像 > 民国九年 > 壹圆 > 精发,袁世凯像壹圆
1211706165_front_crop.jpg,1211706165_back_crop.jpg,58,机制银币 > 民国中央 > 袁世凯像 > 民国九年 > 壹圆 > 精发,袁世凯像壹圆
1211706235_front_crop.jpg,1211706235_back_crop.jpg,58,机制银币 > 民国中央 > 袁世凯像 > 民国九年 > 壹圆 > 精发,袁世凯像壹圆
1211706243_front_crop.jpg,1211706243_back_crop.jpg,46,机制银币 > 地方省造 > 北洋造 > 光绪24年 > 壹圆,北洋局造一圆
1211706247_front_crop.jpg,1211706247_back_crop.jpg,58,机制银币 > 民国中央 > 袁世凯像 > 民国九年 > 壹圆 > 精发,袁世凯像壹圆
1211706253_front_crop.jpg,1211706253_back_crop.jpg,58,机制银币 > 民国中央 > 袁世凯像 > 民国九年 > 壹圆 > 精发,袁世凯像壹圆
1211706255_front_crop.jpg,1211706255_back_crop.jpg,12,机制银币 > 地方省造 > 云南省造 > 光绪元宝 > 七钱二分 > 老龙,云南省造半圆
1211706269_front_crop.jpg,1211706269_back_crop.jpg,58,机制银币 > 民国中央 > 袁世凯像 > 民国九年 > 壹圆 > 精发,袁世凯像壹圆
1211706283_front_crop.jpg,1211706283_back_crop.jpg,58,机制银币 > 民国中央 > 袁世凯像 > 民国九年 > 壹圆 > 精发,袁世凯像壹圆
1211706309_front_crop.jpg,1211706309_back_crop.jpg,69,机制银币 > 民国中央 > 孙中山像 > 民国17年 > 壹圆 > 甘肃省造,孙中山像壹圆
1211706311_front_crop.jpg,1211706311_back_crop.jpg,2,机制银币 > 地方省造 > 四川省造 > 光绪帝像 > 卢比 > 一期,光绪银圆喀什伍钱
1211706327_front_crop.jpg,1211706327_back_crop.jpg,58,机制银币 > 民国中央 > 袁世凯像 > 民国九年 > 壹圆 > 精发,袁世凯像壹圆
1211706331_front_crop.jpg,1211706331_back_crop.jpg,70,机制银币 > 民国中央 > 孙中山像 > 开国纪念 > 壹圆 > 下五星,开国纪念壹圆
1211706403_front_crop.jpg,1211706403_back_crop.jpg,58,机制银币 > 民国中央 > 袁世凯像 > 民国九年 > 壹圆 > 精发,袁世凯像壹圆
1211706475_front_crop.jpg,1211706475_back_crop.jpg,69,机制银币 > 民国中央 > 孙中山像 > 民国17年 > 壹圆 > 甘肃省造,孙中山像壹圆
1211706511_front_crop.jpg,1211706511_back_crop.jpg,69,机制银币 > 民国中央 > 孙中山像 > 民国17年 > 壹圆 > 甘肃省造,孙中山像壹圆
1211706519_front_crop.jpg,1211706519_back_crop.jpg,58,机制银币 > 民国中央 > 袁世凯像 > 民国九年 > 壹圆 > 精发,袁世凯像壹圆
1211706527_front_crop.jpg,1211706527_back_crop.jpg,69,机制银币 > 民国中央 > 孙中山像 > 民国17年 > 壹圆 > 甘肃省造,孙中山像壹圆
1211706565_front_crop.jpg,1211706565_back_crop.jpg,12,机制银币 > 地方省造 > 云南省造 > 光绪元宝 > 七钱二分 > 老龙,云南省造半圆
1211706573_front_crop.jpg,1211706573_back_crop.jpg,58,机制银币 > 民国中央 > 袁世凯像 > 民国九年 > 壹圆 > 精发,袁世凯像壹圆
1211706575_front_crop.jpg,1211706575_back_crop.jpg,46,机制银币 > 地方省造 > 北洋造 > 光绪24年 > 壹圆,北洋局造一圆
1211706579_front_crop.jpg,1211706579_back_crop.jpg,58,机制银币 > 民国中央 > 袁世凯像 > 民国九年 > 壹圆 > 精发,袁世凯像壹圆
1211706589_front_crop.jpg,1211706589_back_crop.jpg,91,机制银币 > 纪念章 > 孙中山像,西藏章嘎嘎布
1211706593_front_crop.jpg,1211706593_back_crop.jpg,58,机制银币 > 民国中央 > 袁世凯像 > 民国九年 > 壹圆 > 精发,袁世凯像壹圆
1211706607_front_crop.jpg,1211706607_back_crop.jpg,0,机制银币 > 地方省造 > 四川省造 > 军政府 > 壹圆 > 普通,四川省造卢比
1211706623_front_crop.jpg,1211706623_back_crop.jpg,58,机制银币 > 民国中央 > 袁世凯像 > 民国九年 > 壹圆 > 精发,袁世凯像壹圆
1211706625_front_crop.jpg,1211706625_back_crop.jpg,58,机制银币 > 民国中央 > 袁世凯像 > 民国九年 > 壹圆 > 精发,袁世凯像壹圆
1211706635_front_crop.jpg,1211706635_back_crop.jpg,58,机制银币 > 民国中央 > 袁世凯像 > 民国九年 > 壹圆 > 精发,袁世凯像壹圆
1211706637_front_crop.jpg,1211706637_back_crop.jpg,58,机制银币 > 民国中央 > 袁世凯像 > 民国九年 > 壹圆 > 精发,袁世凯像壹圆
1211706649_front_crop.jpg,1211706649_back_crop.jpg,46,机制银币 > 地方省造 > 北洋造 > 光绪24年 > 壹圆,北洋局造一圆
1211706651_front_crop.jpg,1211706651_back_crop.jpg,46,机制银币 > 地方省造 > 北洋造 > 光绪24年 > 壹圆,北洋局造一圆
1211706653_front_crop.jpg,1211706653_back_crop.jpg,46,机制银币 > 地方省造 > 北洋造 > 光绪24年 > 壹圆,北洋局造一圆
1211706655_front_crop.jpg,1211706655_back_crop.jpg,55,机制银币 > 地方省造 > 广东省造 > 光绪元宝 > 三钱六分,广东省造一圆
1211706657_front_crop.jpg,1211706657_back_crop.jpg,7,机制银币 > 地方省造 > 湖北省造 > 光绪元宝 > 七钱二分 > 普通,湖北省造一圆
1211706743_front_crop.jpg,1211706743_back_crop.jpg,58,机制银币 > 民国中央 > 袁世凯像 > 民国九年 > 壹圆 > 精发,袁世凯像壹圆
1211706745_front_crop.jpg,1211706745_back_crop.jpg,58,机制银币 > 民国中央 > 袁世凯像 > 民国九年 > 壹圆 > 精发,袁世凯像壹圆
1211706755_front_crop.jpg,1211706755_back_crop.jpg,58,机制银币 > 民国中央 > 袁世凯像 > 民国九年 > 壹圆 > 精发,袁世凯像壹圆
1211706763_front_crop.jpg,1211706763_back_crop.jpg,58,机制银币 > 民国中央 > 袁世凯像 > 民国九年 > 壹圆 > 精发,袁世凯像壹圆
1211706767_front_crop.jpg,1211706767_back_crop.jpg,69,机制银币 > 民国中央 > 孙中山像 > 民国17年 > 壹圆 > 甘肃省造,孙中山像壹圆
1211706787_front_crop.jpg,1211706787_back_crop.jpg,12,机制银币 > 地方省造 > 云南省造 > 光绪元宝 > 七钱二分 > 老龙,云南省造一圆
1211706801_front_crop.jpg,1211706801_back_crop.jpg,0,机制银币 > 地方省造 > 四川省造 > 军政府 > 壹圆 > 普通,四川银币壹圆
1211706803_front_crop.jpg,1211706803_back_crop.jpg,0,机制银币 > 地方省造 > 四川省造 > 军政府 > 壹圆 > 普通,四川银币壹圆
1211706811_front_crop.jpg,1211706811_back_crop.jpg,12,机制银币 > 地方省造 > 云南省造 > 光绪元宝 > 七钱二分 > 老龙,云南省造半圆
1211706817_front_crop.jpg,1211706817_back_crop.jpg,52,机制银币 > 地方省造 > 新疆省造 > 造币厂铸 > 壹圆 > 尖足1,新疆省造壹圆
1211706823_front_crop.jpg,1211706823_back_crop.jpg,9,机制银币 > 地方省造 > 湖北省造 > 双龙 > 一两 > 小字,西藏银币十两
1211706837_front_crop.jpg,1211706837_back_crop.jpg,7,机制银币 > 地方省造 > 湖北省造 > 光绪元宝 > 七钱二分 > 普通,湖北省造一圆
1211706895_front_crop.jpg,1211706895_back_crop.jpg,70,机制银币 > 民国中央 > 孙中山像 > 开国纪念 > 壹圆 > 下五星,开国纪念壹圆
1211706909_front_crop.jpg,1211706909_back_crop.jpg,58,机制银币 > 民国中央 > 袁世凯像 > 民国九年 > 壹圆 > 精发,袁世凯像壹圆
1211706923_front_crop.jpg,1211706923_back_crop.jpg,12,机制银币 > 地方省造 > 云南省造 > 光绪元宝 > 七钱二分 > 老龙,云南省造半圆
1211706927_front_crop.jpg,1211706927_back_crop.jpg,12,机制银币 > 地方省造 > 云南省造 > 光绪元宝 > 七钱二分 > 老龙,云南省造贰角
1211706935_front_crop.jpg,1211706935_back_crop.jpg,9,机制银币 > 地方省造 > 湖北省造 > 双龙 > 一两 > 小字,西藏银币十两
1211706937_front_crop.jpg,1211706937_back_crop.jpg,9,机制银币 > 地方省造 > 湖北省造 > 双龙 > 一两 > 小字,西藏银币十两
1211706939_front_crop.jpg,1211706939_back_crop.jpg,9,机制银币 > 地方省造 > 湖北省造 > 双龙 > 一两 > 小字,西藏银币十两
1211706941_front_crop.jpg,1211706941_back_crop.jpg,9,机制银币 > 地方省造 > 湖北省造 > 双龙 > 一两 > 小字,西藏银币十两
1211706955_front_crop.jpg,1211706955_back_crop.jpg,58,机制银币 > 民国中央 > 袁世凯像 > 民国九年 > 壹圆 > 精发,袁世凯像壹圆
1211706959_front_crop.jpg,1211706959_back_crop.jpg,69,机制银币 > 民国中央 > 孙中山像 > 民国17年 > 壹圆 > 甘肃省造,孙中山像壹圆
1211706997_front_crop.jpg,1211706997_back_crop.jpg,69,机制银币 > 民国中央 > 孙中山像 > 民国17年 > 壹圆 > 甘肃省造,孙中山像壹圆
1211707041_front_crop.jpg,1211707041_back_crop.jpg,70,机制银币 > 民国中央 > 孙中山像 > 开国纪念 > 壹圆 > 下五星,开国纪念壹圆
1211707043_front_crop.jpg,1211707043_back_crop.jpg,58,机制银币 > 民国中央 > 袁世凯像 > 民国九年 > 壹圆 > 精发,袁世凯像壹圆
1211707045_front_crop.jpg,1211707045_back_crop.jpg,58,机制银币 > 民国中央 > 袁世凯像 > 民国九年 > 壹圆 > 精发,袁世凯像壹圆
1211707047_front_crop.jpg,1211707047_back_crop.jpg,58,机制银币 > 民国中央 > 袁世凯像 > 民国九年 > 壹圆 > 精发,袁世凯像壹圆
1211707053_front_crop.jpg,1211707053_back_crop.jpg,58,机制银币 > 民国中央 > 袁世凯像 > 民国九年 > 壹圆 > 精发,袁世凯像壹圆
1211707075_front_crop.jpg,1211707075_back_crop.jpg,58,机制银币 > 民国中央 > 袁世凯像 > 民国九年 > 壹圆 > 精发,袁世凯像壹圆
1211707079_front_crop.jpg,1211707079_back_crop.jpg,58,机制银币 > 民国中央 > 袁世凯像 > 民国九年 > 壹圆 > 精发,袁世凯像壹圆
1211707191_front_crop.jpg,1211707191_back_crop.jpg,69,机制银币 > 民国中央 > 孙中山像 > 民国17年 > 壹圆 > 甘肃省造,孙中山像壹圆
1211707201_front_crop.jpg,1211707201_back_crop.jpg,70,机制银币 > 民国中央 > 孙中山像 > 开国纪念 > 壹圆 > 下五星,开国纪念壹圆
1211707207_front_crop.jpg,1211707207_back_crop.jpg,55,机制银币 > 地方省造 > 广东省造 > 光绪元宝 > 三钱六分,广东省造二角
1211707241_front_crop.jpg,1211707241_back_crop.jpg,58,机制银币 > 民国中央 > 袁世凯像 > 民国九年 > 壹圆 > 精发,袁世凯像壹圆
1211707269_front_crop.jpg,1211707269_back_crop.jpg,69,机制银币 > 民国中央 > 孙中山像 > 民国17年 > 壹圆 > 甘肃省造,孙中山像壹圆
1211707281_front_crop.jpg,1211707281_back_crop.jpg,85,机制银币 > 纪念币 > 唐继尧像 > 拥护共和 > 三钱六分 > 正像,唐继尧像半圆
1211707283_front_crop.jpg,1211707283_back_crop.jpg,12,机制银币 > 地方省造 > 云南省造 > 光绪元宝 > 七钱二分 > 老龙,云南省造贰角
1211707301_front_crop.jpg,1211707301_back_crop.jpg,58,机制银币 > 民国中央 > 袁世凯像 > 民国九年 > 壹圆 > 精发,袁世凯像壹圆
1211707333_front_crop.jpg,1211707333_back_crop.jpg,27,机制银币 > 地方省造 > 江南省造 > 甲辰 > 七钱二分 > 普通,江南省造一圆
1211707337_front_crop.jpg,1211707337_back_crop.jpg,12,机制银币 > 地方省造 > 云南省造 > 光绪元宝 > 七钱二分 > 老龙,云南省造半圆
1211707371_front_crop.jpg,1211707371_back_crop.jpg,58,机制银币 > 民国中央 > 袁世凯像 > 民国九年 > 壹圆 > 精发,袁世凯像壹圆
1211707377_front_crop.jpg,1211707377_back_crop.jpg,58,机制银币 > 民国中央 > 袁世凯像 > 民国九年 > 壹圆 > 精发,袁世凯像壹圆
1211707385_front_crop.jpg,1211707385_back_crop.jpg,69,机制银币 > 民国中央 > 孙中山像 > 民国17年 > 壹圆 > 甘肃省造,孙中山像壹圆
1211707439_front_crop.jpg,1211707439_back_crop.jpg,58,机制银币 > 民国中央 > 袁世凯像 > 民国九年 > 壹圆 > 精发,袁世凯像壹圆
1211707441_front_crop.jpg,1211707441_back_crop.jpg,58,机制银币 > 民国中央 > 袁世凯像 > 民国九年 > 壹圆 > 精发,袁世凯像壹圆
1211707457_front_crop.jpg,1211707457_back_crop.jpg,58,机制银币 > 民国中央 > 袁世凯像 > 民国九年 > 壹圆 > 精发,袁世凯像壹圆
1211707481_front_crop.jpg,1211707481_back_crop.jpg,70,机制银币 > 民国中央 > 孙中山像 > 开国纪念 > 壹圆 > 下五星,开国纪念壹圆
1211707485_front_crop.jpg,1211707485_back_crop.jpg,58,机制银币 > 民国中央 > 袁世凯像 > 民国九年 > 壹圆 > 精发,袁世凯像壹圆
1211707507_front_crop.jpg,1211707507_back_crop.jpg,58,机制银币 > 民国中央 > 袁世凯像 > 民国九年 > 壹圆 > 精发,袁世凯像壹圆
1211707547_front_crop.jpg,1211707547_back_crop.jpg,0,机制银币 > 地方省造 > 四川省造 > 军政府 > 壹圆 > 普通,四川银币壹圆
1211707549_front_crop.jpg,1211707549_back_crop.jpg,58,机制银币 > 民国中央 > 袁世凯像 > 民国九年 > 壹圆 > 精发,袁世凯像壹圆
1211707589_front_crop.jpg,1211707589_back_crop.jpg,87,机制银币 > 清代中央 > 光绪年造 > 丁未大清银币 > 壹圆,大清银币壹圆
1211707595_front_crop.jpg,1211707595_back_crop.jpg,58,机制银币 > 民国中央 > 袁世凯像 > 民国九年 > 壹圆 > 精发,袁世凯像壹圆
1211707597_front_crop.jpg,1211707597_back_crop.jpg,58,机制银币 > 民国中央 > 袁世凯像 > 民国九年 > 壹圆 > 精发,袁世凯像壹圆
1211707599_front_crop.jpg,1211707599_back_crop.jpg,58,机制银币 > 民国中央 > 袁世凯像 > 民国九年 > 壹圆 > 精发,袁世凯像壹圆
1211707603_front_crop.jpg,1211707603_back_crop.jpg,41,机制银币 > 地方省造 > 奉天省造 > 光绪25年 > 一圆 > 有圈,造币总厂一圆
1211707605_front_crop.jpg,1211707605_back_crop.jpg,41,机制银币 > 地方省造 > 奉天省造 > 光绪25年 > 一圆 > 有圈,造币总厂一圆
1211707611_front_crop.jpg,1211707611_back_crop.jpg,46,机制银币 > 地方省造 > 北洋造 > 光绪24年 > 壹圆,北洋局造一圆
1211707621_front_crop.jpg,1211707621_back_crop.jpg,27,机制银币 > 地方省造 > 江南省造 > 甲辰 > 七钱二分 > 普通,江南省造一圆
1211707687_front_crop.jpg,1211707687_back_crop.jpg,85,机制银币 > 纪念币 > 唐继尧像 > 拥护共和 > 三钱六分 > 正像,唐继尧像半圆
1211707739_front_crop.jpg,1211707739_back_crop.jpg,18,机制银币 > 地方省造 > 东三省造 > 光绪元宝 > 七钱二分,东三省造二角
1211707749_front_crop.jpg,1211707749_back_crop.jpg,58,机制银币 > 民国中央 > 袁世凯像 > 民国九年 > 壹圆 > 精发,袁世凯像壹角
1211707769_front_crop.jpg,1211707769_back_crop.jpg,58,机制银币 > 民国中央 > 袁世凯像 > 民国九年 > 壹圆 > 精发,袁世凯像壹圆
1211707777_front_crop.jpg,1211707777_back_crop.jpg,27,机制银币 > 地方省造 > 江南省造 > 甲辰 > 七钱二分 > 普通,江南省造一圆
1211707779_front_crop.jpg,1211707779_back_crop.jpg,27,机制银币 > 地方省造 > 江南省造 > 甲辰 > 七钱二分 > 普通,江南省造一圆
1211707783_front_crop.jpg,1211707783_back_crop.jpg,41,机制银币 > 地方省造 > 奉天省造 > 光绪25年 > 一圆 > 有圈,造币总厂一圆
1211707787_front_crop.jpg,1211707787_back_crop.jpg,87,机制银币 > 清代中央 > 光绪年造 > 丁未大清银币 > 壹圆,大清银币壹圆
1211707789_front_crop.jpg,1211707789_back_crop.jpg,87,机制银币 > 清代中央 > 光绪年造 > 丁未大清银币 > 壹圆,大清银币壹圆
1211707793_front_crop.jpg,1211707793_back_crop.jpg,55,机制银币 > 地方省造 > 广东省造 > 光绪元宝 > 三钱六分,广东省造一圆
1211707797_front_crop.jpg,1211707797_back_crop.jpg,7,机制银币 > 地方省造 > 湖北省造 > 光绪元宝 > 七钱二分 > 普通,湖北省造一圆
1211707801_front_crop.jpg,1211707801_back_crop.jpg,46,机制银币 > 地方省造 > 北洋造 > 光绪24年 > 壹圆,北洋局造一圆
1211707803_front_crop.jpg,1211707803_back_crop.jpg,46,机制银币 > 地方省造 > 北洋造 > 光绪24年 > 壹圆,北洋局造一圆
1211707809_front_crop.jpg,1211707809_back_crop.jpg,58,机制银币 > 民国中央 > 袁世凯像 > 民国九年 > 壹圆 > 精发,袁世凯像壹圆
1211707869_front_crop.jpg,1211707869_back_crop.jpg,70,机制银币 > 民国中央 > 孙中山像 > 开国纪念 > 壹圆 > 下五星,开国纪念壹圆
1211707871_front_crop.jpg,1211707871_back_crop.jpg,70,机制银币 > 民国中央 > 孙中山像 > 开国纪念 > 壹圆 > 下五星,开国纪念壹圆
1211707873_front_crop.jpg,1211707873_back_crop.jpg,70,机制银币 > 民国中央 > 孙中山像 > 开国纪念 > 壹圆 > 下五星,开国纪念壹圆
1211707875_front_crop.jpg,1211707875_back_crop.jpg,70,机制银币 > 民国中央 > 孙中山像 > 开国纪念 > 壹圆 > 下五星,开国纪念壹圆
1211707877_front_crop.jpg,1211707877_back_crop.jpg,70,机制银币 > 民国中央 > 孙中山像 > 开国纪念 > 壹圆 > 下五星,开国纪念壹圆
1211707879_front_crop.jpg,1211707879_back_crop.jpg,69,机制银币 > 民国中央 > 孙中山像 > 民国17年 > 壹圆 > 甘肃省造,孙中山像壹圆
1211707885_front_crop.jpg,1211707885_back_crop.jpg,12,机制银币 > 地方省造 > 云南省造 > 光绪元宝 > 七钱二分 > 老龙,云南省造半圆
1211707887_front_crop.jpg,1211707887_back_crop.jpg,12,机制银币 > 地方省造 > 云南省造 > 光绪元宝 > 七钱二分 > 老龙,云南省造半圆
1211707897_front_crop.jpg,1211707897_back_crop.jpg,58,机制银币 > 民国中央 > 袁世凯像 > 民国九年 > 壹圆 > 精发,袁世凯像壹圆
1211707903_front_crop.jpg,1211707903_back_crop.jpg,7,机制银币 > 地方省造 > 湖北省造 > 光绪元宝 > 七钱二分 > 普通,湖北省造一角
1211707913_front_crop.jpg,1211707913_back_crop.jpg,58,机制银币 > 民国中央 > 袁世凯像 > 民国九年 > 壹圆 > 精发,袁世凯像壹圆
1211707923_front_crop.jpg,1211707923_back_crop.jpg,12,机制银币 > 地方省造 > 云南省造 > 光绪元宝 > 七钱二分 > 老龙,云南省造半圆
1211707925_front_crop.jpg,1211707925_back_crop.jpg,58,机制银币 > 民国中央 > 袁世凯像 > 民国九年 > 壹圆 > 精发,袁世凯像壹圆
1211707929_front_crop.jpg,1211707929_back_crop.jpg,70,机制银币 > 民国中央 > 孙中山像 > 开国纪念 > 壹圆 > 下五星,开国纪念壹圆
1211707947_front_crop.jpg,1211707947_back_crop.jpg,12,机制银币 > 地方省造 > 云南省造 > 光绪元宝 > 七钱二分 > 老龙,云南省造半圆
1211707949_front_crop.jpg,1211707949_back_crop.jpg,12,机制银币 > 地方省造 > 云南省造 > 光绪元宝 > 七钱二分 > 老龙,云南省造半圆
1211707975_front_crop.jpg,1211707975_back_crop.jpg,58,机制银币 > 民国中央 > 袁世凯像 > 民国九年 > 壹圆 > 精发,袁世凯像壹圆
1211707977_front_crop.jpg,1211707977_back_crop.jpg,58,机制银币 > 民国中央 > 袁世凯像 > 民国九年 > 壹圆 > 精发,袁世凯像壹圆
1211707981_front_crop.jpg,1211707981_back_crop.jpg,70,机制银币 > 民国中央 > 孙中山像 > 开国纪念 > 壹圆 > 下五星,开国纪念壹圆
1211708055_front_crop.jpg,1211708055_back_crop.jpg,58,机制银币 > 民国中央 > 袁世凯像 > 民国九年 > 壹圆 > 精发,袁世凯像壹圆
1211708065_front_crop.jpg,1211708065_back_crop.jpg,69,机制银币 > 民国中央 > 孙中山像 > 民国17年 > 壹圆 > 甘肃省造,孙中山像壹圆
1211708081_front_crop.jpg,1211708081_back_crop.jpg,58,机制银币 > 民国中央 > 袁世凯像 > 民国九年 > 壹圆 > 精发,袁世凯像壹圆
1211708121_front_crop.jpg,1211708121_back_crop.jpg,55,机制银币 > 地方省造 > 广东省造 > 光绪元宝 > 三钱六分,广东省造一角
1211708165_front_crop.jpg,1211708165_back_crop.jpg,12,机制银币 > 地方省造 > 云南省造 > 光绪元宝 > 七钱二分 > 老龙,云南省造半圆
1211708167_front_crop.jpg,1211708167_back_crop.jpg,12,机制银币 > 地方省造 > 云南省造 > 光绪元宝 > 七钱二分 > 老龙,云南省造半圆
1211708169_front_crop.jpg,1211708169_back_crop.jpg,12,机制银币 > 地方省造 > 云南省造 > 光绪元宝 > 七钱二分 > 老龙,云南省造半圆
1211708171_front_crop.jpg,1211708171_back_crop.jpg,12,机制银币 > 地方省造 > 云南省造 > 光绪元宝 > 七钱二分 > 老龙,云南省造半圆
1211708173_front_crop.jpg,1211708173_back_crop.jpg,12,机制银币 > 地方省造 > 云南省造 > 光绪元宝 > 七钱二分 > 老龙,云南省造半圆
1211708175_front_crop.jpg,1211708175_back_crop.jpg,12,机制银币 > 地方省造 > 云南省造 > 光绪元宝 > 七钱二分 > 老龙,云南省造半圆
1211708177_front_crop.jpg,1211708177_back_crop.jpg,12,机制银币 > 地方省造 > 云南省造 > 光绪元宝 > 七钱二分 > 老龙,云南省造半圆
1211708179_front_crop.jpg,1211708179_back_crop.jpg,12,机制银币 > 地方省造 > 云南省造 > 光绪元宝 > 七钱二分 > 老龙,云南省造半圆
1211708181_front_crop.jpg,1211708181_back_crop.jpg,12,机制银币 > 地方省造 > 云南省造 > 光绪元宝 > 七钱二分 > 老龙,云南省造半圆
1211708183_front_crop.jpg,1211708183_back_crop.jpg,12,机制银币 > 地方省造 > 云南省造 > 光绪元宝 > 七钱二分 > 老龙,云南省造半圆
1211708185_front_crop.jpg,1211708185_back_crop.jpg,12,机制银币 > 地方省造 > 云南省造 > 光绪元宝 > 七钱二分 > 老龙,云南省造半圆
1211708187_front_crop.jpg,1211708187_back_crop.jpg,12,机制银币 > 地方省造 > 云南省造 > 光绪元宝 > 七钱二分 > 老龙,云南省造半圆
1211708191_front_crop.jpg,1211708191_back_crop.jpg,12,机制银币 > 地方省造 > 云南省造 > 光绪元宝 > 七钱二分 > 老龙,云南省造半圆
1211708193_front_crop.jpg,1211708193_back_crop.jpg,12,机制银币 > 地方省造 > 云南省造 > 光绪元宝 > 七钱二分 > 老龙,云南省造半圆
1211708195_front_crop.jpg,1211708195_back_crop.jpg,12,机制银币 > 地方省造 > 云南省造 > 光绪元宝 > 七钱二分 > 老龙,云南省造半圆
1211708197_front_crop.jpg,1211708197_back_crop.jpg,12,机制银币 > 地方省造 > 云南省造 > 光绪元宝 > 七钱二分 > 老龙,云南省造半圆
1211708199_front_crop.jpg,1211708199_back_crop.jpg,12,机制银币 > 地方省造 > 云南省造 > 光绪元宝 > 七钱二分 > 老龙,云南省造半圆
1211708201_front_crop.jpg,1211708201_back_crop.jpg,12,机制银币 > 地方省造 > 云南省造 > 光绪元宝 > 七钱二分 > 老龙,云南省造半圆
1211708203_front_crop.jpg,1211708203_back_crop.jpg,12,机制银币 > 地方省造 > 云南省造 > 光绪元宝 > 七钱二分 > 老龙,云南省造半圆
1211708205_front_crop.jpg,1211708205_back_crop.jpg,12,机制银币 > 地方省造 > 云南省造 > 光绪元宝 > 七钱二分 > 老龙,云南省造半圆
1211708207_front_crop.jpg,1211708207_back_crop.jpg,12,机制银币 > 地方省造 > 云南省造 > 光绪元宝 > 七钱二分 > 老龙,云南省造半圆
1211708209_front_crop.jpg,1211708209_back_crop.jpg,12,机制银币 > 地方省造 > 云南省造 > 光绪元宝 > 七钱二分 > 老龙,云南省造半圆
1211708211_front_crop.jpg,1211708211_back_crop.jpg,12,机制银币 > 地方省造 > 云南省造 > 光绪元宝 > 七钱二分 > 老龙,云南省造半圆
1211708213_front_crop.jpg,1211708213_back_crop.jpg,12,机制银币 > 地方省造 > 云南省造 > 光绪元宝 > 七钱二分 > 老龙,云南省造半圆
1211708215_front_crop.jpg,1211708215_back_crop.jpg,12,机制银币 > 地方省造 > 云南省造 > 光绪元宝 > 七钱二分 > 老龙,云南省造半圆
1211708217_front_crop.jpg,1211708217_back_crop.jpg,12,机制银币 > 地方省造 > 云南省造 > 光绪元宝 > 七钱二分 > 老龙,云南省造半圆
1211708219_front_crop.jpg,1211708219_back_crop.jpg,12,机制银币 > 地方省造 > 云南省造 > 光绪元宝 > 七钱二分 > 老龙,云南省造半圆
1211708221_front_crop.jpg,1211708221_back_crop.jpg,12,机制银币 > 地方省造 > 云南省造 > 光绪元宝 > 七钱二分 > 老龙,云南省造半圆
1211708223_front_crop.jpg,1211708223_back_crop.jpg,12,机制银币 > 地方省造 > 云南省造 > 光绪元宝 > 七钱二分 > 老龙,云南省造半圆
1211708225_front_crop.jpg,1211708225_back_crop.jpg,12,机制银币 > 地方省造 > 云南省造 > 光绪元宝 > 七钱二分 > 老龙,云南省造半圆
1211708227_front_crop.jpg,1211708227_back_crop.jpg,12,机制银币 > 地方省造 > 云南省造 > 光绪元宝 > 七钱二分 > 老龙,云南省造半圆
1211708229_front_crop.jpg,1211708229_back_crop.jpg,12,机制银币 > 地方省造 > 云南省造 > 光绪元宝 > 七钱二分 > 老龙,云南省造半圆
1211708231_front_crop.jpg,1211708231_back_crop.jpg,12,机制银币 > 地方省造 > 云南省造 > 光绪元宝 > 七钱二分 > 老龙,云南省造半圆
1211708233_front_crop.jpg,1211708233_back_crop.jpg,12,机制银币 > 地方省造 > 云南省造 > 光绪元宝 > 七钱二分 > 老龙,云南省造半圆
1211708235_front_crop.jpg,1211708235_back_crop.jpg,12,机制银币 > 地方省造 > 云南省造 > 光绪元宝 > 七钱二分 > 老龙,云南省造半圆
1211708237_front_crop.jpg,1211708237_back_crop.jpg,12,机制银币 > 地方省造 > 云南省造 > 光绪元宝 > 七钱二分 > 老龙,云南省造半圆
1211708239_front_crop.jpg,1211708239_back_crop.jpg,12,机制银币 > 地方省造 > 云南省造 > 光绪元宝 > 七钱二分 > 老龙,云南省造半圆
1211708241_front_crop.jpg,1211708241_back_crop.jpg,12,机制银币 > 地方省造 > 云南省造 > 光绪元宝 > 七钱二分 > 老龙,云南省造半圆
1211708243_front_crop.jpg,1211708243_back_crop.jpg,12,机制银币 > 地方省造 > 云南省造 > 光绪元宝 > 七钱二分 > 老龙,云南省造半圆
1211708245_front_crop.jpg,1211708245_back_crop.jpg,12,机制银币 > 地方省造 > 云南省造 > 光绪元宝 > 七钱二分 > 老龙,云南省造半圆
1211708247_front_crop.jpg,1211708247_back_crop.jpg,12,机制银币 > 地方省造 > 云南省造 > 光绪元宝 > 七钱二分 > 老龙,云南省造半圆
1211708249_front_crop.jpg,1211708249_back_crop.jpg,12,机制银币 > 地方省造 > 云南省造 > 光绪元宝 > 七钱二分 > 老龙,云南省造半圆
1211708251_front_crop.jpg,1211708251_back_crop.jpg,12,机制银币 > 地方省造 > 云南省造 > 光绪元宝 > 七钱二分 > 老龙,云南省造半圆
1211708253_front_crop.jpg,1211708253_back_crop.jpg,12,机制银币 > 地方省造 > 云南省造 > 光绪元宝 > 七钱二分 > 老龙,云南省造半圆
1211708255_front_crop.jpg,1211708255_back_crop.jpg,12,机制银币 > 地方省造 > 云南省造 > 光绪元宝 > 七钱二分 > 老龙,云南省造半圆
1211708257_front_crop.jpg,1211708257_back_crop.jpg,12,机制银币 > 地方省造 > 云南省造 > 光绪元宝 > 七钱二分 > 老龙,云南省造半圆
1211708327_front_crop.jpg,1211708327_back_crop.jpg,12,机制银币 > 地方省造 > 云南省造 > 光绪元宝 > 七钱二分 > 老龙,云南省造半圆
1211708329_front_crop.jpg,1211708329_back_crop.jpg,12,机制银币 > 地方省造 > 云南省造 > 光绪元宝 > 七钱二分 > 老龙,云南省造半圆
1211708331_front_crop.jpg,1211708331_back_crop.jpg,12,机制银币 > 地方省造 > 云南省造 > 光绪元宝 > 七钱二分 > 老龙,云南省造半圆
1211708333_front_crop.jpg,1211708333_back_crop.jpg,12,机制银币 > 地方省造 > 云南省造 > 光绪元宝 > 七钱二分 > 老龙,云南省造半圆
1211708335_front_crop.jpg,1211708335_back_crop.jpg,12,机制银币 > 地方省造 > 云南省造 > 光绪元宝 > 七钱二分 > 老龙,云南省造半圆
1211708337_front_crop.jpg,1211708337_back_crop.jpg,12,机制银币 > 地方省造 > 云南省造 > 光绪元宝 > 七钱二分 > 老龙,云南省造半圆
1211708339_front_crop.jpg,1211708339_back_crop.jpg,12,机制银币 > 地方省造 > 云南省造 > 光绪元宝 > 七钱二分 > 老龙,云南省造半圆
1211708341_front_crop.jpg,1211708341_back_crop.jpg,12,机制银币 > 地方省造 > 云南省造 > 光绪元宝 > 七钱二分 > 老龙,云南省造半圆
1211708343_front_crop.jpg,1211708343_back_crop.jpg,12,机制银币 > 地方省造 > 云南省造 > 光绪元宝 > 七钱二分 > 老龙,云南省造半圆
1211708345_front_crop.jpg,1211708345_back_crop.jpg,12,机制银币 > 地方省造 > 云南省造 > 光绪元宝 > 七钱二分 > 老龙,云南省造半圆
1211708347_front_crop.jpg,1211708347_back_crop.jpg,12,机制银币 > 地方省造 > 云南省造 > 光绪元宝 > 七钱二分 > 老龙,云南省造半圆
1211708349_front_crop.jpg,1211708349_back_crop.jpg,12,机制银币 > 地方省造 > 云南省造 > 光绪元宝 > 七钱二分 > 老龙,云南省造半圆
1211708351_front_crop.jpg,1211708351_back_crop.jpg,12,机制银币 > 地方省造 > 云南省造 > 光绪元宝 > 七钱二分 > 老龙,云南省造半圆
1211708353_front_crop.jpg,1211708353_back_crop.jpg,12,机制银币 > 地方省造 > 云南省造 > 光绪元宝 > 七钱二分 > 老龙,云南省造半圆
1211708355_front_crop.jpg,1211708355_back_crop.jpg,12,机制银币 > 地方省造 > 云南省造 > 光绪元宝 > 七钱二分 > 老龙,云南省造半圆
1211708357_front_crop.jpg,1211708357_back_crop.jpg,12,机制银币 > 地方省造 > 云南省造 > 光绪元宝 > 七钱二分 > 老龙,云南省造半圆
1211708359_front_crop.jpg,1211708359_back_crop.jpg,12,机制银币 > 地方省造 > 云南省造 > 光绪元宝 > 七钱二分 > 老龙,云南省造半圆
1211708361_front_crop.jpg,1211708361_back_crop.jpg,12,机制银币 > 地方省造 > 云南省造 > 光绪元宝 > 七钱二分 > 老龙,云南省造半圆
1211708363_front_crop.jpg,1211708363_back_crop.jpg,12,机制银币 > 地方省造 > 云南省造 > 光绪元宝 > 七钱二分 > 老龙,云南省造半圆
1211708365_front_crop.jpg,1211708365_back_crop.jpg,12,机制银币 > 地方省造 > 云南省造 > 光绪元宝 > 七钱二分 > 老龙,云南省造半圆
1211708367_front_crop.jpg,1211708367_back_crop.jpg,12,机制银币 > 地方省造 > 云南省造 > 光绪元宝 > 七钱二分 > 老龙,云南省造半圆
1211708387_front_crop.jpg,1211708387_back_crop.jpg,12,机制银币 > 地方省造 > 云南省造 > 光绪元宝 > 七钱二分 > 老龙,云南省造半圆
1211708399_front_crop.jpg,1211708399_back_crop.jpg,58,机制银币 > 民国中央 > 袁世凯像 > 民国九年 > 壹圆 > 精发,袁世凯像壹圆
1211708759_front_crop.jpg,1211708759_back_crop.jpg,75,机制银币 > 民国中央 > 黎元洪像 > 开国纪念 > 壹圆 > 无帽,黎元洪像壹圆
1211708761_front_crop.jpg,1211708761_back_crop.jpg,12,机制银币 > 地方省造 > 云南省造 > 光绪元宝 > 七钱二分 > 老龙,云南省造一圆
1211708767_front_crop.jpg,1211708767_back_crop.jpg,58,机制银币 > 民国中央 > 袁世凯像 > 民国九年 > 壹圆 > 精发,袁世凯像壹圆
1211708779_front_crop.jpg,1211708779_back_crop.jpg,85,机制银币 > 纪念币 > 唐继尧像 > 拥护共和 > 三钱六分 > 正像,唐继尧像半圆
1211708781_front_crop.jpg,1211708781_back_crop.jpg,52,机制银币 > 地方省造 > 新疆省造 > 造币厂铸 > 壹圆 > 尖足1,新疆迪化壹两
1211708845_front_crop.jpg,1211708845_back_crop.jpg,58,机制银币 > 民国中央 > 袁世凯像 > 民国九年 > 壹圆 > 精发,袁世凯像壹圆
1211708879_front_crop.jpg,1211708879_back_crop.jpg,58,机制银币 > 民国中央 > 袁世凯像 > 民国九年 > 壹圆 > 精发,袁世凯像壹圆
1211708885_front_crop.jpg,1211708885_back_crop.jpg,55,机制银币 > 地方省造 > 广东省造 > 光绪元宝 > 三钱六分,广东省造贰毫
1211708887_front_crop.jpg,1211708887_back_crop.jpg,55,机制银币 > 地方省造 > 广东省造 > 光绪元宝 > 三钱六分,广东省造贰毫
1211708889_front_crop.jpg,1211708889_back_crop.jpg,55,机制银币 > 地方省造 > 广东省造 > 光绪元宝 > 三钱六分,广东省造贰毫
1211708891_front_crop.jpg,1211708891_back_crop.jpg,55,机制银币 > 地方省造 > 广东省造 > 光绪元宝 > 三钱六分,广东省造贰毫
1211708893_front_crop.jpg,1211708893_back_crop.jpg,55,机制银币 > 地方省造 > 广东省造 > 光绪元宝 > 三钱六分,广东省造贰毫
1211708895_front_crop.jpg,1211708895_back_crop.jpg,55,机制银币 > 地方省造 > 广东省造 > 光绪元宝 > 三钱六分,广东省造贰毫
1211708899_front_crop.jpg,1211708899_back_crop.jpg,55,机制银币 > 地方省造 > 广东省造 > 光绪元宝 > 三钱六分,广东省造贰毫
1211708901_front_crop.jpg,1211708901_back_crop.jpg,55,机制银币 > 地方省造 > 广东省造 > 光绪元宝 > 三钱六分,广东省造贰毫
1211709011_front_crop.jpg,1211709011_back_crop.jpg,55,机制银币 > 地方省造 > 广东省造 > 光绪元宝 > 三钱六分,广东省造二角
1211709013_front_crop.jpg,1211709013_back_crop.jpg,58,机制银币 > 民国中央 > 袁世凯像 > 民国九年 > 壹圆 > 精发,袁世凯像壹圆
1211709017_front_crop.jpg,1211709017_back_crop.jpg,7,机制银币 > 地方省造 > 湖北省造 > 光绪元宝 > 七钱二分 > 普通,湖北省造一圆
1211709025_front_crop.jpg,1211709025_back_crop.jpg,55,机制银币 > 地方省造 > 广东省造 > 光绪元宝 > 三钱六分,广东省造贰毫
1211709055_front_crop.jpg,1211709055_back_crop.jpg,91,机制银币 > 纪念章 > 孙中山像,西藏章嘎嘎布
1211709057_front_crop.jpg,1211709057_back_crop.jpg,91,机制银币 > 纪念章 > 孙中山像,西藏章嘎嘎布
1211709059_front_crop.jpg,1211709059_back_crop.jpg,91,机制银币 > 纪念章 > 孙中山像,西藏章嘎嘎布
1211709061_front_crop.jpg,1211709061_back_crop.jpg,91,机制银币 > 纪念章 > 孙中山像,西藏章嘎嘎布
1211709063_front_crop.jpg,1211709063_back_crop.jpg,91,机制银币 > 纪念章 > 孙中山像,西藏章嘎嘎布
1211709065_front_crop.jpg,1211709065_back_crop.jpg,91,机制银币 > 纪念章 > 孙中山像,西藏章嘎嘎布
1211709067_front_crop.jpg,1211709067_back_crop.jpg,91,机制银币 > 纪念章 > 孙中山像,西藏章嘎嘎布
1211709069_front_crop.jpg,1211709069_back_crop.jpg,91,机制银币 > 纪念章 > 孙中山像,西藏章嘎嘎布
1211709071_front_crop.jpg,1211709071_back_crop.jpg,91,机制银币 > 纪念章 > 孙中山像,西藏章嘎嘎布
1211709073_front_crop.jpg,1211709073_back_crop.jpg,91,机制银币 > 纪念章 > 孙中山像,西藏章嘎嘎布
1211709075_front_crop.jpg,1211709075_back_crop.jpg,91,机制银币 > 纪念章 > 孙中山像,西藏章嘎嘎布
1211709077_front_crop.jpg,1211709077_back_crop.jpg,91,机制银币 > 纪念章 > 孙中山像,西藏章嘎嘎布
1211709079_front_crop.jpg,1211709079_back_crop.jpg,91,机制银币 > 纪念章 > 孙中山像,西藏章嘎嘎布
1211709101_front_crop.jpg,1211709101_back_crop.jpg,0,机制银币 > 地方省造 > 四川省造 > 军政府 > 壹圆 > 普通,四川省造卢比
1211709109_front_crop.jpg,1211709109_back_crop.jpg,58,机制银币 > 民国中央 > 袁世凯像 > 民国九年 > 壹圆 > 精发,袁世凯像壹圆
1211709115_front_crop.jpg,1211709115_back_crop.jpg,58,机制银币 > 民国中央 > 袁世凯像 > 民国九年 > 壹圆 > 精发,袁世凯像壹圆
1211709141_front_crop.jpg,1211709141_back_crop.jpg,0,机制银币 > 地方省造 > 四川省造 > 军政府 > 壹圆 > 普通,四川省造卢比
1211709159_front_crop.jpg,1211709159_back_crop.jpg,9,机制银币 > 地方省造 > 湖北省造 > 双龙 > 一两 > 小字,西藏银币十两
1211709161_front_crop.jpg,1211709161_back_crop.jpg,9,机制银币 > 地方省造 > 湖北省造 > 双龙 > 一两 > 小字,西藏银币十两
1211709163_front_crop.jpg,1211709163_back_crop.jpg,9,机制银币 > 地方省造 > 湖北省造 > 双龙 > 一两 > 小字,西藏银币十两
1211709165_front_crop.jpg,1211709165_back_crop.jpg,9,机制银币 > 地方省造 > 湖北省造 > 双龙 > 一两 > 小字,西藏银币十两
1211709175_front_crop.jpg,1211709175_back_crop.jpg,4,机制银币 > 地方省造 > 四川省造 > 光绪元宝 > 三钱六分 > 银币,西藏银币三两
1211709179_front_crop.jpg,1211709179_back_crop.jpg,4,机制银币 > 地方省造 > 四川省造 > 光绪元宝 > 三钱六分 > 银币,西藏银币三两
1211709181_front_crop.jpg,1211709181_back_crop.jpg,4,机制银币 > 地方省造 > 四川省造 > 光绪元宝 > 三钱六分 > 银币,西藏银币三两
1211709183_front_crop.jpg,1211709183_back_crop.jpg,4,机制银币 > 地方省造 > 四川省造 > 光绪元宝 > 三钱六分 > 银币,西藏银币三两
1211709187_front_crop.jpg,1211709187_back_crop.jpg,4,机制银币 > 地方省造 > 四川省造 > 光绪元宝 > 三钱六分 > 银币,西藏银币三两
1211709189_front_crop.jpg,1211709189_back_crop.jpg,4,机制银币 > 地方省造 > 四川省造 > 光绪元宝 > 三钱六分 > 银币,西藏银币三两
1211709197_front_crop.jpg,1211709197_back_crop.jpg,9,机制银币 > 地方省造 > 湖北省造 > 双龙 > 一两 > 小字,西藏银币一两五钱
1211709199_front_crop.jpg,1211709199_back_crop.jpg,9,机制银币 > 地方省造 > 湖北省造 > 双龙 > 一两 > 小字,西藏银币一两五钱
1211709243_front_crop.jpg,1211709243_back_crop.jpg,58,机制银币 > 民国中央 > 袁世凯像 > 民国九年 > 壹圆 > 精发,袁世凯像壹圆
1211709245_front_crop.jpg,1211709245_back_crop.jpg,58,机制银币 > 民国中央 > 袁世凯像 > 民国九年 > 壹圆 > 精发,袁世凯像壹圆
1211709251_front_crop.jpg,1211709251_back_crop.jpg,58,机制银币 > 民国中央 > 袁世凯像 > 民国九年 > 壹圆 > 精发,袁世凯像壹圆
1211709253_front_crop.jpg,1211709253_back_crop.jpg,58,机制银币 > 民国中央 > 袁世凯像 > 民国九年 > 壹圆 > 精发,袁世凯像壹圆
1211709267_front_crop.jpg,1211709267_back_crop.jpg,69,机制银币 > 民国中央 > 孙中山像 > 民国17年 > 壹圆 > 甘肃省造,孙中山像壹圆
1211709271_front_crop.jpg,1211709271_back_crop.jpg,69,机制银币 > 民国中央 > 孙中山像 > 民国17年 > 壹圆 > 甘肃省造,孙中山像壹圆
1211709285_front_crop.jpg,1211709285_back_crop.jpg,18,机制银币 > 地方省造 > 东三省造 > 光绪元宝 > 七钱二分,东三省造二角
1211709287_front_crop.jpg,1211709287_back_crop.jpg,18,机制银币 > 地方省造 > 东三省造 > 光绪元宝 > 七钱二分,东三省造二角
1211709337_front_crop.jpg,1211709337_back_crop.jpg,58,机制银币 > 民国中央 > 袁世凯像 > 民国九年 > 壹圆 > 精发,袁世凯像壹圆
1211709341_front_crop.jpg,1211709341_back_crop.jpg,58,机制银币 > 民国中央 > 袁世凯像 > 民国九年 > 壹圆 > 精发,袁世凯像壹圆
1211709349_front_crop.jpg,1211709349_back_crop.jpg,70,机制银币 > 民国中央 > 孙中山像 > 开国纪念 > 壹圆 > 下五星,开国纪念壹圆
1211709357_front_crop.jpg,1211709357_back_crop.jpg,58,机制银币 > 民国中央 > 袁世凯像 > 民国九年 > 壹圆 > 精发,袁世凯像壹圆
1211709365_front_crop.jpg,1211709365_back_crop.jpg,70,机制银币 > 民国中央 > 孙中山像 > 开国纪念 > 壹圆 > 下五星,开国纪念壹圆
1211709401_front_crop.jpg,1211709401_back_crop.jpg,70,机制银币 > 民国中央 > 孙中山像 > 开国纪念 > 壹圆 > 下五星,开国纪念壹圆
1211709413_front_crop.jpg,1211709413_back_crop.jpg,58,机制银币 > 民国中央 > 袁世凯像 > 民国九年 > 壹圆 > 精发,袁世凯像壹圆
1211709425_front_crop.jpg,1211709425_back_crop.jpg,69,机制银币 > 民国中央 > 孙中山像 > 民国17年 > 壹圆 > 甘肃省造,孙中山像壹圆
1211709427_front_crop.jpg,1211709427_back_crop.jpg,69,机制银币 > 民国中央 > 孙中山像 > 民国17年 > 壹圆 > 甘肃省造,孙中山像壹圆
1211709437_front_crop.jpg,1211709437_back_crop.jpg,58,机制银币 > 民国中央 > 袁世凯像 > 民国九年 > 壹圆 > 精发,袁世凯像壹圆
1211709439_front_crop.jpg,1211709439_back_crop.jpg,58,机制银币 > 民国中央 > 袁世凯像 > 民国九年 > 壹圆 > 精发,袁世凯像壹圆
1211709441_front_crop.jpg,1211709441_back_crop.jpg,58,机制银币 > 民国中央 > 袁世凯像 > 民国九年 > 壹圆 > 精发,袁世凯像壹圆
1211709443_front_crop.jpg,1211709443_back_crop.jpg,58,机制银币 > 民国中央 > 袁世凯像 > 民国九年 > 壹圆 > 精发,袁世凯像壹圆
1211709445_front_crop.jpg,1211709445_back_crop.jpg,58,机制银币 > 民国中央 > 袁世凯像 > 民国九年 > 壹圆 > 精发,袁世凯像壹圆
1211709447_front_crop.jpg,1211709447_back_crop.jpg,58,机制银币 > 民国中央 > 袁世凯像 > 民国九年 > 壹圆 > 精发,袁世凯像壹圆
1211709451_front_crop.jpg,1211709451_back_crop.jpg,58,机制银币 > 民国中央 > 袁世凯像 > 民国九年 > 壹圆 > 精发,袁世凯像壹圆
1211709453_front_crop.jpg,1211709453_back_crop.jpg,58,机制银币 > 民国中央 > 袁世凯像 > 民国九年 > 壹圆 > 精发,袁世凯像壹圆
1211709475_front_crop.jpg,1211709475_back_crop.jpg,58,机制银币 > 民国中央 > 袁世凯像 > 民国九年 > 壹圆 > 精发,袁世凯像壹圆
1211709555_front_crop.jpg,1211709555_back_crop.jpg,58,机制银币 > 民国中央 > 袁世凯像 > 民国九年 > 壹圆 > 精发,袁世凯像壹圆
1211709557_front_crop.jpg,1211709557_back_crop.jpg,58,机制银币 > 民国中央 > 袁世凯像 > 民国九年 > 壹圆 > 精发,袁世凯像壹圆
1211709573_front_crop.jpg,1211709573_back_crop.jpg,58,机制银币 > 民国中央 > 袁世凯像 > 民国九年 > 壹圆 > 精发,袁世凯像壹圆
1211709575_front_crop.jpg,1211709575_back_crop.jpg,58,机制银币 > 民国中央 > 袁世凯像 > 民国九年 > 壹圆 > 精发,袁世凯像壹圆
1211709581_front_crop.jpg,1211709581_back_crop.jpg,70,机制银币 > 民国中央 > 孙中山像 > 开国纪念 > 壹圆 > 下五星,开国纪念壹圆
1211709585_front_crop.jpg,1211709585_back_crop.jpg,69,机制银币 > 民国中央 > 孙中山像 > 民国17年 > 壹圆 > 甘肃省造,孙中山像壹圆
1211709597_front_crop.jpg,1211709597_back_crop.jpg,7,机制银币 > 地方省造 > 湖北省造 > 光绪元宝 > 七钱二分 > 普通,湖北省造一角
1211709611_front_crop.jpg,1211709611_back_crop.jpg,58,机制银币 > 民国中央 > 袁世凯像 > 民国九年 > 壹圆 > 精发,袁世凯像壹圆
1211709613_front_crop.jpg,1211709613_back_crop.jpg,58,机制银币 > 民国中央 > 袁世凯像 > 民国九年 > 壹圆 > 精发,袁世凯像壹圆
1211709623_front_crop.jpg,1211709623_back_crop.jpg,58,机制银币 > 民国中央 > 袁世凯像 > 民国九年 > 壹圆 > 精发,袁世凯像壹圆
1211709625_front_crop.jpg,1211709625_back_crop.jpg,58,机制银币 > 民国中央 > 袁世凯像 > 民国九年 > 壹圆 > 精发,袁世凯像壹圆
1211709643_front_crop.jpg,1211709643_back_crop.jpg,58,机制银币 > 民国中央 > 袁世凯像 > 民国九年 > 壹圆 > 精发,袁世凯像贰角
1211709649_front_crop.jpg,1211709649_back_crop.jpg,55,机制银币 > 地方省造 > 广东省造 > 光绪元宝 > 三钱六分,广东省造二角
1211709651_front_crop.jpg,1211709651_back_crop.jpg,6,机制银币 > 地方省造 > 四川省造 > 光绪元宝 > 七钱二分 > 四角龙,福建省造二角
1211709653_front_crop.jpg,1211709653_back_crop.jpg,55,机制银币 > 地方省造 > 广东省造 > 光绪元宝 > 三钱六分,广西省造贰毫
1211709655_front_crop.jpg,1211709655_back_crop.jpg,4,机制银币 > 地方省造 > 四川省造 > 光绪元宝 > 三钱六分 > 银币,福建省造5分
1211709683_front_crop.jpg,1211709683_back_crop.jpg,79,机制银币 > 纪念币 > 曹锟像 > 宪法成立 > 纪念 > 戎装,法属印支银币
1211709685_front_crop.jpg,1211709685_back_crop.jpg,79,机制银币 > 纪念币 > 曹锟像 > 宪法成立 > 纪念 > 戎装,法属印支银币
1211709687_front_crop.jpg,1211709687_back_crop.jpg,79,机制银币 > 纪念币 > 曹锟像 > 宪法成立 > 纪念 > 戎装,法属印支银币
1211709899_front_crop.jpg,1211709899_back_crop.jpg,58,机制银币 > 民国中央 > 袁世凯像 > 民国九年 > 壹圆 > 精发,袁世凯像壹圆
1211709923_front_crop.jpg,1211709923_back_crop.jpg,55,机制银币 > 地方省造 > 广东省造 > 光绪元宝 > 三钱六分,广东省造二角
1211709949_front_crop.jpg,1211709949_back_crop.jpg,12,机制银币 > 地方省造 > 云南省造 > 光绪元宝 > 七钱二分 > 老龙,云南省造贰角
1211801607_front_crop.jpg,1211801607_back_crop.jpg,12,机制银币 > 地方省造 > 云南省造 > 光绪元宝 > 七钱二分 > 老龙,云南省造半圆
1211801659_front_crop.jpg,1211801659_back_crop.jpg,12,机制银币 > 地方省造 > 云南省造 > 光绪元宝 > 七钱二分 > 老龙,云南省造半圆
1211801661_front_crop.jpg,1211801661_back_crop.jpg,12,机制银币 > 地方省造 > 云南省造 > 光绪元宝 > 七钱二分 > 老龙,云南省造半圆
1211801663_front_crop.jpg,1211801663_back_crop.jpg,12,机制银币 > 地方省造 > 云南省造 > 光绪元宝 > 七钱二分 > 老龙,云南省造半圆
1211801665_front_crop.jpg,1211801665_back_crop.jpg,12,机制银币 > 地方省造 > 云南省造 > 光绪元宝 > 七钱二分 > 老龙,云南省造半圆
1211801667_front_crop.jpg,1211801667_back_crop.jpg,12,机制银币 > 地方省造 > 云南省造 > 光绪元宝 > 七钱二分 > 老龙,云南省造半圆
1211801669_front_crop.jpg,1211801669_back_crop.jpg,12,机制银币 > 地方省造 > 云南省造 > 光绪元宝 > 七钱二分 > 老龙,云南省造半圆
1211801671_front_crop.jpg,1211801671_back_crop.jpg,12,机制银币 > 地方省造 > 云南省造 > 光绪元宝 > 七钱二分 > 老龙,云南省造半圆
1211801673_front_crop.jpg,1211801673_back_crop.jpg,12,机制银币 > 地方省造 > 云南省造 > 光绪元宝 > 七钱二分 > 老龙,云南省造半圆
1211801675_front_crop.jpg,1211801675_back_crop.jpg,12,机制银币 > 地方省造 > 云南省造 > 光绪元宝 > 七钱二分 > 老龙,云南省造半圆
1211801677_front_crop.jpg,1211801677_back_crop.jpg,12,机制银币 > 地方省造 > 云南省造 > 光绪元宝 > 七钱二分 > 老龙,云南省造半圆
1211801679_front_crop.jpg,1211801679_back_crop.jpg,12,机制银币 > 地方省造 > 云南省造 > 光绪元宝 > 七钱二分 > 老龙,云南省造半圆
1211801683_front_crop.jpg,1211801683_back_crop.jpg,12,机制银币 > 地方省造 > 云南省造 > 光绪元宝 > 七钱二分 > 老龙,云南省造半圆
1211801685_front_crop.jpg,1211801685_back_crop.jpg,12,机制银币 > 地方省造 > 云南省造 > 光绪元宝 > 七钱二分 > 老龙,云南省造半圆
1211801687_front_crop.jpg,1211801687_back_crop.jpg,12,机制银币 > 地方省造 > 云南省造 > 光绪元宝 > 七钱二分 > 老龙,云南省造半圆
1211801689_front_crop.jpg,1211801689_back_crop.jpg,12,机制银币 > 地方省造 > 云南省造 > 光绪元宝 > 七钱二分 > 老龙,云南省造半圆
1211801691_front_crop.jpg,1211801691_back_crop.jpg,12,机制银币 > 地方省造 > 云南省造 > 光绪元宝 > 七钱二分 > 老龙,云南省造半圆
1211801693_front_crop.jpg,1211801693_back_crop.jpg,12,机制银币 > 地方省造 > 云南省造 > 光绪元宝 > 七钱二分 > 老龙,云南省造半圆
1211801695_front_crop.jpg,1211801695_back_crop.jpg,12,机制银币 > 地方省造 > 云南省造 > 光绪元宝 > 七钱二分 > 老龙,云南省造半圆
1211801699_front_crop.jpg,1211801699_back_crop.jpg,12,机制银币 > 地方省造 > 云南省造 > 光绪元宝 > 七钱二分 > 老龙,云南省造半圆
1211801701_front_crop.jpg,1211801701_back_crop.jpg,12,机制银币 > 地方省造 > 云南省造 > 光绪元宝 > 七钱二分 > 老龙,云南省造半圆
1211801703_front_crop.jpg,1211801703_back_crop.jpg,12,机制银币 > 地方省造 > 云南省造 > 光绪元宝 > 七钱二分 > 老龙,云南省造半圆
1211801705_front_crop.jpg,1211801705_back_crop.jpg,12,机制银币 > 地方省造 > 云南省造 > 光绪元宝 > 七钱二分 > 老龙,云南省造半圆
1211801707_front_crop.jpg,1211801707_back_crop.jpg,12,机制银币 > 地方省造 > 云南省造 > 光绪元宝 > 七钱二分 > 老龙,云南省造半圆
1211801709_front_crop.jpg,1211801709_back_crop.jpg,12,机制银币 > 地方省造 > 云南省造 > 光绪元宝 > 七钱二分 > 老龙,云南省造半圆
1211801711_front_crop.jpg,1211801711_back_crop.jpg,12,机制银币 > 地方省造 > 云南省造 > 光绪元宝 > 七钱二分 > 老龙,云南省造半圆
1211801713_front_crop.jpg,1211801713_back_crop.jpg,12,机制银币 > 地方省造 > 云南省造 > 光绪元宝 > 七钱二分 > 老龙,云南省造半圆
1211801715_front_crop.jpg,1211801715_back_crop.jpg,12,机制银币 > 地方省造 > 云南省造 > 光绪元宝 > 七钱二分 > 老龙,云南省造半圆
1211801717_front_crop.jpg,1211801717_back_crop.jpg,12,机制银币 > 地方省造 > 云南省造 > 光绪元宝 > 七钱二分 > 老龙,云南省造半圆
1211801719_front_crop.jpg,1211801719_back_crop.jpg,12,机制银币 > 地方省造 > 云南省造 > 光绪元宝 > 七钱二分 > 老龙,云南省造半圆
1211801721_front_crop.jpg,1211801721_back_crop.jpg,12,机制银币 > 地方省造 > 云南省造 > 光绪元宝 > 七钱二分 > 老龙,云南省造半圆
1211801723_front_crop.jpg,1211801723_back_crop.jpg,12,机制银币 > 地方省造 > 云南省造 > 光绪元宝 > 七钱二分 > 老龙,云南省造半圆
1211801725_front_crop.jpg,1211801725_back_crop.jpg,12,机制银币 > 地方省造 > 云南省造 > 光绪元宝 > 七钱二分 > 老龙,云南省造半圆
1211801727_front_crop.jpg,1211801727_back_crop.jpg,12,机制银币 > 地方省造 > 云南省造 > 光绪元宝 > 七钱二分 > 老龙,云南省造半圆
1211801729_front_crop.jpg,1211801729_back_crop.jpg,12,机制银币 > 地方省造 > 云南省造 > 光绪元宝 > 七钱二分 > 老龙,云南省造半圆
1211801731_front_crop.jpg,1211801731_back_crop.jpg,12,机制银币 > 地方省造 > 云南省造 > 光绪元宝 > 七钱二分 > 老龙,云南省造半圆
1211801733_front_crop.jpg,1211801733_back_crop.jpg,12,机制银币 > 地方省造 > 云南省造 > 光绪元宝 > 七钱二分 > 老龙,云南省造半圆
1211801735_front_crop.jpg,1211801735_back_crop.jpg,12,机制银币 > 地方省造 > 云南省造 > 光绪元宝 > 七钱二分 > 老龙,云南省造半圆
1211801737_front_crop.jpg,1211801737_back_crop.jpg,12,机制银币 > 地方省造 > 云南省造 > 光绪元宝 > 七钱二分 > 老龙,云南省造半圆
1211801759_front_crop.jpg,1211801759_back_crop.jpg,12,机制银币 > 地方省造 > 云南省造 > 光绪元宝 > 七钱二分 > 老龙,云南省造半圆
1211801763_front_crop.jpg,1211801763_back_crop.jpg,12,机制银币 > 地方省造 > 云南省造 > 光绪元宝 > 七钱二分 > 老龙,云南省造半圆
1211801765_front_crop.jpg,1211801765_back_crop.jpg,12,机制银币 > 地方省造 > 云南省造 > 光绪元宝 > 七钱二分 > 老龙,云南省造半圆
1211801767_front_crop.jpg,1211801767_back_crop.jpg,12,机制银币 > 地方省造 > 云南省造 > 光绪元宝 > 七钱二分 > 老龙,云南省造半圆
1211801769_front_crop.jpg,1211801769_back_crop.jpg,12,机制银币 > 地方省造 > 云南省造 > 光绪元宝 > 七钱二分 > 老龙,云南省造半圆
1211801775_front_crop.jpg,1211801775_back_crop.jpg,70,机制银币 > 民国中央 > 孙中山像 > 开国纪念 > 壹圆 > 下五星,开国纪念壹圆
1211801779_front_crop.jpg,1211801779_back_crop.jpg,58,机制银币 > 民国中央 > 袁世凯像 > 民国九年 > 壹圆 > 精发,袁世凯像壹圆
1211801783_front_crop.jpg,1211801783_back_crop.jpg,58,机制银币 > 民国中央 > 袁世凯像 > 民国九年 > 壹圆 > 精发,袁世凯像壹圆
1211801785_front_crop.jpg,1211801785_back_crop.jpg,41,机制银币 > 地方省造 > 奉天省造 > 光绪25年 > 一圆 > 有圈,造币总厂一圆
1211801787_front_crop.jpg,1211801787_back_crop.jpg,58,机制银币 > 民国中央 > 袁世凯像 > 民国九年 > 壹圆 > 精发,袁世凯像壹圆
1211801805_front_crop.jpg,1211801805_back_crop.jpg,58,机制银币 > 民国中央 > 袁世凯像 > 民国九年 > 壹圆 > 精发,袁世凯像壹圆
1211801817_front_crop.jpg,1211801817_back_crop.jpg,12,机制银币 > 地方省造 > 云南省造 > 光绪元宝 > 七钱二分 > 老龙,云南省造半圆
1211801819_front_crop.jpg,1211801819_back_crop.jpg,12,机制银币 > 地方省造 > 云南省造 > 光绪元宝 > 七钱二分 > 老龙,云南省造半圆
1211801863_front_crop.jpg,1211801863_back_crop.jpg,12,机制银币 > 地方省造 > 云南省造 > 光绪元宝 > 七钱二分 > 老龙,云南省造半圆
1211801865_front_crop.jpg,1211801865_back_crop.jpg,12,机制银币 > 地方省造 > 云南省造 > 光绪元宝 > 七钱二分 > 老龙,云南省造半圆
1211801867_front_crop.jpg,1211801867_back_crop.jpg,12,机制银币 > 地方省造 > 云南省造 > 光绪元宝 > 七钱二分 > 老龙,云南省造半圆
1211801869_front_crop.jpg,1211801869_back_crop.jpg,12,机制银币 > 地方省造 > 云南省造 > 光绪元宝 > 七钱二分 > 老龙,云南省造半圆
1211801871_front_crop.jpg,1211801871_back_crop.jpg,12,机制银币 > 地方省造 > 云南省造 > 光绪元宝 > 七钱二分 > 老龙,云南省造半圆
1211801873_front_crop.jpg,1211801873_back_crop.jpg,12,机制银币 > 地方省造 > 云南省造 > 光绪元宝 > 七钱二分 > 老龙,云南省造半圆
1211801875_front_crop.jpg,1211801875_back_crop.jpg,12,机制银币 > 地方省造 > 云南省造 > 光绪元宝 > 七钱二分 > 老龙,云南省造半圆
1211801877_front_crop.jpg,1211801877_back_crop.jpg,12,机制银币 > 地方省造 > 云南省造 > 光绪元宝 > 七钱二分 > 老龙,云南省造半圆
1211801879_front_crop.jpg,1211801879_back_crop.jpg,12,机制银币 > 地方省造 > 云南省造 > 光绪元宝 > 七钱二分 > 老龙,云南省造半圆
1211801881_front_crop.jpg,1211801881_back_crop.jpg,12,机制银币 > 地方省造 > 云南省造 > 光绪元宝 > 七钱二分 > 老龙,云南省造半圆
1211801883_front_crop.jpg,1211801883_back_crop.jpg,12,机制银币 > 地方省造 > 云南省造 > 光绪元宝 > 七钱二分 > 老龙,云南省造半圆
1211801885_front_crop.jpg,1211801885_back_crop.jpg,12,机制银币 > 地方省造 > 云南省造 > 光绪元宝 > 七钱二分 > 老龙,云南省造半圆
1211801887_front_crop.jpg,1211801887_back_crop.jpg,12,机制银币 > 地方省造 > 云南省造 > 光绪元宝 > 七钱二分 > 老龙,云南省造半圆
1211801889_front_crop.jpg,1211801889_back_crop.jpg,12,机制银币 > 地方省造 > 云南省造 > 光绪元宝 > 七钱二分 > 老龙,云南省造半圆
1211801891_front_crop.jpg,1211801891_back_crop.jpg,12,机制银币 > 地方省造 > 云南省造 > 光绪元宝 > 七钱二分 > 老龙,云南省造半圆
1211801893_front_crop.jpg,1211801893_back_crop.jpg,12,机制银币 > 地方省造 > 云南省造 > 光绪元宝 > 七钱二分 > 老龙,云南省造半圆
1211801895_front_crop.jpg,1211801895_back_crop.jpg,12,机制银币 > 地方省造 > 云南省造 > 光绪元宝 > 七钱二分 > 老龙,云南省造半圆
1211801897_front_crop.jpg,1211801897_back_crop.jpg,12,机制银币 > 地方省造 > 云南省造 > 光绪元宝 > 七钱二分 > 老龙,云南省造半圆
1211801899_front_crop.jpg,1211801899_back_crop.jpg,12,机制银币 > 地方省造 > 云南省造 > 光绪元宝 > 七钱二分 > 老龙,云南省造半圆
1211801901_front_crop.jpg,1211801901_back_crop.jpg,12,机制银币 > 地方省造 > 云南省造 > 光绪元宝 > 七钱二分 > 老龙,云南省造半圆
1211801903_front_crop.jpg,1211801903_back_crop.jpg,12,机制银币 > 地方省造 > 云南省造 > 光绪元宝 > 七钱二分 > 老龙,云南省造半圆
1211801905_front_crop.jpg,1211801905_back_crop.jpg,12,机制银币 > 地方省造 > 云南省造 > 光绪元宝 > 七钱二分 > 老龙,云南省造半圆
1211801907_front_crop.jpg,1211801907_back_crop.jpg,12,机制银币 > 地方省造 > 云南省造 > 光绪元宝 > 七钱二分 > 老龙,云南省造半圆
1211801909_front_crop.jpg,1211801909_back_crop.jpg,12,机制银币 > 地方省造 > 云南省造 > 光绪元宝 > 七钱二分 > 老龙,云南省造半圆
1211801911_front_crop.jpg,1211801911_back_crop.jpg,12,机制银币 > 地方省造 > 云南省造 > 光绪元宝 > 七钱二分 > 老龙,云南省造半圆
1211801913_front_crop.jpg,1211801913_back_crop.jpg,12,机制银币 > 地方省造 > 云南省造 > 光绪元宝 > 七钱二分 > 老龙,云南省造半圆
1211801915_front_crop.jpg,1211801915_back_crop.jpg,12,机制银币 > 地方省造 > 云南省造 > 光绪元宝 > 七钱二分 > 老龙,云南省造半圆
1211801917_front_crop.jpg,1211801917_back_crop.jpg,12,机制银币 > 地方省造 > 云南省造 > 光绪元宝 > 七钱二分 > 老龙,云南省造半圆
1211801919_front_crop.jpg,1211801919_back_crop.jpg,12,机制银币 > 地方省造 > 云南省造 > 光绪元宝 > 七钱二分 > 老龙,云南省造半圆
1211801923_front_crop.jpg,1211801923_back_crop.jpg,12,机制银币 > 地方省造 > 云南省造 > 光绪元宝 > 七钱二分 > 老龙,云南省造半圆
1211801925_front_crop.jpg,1211801925_back_crop.jpg,12,机制银币 > 地方省造 > 云南省造 > 光绪元宝 > 七钱二分 > 老龙,云南省造半圆
1211801927_front_crop.jpg,1211801927_back_crop.jpg,12,机制银币 > 地方省造 > 云南省造 > 光绪元宝 > 七钱二分 > 老龙,云南省造半圆
1211801929_front_crop.jpg,1211801929_back_crop.jpg,12,机制银币 > 地方省造 > 云南省造 > 光绪元宝 > 七钱二分 > 老龙,云南省造半圆
1211801931_front_crop.jpg,1211801931_back_crop.jpg,12,机制银币 > 地方省造 > 云南省造 > 光绪元宝 > 七钱二分 > 老龙,云南省造半圆
1211801933_front_crop.jpg,1211801933_back_crop.jpg,12,机制银币 > 地方省造 > 云南省造 > 光绪元宝 > 七钱二分 > 老龙,云南省造半圆
1211801935_front_crop.jpg,1211801935_back_crop.jpg,12,机制银币 > 地方省造 > 云南省造 > 光绪元宝 > 七钱二分 > 老龙,云南省造半圆
1211801937_front_crop.jpg,1211801937_back_crop.jpg,12,机制银币 > 地方省造 > 云南省造 > 光绪元宝 > 七钱二分 > 老龙,云南省造半圆
1211801939_front_crop.jpg,1211801939_back_crop.jpg,12,机制银币 > 地方省造 > 云南省造 > 光绪元宝 > 七钱二分 > 老龙,云南省造半圆
1211801941_front_crop.jpg,1211801941_back_crop.jpg,12,机制银币 > 地方省造 > 云南省造 > 光绪元宝 > 七钱二分 > 老龙,云南省造半圆
1211801943_front_crop.jpg,1211801943_back_crop.jpg,12,机制银币 > 地方省造 > 云南省造 > 光绪元宝 > 七钱二分 > 老龙,云南省造半圆
1211801945_front_crop.jpg,1211801945_back_crop.jpg,12,机制银币 > 地方省造 > 云南省造 > 光绪元宝 > 七钱二分 > 老龙,云南省造半圆
1211801947_front_crop.jpg,1211801947_back_crop.jpg,12,机制银币 > 地方省造 > 云南省造 > 光绪元宝 > 七钱二分 > 老龙,云南省造半圆
1211801949_front_crop.jpg,1211801949_back_crop.jpg,12,机制银币 > 地方省造 > 云南省造 > 光绪元宝 > 七钱二分 > 老龙,云南省造半圆
1211801951_front_crop.jpg,1211801951_back_crop.jpg,12,机制银币 > 地方省造 > 云南省造 > 光绪元宝 > 七钱二分 > 老龙,云南省造半圆
1211801953_front_crop.jpg,1211801953_back_crop.jpg,12,机制银币 > 地方省造 > 云南省造 > 光绪元宝 > 七钱二分 > 老龙,云南省造半圆
1211801955_front_crop.jpg,1211801955_back_crop.jpg,12,机制银币 > 地方省造 > 云南省造 > 光绪元宝 > 七钱二分 > 老龙,云南省造半圆
1211801957_front_crop.jpg,1211801957_back_crop.jpg,12,机制银币 > 地方省造 > 云南省造 > 光绪元宝 > 七钱二分 > 老龙,云南省造半圆
1211801959_front_crop.jpg,1211801959_back_crop.jpg,12,机制银币 > 地方省造 > 云南省造 > 光绪元宝 > 七钱二分 > 老龙,云南省造半圆
1211801961_front_crop.jpg,1211801961_back_crop.jpg,12,机制银币 > 地方省造 > 云南省造 > 光绪元宝 > 七钱二分 > 老龙,云南省造半圆
1211801963_front_crop.jpg,1211801963_back_crop.jpg,12,机制银币 > 地方省造 > 云南省造 > 光绪元宝 > 七钱二分 > 老龙,云南省造半圆
1211801965_front_crop.jpg,1211801965_back_crop.jpg,12,机制银币 > 地方省造 > 云南省造 > 光绪元宝 > 七钱二分 > 老龙,云南省造半圆
1211801967_front_crop.jpg,1211801967_back_crop.jpg,12,机制银币 > 地方省造 > 云南省造 > 光绪元宝 > 七钱二分 > 老龙,云南省造半圆
1211801969_front_crop.jpg,1211801969_back_crop.jpg,12,机制银币 > 地方省造 > 云南省造 > 光绪元宝 > 七钱二分 > 老龙,云南省造半圆
1211801971_front_crop.jpg,1211801971_back_crop.jpg,12,机制银币 > 地方省造 > 云南省造 > 光绪元宝 > 七钱二分 > 老龙,云南省造半圆
1211801973_front_crop.jpg,1211801973_back_crop.jpg,12,机制银币 > 地方省造 > 云南省造 > 光绪元宝 > 七钱二分 > 老龙,云南省造半圆
1211802083_front_crop.jpg,1211802083_back_crop.jpg,27,机制银币 > 地方省造 > 江南省造 > 甲辰 > 七钱二分 > 普通,江南省造一圆
1211802087_front_crop.jpg,1211802087_back_crop.jpg,58,机制银币 > 民国中央 > 袁世凯像 > 民国九年 > 壹圆 > 精发,袁世凯像壹圆
1211802093_front_crop.jpg,1211802093_back_crop.jpg,58,机制银币 > 民国中央 > 袁世凯像 > 民国九年 > 壹圆 > 精发,袁世凯像壹圆
1211802173_front_crop.jpg,1211802173_back_crop.jpg,58,机制银币 > 民国中央 > 袁世凯像 > 民国九年 > 壹圆 > 精发,袁世凯像壹圆
1211802177_front_crop.jpg,1211802177_back_crop.jpg,12,机制银币 > 地方省造 > 云南省造 > 光绪元宝 > 七钱二分 > 老龙,云南省造半圆
1211802199_front_crop.jpg,1211802199_back_crop.jpg,69,机制银币 > 民国中央 > 孙中山像 > 民国17年 > 壹圆 > 甘肃省造,孙中山像壹圆
1211802203_front_crop.jpg,1211802203_back_crop.jpg,0,机制银币 > 地方省造 > 四川省造 > 军政府 > 壹圆 > 普通,四川省造卢比
1211802205_front_crop.jpg,1211802205_back_crop.jpg,0,机制银币 > 地方省造 > 四川省造 > 军政府 > 壹圆 > 普通,四川省造卢比
1211802207_front_crop.jpg,1211802207_back_crop.jpg,0,机制银币 > 地方省造 > 四川省造 > 军政府 > 壹圆 > 普通,四川省造卢比
1211802231_front_crop.jpg,1211802231_back_crop.jpg,58,机制银币 > 民国中央 > 袁世凯像 > 民国九年 > 壹圆 > 精发,袁世凯像壹圆
1211802275_front_crop.jpg,1211802275_back_crop.jpg,58,机制银币 > 民国中央 > 袁世凯像 > 民国九年 > 壹圆 > 精发,袁世凯像壹圆
1211802277_front_crop.jpg,1211802277_back_crop.jpg,58,机制银币 > 民国中央 > 袁世凯像 > 民国九年 > 壹圆 > 精发,袁世凯像壹圆
1211802279_front_crop.jpg,1211802279_back_crop.jpg,58,机制银币 > 民国中央 > 袁世凯像 > 民国九年 > 壹圆 > 精发,袁世凯像壹圆
1211802281_front_crop.jpg,1211802281_back_crop.jpg,58,机制银币 > 民国中央 > 袁世凯像 > 民国九年 > 壹圆 > 精发,袁世凯像壹圆
1211802283_front_crop.jpg,1211802283_back_crop.jpg,58,机制银币 > 民国中央 > 袁世凯像 > 民国九年 > 壹圆 > 精发,袁世凯像壹圆
1211802285_front_crop.jpg,1211802285_back_crop.jpg,58,机制银币 > 民国中央 > 袁世凯像 > 民国九年 > 壹圆 > 精发,袁世凯像壹圆
1211802287_front_crop.jpg,1211802287_back_crop.jpg,58,机制银币 > 民国中央 > 袁世凯像 > 民国九年 > 壹圆 > 精发,袁世凯像壹圆
1211802289_front_crop.jpg,1211802289_back_crop.jpg,58,机制银币 > 民国中央 > 袁世凯像 > 民国九年 > 壹圆 > 精发,袁世凯像壹圆
1211802291_front_crop.jpg,1211802291_back_crop.jpg,58,机制银币 > 民国中央 > 袁世凯像 > 民国九年 > 壹圆 > 精发,袁世凯像壹圆
1211802293_front_crop.jpg,1211802293_back_crop.jpg,58,机制银币 > 民国中央 > 袁世凯像 > 民国九年 > 壹圆 > 精发,袁世凯像壹圆
1211802295_front_crop.jpg,1211802295_back_crop.jpg,58,机制银币 > 民国中央 > 袁世凯像 > 民国九年 > 壹圆 > 精发,袁世凯像壹圆
1211802297_front_crop.jpg,1211802297_back_crop.jpg,58,机制银币 > 民国中央 > 袁世凯像 > 民国九年 > 壹圆 > 精发,袁世凯像壹圆
1211802299_front_crop.jpg,1211802299_back_crop.jpg,58,机制银币 > 民国中央 > 袁世凯像 > 民国九年 > 壹圆 > 精发,袁世凯像壹圆
1211802301_front_crop.jpg,1211802301_back_crop.jpg,58,机制银币 > 民国中央 > 袁世凯像 > 民国九年 > 壹圆 > 精发,袁世凯像壹圆
1211802303_front_crop.jpg,1211802303_back_crop.jpg,58,机制银币 > 民国中央 > 袁世凯像 > 民国九年 > 壹圆 > 精发,袁世凯像壹圆
1211802305_front_crop.jpg,1211802305_back_crop.jpg,58,机制银币 > 民国中央 > 袁世凯像 > 民国九年 > 壹圆 > 精发,袁世凯像壹圆
1211802307_front_crop.jpg,1211802307_back_crop.jpg,58,机制银币 > 民国中央 > 袁世凯像 > 民国九年 > 壹圆 > 精发,袁世凯像壹圆
1211802309_front_crop.jpg,1211802309_back_crop.jpg,58,机制银币 > 民国中央 > 袁世凯像 > 民国九年 > 壹圆 > 精发,袁世凯像壹圆
1211802311_front_crop.jpg,1211802311_back_crop.jpg,58,机制银币 > 民国中央 > 袁世凯像 > 民国九年 > 壹圆 > 精发,袁世凯像壹圆
1211802313_front_crop.jpg,1211802313_back_crop.jpg,58,机制银币 > 民国中央 > 袁世凯像 > 民国九年 > 壹圆 > 精发,袁世凯像壹圆
1211802315_front_crop.jpg,1211802315_back_crop.jpg,58,机制银币 > 民国中央 > 袁世凯像 > 民国九年 > 壹圆 > 精发,袁世凯像壹圆
1211802317_front_crop.jpg,1211802317_back_crop.jpg,58,机制银币 > 民国中央 > 袁世凯像 > 民国九年 > 壹圆 > 精发,袁世凯像壹圆
1211802319_front_crop.jpg,1211802319_back_crop.jpg,58,机制银币 > 民国中央 > 袁世凯像 > 民国九年 > 壹圆 > 精发,袁世凯像壹圆
1211802321_front_crop.jpg,1211802321_back_crop.jpg,58,机制银币 > 民国中央 > 袁世凯像 > 民国九年 > 壹圆 > 精发,袁世凯像壹圆
1211802323_front_crop.jpg,1211802323_back_crop.jpg,58,机制银币 > 民国中央 > 袁世凯像 > 民国九年 > 壹圆 > 精发,袁世凯像壹圆
1211802325_front_crop.jpg,1211802325_back_crop.jpg,58,机制银币 > 民国中央 > 袁世凯像 > 民国九年 > 壹圆 > 精发,袁世凯像壹圆
1211802327_front_crop.jpg,1211802327_back_crop.jpg,58,机制银币 > 民国中央 > 袁世凯像 > 民国九年 > 壹圆 > 精发,袁世凯像壹圆
1211802329_front_crop.jpg,1211802329_back_crop.jpg,58,机制银币 > 民国中央 > 袁世凯像 > 民国九年 > 壹圆 > 精发,袁世凯像壹圆
1211802331_front_crop.jpg,1211802331_back_crop.jpg,58,机制银币 > 民国中央 > 袁世凯像 > 民国九年 > 壹圆 > 精发,袁世凯像壹圆
1211802333_front_crop.jpg,1211802333_back_crop.jpg,58,机制银币 > 民国中央 > 袁世凯像 > 民国九年 > 壹圆 > 精发,袁世凯像壹圆
1211802335_front_crop.jpg,1211802335_back_crop.jpg,58,机制银币 > 民国中央 > 袁世凯像 > 民国九年 > 壹圆 > 精发,袁世凯像壹圆
1211802337_front_crop.jpg,1211802337_back_crop.jpg,58,机制银币 > 民国中央 > 袁世凯像 > 民国九年 > 壹圆 > 精发,袁世凯像壹圆
1211802339_front_crop.jpg,1211802339_back_crop.jpg,58,机制银币 > 民国中央 > 袁世凯像 > 民国九年 > 壹圆 > 精发,袁世凯像壹圆
1211802353_front_crop.jpg,1211802353_back_crop.jpg,58,机制银币 > 民国中央 > 袁世凯像 > 民国九年 > 壹圆 > 精发,袁世凯像壹圆
1211802361_front_crop.jpg,1211802361_back_crop.jpg,58,机制银币 > 民国中央 > 袁世凯像 > 民国九年 > 壹圆 > 精发,袁世凯像壹圆
1211802373_front_crop.jpg,1211802373_back_crop.jpg,58,机制银币 > 民国中央 > 袁世凯像 > 民国九年 > 壹圆 > 精发,袁世凯像壹圆
1211802399_front_crop.jpg,1211802399_back_crop.jpg,58,机制银币 > 民国中央 > 袁世凯像 > 民国九年 > 壹圆 > 精发,袁世凯像壹圆
1211802419_front_crop.jpg,1211802419_back_crop.jpg,58,机制银币 > 民国中央 > 袁世凯像 > 民国九年 > 壹圆 > 精发,袁世凯像壹圆
1211802423_front_crop.jpg,1211802423_back_crop.jpg,58,机制银币 > 民国中央 > 袁世凯像 > 民国九年 > 壹圆 > 精发,袁世凯像壹圆
1211802431_front_crop.jpg,1211802431_back_crop.jpg,58,机制银币 > 民国中央 > 袁世凯像 > 民国九年 > 壹圆 > 精发,袁世凯像壹圆
1211802433_front_crop.jpg,1211802433_back_crop.jpg,58,机制银币 > 民国中央 > 袁世凯像 > 民国九年 > 壹圆 > 精发,袁世凯像壹圆
1211802435_front_crop.jpg,1211802435_back_crop.jpg,58,机制银币 > 民国中央 > 袁世凯像 > 民国九年 > 壹圆 > 精发,袁世凯像壹圆
1211802437_front_crop.jpg,1211802437_back_crop.jpg,70,机制银币 > 民国中央 > 孙中山像 > 开国纪念 > 壹圆 > 下五星,开国纪念壹圆
1211802439_front_crop.jpg,1211802439_back_crop.jpg,69,机制银币 > 民国中央 > 孙中山像 > 民国17年 > 壹圆 > 甘肃省造,孙中山像壹圆
1211802463_front_crop.jpg,1211802463_back_crop.jpg,58,机制银币 > 民国中央 > 袁世凯像 > 民国九年 > 壹圆 > 精发,袁世凯像贰角
1211802465_front_crop.jpg,1211802465_back_crop.jpg,58,机制银币 > 民国中央 > 袁世凯像 > 民国九年 > 壹圆 > 精发,袁世凯像壹圆
1211802471_front_crop.jpg,1211802471_back_crop.jpg,58,机制银币 > 民国中央 > 袁世凯像 > 民国九年 > 壹圆 > 精发,袁世凯像壹圆
1211802473_front_crop.jpg,1211802473_back_crop.jpg,70,机制银币 > 民国中央 > 孙中山像 > 开国纪念 > 壹圆 > 下五星,开国纪念壹圆
1211802475_front_crop.jpg,1211802475_back_crop.jpg,70,机制银币 > 民国中央 > 孙中山像 > 开国纪念 > 壹圆 > 下五星,开国纪念壹圆
1211802477_front_crop.jpg,1211802477_back_crop.jpg,70,机制银币 > 民国中央 > 孙中山像 > 开国纪念 > 壹圆 > 下五星,开国纪念壹圆
1211802481_front_crop.jpg,1211802481_back_crop.jpg,58,机制银币 > 民国中央 > 袁世凯像 > 民国九年 > 壹圆 > 精发,袁世凯像壹圆
1211802483_front_crop.jpg,1211802483_back_crop.jpg,58,机制银币 > 民国中央 > 袁世凯像 > 民国九年 > 壹圆 > 精发,袁世凯像壹圆
1211802487_front_crop.jpg,1211802487_back_crop.jpg,58,机制银币 > 民国中央 > 袁世凯像 > 民国九年 > 壹圆 > 精发,袁世凯像壹圆
1211802489_front_crop.jpg,1211802489_back_crop.jpg,58,机制银币 > 民国中央 > 袁世凯像 > 民国九年 > 壹圆 > 精发,袁世凯像壹圆
1211802491_front_crop.jpg,1211802491_back_crop.jpg,70,机制银币 > 民国中央 > 孙中山像 > 开国纪念 > 壹圆 > 下五星,开国纪念壹圆
1211802493_front_crop.jpg,1211802493_back_crop.jpg,70,机制银币 > 民国中央 > 孙中山像 > 开国纪念 > 壹圆 > 下五星,开国纪念壹圆
1211802495_front_crop.jpg,1211802495_back_crop.jpg,70,机制银币 > 民国中央 > 孙中山像 > 开国纪念 > 壹圆 > 下五星,开国纪念壹圆
1211802507_front_crop.jpg,1211802507_back_crop.jpg,70,机制银币 > 民国中央 > 孙中山像 > 开国纪念 > 壹圆 > 下五星,开国纪念壹圆
1211802523_front_crop.jpg,1211802523_back_crop.jpg,7,机制银币 > 地方省造 > 湖北省造 > 光绪元宝 > 七钱二分 > 普通,湖北省造二角
1211802531_front_crop.jpg,1211802531_back_crop.jpg,58,机制银币 > 民国中央 > 袁世凯像 > 民国九年 > 壹圆 > 精发,袁世凯像壹圆
1211802547_front_crop.jpg,1211802547_back_crop.jpg,58,机制银币 > 民国中央 > 袁世凯像 > 民国九年 > 壹圆 > 精发,袁世凯像壹圆
1211802551_front_crop.jpg,1211802551_back_crop.jpg,70,机制银币 > 民国中央 > 孙中山像 > 开国纪念 > 壹圆 > 下五星,开国纪念壹圆
1211802561_front_crop.jpg,1211802561_back_crop.jpg,58,机制银币 > 民国中央 > 袁世凯像 > 民国九年 > 壹圆 > 精发,袁世凯像壹圆
1211802581_front_crop.jpg,1211802581_back_crop.jpg,70,机制银币 > 民国中央 > 孙中山像 > 开国纪念 > 壹圆 > 下五星,开国纪念壹圆
1211802583_front_crop.jpg,1211802583_back_crop.jpg,70,机制银币 > 民国中央 > 孙中山像 > 开国纪念 > 壹圆 > 下五星,开国纪念壹圆
1211802585_front_crop.jpg,1211802585_back_crop.jpg,58,机制银币 > 民国中央 > 袁世凯像 > 民国九年 > 壹圆 > 精发,袁世凯像壹圆
1211802587_front_crop.jpg,1211802587_back_crop.jpg,58,机制银币 > 民国中央 > 袁世凯像 > 民国九年 > 壹圆 > 精发,袁世凯像壹圆
1211802589_front_crop.jpg,1211802589_back_crop.jpg,70,机制银币 > 民国中央 > 孙中山像 > 开国纪念 > 壹圆 > 下五星,开国纪念壹圆
1211802591_front_crop.jpg,1211802591_back_crop.jpg,70,机制银币 > 民国中央 > 孙中山像 > 开国纪念 > 壹圆 > 下五星,开国纪念壹圆
1211802613_front_crop.jpg,1211802613_back_crop.jpg,58,机制银币 > 民国中央 > 袁世凯像 > 民国九年 > 壹圆 > 精发,袁世凯像壹圆
1211802729_front_crop.jpg,1211802729_back_crop.jpg,58,机制银币 > 民国中央 > 袁世凯像 > 民国九年 > 壹圆 > 精发,袁世凯像壹圆
1211802733_front_crop.jpg,1211802733_back_crop.jpg,58,机制银币 > 民国中央 > 袁世凯像 > 民国九年 > 壹圆 > 精发,袁世凯像壹圆
1211802735_front_crop.jpg,1211802735_back_crop.jpg,58,机制银币 > 民国中央 > 袁世凯像 > 民国九年 > 壹圆 > 精发,袁世凯像壹圆
1211802739_front_crop.jpg,1211802739_back_crop.jpg,58,机制银币 > 民国中央 > 袁世凯像 > 民国九年 > 壹圆 > 精发,袁世凯像壹圆
1211802797_front_crop.jpg,1211802797_back_crop.jpg,70,机制银币 > 民国中央 > 孙中山像 > 开国纪念 > 壹圆 > 下五星,开国纪念壹圆
1211802799_front_crop.jpg,1211802799_back_crop.jpg,70,机制银币 > 民国中央 > 孙中山像 > 开国纪念 > 壹圆 > 下五星,开国纪念壹圆
1211802801_front_crop.jpg,1211802801_back_crop.jpg,70,机制银币 > 民国中央 > 孙中山像 > 开国纪念 > 壹圆 > 下五星,开国纪念壹圆
1211802803_front_crop.jpg,1211802803_back_crop.jpg,70,机制银币 > 民国中央 > 孙中山像 > 开国纪念 > 壹圆 > 下五星,开国纪念壹圆
1211802805_front_crop.jpg,1211802805_back_crop.jpg,69,机制银币 > 民国中央 > 孙中山像 > 民国17年 > 壹圆 > 甘肃省造,孙中山像壹圆
1211802807_front_crop.jpg,1211802807_back_crop.jpg,58,机制银币 > 民国中央 > 袁世凯像 > 民国九年 > 壹圆 > 精发,袁世凯像壹圆
1211802809_front_crop.jpg,1211802809_back_crop.jpg,58,机制银币 > 民国中央 > 袁世凯像 > 民国九年 > 壹圆 > 精发,袁世凯像壹圆
1211802823_front_crop.jpg,1211802823_back_crop.jpg,58,机制银币 > 民国中央 > 袁世凯像 > 民国九年 > 壹圆 > 精发,袁世凯像壹圆
1211802829_front_crop.jpg,1211802829_back_crop.jpg,58,机制银币 > 民国中央 > 袁世凯像 > 民国九年 > 壹圆 > 精发,袁世凯像壹圆
1211802839_front_crop.jpg,1211802839_back_crop.jpg,58,机制银币 > 民国中央 > 袁世凯像 > 民国九年 > 壹圆 > 精发,袁世凯像贰角
1211802841_front_crop.jpg,1211802841_back_crop.jpg,58,机制银币 > 民国中央 > 袁世凯像 > 民国九年 > 壹圆 > 精发,袁世凯像壹圆
1211802849_front_crop.jpg,1211802849_back_crop.jpg,12,机制银币 > 地方省造 > 云南省造 > 光绪元宝 > 七钱二分 > 老龙,云南省造贰角
1211802851_front_crop.jpg,1211802851_back_crop.jpg,69,机制银币 > 民国中央 > 孙中山像 > 民国17年 > 壹圆 > 甘肃省造,孙中山像贰毫
1211802907_front_crop.jpg,1211802907_back_crop.jpg,0,机制银币 > 地方省造 > 四川省造 > 军政府 > 壹圆 > 普通,四川省造卢比
1211802911_front_crop.jpg,1211802911_back_crop.jpg,0,机制银币 > 地方省造 > 四川省造 > 军政府 > 壹圆 > 普通,四川银币壹圆
1211802921_front_crop.jpg,1211802921_back_crop.jpg,58,机制银币 > 民国中央 > 袁世凯像 > 民国九年 > 壹圆 > 精发,袁世凯像壹圆
1211802923_front_crop.jpg,1211802923_back_crop.jpg,58,机制银币 > 民国中央 > 袁世凯像 > 民国九年 > 壹圆 > 精发,袁世凯像壹圆
1211802937_front_crop.jpg,1211802937_back_crop.jpg,58,机制银币 > 民国中央 > 袁世凯像 > 民国九年 > 壹圆 > 精发,袁世凯像壹圆
1211802973_front_crop.jpg,1211802973_back_crop.jpg,46,机制银币 > 地方省造 > 北洋造 > 光绪24年 > 壹圆,北洋局造一圆
1211802985_front_crop.jpg,1211802985_back_crop.jpg,0,机制银币 > 地方省造 > 四川省造 > 军政府 > 壹圆 > 普通,四川银币壹圆
1211802987_front_crop.jpg,1211802987_back_crop.jpg,0,机制银币 > 地方省造 > 四川省造 > 军政府 > 壹圆 > 普通,四川银币壹圆
1211802989_front_crop.jpg,1211802989_back_crop.jpg,0,机制银币 > 地方省造 > 四川省造 > 军政府 > 壹圆 > 普通,四川银币壹圆
1211802997_front_crop.jpg,1211802997_back_crop.jpg,0,机制银币 > 地方省造 > 四川省造 > 军政府 > 壹圆 > 普通,四川银币壹圆
1211802999_front_crop.jpg,1211802999_back_crop.jpg,0,机制银币 > 地方省造 > 四川省造 > 军政府 > 壹圆 > 普通,四川银币壹圆
1211803001_front_crop.jpg,1211803001_back_crop.jpg,0,机制银币 > 地方省造 > 四川省造 > 军政府 > 壹圆 > 普通,四川银币壹圆
1211803003_front_crop.jpg,1211803003_back_crop.jpg,0,机制银币 > 地方省造 > 四川省造 > 军政府 > 壹圆 > 普通,四川银币壹圆
1211803005_front_crop.jpg,1211803005_back_crop.jpg,0,机制银币 > 地方省造 > 四川省造 > 军政府 > 壹圆 > 普通,四川银币壹圆
1211803007_front_crop.jpg,1211803007_back_crop.jpg,0,机制银币 > 地方省造 > 四川省造 > 军政府 > 壹圆 > 普通,四川银币壹圆
1211803009_front_crop.jpg,1211803009_back_crop.jpg,0,机制银币 > 地方省造 > 四川省造 > 军政府 > 壹圆 > 普通,四川银币壹圆
1211803011_front_crop.jpg,1211803011_back_crop.jpg,0,机制银币 > 地方省造 > 四川省造 > 军政府 > 壹圆 > 普通,四川银币壹圆
1211803013_front_crop.jpg,1211803013_back_crop.jpg,0,机制银币 > 地方省造 > 四川省造 > 军政府 > 壹圆 > 普通,四川银币壹圆
1211803021_front_crop.jpg,1211803021_back_crop.jpg,18,机制银币 > 地方省造 > 东三省造 > 光绪元宝 > 七钱二分,东三省造二角
1211803051_front_crop.jpg,1211803051_back_crop.jpg,58,机制银币 > 民国中央 > 袁世凯像 > 民国九年 > 壹圆 > 精发,袁世凯像壹圆
1211803063_front_crop.jpg,1211803063_back_crop.jpg,69,机制银币 > 民国中央 > 孙中山像 > 民国17年 > 壹圆 > 甘肃省造,孙中山像壹圆
1211803065_front_crop.jpg,1211803065_back_crop.jpg,69,机制银币 > 民国中央 > 孙中山像 > 民国17年 > 壹圆 > 甘肃省造,孙中山像壹圆
1211803087_front_crop.jpg,1211803087_back_crop.jpg,58,机制银币 > 民国中央 > 袁世凯像 > 民国九年 > 壹圆 > 精发,袁世凯像壹圆
1211803089_front_crop.jpg,1211803089_back_crop.jpg,70,机制银币 > 民国中央 > 孙中山像 > 开国纪念 > 壹圆 > 下五星,开国纪念壹圆
1211803123_front_crop.jpg,1211803123_back_crop.jpg,70,机制银币 > 民国中央 > 孙中山像 > 开国纪念 > 壹圆 > 下五星,开国纪念壹圆
1211803125_front_crop.jpg,1211803125_back_crop.jpg,70,机制银币 > 民国中央 > 孙中山像 > 开国纪念 > 壹圆 > 下五星,开国纪念壹圆
1211803127_front_crop.jpg,1211803127_back_crop.jpg,70,机制银币 > 民国中央 > 孙中山像 > 开国纪念 > 壹圆 > 下五星,开国纪念壹圆
1211803129_front_crop.jpg,1211803129_back_crop.jpg,70,机制银币 > 民国中央 > 孙中山像 > 开国纪念 > 壹圆 > 下五星,开国纪念壹圆
1211803131_front_crop.jpg,1211803131_back_crop.jpg,70,机制银币 > 民国中央 > 孙中山像 > 开国纪念 > 壹圆 > 下五星,开国纪念壹圆
1211803133_front_crop.jpg,1211803133_back_crop.jpg,70,机制银币 > 民国中央 > 孙中山像 > 开国纪念 > 壹圆 > 下五星,开国纪念壹圆
1211803149_front_crop.jpg,1211803149_back_crop.jpg,70,机制银币 > 民国中央 > 孙中山像 > 开国纪念 > 壹圆 > 下五星,开国纪念壹圆
1211803211_front_crop.jpg,1211803211_back_crop.jpg,58,机制银币 > 民国中央 > 袁世凯像 > 民国九年 > 壹圆 > 精发,袁世凯像壹圆
1211803213_front_crop.jpg,1211803213_back_crop.jpg,58,机制银币 > 民国中央 > 袁世凯像 > 民国九年 > 壹圆 > 精发,袁世凯像壹圆
1211803215_front_crop.jpg,1211803215_back_crop.jpg,58,机制银币 > 民国中央 > 袁世凯像 > 民国九年 > 壹圆 > 精发,袁世凯像壹圆
1211803217_front_crop.jpg,1211803217_back_crop.jpg,58,机制银币 > 民国中央 > 袁世凯像 > 民国九年 > 壹圆 > 精发,袁世凯像壹圆
1211803219_front_crop.jpg,1211803219_back_crop.jpg,58,机制银币 > 民国中央 > 袁世凯像 > 民国九年 > 壹圆 > 精发,袁世凯像壹圆
1211803221_front_crop.jpg,1211803221_back_crop.jpg,58,机制银币 > 民国中央 > 袁世凯像 > 民国九年 > 壹圆 > 精发,袁世凯像壹圆
1211803223_front_crop.jpg,1211803223_back_crop.jpg,58,机制银币 > 民国中央 > 袁世凯像 > 民国九年 > 壹圆 > 精发,袁世凯像壹圆
1211803225_front_crop.jpg,1211803225_back_crop.jpg,58,机制银币 > 民国中央 > 袁世凯像 > 民国九年 > 壹圆 > 精发,袁世凯像壹圆
1211803227_front_crop.jpg,1211803227_back_crop.jpg,58,机制银币 > 民国中央 > 袁世凯像 > 民国九年 > 壹圆 > 精发,袁世凯像壹圆
1211803229_front_crop.jpg,1211803229_back_crop.jpg,58,机制银币 > 民国中央 > 袁世凯像 > 民国九年 > 壹圆 > 精发,袁世凯像壹圆
1211803231_front_crop.jpg,1211803231_back_crop.jpg,69,机制银币 > 民国中央 > 孙中山像 > 民国17年 > 壹圆 > 甘肃省造,孙中山像壹圆
1211803265_front_crop.jpg,1211803265_back_crop.jpg,58,机制银币 > 民国中央 > 袁世凯像 > 民国九年 > 壹圆 > 精发,袁世凯像壹圆
1211803267_front_crop.jpg,1211803267_back_crop.jpg,58,机制银币 > 民国中央 > 袁世凯像 > 民国九年 > 壹圆 > 精发,袁世凯像壹圆
1211803271_front_crop.jpg,1211803271_back_crop.jpg,58,机制银币 > 民国中央 > 袁世凯像 > 民国九年 > 壹圆 > 精发,袁世凯像壹圆
1211803273_front_crop.jpg,1211803273_back_crop.jpg,58,机制银币 > 民国中央 > 袁世凯像 > 民国九年 > 壹圆 > 精发,袁世凯像壹圆
1211803275_front_crop.jpg,1211803275_back_crop.jpg,58,机制银币 > 民国中央 > 袁世凯像 > 民国九年 > 壹圆 > 精发,袁世凯像壹圆
1211803277_front_crop.jpg,1211803277_back_crop.jpg,58,机制银币 > 民国中央 > 袁世凯像 > 民国九年 > 壹圆 > 精发,袁世凯像壹圆
1211803279_front_crop.jpg,1211803279_back_crop.jpg,58,机制银币 > 民国中央 > 袁世凯像 > 民国九年 > 壹圆 > 精发,袁世凯像壹圆
1211803281_front_crop.jpg,1211803281_back_crop.jpg,58,机制银币 > 民国中央 > 袁世凯像 > 民国九年 > 壹圆 > 精发,袁世凯像壹圆
1211803295_front_crop.jpg,1211803295_back_crop.jpg,58,机制银币 > 民国中央 > 袁世凯像 > 民国九年 > 壹圆 > 精发,袁世凯像壹圆
1211803297_front_crop.jpg,1211803297_back_crop.jpg,69,机制银币 > 民国中央 > 孙中山像 > 民国17年 > 壹圆 > 甘肃省造,孙中山像壹圆
1211803301_front_crop.jpg,1211803301_back_crop.jpg,58,机制银币 > 民国中央 > 袁世凯像 > 民国九年 > 壹圆 > 精发,袁世凯像壹圆
1211803329_front_crop.jpg,1211803329_back_crop.jpg,0,机制银币 > 地方省造 > 四川省造 > 军政府 > 壹圆 > 普通,四川省造一圆
1211803331_front_crop.jpg,1211803331_back_crop.jpg,0,机制银币 > 地方省造 > 四川省造 > 军政府 > 壹圆 > 普通,四川省造一圆
1211803339_front_crop.jpg,1211803339_back_crop.jpg,85,机制银币 > 纪念币 > 唐继尧像 > 拥护共和 > 三钱六分 > 正像,唐继尧像半圆
1211803341_front_crop.jpg,1211803341_back_crop.jpg,12,机制银币 > 地方省造 > 云南省造 > 光绪元宝 > 七钱二分 > 老龙,云南省造半圆
1211803349_front_crop.jpg,1211803349_back_crop.jpg,12,机制银币 > 地方省造 > 云南省造 > 光绪元宝 > 七钱二分 > 老龙,云南省造半圆
1211803351_front_crop.jpg,1211803351_back_crop.jpg,12,机制银币 > 地方省造 > 云南省造 > 光绪元宝 > 七钱二分 > 老龙,云南省造半圆
1211803357_front_crop.jpg,1211803357_back_crop.jpg,52,机制银币 > 地方省造 > 新疆省造 > 造币厂铸 > 壹圆 > 尖足1,新疆迪化壹两
1211803397_front_crop.jpg,1211803397_back_crop.jpg,58,机制银币 > 民国中央 > 袁世凯像 > 民国九年 > 壹圆 > 精发,袁世凯像壹圆
1211803401_front_crop.jpg,1211803401_back_crop.jpg,58,机制银币 > 民国中央 > 袁世凯像 > 民国九年 > 壹圆 > 精发,袁世凯像壹圆
1211803405_front_crop.jpg,1211803405_back_crop.jpg,58,机制银币 > 民国中央 > 袁世凯像 > 民国九年 > 壹圆 > 精发,袁世凯像壹圆
1211803407_front_crop.jpg,1211803407_back_crop.jpg,58,机制银币 > 民国中央 > 袁世凯像 > 民国九年 > 壹圆 > 精发,袁世凯像壹圆
1211803411_front_crop.jpg,1211803411_back_crop.jpg,58,机制银币 > 民国中央 > 袁世凯像 > 民国九年 > 壹圆 > 精发,袁世凯像壹圆
1211803413_front_crop.jpg,1211803413_back_crop.jpg,58,机制银币 > 民国中央 > 袁世凯像 > 民国九年 > 壹圆 > 精发,袁世凯像壹圆
1211803415_front_crop.jpg,1211803415_back_crop.jpg,58,机制银币 > 民国中央 > 袁世凯像 > 民国九年 > 壹圆 > 精发,袁世凯像壹圆
1211803417_front_crop.jpg,1211803417_back_crop.jpg,58,机制银币 > 民国中央 > 袁世凯像 > 民国九年 > 壹圆 > 精发,袁世凯像壹圆
1211803419_front_crop.jpg,1211803419_back_crop.jpg,58,机制银币 > 民国中央 > 袁世凯像 > 民国九年 > 壹圆 > 精发,袁世凯像壹圆
1211803491_front_crop.jpg,1211803491_back_crop.jpg,58,机制银币 > 民国中央 > 袁世凯像 > 民国九年 > 壹圆 > 精发,袁世凯像壹圆
1211803501_front_crop.jpg,1211803501_back_crop.jpg,69,机制银币 > 民国中央 > 孙中山像 > 民国17年 > 壹圆 > 甘肃省造,孙中山像壹圆
1211803563_front_crop.jpg,1211803563_back_crop.jpg,58,机制银币 > 民国中央 > 袁世凯像 > 民国九年 > 壹圆 > 精发,袁世凯像壹圆
1211803585_front_crop.jpg,1211803585_back_crop.jpg,18,机制银币 > 地方省造 > 东三省造 > 光绪元宝 > 七钱二分,东三省造二角
1211803587_front_crop.jpg,1211803587_back_crop.jpg,18,机制银币 > 地方省造 > 东三省造 > 光绪元宝 > 七钱二分,东三省造二角
1211803589_front_crop.jpg,1211803589_back_crop.jpg,55,机制银币 > 地方省造 > 广东省造 > 光绪元宝 > 三钱六分,广东省造二角
1211803633_front_crop.jpg,1211803633_back_crop.jpg,69,机制银币 > 民国中央 > 孙中山像 > 民国17年 > 壹圆 > 甘肃省造,孙中山像壹圆
1211803727_front_crop.jpg,1211803727_back_crop.jpg,12,机制银币 > 地方省造 > 云南省造 > 光绪元宝 > 七钱二分 > 老龙,云南省造半圆
1211803729_front_crop.jpg,1211803729_back_crop.jpg,12,机制银币 > 地方省造 > 云南省造 > 光绪元宝 > 七钱二分 > 老龙,云南省造半圆
1211803731_front_crop.jpg,1211803731_back_crop.jpg,12,机制银币 > 地方省造 > 云南省造 > 光绪元宝 > 七钱二分 > 老龙,云南省造半圆
1211803733_front_crop.jpg,1211803733_back_crop.jpg,12,机制银币 > 地方省造 > 云南省造 > 光绪元宝 > 七钱二分 > 老龙,云南省造半圆
1211803735_front_crop.jpg,1211803735_back_crop.jpg,12,机制银币 > 地方省造 > 云南省造 > 光绪元宝 > 七钱二分 > 老龙,云南省造半圆
1211803737_front_crop.jpg,1211803737_back_crop.jpg,12,机制银币 > 地方省造 > 云南省造 > 光绪元宝 > 七钱二分 > 老龙,云南省造半圆
1211803739_front_crop.jpg,1211803739_back_crop.jpg,12,机制银币 > 地方省造 > 云南省造 > 光绪元宝 > 七钱二分 > 老龙,云南省造半圆
1211803741_front_crop.jpg,1211803741_back_crop.jpg,12,机制银币 > 地方省造 > 云南省造 > 光绪元宝 > 七钱二分 > 老龙,云南省造半圆
1211803743_front_crop.jpg,1211803743_back_crop.jpg,12,机制银币 > 地方省造 > 云南省造 > 光绪元宝 > 七钱二分 > 老龙,云南省造半圆
1211803745_front_crop.jpg,1211803745_back_crop.jpg,12,机制银币 > 地方省造 > 云南省造 > 光绪元宝 > 七钱二分 > 老龙,云南省造半圆
1211803747_front_crop.jpg,1211803747_back_crop.jpg,12,机制银币 > 地方省造 > 云南省造 > 光绪元宝 > 七钱二分 > 老龙,云南省造半圆
1211803749_front_crop.jpg,1211803749_back_crop.jpg,12,机制银币 > 地方省造 > 云南省造 > 光绪元宝 > 七钱二分 > 老龙,云南省造半圆
1211803751_front_crop.jpg,1211803751_back_crop.jpg,12,机制银币 > 地方省造 > 云南省造 > 光绪元宝 > 七钱二分 > 老龙,云南省造半圆
1211803753_front_crop.jpg,1211803753_back_crop.jpg,12,机制银币 > 地方省造 > 云南省造 > 光绪元宝 > 七钱二分 > 老龙,云南省造半圆
1211803755_front_crop.jpg,1211803755_back_crop.jpg,12,机制银币 > 地方省造 > 云南省造 > 光绪元宝 > 七钱二分 > 老龙,云南省造半圆
1211803757_front_crop.jpg,1211803757_back_crop.jpg,12,机制银币 > 地方省造 > 云南省造 > 光绪元宝 > 七钱二分 > 老龙,云南省造半圆
1211803759_front_crop.jpg,1211803759_back_crop.jpg,12,机制银币 > 地方省造 > 云南省造 > 光绪元宝 > 七钱二分 > 老龙,云南省造半圆
1211803761_front_crop.jpg,1211803761_back_crop.jpg,12,机制银币 > 地方省造 > 云南省造 > 光绪元宝 > 七钱二分 > 老龙,云南省造半圆
1211803763_front_crop.jpg,1211803763_back_crop.jpg,12,机制银币 > 地方省造 > 云南省造 > 光绪元宝 > 七钱二分 > 老龙,云南省造半圆
1211803785_front_crop.jpg,1211803785_back_crop.jpg,12,机制银币 > 地方省造 > 云南省造 > 光绪元宝 > 七钱二分 > 老龙,云南省造半圆
1211803787_front_crop.jpg,1211803787_back_crop.jpg,12,机制银币 > 地方省造 > 云南省造 > 光绪元宝 > 七钱二分 > 老龙,云南省造半圆
1211803789_front_crop.jpg,1211803789_back_crop.jpg,12,机制银币 > 地方省造 > 云南省造 > 光绪元宝 > 七钱二分 > 老龙,云南省造半圆
1211803833_front_crop.jpg,1211803833_back_crop.jpg,12,机制银币 > 地方省造 > 云南省造 > 光绪元宝 > 七钱二分 > 老龙,云南省造半圆
1211803835_front_crop.jpg,1211803835_back_crop.jpg,12,机制银币 > 地方省造 > 云南省造 > 光绪元宝 > 七钱二分 > 老龙,云南省造半圆
1211803837_front_crop.jpg,1211803837_back_crop.jpg,12,机制银币 > 地方省造 > 云南省造 > 光绪元宝 > 七钱二分 > 老龙,云南省造半圆
1211803839_front_crop.jpg,1211803839_back_crop.jpg,12,机制银币 > 地方省造 > 云南省造 > 光绪元宝 > 七钱二分 > 老龙,云南省造半圆
1211803841_front_crop.jpg,1211803841_back_crop.jpg,12,机制银币 > 地方省造 > 云南省造 > 光绪元宝 > 七钱二分 > 老龙,云南省造半圆
1211803843_front_crop.jpg,1211803843_back_crop.jpg,12,机制银币 > 地方省造 > 云南省造 > 光绪元宝 > 七钱二分 > 老龙,云南省造半圆
1211803845_front_crop.jpg,1211803845_back_crop.jpg,12,机制银币 > 地方省造 > 云南省造 > 光绪元宝 > 七钱二分 > 老龙,云南省造半圆
1211803847_front_crop.jpg,1211803847_back_crop.jpg,12,机制银币 > 地方省造 > 云南省造 > 光绪元宝 > 七钱二分 > 老龙,云南省造半圆
1211803849_front_crop.jpg,1211803849_back_crop.jpg,12,机制银币 > 地方省造 > 云南省造 > 光绪元宝 > 七钱二分 > 老龙,云南省造半圆
1211803851_front_crop.jpg,1211803851_back_crop.jpg,12,机制银币 > 地方省造 > 云南省造 > 光绪元宝 > 七钱二分 > 老龙,云南省造半圆
1211803853_front_crop.jpg,1211803853_back_crop.jpg,12,机制银币 > 地方省造 > 云南省造 > 光绪元宝 > 七钱二分 > 老龙,云南省造半圆
1211803855_front_crop.jpg,1211803855_back_crop.jpg,12,机制银币 > 地方省造 > 云南省造 > 光绪元宝 > 七钱二分 > 老龙,云南省造半圆
1211803857_front_crop.jpg,1211803857_back_crop.jpg,12,机制银币 > 地方省造 > 云南省造 > 光绪元宝 > 七钱二分 > 老龙,云南省造半圆
1211803859_front_crop.jpg,1211803859_back_crop.jpg,12,机制银币 > 地方省造 > 云南省造 > 光绪元宝 > 七钱二分 > 老龙,云南省造半圆
1211803861_front_crop.jpg,1211803861_back_crop.jpg,12,机制银币 > 地方省造 > 云南省造 > 光绪元宝 > 七钱二分 > 老龙,云南省造半圆
1211803863_front_crop.jpg,1211803863_back_crop.jpg,12,机制银币 > 地方省造 > 云南省造 > 光绪元宝 > 七钱二分 > 老龙,云南省造半圆
1211803865_front_crop.jpg,1211803865_back_crop.jpg,12,机制银币 > 地方省造 > 云南省造 > 光绪元宝 > 七钱二分 > 老龙,云南省造半圆
1211803867_front_crop.jpg,1211803867_back_crop.jpg,12,机制银币 > 地方省造 > 云南省造 > 光绪元宝 > 七钱二分 > 老龙,云南省造半圆
1211803869_front_crop.jpg,1211803869_back_crop.jpg,12,机制银币 > 地方省造 > 云南省造 > 光绪元宝 > 七钱二分 > 老龙,云南省造半圆
1211803893_front_crop.jpg,1211803893_back_crop.jpg,69,机制银币 > 民国中央 > 孙中山像 > 民国17年 > 壹圆 > 甘肃省造,孙中山像壹圆
1211803895_front_crop.jpg,1211803895_back_crop.jpg,69,机制银币 > 民国中央 > 孙中山像 > 民国17年 > 壹圆 > 甘肃省造,孙中山像壹圆
1211803935_front_crop.jpg,1211803935_back_crop.jpg,69,机制银币 > 民国中央 > 孙中山像 > 民国17年 > 壹圆 > 甘肃省造,孙中山像贰毫
1211803947_front_crop.jpg,1211803947_back_crop.jpg,69,机制银币 > 民国中央 > 孙中山像 > 民国17年 > 壹圆 > 甘肃省造,孙中山像贰毫
1211803949_front_crop.jpg,1211803949_back_crop.jpg,69,机制银币 > 民国中央 > 孙中山像 > 民国17年 > 壹圆 > 甘肃省造,孙中山像贰毫
1211803955_front_crop.jpg,1211803955_back_crop.jpg,69,机制银币 > 民国中央 > 孙中山像 > 民国17年 > 壹圆 > 甘肃省造,孙中山像贰毫
1211803969_front_crop.jpg,1211803969_back_crop.jpg,70,机制银币 > 民国中央 > 孙中山像 > 开国纪念 > 壹圆 > 下五星,开国纪念壹圆
1211803979_front_crop.jpg,1211803979_back_crop.jpg,70,机制银币 > 民国中央 > 孙中山像 > 开国纪念 > 壹圆 > 下五星,开国纪念壹圆
1211803999_front_crop.jpg,1211803999_back_crop.jpg,12,机制银币 > 地方省造 > 云南省造 > 光绪元宝 > 七钱二分 > 老龙,云南省造半圆
1211804001_front_crop.jpg,1211804001_back_crop.jpg,12,机制银币 > 地方省造 > 云南省造 > 光绪元宝 > 七钱二分 > 老龙,云南省造半圆
1211804003_front_crop.jpg,1211804003_back_crop.jpg,12,机制银币 > 地方省造 > 云南省造 > 光绪元宝 > 七钱二分 > 老龙,云南省造半圆
1211804025_front_crop.jpg,1211804025_back_crop.jpg,58,机制银币 > 民国中央 > 袁世凯像 > 民国九年 > 壹圆 > 精发,袁世凯像壹圆
1211804027_front_crop.jpg,1211804027_back_crop.jpg,58,机制银币 > 民国中央 > 袁世凯像 > 民国九年 > 壹圆 > 精发,袁世凯像壹圆
1211804029_front_crop.jpg,1211804029_back_crop.jpg,58,机制银币 > 民国中央 > 袁世凯像 > 民国九年 > 壹圆 > 精发,袁世凯像壹圆
1211804031_front_crop.jpg,1211804031_back_crop.jpg,58,机制银币 > 民国中央 > 袁世凯像 > 民国九年 > 壹圆 > 精发,袁世凯像壹圆
1211804045_front_crop.jpg,1211804045_back_crop.jpg,12,机制银币 > 地方省造 > 云南省造 > 光绪元宝 > 七钱二分 > 老龙,云南省造半圆
1211804047_front_crop.jpg,1211804047_back_crop.jpg,58,机制银币 > 民国中央 > 袁世凯像 > 民国九年 > 壹圆 > 精发,袁世凯像壹圆
1211804049_front_crop.jpg,1211804049_back_crop.jpg,58,机制银币 > 民国中央 > 袁世凯像 > 民国九年 > 壹圆 > 精发,袁世凯像壹圆
1211804053_front_crop.jpg,1211804053_back_crop.jpg,58,机制银币 > 民国中央 > 袁世凯像 > 民国九年 > 壹圆 > 精发,袁世凯像壹圆
1211804055_front_crop.jpg,1211804055_back_crop.jpg,58,机制银币 > 民国中央 > 袁世凯像 > 民国九年 > 壹圆 > 精发,袁世凯像壹圆
1211804057_front_crop.jpg,1211804057_back_crop.jpg,58,机制银币 > 民国中央 > 袁世凯像 > 民国九年 > 壹圆 > 精发,袁世凯像壹圆
1211804063_front_crop.jpg,1211804063_back_crop.jpg,12,机制银币 > 地方省造 > 云南省造 > 光绪元宝 > 七钱二分 > 老龙,云南省造半圆
1211804067_front_crop.jpg,1211804067_back_crop.jpg,12,机制银币 > 地方省造 > 云南省造 > 光绪元宝 > 七钱二分 > 老龙,云南省造半圆
1211804183_front_crop.jpg,1211804183_back_crop.jpg,70,机制银币 > 民国中央 > 孙中山像 > 开国纪念 > 壹圆 > 下五星,开国纪念壹圆
1211804205_front_crop.jpg,1211804205_back_crop.jpg,12,机制银币 > 地方省造 > 云南省造 > 光绪元宝 > 七钱二分 > 老龙,云南省造半圆
1211804207_front_crop.jpg,1211804207_back_crop.jpg,12,机制银币 > 地方省造 > 云南省造 > 光绪元宝 > 七钱二分 > 老龙,云南省造半圆
1211804209_front_crop.jpg,1211804209_back_crop.jpg,12,机制银币 > 地方省造 > 云南省造 > 光绪元宝 > 七钱二分 > 老龙,云南省造半圆
1211804211_front_crop.jpg,1211804211_back_crop.jpg,12,机制银币 > 地方省造 > 云南省造 > 光绪元宝 > 七钱二分 > 老龙,云南省造半圆
1211804213_front_crop.jpg,1211804213_back_crop.jpg,12,机制银币 > 地方省造 > 云南省造 > 光绪元宝 > 七钱二分 > 老龙,云南省造半圆
1211804215_front_crop.jpg,1211804215_back_crop.jpg,12,机制银币 > 地方省造 > 云南省造 > 光绪元宝 > 七钱二分 > 老龙,云南省造半圆
1211804217_front_crop.jpg,1211804217_back_crop.jpg,12,机制银币 > 地方省造 > 云南省造 > 光绪元宝 > 七钱二分 > 老龙,云南省造半圆
1211804219_front_crop.jpg,1211804219_back_crop.jpg,12,机制银币 > 地方省造 > 云南省造 > 光绪元宝 > 七钱二分 > 老龙,云南省造半圆
1211804221_front_crop.jpg,1211804221_back_crop.jpg,12,机制银币 > 地方省造 > 云南省造 > 光绪元宝 > 七钱二分 > 老龙,云南省造半圆
1211804223_front_crop.jpg,1211804223_back_crop.jpg,12,机制银币 > 地方省造 > 云南省造 > 光绪元宝 > 七钱二分 > 老龙,云南省造半圆
1211804225_front_crop.jpg,1211804225_back_crop.jpg,12,机制银币 > 地方省造 > 云南省造 > 光绪元宝 > 七钱二分 > 老龙,云南省造半圆
1211804227_front_crop.jpg,1211804227_back_crop.jpg,12,机制银币 > 地方省造 > 云南省造 > 光绪元宝 > 七钱二分 > 老龙,云南省造半圆
1211804229_front_crop.jpg,1211804229_back_crop.jpg,12,机制银币 > 地方省造 > 云南省造 > 光绪元宝 > 七钱二分 > 老龙,云南省造半圆
1211804231_front_crop.jpg,1211804231_back_crop.jpg,12,机制银币 > 地方省造 > 云南省造 > 光绪元宝 > 七钱二分 > 老龙,云南省造半圆
1211804233_front_crop.jpg,1211804233_back_crop.jpg,12,机制银币 > 地方省造 > 云南省造 > 光绪元宝 > 七钱二分 > 老龙,云南省造半圆
1211804235_front_crop.jpg,1211804235_back_crop.jpg,12,机制银币 > 地方省造 > 云南省造 > 光绪元宝 > 七钱二分 > 老龙,云南省造半圆
1211804237_front_crop.jpg,1211804237_back_crop.jpg,12,机制银币 > 地方省造 > 云南省造 > 光绪元宝 > 七钱二分 > 老龙,云南省造半圆
1211804239_front_crop.jpg,1211804239_back_crop.jpg,12,机制银币 > 地方省造 > 云南省造 > 光绪元宝 > 七钱二分 > 老龙,云南省造半圆
1211804241_front_crop.jpg,1211804241_back_crop.jpg,12,机制银币 > 地方省造 > 云南省造 > 光绪元宝 > 七钱二分 > 老龙,云南省造半圆
1211804243_front_crop.jpg,1211804243_back_crop.jpg,12,机制银币 > 地方省造 > 云南省造 > 光绪元宝 > 七钱二分 > 老龙,云南省造半圆
1211804245_front_crop.jpg,1211804245_back_crop.jpg,12,机制银币 > 地方省造 > 云南省造 > 光绪元宝 > 七钱二分 > 老龙,云南省造半圆
1211804247_front_crop.jpg,1211804247_back_crop.jpg,12,机制银币 > 地方省造 > 云南省造 > 光绪元宝 > 七钱二分 > 老龙,云南省造半圆
1211804249_front_crop.jpg,1211804249_back_crop.jpg,12,机制银币 > 地方省造 > 云南省造 > 光绪元宝 > 七钱二分 > 老龙,云南省造半圆
1211804251_front_crop.jpg,1211804251_back_crop.jpg,12,机制银币 > 地方省造 > 云南省造 > 光绪元宝 > 七钱二分 > 老龙,云南省造半圆
1211804253_front_crop.jpg,1211804253_back_crop.jpg,12,机制银币 > 地方省造 > 云南省造 > 光绪元宝 > 七钱二分 > 老龙,云南省造半圆
1211804255_front_crop.jpg,1211804255_back_crop.jpg,12,机制银币 > 地方省造 > 云南省造 > 光绪元宝 > 七钱二分 > 老龙,云南省造半圆
1211804257_front_crop.jpg,1211804257_back_crop.jpg,12,机制银币 > 地方省造 > 云南省造 > 光绪元宝 > 七钱二分 > 老龙,云南省造半圆
1211804259_front_crop.jpg,1211804259_back_crop.jpg,12,机制银币 > 地方省造 > 云南省造 > 光绪元宝 > 七钱二分 > 老龙,云南省造半圆
1211804261_front_crop.jpg,1211804261_back_crop.jpg,12,机制银币 > 地方省造 > 云南省造 > 光绪元宝 > 七钱二分 > 老龙,云南省造半圆
1211804263_front_crop.jpg,1211804263_back_crop.jpg,12,机制银币 > 地方省造 > 云南省造 > 光绪元宝 > 七钱二分 > 老龙,云南省造半圆
1211804265_front_crop.jpg,1211804265_back_crop.jpg,12,机制银币 > 地方省造 > 云南省造 > 光绪元宝 > 七钱二分 > 老龙,云南省造半圆
1211804267_front_crop.jpg,1211804267_back_crop.jpg,12,机制银币 > 地方省造 > 云南省造 > 光绪元宝 > 七钱二分 > 老龙,云南省造半圆
1211804269_front_crop.jpg,1211804269_back_crop.jpg,12,机制银币 > 地方省造 > 云南省造 > 光绪元宝 > 七钱二分 > 老龙,云南省造半圆
1211804271_front_crop.jpg,1211804271_back_crop.jpg,12,机制银币 > 地方省造 > 云南省造 > 光绪元宝 > 七钱二分 > 老龙,云南省造半圆
1211804273_front_crop.jpg,1211804273_back_crop.jpg,12,机制银币 > 地方省造 > 云南省造 > 光绪元宝 > 七钱二分 > 老龙,云南省造半圆
1211804275_front_crop.jpg,1211804275_back_crop.jpg,12,机制银币 > 地方省造 > 云南省造 > 光绪元宝 > 七钱二分 > 老龙,云南省造半圆
1211804277_front_crop.jpg,1211804277_back_crop.jpg,12,机制银币 > 地方省造 > 云南省造 > 光绪元宝 > 七钱二分 > 老龙,云南省造半圆
1211804279_front_crop.jpg,1211804279_back_crop.jpg,12,机制银币 > 地方省造 > 云南省造 > 光绪元宝 > 七钱二分 > 老龙,云南省造半圆
1211804281_front_crop.jpg,1211804281_back_crop.jpg,12,机制银币 > 地方省造 > 云南省造 > 光绪元宝 > 七钱二分 > 老龙,云南省造半圆
1211804283_front_crop.jpg,1211804283_back_crop.jpg,12,机制银币 > 地方省造 > 云南省造 > 光绪元宝 > 七钱二分 > 老龙,云南省造半圆
1211804285_front_crop.jpg,1211804285_back_crop.jpg,12,机制银币 > 地方省造 > 云南省造 > 光绪元宝 > 七钱二分 > 老龙,云南省造半圆
1211804287_front_crop.jpg,1211804287_back_crop.jpg,12,机制银币 > 地方省造 > 云南省造 > 光绪元宝 > 七钱二分 > 老龙,云南省造半圆
1211804289_front_crop.jpg,1211804289_back_crop.jpg,12,机制银币 > 地方省造 > 云南省造 > 光绪元宝 > 七钱二分 > 老龙,云南省造半圆
1211804291_front_crop.jpg,1211804291_back_crop.jpg,12,机制银币 > 地方省造 > 云南省造 > 光绪元宝 > 七钱二分 > 老龙,云南省造半圆
1211804293_front_crop.jpg,1211804293_back_crop.jpg,12,机制银币 > 地方省造 > 云南省造 > 光绪元宝 > 七钱二分 > 老龙,云南省造半圆
1211804295_front_crop.jpg,1211804295_back_crop.jpg,12,机制银币 > 地方省造 > 云南省造 > 光绪元宝 > 七钱二分 > 老龙,云南省造半圆
1211804297_front_crop.jpg,1211804297_back_crop.jpg,12,机制银币 > 地方省造 > 云南省造 > 光绪元宝 > 七钱二分 > 老龙,云南省造半圆
1211804299_front_crop.jpg,1211804299_back_crop.jpg,12,机制银币 > 地方省造 > 云南省造 > 光绪元宝 > 七钱二分 > 老龙,云南省造半圆
1211804301_front_crop.jpg,1211804301_back_crop.jpg,12,机制银币 > 地方省造 > 云南省造 > 光绪元宝 > 七钱二分 > 老龙,云南省造半圆
1211804303_front_crop.jpg,1211804303_back_crop.jpg,12,机制银币 > 地方省造 > 云南省造 > 光绪元宝 > 七钱二分 > 老龙,云南省造半圆
1211804305_front_crop.jpg,1211804305_back_crop.jpg,12,机制银币 > 地方省造 > 云南省造 > 光绪元宝 > 七钱二分 > 老龙,云南省造半圆
1211804307_front_crop.jpg,1211804307_back_crop.jpg,12,机制银币 > 地方省造 > 云南省造 > 光绪元宝 > 七钱二分 > 老龙,云南省造半圆
1211804309_front_crop.jpg,1211804309_back_crop.jpg,12,机制银币 > 地方省造 > 云南省造 > 光绪元宝 > 七钱二分 > 老龙,云南省造半圆
1211804311_front_crop.jpg,1211804311_back_crop.jpg,12,机制银币 > 地方省造 > 云南省造 > 光绪元宝 > 七钱二分 > 老龙,云南省造半圆
1211804313_front_crop.jpg,1211804313_back_crop.jpg,12,机制银币 > 地方省造 > 云南省造 > 光绪元宝 > 七钱二分 > 老龙,云南省造半圆
1211804315_front_crop.jpg,1211804315_back_crop.jpg,12,机制银币 > 地方省造 > 云南省造 > 光绪元宝 > 七钱二分 > 老龙,云南省造半圆
1211804317_front_crop.jpg,1211804317_back_crop.jpg,12,机制银币 > 地方省造 > 云南省造 > 光绪元宝 > 七钱二分 > 老龙,云南省造半圆
1211804319_front_crop.jpg,1211804319_back_crop.jpg,12,机制银币 > 地方省造 > 云南省造 > 光绪元宝 > 七钱二分 > 老龙,云南省造半圆
1211804321_front_crop.jpg,1211804321_back_crop.jpg,12,机制银币 > 地方省造 > 云南省造 > 光绪元宝 > 七钱二分 > 老龙,云南省造半圆
1211804323_front_crop.jpg,1211804323_back_crop.jpg,12,机制银币 > 地方省造 > 云南省造 > 光绪元宝 > 七钱二分 > 老龙,云南省造半圆
1211804325_front_crop.jpg,1211804325_back_crop.jpg,12,机制银币 > 地方省造 > 云南省造 > 光绪元宝 > 七钱二分 > 老龙,云南省造半圆
1211804327_front_crop.jpg,1211804327_back_crop.jpg,12,机制银币 > 地方省造 > 云南省造 > 光绪元宝 > 七钱二分 > 老龙,云南省造半圆
1211804329_front_crop.jpg,1211804329_back_crop.jpg,12,机制银币 > 地方省造 > 云南省造 > 光绪元宝 > 七钱二分 > 老龙,云南省造半圆
1211804331_front_crop.jpg,1211804331_back_crop.jpg,12,机制银币 > 地方省造 > 云南省造 > 光绪元宝 > 七钱二分 > 老龙,云南省造半圆
1211804333_front_crop.jpg,1211804333_back_crop.jpg,12,机制银币 > 地方省造 > 云南省造 > 光绪元宝 > 七钱二分 > 老龙,云南省造半圆
1211804335_front_crop.jpg,1211804335_back_crop.jpg,12,机制银币 > 地方省造 > 云南省造 > 光绪元宝 > 七钱二分 > 老龙,云南省造半圆
1211804337_front_crop.jpg,1211804337_back_crop.jpg,12,机制银币 > 地方省造 > 云南省造 > 光绪元宝 > 七钱二分 > 老龙,云南省造半圆
1211804339_front_crop.jpg,1211804339_back_crop.jpg,12,机制银币 > 地方省造 > 云南省造 > 光绪元宝 > 七钱二分 > 老龙,云南省造半圆
1211804341_front_crop.jpg,1211804341_back_crop.jpg,12,机制银币 > 地方省造 > 云南省造 > 光绪元宝 > 七钱二分 > 老龙,云南省造半圆
1211804343_front_crop.jpg,1211804343_back_crop.jpg,12,机制银币 > 地方省造 > 云南省造 > 光绪元宝 > 七钱二分 > 老龙,云南省造半圆
1211804345_front_crop.jpg,1211804345_back_crop.jpg,12,机制银币 > 地方省造 > 云南省造 > 光绪元宝 > 七钱二分 > 老龙,云南省造半圆
1211804347_front_crop.jpg,1211804347_back_crop.jpg,12,机制银币 > 地方省造 > 云南省造 > 光绪元宝 > 七钱二分 > 老龙,云南省造半圆
1211804349_front_crop.jpg,1211804349_back_crop.jpg,12,机制银币 > 地方省造 > 云南省造 > 光绪元宝 > 七钱二分 > 老龙,云南省造半圆
1211804351_front_crop.jpg,1211804351_back_crop.jpg,12,机制银币 > 地方省造 > 云南省造 > 光绪元宝 > 七钱二分 > 老龙,云南省造半圆
1211804353_front_crop.jpg,1211804353_back_crop.jpg,12,机制银币 > 地方省造 > 云南省造 > 光绪元宝 > 七钱二分 > 老龙,云南省造半圆
1211804355_front_crop.jpg,1211804355_back_crop.jpg,12,机制银币 > 地方省造 > 云南省造 > 光绪元宝 > 七钱二分 > 老龙,云南省造半圆
1211804357_front_crop.jpg,1211804357_back_crop.jpg,12,机制银币 > 地方省造 > 云南省造 > 光绪元宝 > 七钱二分 > 老龙,云南省造半圆
1211804359_front_crop.jpg,1211804359_back_crop.jpg,12,机制银币 > 地方省造 > 云南省造 > 光绪元宝 > 七钱二分 > 老龙,云南省造半圆
1211804361_front_crop.jpg,1211804361_back_crop.jpg,12,机制银币 > 地方省造 > 云南省造 > 光绪元宝 > 七钱二分 > 老龙,云南省造半圆
1211804363_front_crop.jpg,1211804363_back_crop.jpg,12,机制银币 > 地方省造 > 云南省造 > 光绪元宝 > 七钱二分 > 老龙,云南省造半圆
1211804365_front_crop.jpg,1211804365_back_crop.jpg,12,机制银币 > 地方省造 > 云南省造 > 光绪元宝 > 七钱二分 > 老龙,云南省造半圆
1211804367_front_crop.jpg,1211804367_back_crop.jpg,12,机制银币 > 地方省造 > 云南省造 > 光绪元宝 > 七钱二分 > 老龙,云南省造半圆
1211804369_front_crop.jpg,1211804369_back_crop.jpg,12,机制银币 > 地方省造 > 云南省造 > 光绪元宝 > 七钱二分 > 老龙,云南省造半圆
1211804371_front_crop.jpg,1211804371_back_crop.jpg,12,机制银币 > 地方省造 > 云南省造 > 光绪元宝 > 七钱二分 > 老龙,云南省造半圆
1211804373_front_crop.jpg,1211804373_back_crop.jpg,12,机制银币 > 地方省造 > 云南省造 > 光绪元宝 > 七钱二分 > 老龙,云南省造半圆
1211804375_front_crop.jpg,1211804375_back_crop.jpg,12,机制银币 > 地方省造 > 云南省造 > 光绪元宝 > 七钱二分 > 老龙,云南省造半圆
1211804377_front_crop.jpg,1211804377_back_crop.jpg,12,机制银币 > 地方省造 > 云南省造 > 光绪元宝 > 七钱二分 > 老龙,云南省造半圆
1211804379_front_crop.jpg,1211804379_back_crop.jpg,12,机制银币 > 地方省造 > 云南省造 > 光绪元宝 > 七钱二分 > 老龙,云南省造半圆
1211804381_front_crop.jpg,1211804381_back_crop.jpg,12,机制银币 > 地方省造 > 云南省造 > 光绪元宝 > 七钱二分 > 老龙,云南省造半圆
1211804383_front_crop.jpg,1211804383_back_crop.jpg,12,机制银币 > 地方省造 > 云南省造 > 光绪元宝 > 七钱二分 > 老龙,云南省造半圆
1211804385_front_crop.jpg,1211804385_back_crop.jpg,12,机制银币 > 地方省造 > 云南省造 > 光绪元宝 > 七钱二分 > 老龙,云南省造半圆
1211804387_front_crop.jpg,1211804387_back_crop.jpg,12,机制银币 > 地方省造 > 云南省造 > 光绪元宝 > 七钱二分 > 老龙,云南省造半圆
1211804389_front_crop.jpg,1211804389_back_crop.jpg,12,机制银币 > 地方省造 > 云南省造 > 光绪元宝 > 七钱二分 > 老龙,云南省造半圆
1211804391_front_crop.jpg,1211804391_back_crop.jpg,12,机制银币 > 地方省造 > 云南省造 > 光绪元宝 > 七钱二分 > 老龙,云南省造半圆
1211804393_front_crop.jpg,1211804393_back_crop.jpg,12,机制银币 > 地方省造 > 云南省造 > 光绪元宝 > 七钱二分 > 老龙,云南省造半圆
1211804395_front_crop.jpg,1211804395_back_crop.jpg,12,机制银币 > 地方省造 > 云南省造 > 光绪元宝 > 七钱二分 > 老龙,云南省造半圆
1211804397_front_crop.jpg,1211804397_back_crop.jpg,12,机制银币 > 地方省造 > 云南省造 > 光绪元宝 > 七钱二分 > 老龙,云南省造半圆
1211804399_front_crop.jpg,1211804399_back_crop.jpg,12,机制银币 > 地方省造 > 云南省造 > 光绪元宝 > 七钱二分 > 老龙,云南省造半圆
1211804401_front_crop.jpg,1211804401_back_crop.jpg,12,机制银币 > 地方省造 > 云南省造 > 光绪元宝 > 七钱二分 > 老龙,云南省造半圆
1211804403_front_crop.jpg,1211804403_back_crop.jpg,12,机制银币 > 地方省造 > 云南省造 > 光绪元宝 > 七钱二分 > 老龙,云南省造半圆
1211804405_front_crop.jpg,1211804405_back_crop.jpg,12,机制银币 > 地方省造 > 云南省造 > 光绪元宝 > 七钱二分 > 老龙,云南省造半圆
1211804407_front_crop.jpg,1211804407_back_crop.jpg,12,机制银币 > 地方省造 > 云南省造 > 光绪元宝 > 七钱二分 > 老龙,云南省造半圆
1211804409_front_crop.jpg,1211804409_back_crop.jpg,12,机制银币 > 地方省造 > 云南省造 > 光绪元宝 > 七钱二分 > 老龙,云南省造半圆
1211804411_front_crop.jpg,1211804411_back_crop.jpg,12,机制银币 > 地方省造 > 云南省造 > 光绪元宝 > 七钱二分 > 老龙,云南省造半圆
1211804413_front_crop.jpg,1211804413_back_crop.jpg,12,机制银币 > 地方省造 > 云南省造 > 光绪元宝 > 七钱二分 > 老龙,云南省造半圆
1211804415_front_crop.jpg,1211804415_back_crop.jpg,12,机制银币 > 地方省造 > 云南省造 > 光绪元宝 > 七钱二分 > 老龙,云南省造半圆
1211804417_front_crop.jpg,1211804417_back_crop.jpg,12,机制银币 > 地方省造 > 云南省造 > 光绪元宝 > 七钱二分 > 老龙,云南省造半圆
1211804419_front_crop.jpg,1211804419_back_crop.jpg,12,机制银币 > 地方省造 > 云南省造 > 光绪元宝 > 七钱二分 > 老龙,云南省造半圆
1211804421_front_crop.jpg,1211804421_back_crop.jpg,12,机制银币 > 地方省造 > 云南省造 > 光绪元宝 > 七钱二分 > 老龙,云南省造半圆
1211804423_front_crop.jpg,1211804423_back_crop.jpg,12,机制银币 > 地方省造 > 云南省造 > 光绪元宝 > 七钱二分 > 老龙,云南省造半圆
1211804425_front_crop.jpg,1211804425_back_crop.jpg,12,机制银币 > 地方省造 > 云南省造 > 光绪元宝 > 七钱二分 > 老龙,云南省造半圆
1211804427_front_crop.jpg,1211804427_back_crop.jpg,12,机制银币 > 地方省造 > 云南省造 > 光绪元宝 > 七钱二分 > 老龙,云南省造半圆
1211804475_front_crop.jpg,1211804475_back_crop.jpg,12,机制银币 > 地方省造 > 云南省造 > 光绪元宝 > 七钱二分 > 老龙,云南省造半圆
1211804479_front_crop.jpg,1211804479_back_crop.jpg,12,机制银币 > 地方省造 > 云南省造 > 光绪元宝 > 七钱二分 > 老龙,云南省造贰角
1211804541_front_crop.jpg,1211804541_back_crop.jpg,70,机制银币 > 民国中央 > 孙中山像 > 开国纪念 > 壹圆 > 下五星,开国纪念壹圆
1211804543_front_crop.jpg,1211804543_back_crop.jpg,58,机制银币 > 民国中央 > 袁世凯像 > 民国九年 > 壹圆 > 精发,袁世凯像壹圆
1211804551_front_crop.jpg,1211804551_back_crop.jpg,70,机制银币 > 民国中央 > 孙中山像 > 开国纪念 > 壹圆 > 下五星,开国纪念壹圆
1211804571_front_crop.jpg,1211804571_back_crop.jpg,58,机制银币 > 民国中央 > 袁世凯像 > 民国九年 > 壹圆 > 精发,袁世凯像壹圆
1211804575_front_crop.jpg,1211804575_back_crop.jpg,58,机制银币 > 民国中央 > 袁世凯像 > 民国九年 > 壹圆 > 精发,袁世凯像壹圆
1211804581_front_crop.jpg,1211804581_back_crop.jpg,58,机制银币 > 民国中央 > 袁世凯像 > 民国九年 > 壹圆 > 精发,袁世凯像壹圆
1211804583_front_crop.jpg,1211804583_back_crop.jpg,58,机制银币 > 民国中央 > 袁世凯像 > 民国九年 > 壹圆 > 精发,袁世凯像壹圆
1211804585_front_crop.jpg,1211804585_back_crop.jpg,58,机制银币 > 民国中央 > 袁世凯像 > 民国九年 > 壹圆 > 精发,袁世凯像壹圆
1211804587_front_crop.jpg,1211804587_back_crop.jpg,58,机制银币 > 民国中央 > 袁世凯像 > 民国九年 > 壹圆 > 精发,袁世凯像壹圆
1211804589_front_crop.jpg,1211804589_back_crop.jpg,46,机制银币 > 地方省造 > 北洋造 > 光绪24年 > 壹圆,北洋局造一圆
1211804607_front_crop.jpg,1211804607_back_crop.jpg,69,机制银币 > 民国中央 > 孙中山像 > 民国17年 > 壹圆 > 甘肃省造,孙中山像壹圆
1211804613_front_crop.jpg,1211804613_back_crop.jpg,12,机制银币 > 地方省造 > 云南省造 > 光绪元宝 > 七钱二分 > 老龙,云南省造半圆
1211804615_front_crop.jpg,1211804615_back_crop.jpg,12,机制银币 > 地方省造 > 云南省造 > 光绪元宝 > 七钱二分 > 老龙,云南省造半圆
1211804617_front_crop.jpg,1211804617_back_crop.jpg,12,机制银币 > 地方省造 > 云南省造 > 光绪元宝 > 七钱二分 > 老龙,云南省造半圆
1211804619_front_crop.jpg,1211804619_back_crop.jpg,12,机制银币 > 地方省造 > 云南省造 > 光绪元宝 > 七钱二分 > 老龙,云南省造半圆
1211804621_front_crop.jpg,1211804621_back_crop.jpg,12,机制银币 > 地方省造 > 云南省造 > 光绪元宝 > 七钱二分 > 老龙,云南省造半圆
1211804623_front_crop.jpg,1211804623_back_crop.jpg,12,机制银币 > 地方省造 > 云南省造 > 光绪元宝 > 七钱二分 > 老龙,云南省造半圆
1211804625_front_crop.jpg,1211804625_back_crop.jpg,12,机制银币 > 地方省造 > 云南省造 > 光绪元宝 > 七钱二分 > 老龙,云南省造半圆
1211804627_front_crop.jpg,1211804627_back_crop.jpg,12,机制银币 > 地方省造 > 云南省造 > 光绪元宝 > 七钱二分 > 老龙,云南省造半圆
1211804629_front_crop.jpg,1211804629_back_crop.jpg,12,机制银币 > 地方省造 > 云南省造 > 光绪元宝 > 七钱二分 > 老龙,云南省造半圆
1211804631_front_crop.jpg,1211804631_back_crop.jpg,12,机制银币 > 地方省造 > 云南省造 > 光绪元宝 > 七钱二分 > 老龙,云南省造半圆
1211804633_front_crop.jpg,1211804633_back_crop.jpg,12,机制银币 > 地方省造 > 云南省造 > 光绪元宝 > 七钱二分 > 老龙,云南省造半圆
1211804635_front_crop.jpg,1211804635_back_crop.jpg,12,机制银币 > 地方省造 > 云南省造 > 光绪元宝 > 七钱二分 > 老龙,云南省造半圆
1211804637_front_crop.jpg,1211804637_back_crop.jpg,12,机制银币 > 地方省造 > 云南省造 > 光绪元宝 > 七钱二分 > 老龙,云南省造半圆
1211804639_front_crop.jpg,1211804639_back_crop.jpg,12,机制银币 > 地方省造 > 云南省造 > 光绪元宝 > 七钱二分 > 老龙,云南省造半圆
1211804643_front_crop.jpg,1211804643_back_crop.jpg,12,机制银币 > 地方省造 > 云南省造 > 光绪元宝 > 七钱二分 > 老龙,云南省造半圆
1211804645_front_crop.jpg,1211804645_back_crop.jpg,12,机制银币 > 地方省造 > 云南省造 > 光绪元宝 > 七钱二分 > 老龙,云南省造半圆
1211804647_front_crop.jpg,1211804647_back_crop.jpg,12,机制银币 > 地方省造 > 云南省造 > 光绪元宝 > 七钱二分 > 老龙,云南省造半圆
1211804649_front_crop.jpg,1211804649_back_crop.jpg,12,机制银币 > 地方省造 > 云南省造 > 光绪元宝 > 七钱二分 > 老龙,云南省造半圆
1211804651_front_crop.jpg,1211804651_back_crop.jpg,12,机制银币 > 地方省造 > 云南省造 > 光绪元宝 > 七钱二分 > 老龙,云南省造半圆
1211804653_front_crop.jpg,1211804653_back_crop.jpg,12,机制银币 > 地方省造 > 云南省造 > 光绪元宝 > 七钱二分 > 老龙,云南省造半圆
1211804655_front_crop.jpg,1211804655_back_crop.jpg,12,机制银币 > 地方省造 > 云南省造 > 光绪元宝 > 七钱二分 > 老龙,云南省造半圆
1211804657_front_crop.jpg,1211804657_back_crop.jpg,12,机制银币 > 地方省造 > 云南省造 > 光绪元宝 > 七钱二分 > 老龙,云南省造半圆
1211804659_front_crop.jpg,1211804659_back_crop.jpg,12,机制银币 > 地方省造 > 云南省造 > 光绪元宝 > 七钱二分 > 老龙,云南省造半圆
1211804661_front_crop.jpg,1211804661_back_crop.jpg,12,机制银币 > 地方省造 > 云南省造 > 光绪元宝 > 七钱二分 > 老龙,云南省造半圆
1211804663_front_crop.jpg,1211804663_back_crop.jpg,12,机制银币 > 地方省造 > 云南省造 > 光绪元宝 > 七钱二分 > 老龙,云南省造半圆
1211804665_front_crop.jpg,1211804665_back_crop.jpg,12,机制银币 > 地方省造 > 云南省造 > 光绪元宝 > 七钱二分 > 老龙,云南省造半圆
1211804667_front_crop.jpg,1211804667_back_crop.jpg,12,机制银币 > 地方省造 > 云南省造 > 光绪元宝 > 七钱二分 > 老龙,云南省造半圆
1211804669_front_crop.jpg,1211804669_back_crop.jpg,12,机制银币 > 地方省造 > 云南省造 > 光绪元宝 > 七钱二分 > 老龙,云南省造半圆
1211804671_front_crop.jpg,1211804671_back_crop.jpg,12,机制银币 > 地方省造 > 云南省造 > 光绪元宝 > 七钱二分 > 老龙,云南省造半圆
1211804673_front_crop.jpg,1211804673_back_crop.jpg,12,机制银币 > 地方省造 > 云南省造 > 光绪元宝 > 七钱二分 > 老龙,云南省造半圆
1211804675_front_crop.jpg,1211804675_back_crop.jpg,12,机制银币 > 地方省造 > 云南省造 > 光绪元宝 > 七钱二分 > 老龙,云南省造半圆
1211804677_front_crop.jpg,1211804677_back_crop.jpg,12,机制银币 > 地方省造 > 云南省造 > 光绪元宝 > 七钱二分 > 老龙,云南省造半圆
1211804679_front_crop.jpg,1211804679_back_crop.jpg,12,机制银币 > 地方省造 > 云南省造 > 光绪元宝 > 七钱二分 > 老龙,云南省造半圆
1211804681_front_crop.jpg,1211804681_back_crop.jpg,12,机制银币 > 地方省造 > 云南省造 > 光绪元宝 > 七钱二分 > 老龙,云南省造半圆
1211804683_front_crop.jpg,1211804683_back_crop.jpg,12,机制银币 > 地方省造 > 云南省造 > 光绪元宝 > 七钱二分 > 老龙,云南省造半圆
1211804685_front_crop.jpg,1211804685_back_crop.jpg,12,机制银币 > 地方省造 > 云南省造 > 光绪元宝 > 七钱二分 > 老龙,云南省造半圆
1211804687_front_crop.jpg,1211804687_back_crop.jpg,12,机制银币 > 地方省造 > 云南省造 > 光绪元宝 > 七钱二分 > 老龙,云南省造半圆
1211804689_front_crop.jpg,1211804689_back_crop.jpg,12,机制银币 > 地方省造 > 云南省造 > 光绪元宝 > 七钱二分 > 老龙,云南省造半圆
1211804691_front_crop.jpg,1211804691_back_crop.jpg,12,机制银币 > 地方省造 > 云南省造 > 光绪元宝 > 七钱二分 > 老龙,云南省造半圆
1211804693_front_crop.jpg,1211804693_back_crop.jpg,12,机制银币 > 地方省造 > 云南省造 > 光绪元宝 > 七钱二分 > 老龙,云南省造半圆
1211804695_front_crop.jpg,1211804695_back_crop.jpg,12,机制银币 > 地方省造 > 云南省造 > 光绪元宝 > 七钱二分 > 老龙,云南省造半圆
1211804697_front_crop.jpg,1211804697_back_crop.jpg,12,机制银币 > 地方省造 > 云南省造 > 光绪元宝 > 七钱二分 > 老龙,云南省造半圆
1211804893_front_crop.jpg,1211804893_back_crop.jpg,58,机制银币 > 民国中央 > 袁世凯像 > 民国九年 > 壹圆 > 精发,袁世凯像壹圆
1211804895_front_crop.jpg,1211804895_back_crop.jpg,0,机制银币 > 地方省造 > 四川省造 > 军政府 > 壹圆 > 普通,四川省造卢比
1211804897_front_crop.jpg,1211804897_back_crop.jpg,0,机制银币 > 地方省造 > 四川省造 > 军政府 > 壹圆 > 普通,四川省造卢比
1211804917_front_crop.jpg,1211804917_back_crop.jpg,12,机制银币 > 地方省造 > 云南省造 > 光绪元宝 > 七钱二分 > 老龙,云南省造贰角
1211804925_front_crop.jpg,1211804925_back_crop.jpg,12,机制银币 > 地方省造 > 云南省造 > 光绪元宝 > 七钱二分 > 老龙,云南省造贰角
1211804935_front_crop.jpg,1211804935_back_crop.jpg,12,机制银币 > 地方省造 > 云南省造 > 光绪元宝 > 七钱二分 > 老龙,云南省造半圆
1211804941_front_crop.jpg,1211804941_back_crop.jpg,70,机制银币 > 民国中央 > 孙中山像 > 开国纪念 > 壹圆 > 下五星,开国纪念壹圆
1211804945_front_crop.jpg,1211804945_back_crop.jpg,70,机制银币 > 民国中央 > 孙中山像 > 开国纪念 > 壹圆 > 下五星,开国纪念壹圆
1211804953_front_crop.jpg,1211804953_back_crop.jpg,70,机制银币 > 民国中央 > 孙中山像 > 开国纪念 > 壹圆 > 下五星,开国纪念壹圆
1211804975_front_crop.jpg,1211804975_back_crop.jpg,70,机制银币 > 民国中央 > 孙中山像 > 开国纪念 > 壹圆 > 下五星,开国纪念壹圆
1211804977_front_crop.jpg,1211804977_back_crop.jpg,70,机制银币 > 民国中央 > 孙中山像 > 开国纪念 > 壹圆 > 下五星,开国纪念壹圆
1211804979_front_crop.jpg,1211804979_back_crop.jpg,70,机制银币 > 民国中央 > 孙中山像 > 开国纪念 > 壹圆 > 下五星,开国纪念壹圆
1211804981_front_crop.jpg,1211804981_back_crop.jpg,70,机制银币 > 民国中央 > 孙中山像 > 开国纪念 > 壹圆 > 下五星,开国纪念壹圆
1211804983_front_crop.jpg,1211804983_back_crop.jpg,70,机制银币 > 民国中央 > 孙中山像 > 开国纪念 > 壹圆 > 下五星,开国纪念壹圆
1211804985_front_crop.jpg,1211804985_back_crop.jpg,70,机制银币 > 民国中央 > 孙中山像 > 开国纪念 > 壹圆 > 下五星,开国纪念壹圆
1211804987_front_crop.jpg,1211804987_back_crop.jpg,70,机制银币 > 民国中央 > 孙中山像 > 开国纪念 > 壹圆 > 下五星,开国纪念壹圆
1211804989_front_crop.jpg,1211804989_back_crop.jpg,70,机制银币 > 民国中央 > 孙中山像 > 开国纪念 > 壹圆 > 下五星,开国纪念壹圆
1211804991_front_crop.jpg,1211804991_back_crop.jpg,70,机制银币 > 民国中央 > 孙中山像 > 开国纪念 > 壹圆 > 下五星,开国纪念壹圆
1211804993_front_crop.jpg,1211804993_back_crop.jpg,70,机制银币 > 民国中央 > 孙中山像 > 开国纪念 > 壹圆 > 下五星,开国纪念壹圆
1211804995_front_crop.jpg,1211804995_back_crop.jpg,70,机制银币 > 民国中央 > 孙中山像 > 开国纪念 > 壹圆 > 下五星,开国纪念壹圆
1211804997_front_crop.jpg,1211804997_back_crop.jpg,70,机制银币 > 民国中央 > 孙中山像 > 开国纪念 > 壹圆 > 下五星,开国纪念壹圆
1211804999_front_crop.jpg,1211804999_back_crop.jpg,70,机制银币 > 民国中央 > 孙中山像 > 开国纪念 > 壹圆 > 下五星,开国纪念壹圆
1211805001_front_crop.jpg,1211805001_back_crop.jpg,70,机制银币 > 民国中央 > 孙中山像 > 开国纪念 > 壹圆 > 下五星,开国纪念壹圆
1211805003_front_crop.jpg,1211805003_back_crop.jpg,70,机制银币 > 民国中央 > 孙中山像 > 开国纪念 > 壹圆 > 下五星,开国纪念壹圆
1211805005_front_crop.jpg,1211805005_back_crop.jpg,70,机制银币 > 民国中央 > 孙中山像 > 开国纪念 > 壹圆 > 下五星,开国纪念壹圆
1211805007_front_crop.jpg,1211805007_back_crop.jpg,70,机制银币 > 民国中央 > 孙中山像 > 开国纪念 > 壹圆 > 下五星,开国纪念壹圆
1211805021_front_crop.jpg,1211805021_back_crop.jpg,70,机制银币 > 民国中央 > 孙中山像 > 开国纪念 > 壹圆 > 下五星,开国纪念壹圆
1211805023_front_crop.jpg,1211805023_back_crop.jpg,70,机制银币 > 民国中央 > 孙中山像 > 开国纪念 > 壹圆 > 下五星,开国纪念壹圆
1211805033_front_crop.jpg,1211805033_back_crop.jpg,46,机制银币 > 地方省造 > 北洋造 > 光绪24年 > 壹圆,北洋局造一圆
1211805039_front_crop.jpg,1211805039_back_crop.jpg,87,机制银币 > 清代中央 > 光绪年造 > 丁未大清银币 > 壹圆,大清银币壹圆
1211805041_front_crop.jpg,1211805041_back_crop.jpg,70,机制银币 > 民国中央 > 孙中山像 > 开国纪念 > 壹圆 > 下五星,开国纪念壹圆
1211805061_front_crop.jpg,1211805061_back_crop.jpg,1,机制银币 > 地方省造 > 四川省造 > 军政府 > 五角 > 普通,福建官局一角
1211805073_front_crop.jpg,1211805073_back_crop.jpg,70,机制银币 > 民国中央 > 孙中山像 > 开国纪念 > 壹圆 > 下五星,开国纪念壹圆
1211805085_front_crop.jpg,1211805085_back_crop.jpg,55,机制银币 > 地方省造 > 广东省造 > 光绪元宝 > 三钱六分,广东省造二角
1211805087_front_crop.jpg,1211805087_back_crop.jpg,55,机制银币 > 地方省造 > 广东省造 > 光绪元宝 > 三钱六分,广东省造二角
1211805089_front_crop.jpg,1211805089_back_crop.jpg,55,机制银币 > 地方省造 > 广东省造 > 光绪元宝 > 三钱六分,广东省造二角
1211805091_front_crop.jpg,1211805091_back_crop.jpg,55,机制银币 > 地方省造 > 广东省造 > 光绪元宝 > 三钱六分,广东省造二角
1211805281_front_crop.jpg,1211805281_back_crop.jpg,6,机制银币 > 地方省造 > 四川省造 > 光绪元宝 > 七钱二分 > 四角龙,福建官局二角
1211805283_front_crop.jpg,1211805283_back_crop.jpg,6,机制银币 > 地方省造 > 四川省造 > 光绪元宝 > 七钱二分 > 四角龙,福建省造二角
1211805285_front_crop.jpg,1211805285_back_crop.jpg,90,机制银币 > 中华苏维埃 > 苏维埃 > 1932 > 贰角,福建中华二角
1211805287_front_crop.jpg,1211805287_back_crop.jpg,7,机制银币 > 地方省造 > 湖北省造 > 光绪元宝 > 七钱二分 > 普通,湖北省造二角
1211805289_front_crop.jpg,1211805289_back_crop.jpg,7,机制银币 > 地方省造 > 湖北省造 > 光绪元宝 > 七钱二分 > 普通,湖北省造二角
1211805295_front_crop.jpg,1211805295_back_crop.jpg,12,机制银币 > 地方省造 > 云南省造 > 光绪元宝 > 七钱二分 > 老龙,云南省造贰角
1211805395_front_crop.jpg,1211805395_back_crop.jpg,55,机制银币 > 地方省造 > 广东省造 > 光绪元宝 > 三钱六分,广东省造一角
1211805397_front_crop.jpg,1211805397_back_crop.jpg,55,机制银币 > 地方省造 > 广东省造 > 光绪元宝 > 三钱六分,广东省造一角
1211805399_front_crop.jpg,1211805399_back_crop.jpg,7,机制银币 > 地方省造 > 湖北省造 > 光绪元宝 > 七钱二分 > 普通,湖北省造一角
1211805401_front_crop.jpg,1211805401_back_crop.jpg,7,机制银币 > 地方省造 > 湖北省造 > 光绪元宝 > 七钱二分 > 普通,湖北省造一角
1211805403_front_crop.jpg,1211805403_back_crop.jpg,7,机制银币 > 地方省造 > 湖北省造 > 光绪元宝 > 七钱二分 > 普通,湖北省造一角
1211805405_front_crop.jpg,1211805405_back_crop.jpg,55,机制银币 > 地方省造 > 广东省造 > 光绪元宝 > 三钱六分,广东省造一角
1211805407_front_crop.jpg,1211805407_back_crop.jpg,55,机制银币 > 地方省造 > 广东省造 > 光绪元宝 > 三钱六分,广东省造一角
1211805409_front_crop.jpg,1211805409_back_crop.jpg,55,机制银币 > 地方省造 > 广东省造 > 光绪元宝 > 三钱六分,广东省造一角
1211805469_front_crop.jpg,1211805469_back_crop.jpg,58,机制银币 > 民国中央 > 袁世凯像 > 民国九年 > 壹圆 > 精发,袁世凯像壹圆
1211805477_front_crop.jpg,1211805477_back_crop.jpg,69,机制银币 > 民国中央 > 孙中山像 > 民国17年 > 壹圆 > 甘肃省造,孙中山像壹圆
1211805517_front_crop.jpg,1211805517_back_crop.jpg,90,机制银币 > 中华苏维埃 > 苏维埃 > 1932 > 贰角,福建官局贰毫
1211805519_front_crop.jpg,1211805519_back_crop.jpg,90,机制银币 > 中华苏维埃 > 苏维埃 > 1932 > 贰角,福建官局贰毫
1211805521_front_crop.jpg,1211805521_back_crop.jpg,90,机制银币 > 中华苏维埃 > 苏维埃 > 1932 > 贰角,福建官局贰毫
1211805615_front_crop.jpg,1211805615_back_crop.jpg,55,机制银币 > 地方省造 > 广东省造 > 光绪元宝 > 三钱六分,广东省造贰毫
1211805617_front_crop.jpg,1211805617_back_crop.jpg,12,机制银币 > 地方省造 > 云南省造 > 光绪元宝 > 七钱二分 > 老龙,云南省造半圆
1211805619_front_crop.jpg,1211805619_back_crop.jpg,12,机制银币 > 地方省造 > 云南省造 > 光绪元宝 > 七钱二分 > 老龙,云南省造半圆
1211805621_front_crop.jpg,1211805621_back_crop.jpg,12,机制银币 > 地方省造 > 云南省造 > 光绪元宝 > 七钱二分 > 老龙,云南省造半圆
1211805623_front_crop.jpg,1211805623_back_crop.jpg,12,机制银币 > 地方省造 > 云南省造 > 光绪元宝 > 七钱二分 > 老龙,云南省造半圆
1211805625_front_crop.jpg,1211805625_back_crop.jpg,12,机制银币 > 地方省造 > 云南省造 > 光绪元宝 > 七钱二分 > 老龙,云南省造半圆
1211805627_front_crop.jpg,1211805627_back_crop.jpg,12,机制银币 > 地方省造 > 云南省造 > 光绪元宝 > 七钱二分 > 老龙,云南省造半圆
1211805629_front_crop.jpg,1211805629_back_crop.jpg,12,机制银币 > 地方省造 > 云南省造 > 光绪元宝 > 七钱二分 > 老龙,云南省造半圆
1211805631_front_crop.jpg,1211805631_back_crop.jpg,12,机制银币 > 地方省造 > 云南省造 > 光绪元宝 > 七钱二分 > 老龙,云南省造半圆
1211805633_front_crop.jpg,1211805633_back_crop.jpg,12,机制银币 > 地方省造 > 云南省造 > 光绪元宝 > 七钱二分 > 老龙,云南省造半圆
1211805635_front_crop.jpg,1211805635_back_crop.jpg,12,机制银币 > 地方省造 > 云南省造 > 光绪元宝 > 七钱二分 > 老龙,云南省造半圆
1211805637_front_crop.jpg,1211805637_back_crop.jpg,12,机制银币 > 地方省造 > 云南省造 > 光绪元宝 > 七钱二分 > 老龙,云南省造半圆
1211805639_front_crop.jpg,1211805639_back_crop.jpg,12,机制银币 > 地方省造 > 云南省造 > 光绪元宝 > 七钱二分 > 老龙,云南省造半圆
1211805641_front_crop.jpg,1211805641_back_crop.jpg,6,机制银币 > 地方省造 > 四川省造 > 光绪元宝 > 七钱二分 > 四角龙,奉天省造二角
1211805643_front_crop.jpg,1211805643_back_crop.jpg,7,机制银币 > 地方省造 > 湖北省造 > 光绪元宝 > 七钱二分 > 普通,湖北省造二角
1211805645_front_crop.jpg,1211805645_back_crop.jpg,6,机制银币 > 地方省造 > 四川省造 > 光绪元宝 > 七钱二分 > 四角龙,福建官局二角
1211805647_front_crop.jpg,1211805647_back_crop.jpg,0,机制银币 > 地方省造 > 四川省造 > 军政府 > 壹圆 > 普通,浙江省造壹毫
1211805661_front_crop.jpg,1211805661_back_crop.jpg,58,机制银币 > 民国中央 > 袁世凯像 > 民国九年 > 壹圆 > 精发,袁世凯像贰角
1211805663_front_crop.jpg,1211805663_back_crop.jpg,58,机制银币 > 民国中央 > 袁世凯像 > 民国九年 > 壹圆 > 精发,袁世凯像贰角
1211805665_front_crop.jpg,1211805665_back_crop.jpg,58,机制银币 > 民国中央 > 袁世凯像 > 民国九年 > 壹圆 > 精发,袁世凯像贰角
1211805667_front_crop.jpg,1211805667_back_crop.jpg,58,机制银币 > 民国中央 > 袁世凯像 > 民国九年 > 壹圆 > 精发,袁世凯像贰角
1211805669_front_crop.jpg,1211805669_back_crop.jpg,58,机制银币 > 民国中央 > 袁世凯像 > 民国九年 > 壹圆 > 精发,袁世凯像贰角
1211805671_front_crop.jpg,1211805671_back_crop.jpg,58,机制银币 > 民国中央 > 袁世凯像 > 民国九年 > 壹圆 > 精发,袁世凯像贰角
1211805673_front_crop.jpg,1211805673_back_crop.jpg,58,机制银币 > 民国中央 > 袁世凯像 > 民国九年 > 壹圆 > 精发,袁世凯像贰角
1211805675_front_crop.jpg,1211805675_back_crop.jpg,58,机制银币 > 民国中央 > 袁世凯像 > 民国九年 > 壹圆 > 精发,袁世凯像贰角
1211805677_front_crop.jpg,1211805677_back_crop.jpg,58,机制银币 > 民国中央 > 袁世凯像 > 民国九年 > 壹圆 > 精发,袁世凯像贰角
1211805679_front_crop.jpg,1211805679_back_crop.jpg,58,机制银币 > 民国中央 > 袁世凯像 > 民国九年 > 壹圆 > 精发,袁世凯像贰角
1211805681_front_crop.jpg,1211805681_back_crop.jpg,58,机制银币 > 民国中央 > 袁世凯像 > 民国九年 > 壹圆 > 精发,袁世凯像贰角
1211805683_front_crop.jpg,1211805683_back_crop.jpg,58,机制银币 > 民国中央 > 袁世凯像 > 民国九年 > 壹圆 > 精发,袁世凯像贰角
1211805685_front_crop.jpg,1211805685_back_crop.jpg,58,机制银币 > 民国中央 > 袁世凯像 > 民国九年 > 壹圆 > 精发,袁世凯像贰角
1211805687_front_crop.jpg,1211805687_back_crop.jpg,58,机制银币 > 民国中央 > 袁世凯像 > 民国九年 > 壹圆 > 精发,袁世凯像贰角
1211805689_front_crop.jpg,1211805689_back_crop.jpg,58,机制银币 > 民国中央 > 袁世凯像 > 民国九年 > 壹圆 > 精发,袁世凯像贰角
1211805691_front_crop.jpg,1211805691_back_crop.jpg,58,机制银币 > 民国中央 > 袁世凯像 > 民国九年 > 壹圆 > 精发,袁世凯像贰角
1211805693_front_crop.jpg,1211805693_back_crop.jpg,58,机制银币 > 民国中央 > 袁世凯像 > 民国九年 > 壹圆 > 精发,袁世凯像贰角
1211805757_front_crop.jpg,1211805757_back_crop.jpg,12,机制银币 > 地方省造 > 云南省造 > 光绪元宝 > 七钱二分 > 老龙,云南省造一圆
1211805801_front_crop.jpg,1211805801_back_crop.jpg,12,机制银币 > 地方省造 > 云南省造 > 光绪元宝 > 七钱二分 > 老龙,云南省造贰角
1211805805_front_crop.jpg,1211805805_back_crop.jpg,55,机制银币 > 地方省造 > 广东省造 > 光绪元宝 > 三钱六分,广东省造壹毫
1211805807_front_crop.jpg,1211805807_back_crop.jpg,69,机制银币 > 民国中央 > 孙中山像 > 民国17年 > 壹圆 > 甘肃省造,孙中山像壹圆
1211805861_front_crop.jpg,1211805861_back_crop.jpg,58,机制银币 > 民国中央 > 袁世凯像 > 民国九年 > 壹圆 > 精发,袁世凯像壹圆
1211805865_front_crop.jpg,1211805865_back_crop.jpg,69,机制银币 > 民国中央 > 孙中山像 > 民国17年 > 壹圆 > 甘肃省造,孙中山像壹圆
1211806097_front_crop.jpg,1211806097_back_crop.jpg,58,机制银币 > 民国中央 > 袁世凯像 > 民国九年 > 壹圆 > 精发,袁世凯像壹圆
1211806101_front_crop.jpg,1211806101_back_crop.jpg,46,机制银币 > 地方省造 > 北洋造 > 光绪24年 > 壹圆,北洋局造一圆
1211806157_front_crop.jpg,1211806157_back_crop.jpg,58,机制银币 > 民国中央 > 袁世凯像 > 民国九年 > 壹圆 > 精发,袁世凯像壹圆
1211806159_front_crop.jpg,1211806159_back_crop.jpg,58,机制银币 > 民国中央 > 袁世凯像 > 民国九年 > 壹圆 > 精发,袁世凯像壹圆
1211806161_front_crop.jpg,1211806161_back_crop.jpg,58,机制银币 > 民国中央 > 袁世凯像 > 民国九年 > 壹圆 > 精发,袁世凯像壹圆
1211806199_front_crop.jpg,1211806199_back_crop.jpg,18,机制银币 > 地方省造 > 东三省造 > 光绪元宝 > 七钱二分,东三省造二角
1211806201_front_crop.jpg,1211806201_back_crop.jpg,58,机制银币 > 民国中央 > 袁世凯像 > 民国九年 > 壹圆 > 精发,袁世凯像壹圆
1211806209_front_crop.jpg,1211806209_back_crop.jpg,58,机制银币 > 民国中央 > 袁世凯像 > 民国九年 > 壹圆 > 精发,袁世凯像壹圆
1211806211_front_crop.jpg,1211806211_back_crop.jpg,58,机制银币 > 民国中央 > 袁世凯像 > 民国九年 > 壹圆 > 精发,袁世凯像壹圆
1211806217_front_crop.jpg,1211806217_back_crop.jpg,69,机制银币 > 民国中央 > 孙中山像 > 民国17年 > 壹圆 > 甘肃省造,孙中山像壹圆
1211806219_front_crop.jpg,1211806219_back_crop.jpg,69,机制银币 > 民国中央 > 孙中山像 > 民国17年 > 壹圆 > 甘肃省造,孙中山像壹圆
1211806223_front_crop.jpg,1211806223_back_crop.jpg,70,机制银币 > 民国中央 > 孙中山像 > 开国纪念 > 壹圆 > 下五星,开国纪念壹圆
1211806235_front_crop.jpg,1211806235_back_crop.jpg,70,机制银币 > 民国中央 > 孙中山像 > 开国纪念 > 壹圆 > 下五星,开国纪念壹圆
1211806237_front_crop.jpg,1211806237_back_crop.jpg,70,机制银币 > 民国中央 > 孙中山像 > 开国纪念 > 壹圆 > 下五星,开国纪念壹圆
1211806241_front_crop.jpg,1211806241_back_crop.jpg,58,机制银币 > 民国中央 > 袁世凯像 > 民国九年 > 壹圆 > 精发,袁世凯像壹圆
1211806249_front_crop.jpg,1211806249_back_crop.jpg,69,机制银币 > 民国中央 > 孙中山像 > 民国17年 > 壹圆 > 甘肃省造,孙中山像壹圆
1211806259_front_crop.jpg,1211806259_back_crop.jpg,58,机制银币 > 民国中央 > 袁世凯像 > 民国九年 > 壹圆 > 精发,袁世凯像壹圆
1211806263_front_crop.jpg,1211806263_back_crop.jpg,18,机制银币 > 地方省造 > 东三省造 > 光绪元宝 > 七钱二分,东三省造二角
1211806281_front_crop.jpg,1211806281_back_crop.jpg,58,机制银币 > 民国中央 > 袁世凯像 > 民国九年 > 壹圆 > 精发,袁世凯像壹圆
1211806315_front_crop.jpg,1211806315_back_crop.jpg,46,机制银币 > 地方省造 > 北洋造 > 光绪24年 > 壹圆,北洋局造一圆
1211806319_front_crop.jpg,1211806319_back_crop.jpg,12,机制银币 > 地方省造 > 云南省造 > 光绪元宝 > 七钱二分 > 老龙,云南省造半圆
1211806333_front_crop.jpg,1211806333_back_crop.jpg,70,机制银币 > 民国中央 > 孙中山像 > 开国纪念 > 壹圆 > 下五星,开国纪念壹圆
1211806337_front_crop.jpg,1211806337_back_crop.jpg,58,机制银币 > 民国中央 > 袁世凯像 > 民国九年 > 壹圆 > 精发,袁世凯像壹圆
1211806339_front_crop.jpg,1211806339_back_crop.jpg,58,机制银币 > 民国中央 > 袁世凯像 > 民国九年 > 壹圆 > 精发,袁世凯像壹圆
1211806341_front_crop.jpg,1211806341_back_crop.jpg,58,机制银币 > 民国中央 > 袁世凯像 > 民国九年 > 壹圆 > 精发,袁世凯像壹圆
1211806345_front_crop.jpg,1211806345_back_crop.jpg,58,机制银币 > 民国中央 > 袁世凯像 > 民国九年 > 壹圆 > 精发,袁世凯像壹圆
1211806359_front_crop.jpg,1211806359_back_crop.jpg,58,机制银币 > 民国中央 > 袁世凯像 > 民国九年 > 壹圆 > 精发,袁世凯像壹圆
1211806361_front_crop.jpg,1211806361_back_crop.jpg,58,机制银币 > 民国中央 > 袁世凯像 > 民国九年 > 壹圆 > 精发,袁世凯像壹圆
1211806369_front_crop.jpg,1211806369_back_crop.jpg,70,机制银币 > 民国中央 > 孙中山像 > 开国纪念 > 壹圆 > 下五星,开国纪念壹圆
1211806371_front_crop.jpg,1211806371_back_crop.jpg,70,机制银币 > 民国中央 > 孙中山像 > 开国纪念 > 壹圆 > 下五星,开国纪念壹圆
1211806373_front_crop.jpg,1211806373_back_crop.jpg,27,机制银币 > 地方省造 > 江南省造 > 甲辰 > 七钱二分 > 普通,江南省造一圆
1211806389_front_crop.jpg,1211806389_back_crop.jpg,58,机制银币 > 民国中央 > 袁世凯像 > 民国九年 > 壹圆 > 精发,袁世凯像贰角
1211806391_front_crop.jpg,1211806391_back_crop.jpg,18,机制银币 > 地方省造 > 东三省造 > 光绪元宝 > 七钱二分,东三省造二角
1211806413_front_crop.jpg,1211806413_back_crop.jpg,58,机制银币 > 民国中央 > 袁世凯像 > 民国九年 > 壹圆 > 精发,袁世凯像壹圆
1211806415_front_crop.jpg,1211806415_back_crop.jpg,58,机制银币 > 民国中央 > 袁世凯像 > 民国九年 > 壹圆 > 精发,袁世凯像壹圆
1211806419_front_crop.jpg,1211806419_back_crop.jpg,58,机制银币 > 民国中央 > 袁世凯像 > 民国九年 > 壹圆 > 精发,袁世凯像壹圆
1211806421_front_crop.jpg,1211806421_back_crop.jpg,58,机制银币 > 民国中央 > 袁世凯像 > 民国九年 > 壹圆 > 精发,袁世凯像壹圆
1211806429_front_crop.jpg,1211806429_back_crop.jpg,58,机制银币 > 民国中央 > 袁世凯像 > 民国九年 > 壹圆 > 精发,袁世凯像壹圆
1211806431_front_crop.jpg,1211806431_back_crop.jpg,58,机制银币 > 民国中央 > 袁世凯像 > 民国九年 > 壹圆 > 精发,袁世凯像壹圆
1211806435_front_crop.jpg,1211806435_back_crop.jpg,58,机制银币 > 民国中央 > 袁世凯像 > 民国九年 > 壹圆 > 精发,袁世凯像壹圆
1211806437_front_crop.jpg,1211806437_back_crop.jpg,58,机制银币 > 民国中央 > 袁世凯像 > 民国九年 > 壹圆 > 精发,袁世凯像壹圆
1211806439_front_crop.jpg,1211806439_back_crop.jpg,58,机制银币 > 民国中央 > 袁世凯像 > 民国九年 > 壹圆 > 精发,袁世凯像壹圆
1211806441_front_crop.jpg,1211806441_back_crop.jpg,58,机制银币 > 民国中央 > 袁世凯像 > 民国九年 > 壹圆 > 精发,袁世凯像壹圆
1211806443_front_crop.jpg,1211806443_back_crop.jpg,58,机制银币 > 民国中央 > 袁世凯像 > 民国九年 > 壹圆 > 精发,袁世凯像壹圆
1211806445_front_crop.jpg,1211806445_back_crop.jpg,58,机制银币 > 民国中央 > 袁世凯像 > 民国九年 > 壹圆 > 精发,袁世凯像壹圆
1211806453_front_crop.jpg,1211806453_back_crop.jpg,46,机制银币 > 地方省造 > 北洋造 > 光绪24年 > 壹圆,北洋局造一圆
1211806455_front_crop.jpg,1211806455_back_crop.jpg,46,机制银币 > 地方省造 > 北洋造 > 光绪24年 > 壹圆,北洋局造一圆
1211806457_front_crop.jpg,1211806457_back_crop.jpg,46,机制银币 > 地方省造 > 北洋造 > 光绪24年 > 壹圆,北洋局造一圆
1211806467_front_crop.jpg,1211806467_back_crop.jpg,46,机制银币 > 地方省造 > 北洋造 > 光绪24年 > 壹圆,北洋局造一圆
1211806477_front_crop.jpg,1211806477_back_crop.jpg,12,机制银币 > 地方省造 > 云南省造 > 光绪元宝 > 七钱二分 > 老龙,云南省造贰角
1211806479_front_crop.jpg,1211806479_back_crop.jpg,55,机制银币 > 地方省造 > 广东省造 > 光绪元宝 > 三钱六分,广东省造二角
1211806483_front_crop.jpg,1211806483_back_crop.jpg,12,机制银币 > 地方省造 > 云南省造 > 光绪元宝 > 七钱二分 > 老龙,云南省造半圆
1211806487_front_crop.jpg,1211806487_back_crop.jpg,12,机制银币 > 地方省造 > 云南省造 > 光绪元宝 > 七钱二分 > 老龙,云南省造半圆
1211806489_front_crop.jpg,1211806489_back_crop.jpg,12,机制银币 > 地方省造 > 云南省造 > 光绪元宝 > 七钱二分 > 老龙,云南省造半圆
1211806493_front_crop.jpg,1211806493_back_crop.jpg,12,机制银币 > 地方省造 > 云南省造 > 光绪元宝 > 七钱二分 > 老龙,云南省造半圆
1211806495_front_crop.jpg,1211806495_back_crop.jpg,12,机制银币 > 地方省造 > 云南省造 > 光绪元宝 > 七钱二分 > 老龙,云南省造半圆
1211806499_front_crop.jpg,1211806499_back_crop.jpg,58,机制银币 > 民国中央 > 袁世凯像 > 民国九年 > 壹圆 > 精发,袁世凯像壹圆
1211806501_front_crop.jpg,1211806501_back_crop.jpg,58,机制银币 > 民国中央 > 袁世凯像 > 民国九年 > 壹圆 > 精发,袁世凯像壹圆
1211806509_front_crop.jpg,1211806509_back_crop.jpg,58,机制银币 > 民国中央 > 袁世凯像 > 民国九年 > 壹圆 > 精发,袁世凯像壹圆
1211806525_front_crop.jpg,1211806525_back_crop.jpg,58,机制银币 > 民国中央 > 袁世凯像 > 民国九年 > 壹圆 > 精发,袁世凯像壹圆
1211806545_front_crop.jpg,1211806545_back_crop.jpg,58,机制银币 > 民国中央 > 袁世凯像 > 民国九年 > 壹圆 > 精发,袁世凯像壹圆
1211806551_front_crop.jpg,1211806551_back_crop.jpg,58,机制银币 > 民国中央 > 袁世凯像 > 民国九年 > 壹圆 > 精发,袁世凯像壹圆
1211806587_front_crop.jpg,1211806587_back_crop.jpg,12,机制银币 > 地方省造 > 云南省造 > 光绪元宝 > 七钱二分 > 老龙,云南省造半圆
1211806599_front_crop.jpg,1211806599_back_crop.jpg,12,机制银币 > 地方省造 > 云南省造 > 光绪元宝 > 七钱二分 > 老龙,云南省造一角
1211806641_front_crop.jpg,1211806641_back_crop.jpg,58,机制银币 > 民国中央 > 袁世凯像 > 民国九年 > 壹圆 > 精发,袁世凯像壹圆
1211806663_front_crop.jpg,1211806663_back_crop.jpg,7,机制银币 > 地方省造 > 湖北省造 > 光绪元宝 > 七钱二分 > 普通,湖北省造一圆
1211806685_front_crop.jpg,1211806685_back_crop.jpg,70,机制银币 > 民国中央 > 孙中山像 > 开国纪念 > 壹圆 > 下五星,开国纪念壹圆
1211806689_front_crop.jpg,1211806689_back_crop.jpg,70,机制银币 > 民国中央 > 孙中山像 > 开国纪念 > 壹圆 > 下五星,开国纪念壹圆
1211806709_front_crop.jpg,1211806709_back_crop.jpg,58,机制银币 > 民国中央 > 袁世凯像 > 民国九年 > 壹圆 > 精发,袁世凯像壹圆
1211806735_front_crop.jpg,1211806735_back_crop.jpg,70,机制银币 > 民国中央 > 孙中山像 > 开国纪念 > 壹圆 > 下五星,开国纪念壹圆
1211806745_front_crop.jpg,1211806745_back_crop.jpg,58,机制银币 > 民国中央 > 袁世凯像 > 民国九年 > 壹圆 > 精发,袁世凯像壹圆
1211806747_front_crop.jpg,1211806747_back_crop.jpg,58,机制银币 > 民国中央 > 袁世凯像 > 民国九年 > 壹圆 > 精发,袁世凯像壹圆
1211806751_front_crop.jpg,1211806751_back_crop.jpg,7,机制银币 > 地方省造 > 湖北省造 > 光绪元宝 > 七钱二分 > 普通,湖北省造二角
1211806827_front_crop.jpg,1211806827_back_crop.jpg,70,机制银币 > 民国中央 > 孙中山像 > 开国纪念 > 壹圆 > 下五星,开国纪念壹圆
1211806833_front_crop.jpg,1211806833_back_crop.jpg,70,机制银币 > 民国中央 > 孙中山像 > 开国纪念 > 壹圆 > 下五星,开国纪念壹圆
1211806873_front_crop.jpg,1211806873_back_crop.jpg,69,机制银币 > 民国中央 > 孙中山像 > 民国17年 > 壹圆 > 甘肃省造,孙中山像壹圆
1211806881_front_crop.jpg,1211806881_back_crop.jpg,6,机制银币 > 地方省造 > 四川省造 > 光绪元宝 > 七钱二分 > 四角龙,福建官局二角
1211806979_front_crop.jpg,1211806979_back_crop.jpg,70,机制银币 > 民国中央 > 孙中山像 > 开国纪念 > 壹圆 > 下五星,开国纪念壹圆
1211806981_front_crop.jpg,1211806981_back_crop.jpg,70,机制银币 > 民国中央 > 孙中山像 > 开国纪念 > 壹圆 > 下五星,开国纪念壹圆
1211806983_front_crop.jpg,1211806983_back_crop.jpg,58,机制银币 > 民国中央 > 袁世凯像 > 民国九年 > 壹圆 > 精发,袁世凯像壹圆
1211806987_front_crop.jpg,1211806987_back_crop.jpg,87,机制银币 > 清代中央 > 光绪年造 > 丁未大清银币 > 壹圆,大清银币壹圆
1211806993_front_crop.jpg,1211806993_back_crop.jpg,46,机制银币 > 地方省造 > 北洋造 > 光绪24年 > 壹圆,北洋局造一圆
1211807005_front_crop.jpg,1211807005_back_crop.jpg,18,机制银币 > 地方省造 > 东三省造 > 光绪元宝 > 七钱二分,东三省造二角
1211807007_front_crop.jpg,1211807007_back_crop.jpg,90,机制银币 > 中华苏维埃 > 苏维埃 > 1932 > 贰角,福建中华二角
1211807039_front_crop.jpg,1211807039_back_crop.jpg,58,机制银币 > 民国中央 > 袁世凯像 > 民国九年 > 壹圆 > 精发,袁世凯像壹圆
1211807067_front_crop.jpg,1211807067_back_crop.jpg,41,机制银币 > 地方省造 > 奉天省造 > 光绪25年 > 一圆 > 有圈,造币总厂一圆
1211807083_front_crop.jpg,1211807083_back_crop.jpg,58,机制银币 > 民国中央 > 袁世凯像 > 民国九年 > 壹圆 > 精发,袁世凯像壹圆
1211807111_front_crop.jpg,1211807111_back_crop.jpg,55,机制银币 > 地方省造 > 广东省造 > 光绪元宝 > 三钱六分,广东省造贰毫
1211807115_front_crop.jpg,1211807115_back_crop.jpg,27,机制银币 > 地方省造 > 江南省造 > 甲辰 > 七钱二分 > 普通,江南省造二角
1211807135_front_crop.jpg,1211807135_back_crop.jpg,58,机制银币 > 民国中央 > 袁世凯像 > 民国九年 > 壹圆 > 精发,袁世凯像壹圆
1211807139_front_crop.jpg,1211807139_back_crop.jpg,69,机制银币 > 民国中央 > 孙中山像 > 民国17年 > 壹圆 > 甘肃省造,孙中山像壹圆
1211807149_front_crop.jpg,1211807149_back_crop.jpg,58,机制银币 > 民国中央 > 袁世凯像 > 民国九年 > 壹圆 > 精发,袁世凯像壹圆
1211807163_front_crop.jpg,1211807163_back_crop.jpg,58,机制银币 > 民国中央 > 袁世凯像 > 民国九年 > 壹圆 > 精发,袁世凯像壹圆
1211807181_front_crop.jpg,1211807181_back_crop.jpg,58,机制银币 > 民国中央 > 袁世凯像 > 民国九年 > 壹圆 > 精发,袁世凯像壹圆
1211807189_front_crop.jpg,1211807189_back_crop.jpg,69,机制银币 > 民国中央 > 孙中山像 > 民国17年 > 壹圆 > 甘肃省造,孙中山像壹圆
1211807211_front_crop.jpg,1211807211_back_crop.jpg,58,机制银币 > 民国中央 > 袁世凯像 > 民国九年 > 壹圆 > 精发,袁世凯像壹圆
1211807261_front_crop.jpg,1211807261_back_crop.jpg,55,机制银币 > 地方省造 > 广东省造 > 光绪元宝 > 三钱六分,广东省造壹毫
1211807279_front_crop.jpg,1211807279_back_crop.jpg,58,机制银币 > 民国中央 > 袁世凯像 > 民国九年 > 壹圆 > 精发,袁世凯像壹角
1211807281_front_crop.jpg,1211807281_back_crop.jpg,58,机制银币 > 民国中央 > 袁世凯像 > 民国九年 > 壹圆 > 精发,袁世凯像贰角
1211807283_front_crop.jpg,1211807283_back_crop.jpg,70,机制银币 > 民国中央 > 孙中山像 > 开国纪念 > 壹圆 > 下五星,开国纪念壹圆
1211807285_front_crop.jpg,1211807285_back_crop.jpg,58,机制银币 > 民国中央 > 袁世凯像 > 民国九年 > 壹圆 > 精发,袁世凯像壹圆
1211807289_front_crop.jpg,1211807289_back_crop.jpg,58,机制银币 > 民国中央 > 袁世凯像 > 民国九年 > 壹圆 > 精发,袁世凯像壹圆
1211807389_front_crop.jpg,1211807389_back_crop.jpg,58,机制银币 > 民国中央 > 袁世凯像 > 民国九年 > 壹圆 > 精发,袁世凯像壹圆
1211807399_front_crop.jpg,1211807399_back_crop.jpg,58,机制银币 > 民国中央 > 袁世凯像 > 民国九年 > 壹圆 > 精发,袁世凯像壹圆
1211807403_front_crop.jpg,1211807403_back_crop.jpg,58,机制银币 > 民国中央 > 袁世凯像 > 民国九年 > 壹圆 > 精发,袁世凯像壹圆
1211807413_front_crop.jpg,1211807413_back_crop.jpg,58,机制银币 > 民国中央 > 袁世凯像 > 民国九年 > 壹圆 > 精发,袁世凯像壹圆
1211807415_front_crop.jpg,1211807415_back_crop.jpg,58,机制银币 > 民国中央 > 袁世凯像 > 民国九年 > 壹圆 > 精发,袁世凯像壹圆
1211807423_front_crop.jpg,1211807423_back_crop.jpg,58,机制银币 > 民国中央 > 袁世凯像 > 民国九年 > 壹圆 > 精发,袁世凯像壹圆
1211807431_front_crop.jpg,1211807431_back_crop.jpg,9,机制银币 > 地方省造 > 湖北省造 > 双龙 > 一两 > 小字,西藏银币十两
1211807439_front_crop.jpg,1211807439_back_crop.jpg,91,机制银币 > 纪念章 > 孙中山像,西藏章嘎嘎布
1211807443_front_crop.jpg,1211807443_back_crop.jpg,58,机制银币 > 民国中央 > 袁世凯像 > 民国九年 > 壹圆 > 精发,袁世凯像壹圆
1211807479_front_crop.jpg,1211807479_back_crop.jpg,69,机制银币 > 民国中央 > 孙中山像 > 民国17年 > 壹圆 > 甘肃省造,孙中山像壹圆
1211807485_front_crop.jpg,1211807485_back_crop.jpg,69,机制银币 > 民国中央 > 孙中山像 > 民国17年 > 壹圆 > 甘肃省造,孙中山像壹圆
1211807487_front_crop.jpg,1211807487_back_crop.jpg,69,机制银币 > 民国中央 > 孙中山像 > 民国17年 > 壹圆 > 甘肃省造,孙中山像壹圆
1211807505_front_crop.jpg,1211807505_back_crop.jpg,46,机制银币 > 地方省造 > 北洋造 > 光绪24年 > 壹圆,北洋局造一圆
1211807507_front_crop.jpg,1211807507_back_crop.jpg,46,机制银币 > 地方省造 > 北洋造 > 光绪24年 > 壹圆,北洋局造一圆
1211807509_front_crop.jpg,1211807509_back_crop.jpg,46,机制银币 > 地方省造 > 北洋造 > 光绪24年 > 壹圆,北洋局造一圆
1211807529_front_crop.jpg,1211807529_back_crop.jpg,58,机制银币 > 民国中央 > 袁世凯像 > 民国九年 > 壹圆 > 精发,袁世凯像壹圆
1211807531_front_crop.jpg,1211807531_back_crop.jpg,58,机制银币 > 民国中央 > 袁世凯像 > 民国九年 > 壹圆 > 精发,袁世凯像壹圆
1211807533_front_crop.jpg,1211807533_back_crop.jpg,58,机制银币 > 民国中央 > 袁世凯像 > 民国九年 > 壹圆 > 精发,袁世凯像壹圆
1211807547_front_crop.jpg,1211807547_back_crop.jpg,58,机制银币 > 民国中央 > 袁世凯像 > 民国九年 > 壹圆 > 精发,袁世凯像壹圆
1211807557_front_crop.jpg,1211807557_back_crop.jpg,69,机制银币 > 民国中央 > 孙中山像 > 民国17年 > 壹圆 > 甘肃省造,孙中山像壹圆
1211807559_front_crop.jpg,1211807559_back_crop.jpg,69,机制银币 > 民国中央 > 孙中山像 > 民国17年 > 壹圆 > 甘肃省造,孙中山像壹圆
1211807563_front_crop.jpg,1211807563_back_crop.jpg,70,机制银币 > 民国中央 > 孙中山像 > 开国纪念 > 壹圆 > 下五星,开国纪念壹圆
1211807565_front_crop.jpg,1211807565_back_crop.jpg,70,机制银币 > 民国中央 > 孙中山像 > 开国纪念 > 壹圆 > 下五星,开国纪念壹圆
1211807567_front_crop.jpg,1211807567_back_crop.jpg,70,机制银币 > 民国中央 > 孙中山像 > 开国纪念 > 壹圆 > 下五星,开国纪念壹圆
1211807585_front_crop.jpg,1211807585_back_crop.jpg,69,机制银币 > 民国中央 > 孙中山像 > 民国17年 > 壹圆 > 甘肃省造,孙中山像壹圆
1211807587_front_crop.jpg,1211807587_back_crop.jpg,58,机制银币 > 民国中央 > 袁世凯像 > 民国九年 > 壹圆 > 精发,袁世凯像壹圆
1211807595_front_crop.jpg,1211807595_back_crop.jpg,58,机制银币 > 民国中央 > 袁世凯像 > 民国九年 > 壹圆 > 精发,袁世凯像壹圆
1211807599_front_crop.jpg,1211807599_back_crop.jpg,69,机制银币 > 民国中央 > 孙中山像 > 民国17年 > 壹圆 > 甘肃省造,孙中山像壹圆
1211807601_front_crop.jpg,1211807601_back_crop.jpg,69,机制银币 > 民国中央 > 孙中山像 > 民国17年 > 壹圆 > 甘肃省造,孙中山像壹圆
1211807635_front_crop.jpg,1211807635_back_crop.jpg,58,机制银币 > 民国中央 > 袁世凯像 > 民国九年 > 壹圆 > 精发,袁世凯像壹圆
1211807645_front_crop.jpg,1211807645_back_crop.jpg,58,机制银币 > 民国中央 > 袁世凯像 > 民国九年 > 壹圆 > 精发,袁世凯像壹圆
1211807651_front_crop.jpg,1211807651_back_crop.jpg,58,机制银币 > 民国中央 > 袁世凯像 > 民国九年 > 壹圆 > 精发,袁世凯像贰角
1211807653_front_crop.jpg,1211807653_back_crop.jpg,58,机制银币 > 民国中央 > 袁世凯像 > 民国九年 > 壹圆 > 精发,袁世凯像壹角
1211807655_front_crop.jpg,1211807655_back_crop.jpg,58,机制银币 > 民国中央 > 袁世凯像 > 民国九年 > 壹圆 > 精发,袁世凯像壹角
1211807659_front_crop.jpg,1211807659_back_crop.jpg,12,机制银币 > 地方省造 > 云南省造 > 光绪元宝 > 七钱二分 > 老龙,云南省造半圆
1211807681_front_crop.jpg,1211807681_back_crop.jpg,58,机制银币 > 民国中央 > 袁世凯像 > 民国九年 > 壹圆 > 精发,袁世凯像壹圆
1211807731_front_crop.jpg,1211807731_back_crop.jpg,27,机制银币 > 地方省造 > 江南省造 > 甲辰 > 七钱二分 > 普通,江南省造一圆
1211807739_front_crop.jpg,1211807739_back_crop.jpg,41,机制银币 > 地方省造 > 奉天省造 > 光绪25年 > 一圆 > 有圈,造币总厂一圆
1211807757_front_crop.jpg,1211807757_back_crop.jpg,58,机制银币 > 民国中央 > 袁世凯像 > 民国九年 > 壹圆 > 精发,袁世凯像壹圆
1211807805_front_crop.jpg,1211807805_back_crop.jpg,46,机制银币 > 地方省造 > 北洋造 > 光绪24年 > 壹圆,北洋局造一圆
1211807817_front_crop.jpg,1211807817_back_crop.jpg,70,机制银币 > 民国中央 > 孙中山像 > 开国纪念 > 壹圆 > 下五星,开国纪念壹圆
1211807821_front_crop.jpg,1211807821_back_crop.jpg,58,机制银币 > 民国中央 > 袁世凯像 > 民国九年 > 壹圆 > 精发,袁世凯像壹圆
1211807843_front_crop.jpg,1211807843_back_crop.jpg,58,机制银币 > 民国中央 > 袁世凯像 > 民国九年 > 壹圆 > 精发,袁世凯像壹圆
1211807867_front_crop.jpg,1211807867_back_crop.jpg,58,机制银币 > 民国中央 > 袁世凯像 > 民国九年 > 壹圆 > 精发,袁世凯像壹圆
1211807871_front_crop.jpg,1211807871_back_crop.jpg,58,机制银币 > 民国中央 > 袁世凯像 > 民国九年 > 壹圆 > 精发,袁世凯像壹圆
1211807889_front_crop.jpg,1211807889_back_crop.jpg,85,机制银币 > 纪念币 > 唐继尧像 > 拥护共和 > 三钱六分 > 正像,唐继尧像半圆
1211807899_front_crop.jpg,1211807899_back_crop.jpg,70,机制银币 > 民国中央 > 孙中山像 > 开国纪念 > 壹圆 > 下五星,开国纪念壹圆
1211807927_front_crop.jpg,1211807927_back_crop.jpg,46,机制银币 > 地方省造 > 北洋造 > 光绪24年 > 壹圆,北洋局造一圆
1211807929_front_crop.jpg,1211807929_back_crop.jpg,46,机制银币 > 地方省造 > 北洋造 > 光绪24年 > 壹圆,北洋局造一圆
1211807931_front_crop.jpg,1211807931_back_crop.jpg,46,机制银币 > 地方省造 > 北洋造 > 光绪24年 > 壹圆,北洋局造一圆
1211807939_front_crop.jpg,1211807939_back_crop.jpg,46,机制银币 > 地方省造 > 北洋造 > 光绪24年 > 壹圆,北洋局造一圆
1211807955_front_crop.jpg,1211807955_back_crop.jpg,58,机制银币 > 民国中央 > 袁世凯像 > 民国九年 > 壹圆 > 精发,袁世凯像壹圆
1211807957_front_crop.jpg,1211807957_back_crop.jpg,58,机制银币 > 民国中央 > 袁世凯像 > 民国九年 > 壹圆 > 精发,袁世凯像壹圆
1211807959_front_crop.jpg,1211807959_back_crop.jpg,58,机制银币 > 民国中央 > 袁世凯像 > 民国九年 > 壹圆 > 精发,袁世凯像壹圆
1211807961_front_crop.jpg,1211807961_back_crop.jpg,58,机制银币 > 民国中央 > 袁世凯像 > 民国九年 > 壹圆 > 精发,袁世凯像壹圆
1211807963_front_crop.jpg,1211807963_back_crop.jpg,58,机制银币 > 民国中央 > 袁世凯像 > 民国九年 > 壹圆 > 精发,袁世凯像壹圆
1211807965_front_crop.jpg,1211807965_back_crop.jpg,58,机制银币 > 民国中央 > 袁世凯像 > 民国九年 > 壹圆 > 精发,袁世凯像壹圆
1211807967_front_crop.jpg,1211807967_back_crop.jpg,58,机制银币 > 民国中央 > 袁世凯像 > 民国九年 > 壹圆 > 精发,袁世凯像壹圆
1211807973_front_crop.jpg,1211807973_back_crop.jpg,58,机制银币 > 民国中央 > 袁世凯像 > 民国九年 > 壹圆 > 精发,袁世凯像壹圆
1211807975_front_crop.jpg,1211807975_back_crop.jpg,58,机制银币 > 民国中央 > 袁世凯像 > 民国九年 > 壹圆 > 精发,袁世凯像壹圆
1211807977_front_crop.jpg,1211807977_back_crop.jpg,58,机制银币 > 民国中央 > 袁世凯像 > 民国九年 > 壹圆 > 精发,袁世凯像壹圆
1211807979_front_crop.jpg,1211807979_back_crop.jpg,58,机制银币 > 民国中央 > 袁世凯像 > 民国九年 > 壹圆 > 精发,袁世凯像壹圆
1211807981_front_crop.jpg,1211807981_back_crop.jpg,58,机制银币 > 民国中央 > 袁世凯像 > 民国九年 > 壹圆 > 精发,袁世凯像壹圆
1211807983_front_crop.jpg,1211807983_back_crop.jpg,58,机制银币 > 民国中央 > 袁世凯像 > 民国九年 > 壹圆 > 精发,袁世凯像壹圆
1211807985_front_crop.jpg,1211807985_back_crop.jpg,58,机制银币 > 民国中央 > 袁世凯像 > 民国九年 > 壹圆 > 精发,袁世凯像壹圆
1211808001_front_crop.jpg,1211808001_back_crop.jpg,58,机制银币 > 民国中央 > 袁世凯像 > 民国九年 > 壹圆 > 精发,袁世凯像壹圆
1211808005_front_crop.jpg,1211808005_back_crop.jpg,58,机制银币 > 民国中央 > 袁世凯像 > 民国九年 > 壹圆 > 精发,袁世凯像壹圆
1211808007_front_crop.jpg,1211808007_back_crop.jpg,58,机制银币 > 民国中央 > 袁世凯像 > 民国九年 > 壹圆 > 精发,袁世凯像壹圆
1211808009_front_crop.jpg,1211808009_back_crop.jpg,58,机制银币 > 民国中央 > 袁世凯像 > 民国九年 > 壹圆 > 精发,袁世凯像壹圆
1211808011_front_crop.jpg,1211808011_back_crop.jpg,58,机制银币 > 民国中央 > 袁世凯像 > 民国九年 > 壹圆 > 精发,袁世凯像壹圆
1211808013_front_crop.jpg,1211808013_back_crop.jpg,58,机制银币 > 民国中央 > 袁世凯像 > 民国九年 > 壹圆 > 精发,袁世凯像壹圆
1211808015_front_crop.jpg,1211808015_back_crop.jpg,58,机制银币 > 民国中央 > 袁世凯像 > 民国九年 > 壹圆 > 精发,袁世凯像壹圆
1211808025_front_crop.jpg,1211808025_back_crop.jpg,58,机制银币 > 民国中央 > 袁世凯像 > 民国九年 > 壹圆 > 精发,袁世凯像壹圆
1211808039_front_crop.jpg,1211808039_back_crop.jpg,58,机制银币 > 民国中央 > 袁世凯像 > 民国九年 > 壹圆 > 精发,袁世凯像壹圆
1211808043_front_crop.jpg,1211808043_back_crop.jpg,58,机制银币 > 民国中央 > 袁世凯像 > 民国九年 > 壹圆 > 精发,袁世凯像壹圆
1211808069_front_crop.jpg,1211808069_back_crop.jpg,52,机制银币 > 地方省造 > 新疆省造 > 造币厂铸 > 壹圆 > 尖足1,新疆喀什伍钱
1211808073_front_crop.jpg,1211808073_back_crop.jpg,12,机制银币 > 地方省造 > 云南省造 > 光绪元宝 > 七钱二分 > 老龙,云南省造半圆
1211808075_front_crop.jpg,1211808075_back_crop.jpg,0,机制银币 > 地方省造 > 四川省造 > 军政府 > 壹圆 > 普通,四川银币壹圆
1211808085_front_crop.jpg,1211808085_back_crop.jpg,70,机制银币 > 民国中央 > 孙中山像 > 开国纪念 > 壹圆 > 下五星,开国纪念壹圆
1211808119_front_crop.jpg,1211808119_back_crop.jpg,12,机制银币 > 地方省造 > 云南省造 > 光绪元宝 > 七钱二分 > 老龙,云南省造一圆
1211808121_front_crop.jpg,1211808121_back_crop.jpg,27,机制银币 > 地方省造 > 江南省造 > 甲辰 > 七钱二分 > 普通,江南省造一圆
1211808125_front_crop.jpg,1211808125_back_crop.jpg,7,机制银币 > 地方省造 > 湖北省造 > 光绪元宝 > 七钱二分 > 普通,湖北省造一圆
1211808131_front_crop.jpg,1211808131_back_crop.jpg,70,机制银币 > 民国中央 > 孙中山像 > 开国纪念 > 壹圆 > 下五星,开国纪念壹圆
1211808145_front_crop.jpg,1211808145_back_crop.jpg,12,机制银币 > 地方省造 > 云南省造 > 光绪元宝 > 七钱二分 > 老龙,云南省造半圆
1211808183_front_crop.jpg,1211808183_back_crop.jpg,12,机制银币 > 地方省造 > 云南省造 > 光绪元宝 > 七钱二分 > 老龙,云南省造半圆
1211808185_front_crop.jpg,1211808185_back_crop.jpg,12,机制银币 > 地方省造 > 云南省造 > 光绪元宝 > 七钱二分 > 老龙,云南省造半圆
1211808191_front_crop.jpg,1211808191_back_crop.jpg,12,机制银币 > 地方省造 > 云南省造 > 光绪元宝 > 七钱二分 > 老龙,云南省造半圆
1211808193_front_crop.jpg,1211808193_back_crop.jpg,12,机制银币 > 地方省造 > 云南省造 > 光绪元宝 > 七钱二分 > 老龙,云南省造半圆
1211808199_front_crop.jpg,1211808199_back_crop.jpg,12,机制银币 > 地方省造 > 云南省造 > 光绪元宝 > 七钱二分 > 老龙,云南省造半圆
1211808201_front_crop.jpg,1211808201_back_crop.jpg,12,机制银币 > 地方省造 > 云南省造 > 光绪元宝 > 七钱二分 > 老龙,云南省造半圆
1211808215_front_crop.jpg,1211808215_back_crop.jpg,12,机制银币 > 地方省造 > 云南省造 > 光绪元宝 > 七钱二分 > 老龙,云南省造半圆
1211808219_front_crop.jpg,1211808219_back_crop.jpg,55,机制银币 > 地方省造 > 广东省造 > 光绪元宝 > 三钱六分,广东省造二角
1211808223_front_crop.jpg,1211808223_back_crop.jpg,55,机制银币 > 地方省造 > 广东省造 > 光绪元宝 > 三钱六分,广东省造二角
1211808255_front_crop.jpg,1211808255_back_crop.jpg,58,机制银币 > 民国中央 > 袁世凯像 > 民国九年 > 壹圆 > 精发,袁世凯像壹圆
1211808265_front_crop.jpg,1211808265_back_crop.jpg,58,机制银币 > 民国中央 > 袁世凯像 > 民国九年 > 壹圆 > 精发,袁世凯像壹圆
1211808267_front_crop.jpg,1211808267_back_crop.jpg,91,机制银币 > 纪念章 > 孙中山像,西藏章嘎嘎布
1211808277_front_crop.jpg,1211808277_back_crop.jpg,58,机制银币 > 民国中央 > 袁世凯像 > 民国九年 > 壹圆 > 精发,袁世凯像壹圆
1211808279_front_crop.jpg,1211808279_back_crop.jpg,58,机制银币 > 民国中央 > 袁世凯像 > 民国九年 > 壹圆 > 精发,袁世凯像壹圆
1211808291_front_crop.jpg,1211808291_back_crop.jpg,69,机制银币 > 民国中央 > 孙中山像 > 民国17年 > 壹圆 > 甘肃省造,孙中山像壹圆
1211808293_front_crop.jpg,1211808293_back_crop.jpg,69,机制银币 > 民国中央 > 孙中山像 > 民国17年 > 壹圆 > 甘肃省造,孙中山像壹圆
1211808295_front_crop.jpg,1211808295_back_crop.jpg,70,机制银币 > 民国中央 > 孙中山像 > 开国纪念 > 壹圆 > 下五星,开国纪念壹圆
1211808311_front_crop.jpg,1211808311_back_crop.jpg,0,机制银币 > 地方省造 > 四川省造 > 军政府 > 壹圆 > 普通,四川省造卢比
1211808317_front_crop.jpg,1211808317_back_crop.jpg,58,机制银币 > 民国中央 > 袁世凯像 > 民国九年 > 壹圆 > 精发,袁世凯像壹圆
1211808327_front_crop.jpg,1211808327_back_crop.jpg,58,机制银币 > 民国中央 > 袁世凯像 > 民国九年 > 壹圆 > 精发,袁世凯像壹圆
1211808343_front_crop.jpg,1211808343_back_crop.jpg,69,机制银币 > 民国中央 > 孙中山像 > 民国17年 > 壹圆 > 甘肃省造,孙中山像壹圆
1211808345_front_crop.jpg,1211808345_back_crop.jpg,58,机制银币 > 民国中央 > 袁世凯像 > 民国九年 > 壹圆 > 精发,袁世凯像壹圆
1211808349_front_crop.jpg,1211808349_back_crop.jpg,27,机制银币 > 地方省造 > 江南省造 > 甲辰 > 七钱二分 > 普通,江南省造一圆
1211808355_front_crop.jpg,1211808355_back_crop.jpg,58,机制银币 > 民国中央 > 袁世凯像 > 民国九年 > 壹圆 > 精发,袁世凯像壹圆
1211808413_front_crop.jpg,1211808413_back_crop.jpg,58,机制银币 > 民国中央 > 袁世凯像 > 民国九年 > 壹圆 > 精发,袁世凯像壹圆
1211808417_front_crop.jpg,1211808417_back_crop.jpg,46,机制银币 > 地方省造 > 北洋造 > 光绪24年 > 壹圆,北洋局造一圆
1211808419_front_crop.jpg,1211808419_back_crop.jpg,46,机制银币 > 地方省造 > 北洋造 > 光绪24年 > 壹圆,北洋局造一圆
1211808429_front_crop.jpg,1211808429_back_crop.jpg,69,机制银币 > 民国中央 > 孙中山像 > 民国17年 > 壹圆 > 甘肃省造,孙中山像壹圆
1211808437_front_crop.jpg,1211808437_back_crop.jpg,69,机制银币 > 民国中央 > 孙中山像 > 民国17年 > 壹圆 > 甘肃省造,孙中山像壹圆
1211808439_front_crop.jpg,1211808439_back_crop.jpg,70,机制银币 > 民国中央 > 孙中山像 > 开国纪念 > 壹圆 > 下五星,开国纪念壹圆
1211808441_front_crop.jpg,1211808441_back_crop.jpg,70,机制银币 > 民国中央 > 孙中山像 > 开国纪念 > 壹圆 > 下五星,开国纪念壹圆
1211808443_front_crop.jpg,1211808443_back_crop.jpg,58,机制银币 > 民国中央 > 袁世凯像 > 民国九年 > 壹圆 > 精发,袁世凯像壹圆
1211808445_front_crop.jpg,1211808445_back_crop.jpg,70,机制银币 > 民国中央 > 孙中山像 > 开国纪念 > 壹圆 > 下五星,开国纪念壹圆
1211808447_front_crop.jpg,1211808447_back_crop.jpg,70,机制银币 > 民国中央 > 孙中山像 > 开国纪念 > 壹圆 > 下五星,开国纪念壹圆
1211808449_front_crop.jpg,1211808449_back_crop.jpg,70,机制银币 > 民国中央 > 孙中山像 > 开国纪念 > 壹圆 > 下五星,开国纪念壹圆
1211808451_front_crop.jpg,1211808451_back_crop.jpg,58,机制银币 > 民国中央 > 袁世凯像 > 民国九年 > 壹圆 > 精发,袁世凯像壹圆
1211808453_front_crop.jpg,1211808453_back_crop.jpg,58,机制银币 > 民国中央 > 袁世凯像 > 民国九年 > 壹圆 > 精发,袁世凯像壹圆
1211808455_front_crop.jpg,1211808455_back_crop.jpg,58,机制银币 > 民国中央 > 袁世凯像 > 民国九年 > 壹圆 > 精发,袁世凯像壹圆
1211808521_front_crop.jpg,1211808521_back_crop.jpg,70,机制银币 > 民国中央 > 孙中山像 > 开国纪念 > 壹圆 > 下五星,开国纪念壹圆
1211808589_front_crop.jpg,1211808589_back_crop.jpg,58,机制银币 > 民国中央 > 袁世凯像 > 民国九年 > 壹圆 > 精发,袁世凯像壹圆
1211808615_front_crop.jpg,1211808615_back_crop.jpg,58,机制银币 > 民国中央 > 袁世凯像 > 民国九年 > 壹圆 > 精发,袁世凯像壹圆
1211808621_front_crop.jpg,1211808621_back_crop.jpg,70,机制银币 > 民国中央 > 孙中山像 > 开国纪念 > 壹圆 > 下五星,开国纪念壹圆
1211808623_front_crop.jpg,1211808623_back_crop.jpg,69,机制银币 > 民国中央 > 孙中山像 > 民国17年 > 壹圆 > 甘肃省造,孙中山像壹圆
1211808629_front_crop.jpg,1211808629_back_crop.jpg,69,机制银币 > 民国中央 > 孙中山像 > 民国17年 > 壹圆 > 甘肃省造,孙中山像壹圆
1211808631_front_crop.jpg,1211808631_back_crop.jpg,69,机制银币 > 民国中央 > 孙中山像 > 民国17年 > 壹圆 > 甘肃省造,孙中山像壹圆
1211808703_front_crop.jpg,1211808703_back_crop.jpg,58,机制银币 > 民国中央 > 袁世凯像 > 民国九年 > 壹圆 > 精发,袁世凯像壹圆
1211808705_front_crop.jpg,1211808705_back_crop.jpg,69,机制银币 > 民国中央 > 孙中山像 > 民国17年 > 壹圆 > 甘肃省造,孙中山像壹圆
1211808711_front_crop.jpg,1211808711_back_crop.jpg,58,机制银币 > 民国中央 > 袁世凯像 > 民国九年 > 壹圆 > 精发,袁世凯像壹圆
1211808713_front_crop.jpg,1211808713_back_crop.jpg,58,机制银币 > 民国中央 > 袁世凯像 > 民国九年 > 壹圆 > 精发,袁世凯像壹圆
1211808715_front_crop.jpg,1211808715_back_crop.jpg,58,机制银币 > 民国中央 > 袁世凯像 > 民国九年 > 壹圆 > 精发,袁世凯像壹圆
1211808741_front_crop.jpg,1211808741_back_crop.jpg,46,机制银币 > 地方省造 > 北洋造 > 光绪24年 > 壹圆,北洋局造一圆
1211808745_front_crop.jpg,1211808745_back_crop.jpg,46,机制银币 > 地方省造 > 北洋造 > 光绪24年 > 壹圆,北洋局造一圆
1211808749_front_crop.jpg,1211808749_back_crop.jpg,69,机制银币 > 民国中央 > 孙中山像 > 民国17年 > 壹圆 > 甘肃省造,孙中山像壹圆
1211808751_front_crop.jpg,1211808751_back_crop.jpg,69,机制银币 > 民国中央 > 孙中山像 > 民国17年 > 壹圆 > 甘肃省造,孙中山像壹圆
1211808753_front_crop.jpg,1211808753_back_crop.jpg,69,机制银币 > 民国中央 > 孙中山像 > 民国17年 > 壹圆 > 甘肃省造,孙中山像壹圆
1211808755_front_crop.jpg,1211808755_back_crop.jpg,69,机制银币 > 民国中央 > 孙中山像 > 民国17年 > 壹圆 > 甘肃省造,孙中山像壹圆
1211808759_front_crop.jpg,1211808759_back_crop.jpg,58,机制银币 > 民国中央 > 袁世凯像 > 民国九年 > 壹圆 > 精发,袁世凯像壹圆
1211808769_front_crop.jpg,1211808769_back_crop.jpg,58,机制银币 > 民国中央 > 袁世凯像 > 民国九年 > 壹圆 > 精发,袁世凯像壹圆
1211808771_front_crop.jpg,1211808771_back_crop.jpg,58,机制银币 > 民国中央 > 袁世凯像 > 民国九年 > 壹圆 > 精发,袁世凯像壹圆
1211808779_front_crop.jpg,1211808779_back_crop.jpg,70,机制银币 > 民国中央 > 孙中山像 > 开国纪念 > 壹圆 > 下五星,开国纪念壹圆
1211808817_front_crop.jpg,1211808817_back_crop.jpg,46,机制银币 > 地方省造 > 北洋造 > 光绪24年 > 壹圆,北洋局造一圆
1211808821_front_crop.jpg,1211808821_back_crop.jpg,46,机制银币 > 地方省造 > 北洋造 > 光绪24年 > 壹圆,北洋局造一圆
1211808829_front_crop.jpg,1211808829_back_crop.jpg,58,机制银币 > 民国中央 > 袁世凯像 > 民国九年 > 壹圆 > 精发,袁世凯像壹圆
1211808837_front_crop.jpg,1211808837_back_crop.jpg,58,机制银币 > 民国中央 > 袁世凯像 > 民国九年 > 壹圆 > 精发,袁世凯像壹圆
1211808839_front_crop.jpg,1211808839_back_crop.jpg,58,机制银币 > 民国中央 > 袁世凯像 > 民国九年 > 壹圆 > 精发,袁世凯像壹圆
1211808855_front_crop.jpg,1211808855_back_crop.jpg,58,机制银币 > 民国中央 > 袁世凯像 > 民国九年 > 壹圆 > 精发,袁世凯像壹圆
1211808857_front_crop.jpg,1211808857_back_crop.jpg,58,机制银币 > 民国中央 > 袁世凯像 > 民国九年 > 壹圆 > 精发,袁世凯像壹圆
1211808861_front_crop.jpg,1211808861_back_crop.jpg,69,机制银币 > 民国中央 > 孙中山像 > 民国17年 > 壹圆 > 甘肃省造,孙中山像壹圆
1211808867_front_crop.jpg,1211808867_back_crop.jpg,69,机制银币 > 民国中央 > 孙中山像 > 民国17年 > 壹圆 > 甘肃省造,孙中山像壹圆
1211808869_front_crop.jpg,1211808869_back_crop.jpg,69,机制银币 > 民国中央 > 孙中山像 > 民国17年 > 壹圆 > 甘肃省造,孙中山像壹圆
1211808873_front_crop.jpg,1211808873_back_crop.jpg,12,机制银币 > 地方省造 > 云南省造 > 光绪元宝 > 七钱二分 > 老龙,云南省造半圆
1211808889_front_crop.jpg,1211808889_back_crop.jpg,58,机制银币 > 民国中央 > 袁世凯像 > 民国九年 > 壹圆 > 精发,袁世凯像壹圆
1211808891_front_crop.jpg,1211808891_back_crop.jpg,58,机制银币 > 民国中央 > 袁世凯像 > 民国九年 > 壹圆 > 精发,袁世凯像壹圆
1211808895_front_crop.jpg,1211808895_back_crop.jpg,58,机制银币 > 民国中央 > 袁世凯像 > 民国九年 > 壹圆 > 精发,袁世凯像壹圆
1211808899_front_crop.jpg,1211808899_back_crop.jpg,58,机制银币 > 民国中央 > 袁世凯像 > 民国九年 > 壹圆 > 精发,袁世凯像壹圆
1211808901_front_crop.jpg,1211808901_back_crop.jpg,58,机制银币 > 民国中央 > 袁世凯像 > 民国九年 > 壹圆 > 精发,袁世凯像壹圆
1211808903_front_crop.jpg,1211808903_back_crop.jpg,58,机制银币 > 民国中央 > 袁世凯像 > 民国九年 > 壹圆 > 精发,袁世凯像壹圆
1211808921_front_crop.jpg,1211808921_back_crop.jpg,58,机制银币 > 民国中央 > 袁世凯像 > 民国九年 > 壹圆 > 精发,袁世凯像贰角
1211808943_front_crop.jpg,1211808943_back_crop.jpg,58,机制银币 > 民国中央 > 袁世凯像 > 民国九年 > 壹圆 > 精发,袁世凯像壹圆
1211808949_front_crop.jpg,1211808949_back_crop.jpg,0,机制银币 > 地方省造 > 四川省造 > 军政府 > 壹圆 > 普通,四川省造卢比
1211808957_front_crop.jpg,1211808957_back_crop.jpg,0,机制银币 > 地方省造 > 四川省造 > 军政府 > 壹圆 > 普通,四川省造卢比
1211808959_front_crop.jpg,1211808959_back_crop.jpg,0,机制银币 > 地方省造 > 四川省造 > 军政府 > 壹圆 > 普通,四川省造卢比
1211808961_front_crop.jpg,1211808961_back_crop.jpg,0,机制银币 > 地方省造 > 四川省造 > 军政府 > 壹圆 > 普通,四川省造卢比
1211808973_front_crop.jpg,1211808973_back_crop.jpg,87,机制银币 > 清代中央 > 光绪年造 > 丁未大清银币 > 壹圆,大清银币壹圆
1211808985_front_crop.jpg,1211808985_back_crop.jpg,58,机制银币 > 民国中央 > 袁世凯像 > 民国九年 > 壹圆 > 精发,袁世凯像壹圆
1211809017_front_crop.jpg,1211809017_back_crop.jpg,58,机制银币 > 民国中央 > 袁世凯像 > 民国九年 > 壹圆 > 精发,袁世凯像壹圆
1211809019_front_crop.jpg,1211809019_back_crop.jpg,58,机制银币 > 民国中央 > 袁世凯像 > 民国九年 > 壹圆 > 精发,袁世凯像壹圆
1211809021_front_crop.jpg,1211809021_back_crop.jpg,58,机制银币 > 民国中央 > 袁世凯像 > 民国九年 > 壹圆 > 精发,袁世凯像壹圆
1211809023_front_crop.jpg,1211809023_back_crop.jpg,58,机制银币 > 民国中央 > 袁世凯像 > 民国九年 > 壹圆 > 精发,袁世凯像壹圆
1211809025_front_crop.jpg,1211809025_back_crop.jpg,58,机制银币 > 民国中央 > 袁世凯像 > 民国九年 > 壹圆 > 精发,袁世凯像壹圆
1211809027_front_crop.jpg,1211809027_back_crop.jpg,58,机制银币 > 民国中央 > 袁世凯像 > 民国九年 > 壹圆 > 精发,袁世凯像壹圆
1211809029_front_crop.jpg,1211809029_back_crop.jpg,58,机制银币 > 民国中央 > 袁世凯像 > 民国九年 > 壹圆 > 精发,袁世凯像壹圆
1211809031_front_crop.jpg,1211809031_back_crop.jpg,58,机制银币 > 民国中央 > 袁世凯像 > 民国九年 > 壹圆 > 精发,袁世凯像壹圆
1211809033_front_crop.jpg,1211809033_back_crop.jpg,58,机制银币 > 民国中央 > 袁世凯像 > 民国九年 > 壹圆 > 精发,袁世凯像壹圆
1211809035_front_crop.jpg,1211809035_back_crop.jpg,58,机制银币 > 民国中央 > 袁世凯像 > 民国九年 > 壹圆 > 精发,袁世凯像壹圆
1211809037_front_crop.jpg,1211809037_back_crop.jpg,69,机制银币 > 民国中央 > 孙中山像 > 民国17年 > 壹圆 > 甘肃省造,孙中山像壹圆
1211809039_front_crop.jpg,1211809039_back_crop.jpg,58,机制银币 > 民国中央 > 袁世凯像 > 民国九年 > 壹圆 > 精发,袁世凯像壹圆
1211809043_front_crop.jpg,1211809043_back_crop.jpg,58,机制银币 > 民国中央 > 袁世凯像 > 民国九年 > 壹圆 > 精发,袁世凯像壹圆
1211809045_front_crop.jpg,1211809045_back_crop.jpg,58,机制银币 > 民国中央 > 袁世凯像 > 民国九年 > 壹圆 > 精发,袁世凯像壹圆
1211809049_front_crop.jpg,1211809049_back_crop.jpg,58,机制银币 > 民国中央 > 袁世凯像 > 民国九年 > 壹圆 > 精发,袁世凯像壹圆
1211809053_front_crop.jpg,1211809053_back_crop.jpg,58,机制银币 > 民国中央 > 袁世凯像 > 民国九年 > 壹圆 > 精发,袁世凯像壹圆
1211809055_front_crop.jpg,1211809055_back_crop.jpg,58,机制银币 > 民国中央 > 袁世凯像 > 民国九年 > 壹圆 > 精发,袁世凯像壹圆
1211809057_front_crop.jpg,1211809057_back_crop.jpg,69,机制银币 > 民国中央 > 孙中山像 > 民国17年 > 壹圆 > 甘肃省造,孙中山像壹圆
1211809063_front_crop.jpg,1211809063_back_crop.jpg,41,机制银币 > 地方省造 > 奉天省造 > 光绪25年 > 一圆 > 有圈,造币总厂一圆
1211809065_front_crop.jpg,1211809065_back_crop.jpg,41,机制银币 > 地方省造 > 奉天省造 > 光绪25年 > 一圆 > 有圈,造币总厂一圆
1211809067_front_crop.jpg,1211809067_back_crop.jpg,41,机制银币 > 地方省造 > 奉天省造 > 光绪25年 > 一圆 > 有圈,造币总厂一圆
1211809069_front_crop.jpg,1211809069_back_crop.jpg,41,机制银币 > 地方省造 > 奉天省造 > 光绪25年 > 一圆 > 有圈,造币总厂一圆
1211809071_front_crop.jpg,1211809071_back_crop.jpg,41,机制银币 > 地方省造 > 奉天省造 > 光绪25年 > 一圆 > 有圈,造币总厂一圆
1211809073_front_crop.jpg,1211809073_back_crop.jpg,41,机制银币 > 地方省造 > 奉天省造 > 光绪25年 > 一圆 > 有圈,造币总厂一圆
1211809077_front_crop.jpg,1211809077_back_crop.jpg,12,机制银币 > 地方省造 > 云南省造 > 光绪元宝 > 七钱二分 > 老龙,云南省造半圆
1211809137_front_crop.jpg,1211809137_back_crop.jpg,58,机制银币 > 民国中央 > 袁世凯像 > 民国九年 > 壹圆 > 精发,袁世凯像壹圆
1211809149_front_crop.jpg,1211809149_back_crop.jpg,58,机制银币 > 民国中央 > 袁世凯像 > 民国九年 > 壹圆 > 精发,袁世凯像壹圆
1211809153_front_crop.jpg,1211809153_back_crop.jpg,58,机制银币 > 民国中央 > 袁世凯像 > 民国九年 > 壹圆 > 精发,袁世凯像壹圆
1211809155_front_crop.jpg,1211809155_back_crop.jpg,58,机制银币 > 民国中央 > 袁世凯像 > 民国九年 > 壹圆 > 精发,袁世凯像壹圆
1211809161_front_crop.jpg,1211809161_back_crop.jpg,58,机制银币 > 民国中央 > 袁世凯像 > 民国九年 > 壹圆 > 精发,袁世凯像壹圆
1211809163_front_crop.jpg,1211809163_back_crop.jpg,58,机制银币 > 民国中央 > 袁世凯像 > 民国九年 > 壹圆 > 精发,袁世凯像壹圆
1211809165_front_crop.jpg,1211809165_back_crop.jpg,58,机制银币 > 民国中央 > 袁世凯像 > 民国九年 > 壹圆 > 精发,袁世凯像壹圆
1211809167_front_crop.jpg,1211809167_back_crop.jpg,58,机制银币 > 民国中央 > 袁世凯像 > 民国九年 > 壹圆 > 精发,袁世凯像壹圆
1211809169_front_crop.jpg,1211809169_back_crop.jpg,58,机制银币 > 民国中央 > 袁世凯像 > 民国九年 > 壹圆 > 精发,袁世凯像壹圆
1211809171_front_crop.jpg,1211809171_back_crop.jpg,58,机制银币 > 民国中央 > 袁世凯像 > 民国九年 > 壹圆 > 精发,袁世凯像壹圆
1211809173_front_crop.jpg,1211809173_back_crop.jpg,58,机制银币 > 民国中央 > 袁世凯像 > 民国九年 > 壹圆 > 精发,袁世凯像壹圆
1211809175_front_crop.jpg,1211809175_back_crop.jpg,58,机制银币 > 民国中央 > 袁世凯像 > 民国九年 > 壹圆 > 精发,袁世凯像壹圆
1211809177_front_crop.jpg,1211809177_back_crop.jpg,58,机制银币 > 民国中央 > 袁世凯像 > 民国九年 > 壹圆 > 精发,袁世凯像壹圆
1211809179_front_crop.jpg,1211809179_back_crop.jpg,58,机制银币 > 民国中央 > 袁世凯像 > 民国九年 > 壹圆 > 精发,袁世凯像壹圆
1211809181_front_crop.jpg,1211809181_back_crop.jpg,58,机制银币 > 民国中央 > 袁世凯像 > 民国九年 > 壹圆 > 精发,袁世凯像壹圆
1211809183_front_crop.jpg,1211809183_back_crop.jpg,58,机制银币 > 民国中央 > 袁世凯像 > 民国九年 > 壹圆 > 精发,袁世凯像壹圆
1211809185_front_crop.jpg,1211809185_back_crop.jpg,58,机制银币 > 民国中央 > 袁世凯像 > 民国九年 > 壹圆 > 精发,袁世凯像壹圆
1211809187_front_crop.jpg,1211809187_back_crop.jpg,58,机制银币 > 民国中央 > 袁世凯像 > 民国九年 > 壹圆 > 精发,袁世凯像壹圆
1211809189_front_crop.jpg,1211809189_back_crop.jpg,58,机制银币 > 民国中央 > 袁世凯像 > 民国九年 > 壹圆 > 精发,袁世凯像壹圆
1211809191_front_crop.jpg,1211809191_back_crop.jpg,58,机制银币 > 民国中央 > 袁世凯像 > 民国九年 > 壹圆 > 精发,袁世凯像壹圆
1211809193_front_crop.jpg,1211809193_back_crop.jpg,69,机制银币 > 民国中央 > 孙中山像 > 民国17年 > 壹圆 > 甘肃省造,孙中山像壹圆
1211809195_front_crop.jpg,1211809195_back_crop.jpg,69,机制银币 > 民国中央 > 孙中山像 > 民国17年 > 壹圆 > 甘肃省造,孙中山像壹圆
1211809203_front_crop.jpg,1211809203_back_crop.jpg,58,机制银币 > 民国中央 > 袁世凯像 > 民国九年 > 壹圆 > 精发,袁世凯像壹圆
1211809205_front_crop.jpg,1211809205_back_crop.jpg,58,机制银币 > 民国中央 > 袁世凯像 > 民国九年 > 壹圆 > 精发,袁世凯像壹圆
1211809213_front_crop.jpg,1211809213_back_crop.jpg,58,机制银币 > 民国中央 > 袁世凯像 > 民国九年 > 壹圆 > 精发,袁世凯像壹圆
1211809235_front_crop.jpg,1211809235_back_crop.jpg,52,机制银币 > 地方省造 > 新疆省造 > 造币厂铸 > 壹圆 > 尖足1,新疆省造壹圆
1211809239_front_crop.jpg,1211809239_back_crop.jpg,27,机制银币 > 地方省造 > 江南省造 > 甲辰 > 七钱二分 > 普通,江南省造一圆
1211809247_front_crop.jpg,1211809247_back_crop.jpg,58,机制银币 > 民国中央 > 袁世凯像 > 民国九年 > 壹圆 > 精发,袁世凯像壹圆
1211809279_front_crop.jpg,1211809279_back_crop.jpg,58,机制银币 > 民国中央 > 袁世凯像 > 民国九年 > 壹圆 > 精发,袁世凯像壹圆
1211809281_front_crop.jpg,1211809281_back_crop.jpg,69,机制银币 > 民国中央 > 孙中山像 > 民国17年 > 壹圆 > 甘肃省造,孙中山像壹圆
1211809283_front_crop.jpg,1211809283_back_crop.jpg,69,机制银币 > 民国中央 > 孙中山像 > 民国17年 > 壹圆 > 甘肃省造,孙中山像壹圆
1211809287_front_crop.jpg,1211809287_back_crop.jpg,70,机制银币 > 民国中央 > 孙中山像 > 开国纪念 > 壹圆 > 下五星,开国纪念壹圆
1211809289_front_crop.jpg,1211809289_back_crop.jpg,70,机制银币 > 民国中央 > 孙中山像 > 开国纪念 > 壹圆 > 下五星,开国纪念壹圆
1211809291_front_crop.jpg,1211809291_back_crop.jpg,70,机制银币 > 民国中央 > 孙中山像 > 开国纪念 > 壹圆 > 下五星,开国纪念壹圆
1211809301_front_crop.jpg,1211809301_back_crop.jpg,58,机制银币 > 民国中央 > 袁世凯像 > 民国九年 > 壹圆 > 精发,袁世凯像贰角
1211809309_front_crop.jpg,1211809309_back_crop.jpg,0,机制银币 > 地方省造 > 四川省造 > 军政府 > 壹圆 > 普通,四川银币壹圆
1211809311_front_crop.jpg,1211809311_back_crop.jpg,0,机制银币 > 地方省造 > 四川省造 > 军政府 > 壹圆 > 普通,四川银币壹圆
1211809313_front_crop.jpg,1211809313_back_crop.jpg,0,机制银币 > 地方省造 > 四川省造 > 军政府 > 壹圆 > 普通,四川银币壹圆
1211809315_front_crop.jpg,1211809315_back_crop.jpg,0,机制银币 > 地方省造 > 四川省造 > 军政府 > 壹圆 > 普通,四川银币壹圆
1211809319_front_crop.jpg,1211809319_back_crop.jpg,0,机制银币 > 地方省造 > 四川省造 > 军政府 > 壹圆 > 普通,四川银币壹圆
1211809321_front_crop.jpg,1211809321_back_crop.jpg,0,机制银币 > 地方省造 > 四川省造 > 军政府 > 壹圆 > 普通,四川银币壹圆
1211809323_front_crop.jpg,1211809323_back_crop.jpg,0,机制银币 > 地方省造 > 四川省造 > 军政府 > 壹圆 > 普通,四川银币壹圆
1211809329_front_crop.jpg,1211809329_back_crop.jpg,0,机制银币 > 地方省造 > 四川省造 > 军政府 > 壹圆 > 普通,四川银币壹圆
1211809339_front_crop.jpg,1211809339_back_crop.jpg,58,机制银币 > 民国中央 > 袁世凯像 > 民国九年 > 壹圆 > 精发,袁世凯像壹圆
1211809351_front_crop.jpg,1211809351_back_crop.jpg,87,机制银币 > 清代中央 > 光绪年造 > 丁未大清银币 > 壹圆,大清银币壹圆
1211809361_front_crop.jpg,1211809361_back_crop.jpg,70,机制银币 > 民国中央 > 孙中山像 > 开国纪念 > 壹圆 > 下五星,开国纪念壹圆
1211809371_front_crop.jpg,1211809371_back_crop.jpg,70,机制银币 > 民国中央 > 孙中山像 > 开国纪念 > 壹圆 > 下五星,开国纪念壹圆
1211809373_front_crop.jpg,1211809373_back_crop.jpg,70,机制银币 > 民国中央 > 孙中山像 > 开国纪念 > 壹圆 > 下五星,开国纪念壹圆
1211809375_front_crop.jpg,1211809375_back_crop.jpg,70,机制银币 > 民国中央 > 孙中山像 > 开国纪念 > 壹圆 > 下五星,开国纪念壹圆
1211809377_front_crop.jpg,1211809377_back_crop.jpg,70,机制银币 > 民国中央 > 孙中山像 > 开国纪念 > 壹圆 > 下五星,开国纪念壹圆
1211809385_front_crop.jpg,1211809385_back_crop.jpg,70,机制银币 > 民国中央 > 孙中山像 > 开国纪念 > 壹圆 > 下五星,开国纪念壹圆
1211809399_front_crop.jpg,1211809399_back_crop.jpg,70,机制银币 > 民国中央 > 孙中山像 > 开国纪念 > 壹圆 > 下五星,开国纪念壹圆
1211809401_front_crop.jpg,1211809401_back_crop.jpg,70,机制银币 > 民国中央 > 孙中山像 > 开国纪念 > 壹圆 > 下五星,开国纪念壹圆
1211809403_front_crop.jpg,1211809403_back_crop.jpg,70,机制银币 > 民国中央 > 孙中山像 > 开国纪念 > 壹圆 > 下五星,开国纪念壹圆
1211809467_front_crop.jpg,1211809467_back_crop.jpg,70,机制银币 > 民国中央 > 孙中山像 > 开国纪念 > 壹圆 > 下五星,开国纪念壹圆
1211809489_front_crop.jpg,1211809489_back_crop.jpg,69,机制银币 > 民国中央 > 孙中山像 > 民国17年 > 壹圆 > 甘肃省造,孙中山像贰毫
1211809491_front_crop.jpg,1211809491_back_crop.jpg,69,机制银币 > 民国中央 > 孙中山像 > 民国17年 > 壹圆 > 甘肃省造,孙中山像贰毫
1211809493_front_crop.jpg,1211809493_back_crop.jpg,12,机制银币 > 地方省造 > 云南省造 > 光绪元宝 > 七钱二分 > 老龙,云南省造贰角
1211809497_front_crop.jpg,1211809497_back_crop.jpg,18,机制银币 > 地方省造 > 东三省造 > 光绪元宝 > 七钱二分,东三省造二角
1211809513_front_crop.jpg,1211809513_back_crop.jpg,90,机制银币 > 中华苏维埃 > 苏维埃 > 1932 > 贰角,福建中华二角
1211809525_front_crop.jpg,1211809525_back_crop.jpg,46,机制银币 > 地方省造 > 北洋造 > 光绪24年 > 壹圆,北洋局造一圆
1211809535_front_crop.jpg,1211809535_back_crop.jpg,58,机制银币 > 民国中央 > 袁世凯像 > 民国九年 > 壹圆 > 精发,袁世凯像壹圆
1211809539_front_crop.jpg,1211809539_back_crop.jpg,58,机制银币 > 民国中央 > 袁世凯像 > 民国九年 > 壹圆 > 精发,袁世凯像壹圆
1211809541_front_crop.jpg,1211809541_back_crop.jpg,58,机制银币 > 民国中央 > 袁世凯像 > 民国九年 > 壹圆 > 精发,袁世凯像壹圆
1211809543_front_crop.jpg,1211809543_back_crop.jpg,58,机制银币 > 民国中央 > 袁世凯像 > 民国九年 > 壹圆 > 精发,袁世凯像壹圆
1211809549_front_crop.jpg,1211809549_back_crop.jpg,69,机制银币 > 民国中央 > 孙中山像 > 民国17年 > 壹圆 > 甘肃省造,孙中山像壹圆
1211809555_front_crop.jpg,1211809555_back_crop.jpg,6,机制银币 > 地方省造 > 四川省造 > 光绪元宝 > 七钱二分 > 四角龙,福建省造二角
1211809561_front_crop.jpg,1211809561_back_crop.jpg,58,机制银币 > 民国中央 > 袁世凯像 > 民国九年 > 壹圆 > 精发,袁世凯像壹角
1211809565_front_crop.jpg,1211809565_back_crop.jpg,69,机制银币 > 民国中央 > 孙中山像 > 民国17年 > 壹圆 > 甘肃省造,孙中山像壹圆
1211809573_front_crop.jpg,1211809573_back_crop.jpg,58,机制银币 > 民国中央 > 袁世凯像 > 民国九年 > 壹圆 > 精发,袁世凯像壹圆
1211809575_front_crop.jpg,1211809575_back_crop.jpg,58,机制银币 > 民国中央 > 袁世凯像 > 民国九年 > 壹圆 > 精发,袁世凯像壹圆
1211809577_front_crop.jpg,1211809577_back_crop.jpg,58,机制银币 > 民国中央 > 袁世凯像 > 民国九年 > 壹圆 > 精发,袁世凯像壹圆
1211809645_front_crop.jpg,1211809645_back_crop.jpg,58,机制银币 > 民国中央 > 袁世凯像 > 民国九年 > 壹圆 > 精发,袁世凯像壹圆
1211809647_front_crop.jpg,1211809647_back_crop.jpg,58,机制银币 > 民国中央 > 袁世凯像 > 民国九年 > 壹圆 > 精发,袁世凯像壹圆
1211809665_front_crop.jpg,1211809665_back_crop.jpg,58,机制银币 > 民国中央 > 袁世凯像 > 民国九年 > 壹圆 > 精发,袁世凯像壹圆
1211809667_front_crop.jpg,1211809667_back_crop.jpg,58,机制银币 > 民国中央 > 袁世凯像 > 民国九年 > 壹圆 > 精发,袁世凯像壹圆
1211809669_front_crop.jpg,1211809669_back_crop.jpg,58,机制银币 > 民国中央 > 袁世凯像 > 民国九年 > 壹圆 > 精发,袁世凯像壹圆
1211809671_front_crop.jpg,1211809671_back_crop.jpg,58,机制银币 > 民国中央 > 袁世凯像 > 民国九年 > 壹圆 > 精发,袁世凯像壹圆
1211809727_front_crop.jpg,1211809727_back_crop.jpg,58,机制银币 > 民国中央 > 袁世凯像 > 民国九年 > 壹圆 > 精发,袁世凯像壹圆
1211809731_front_crop.jpg,1211809731_back_crop.jpg,58,机制银币 > 民国中央 > 袁世凯像 > 民国九年 > 壹圆 > 精发,袁世凯像壹圆
1211809749_front_crop.jpg,1211809749_back_crop.jpg,58,机制银币 > 民国中央 > 袁世凯像 > 民国九年 > 壹圆 > 精发,袁世凯像壹圆
1211809763_front_crop.jpg,1211809763_back_crop.jpg,58,机制银币 > 民国中央 > 袁世凯像 > 民国九年 > 壹圆 > 精发,袁世凯像壹圆
1211809765_front_crop.jpg,1211809765_back_crop.jpg,58,机制银币 > 民国中央 > 袁世凯像 > 民国九年 > 壹圆 > 精发,袁世凯像壹圆
1211809767_front_crop.jpg,1211809767_back_crop.jpg,58,机制银币 > 民国中央 > 袁世凯像 > 民国九年 > 壹圆 > 精发,袁世凯像壹圆
1211809771_front_crop.jpg,1211809771_back_crop.jpg,58,机制银币 > 民国中央 > 袁世凯像 > 民国九年 > 壹圆 > 精发,袁世凯像壹圆
1211809849_front_crop.jpg,1211809849_back_crop.jpg,18,机制银币 > 地方省造 > 东三省造 > 光绪元宝 > 七钱二分,东三省造二角
1211809873_front_crop.jpg,1211809873_back_crop.jpg,46,机制银币 > 地方省造 > 北洋造 > 光绪24年 > 壹圆,北洋局造一圆
1211809901_front_crop.jpg,1211809901_back_crop.jpg,12,机制银币 > 地方省造 > 云南省造 > 光绪元宝 > 七钱二分 > 老龙,云南省造半圆
1211809911_front_crop.jpg,1211809911_back_crop.jpg,58,机制银币 > 民国中央 > 袁世凯像 > 民国九年 > 壹圆 > 精发,袁世凯像壹圆
1211809963_front_crop.jpg,1211809963_back_crop.jpg,70,机制银币 > 民国中央 > 孙中山像 > 开国纪念 > 壹圆 > 下五星,开国纪念壹圆
1211809967_front_crop.jpg,1211809967_back_crop.jpg,55,机制银币 > 地方省造 > 广东省造 > 光绪元宝 > 三钱六分,广东省造一圆
1211809981_front_crop.jpg,1211809981_back_crop.jpg,12,机制银币 > 地方省造 > 云南省造 > 光绪元宝 > 七钱二分 > 老龙,云南省造一圆
1211809997_front_crop.jpg,1211809997_back_crop.jpg,58,机制银币 > 民国中央 > 袁世凯像 > 民国九年 > 壹圆 > 精发,袁世凯像壹圆
1211809999_front_crop.jpg,1211809999_back_crop.jpg,58,机制银币 > 民国中央 > 袁世凯像 > 民国九年 > 壹圆 > 精发,袁世凯像壹圆
