pcgs_id,coin_name,kind,score,year,source
1211201851,西藏银币十两,XF,45,1950,coindata
1211201857,袁世凯像壹圆,XF,45,1921,coindata
1211201859,袁世凯像壹圆,XF,45,1914,coindata
1211201863,袁世凯像壹圆,XF,45,1914,coindata
1211201865,袁世凯像壹圆,XF,45,1921,coindata
1211201879,袁世凯像壹圆,XF,45,1921,coindata
1211201881,袁世凯像壹圆,XF,45,1914,coindata
1211201883,袁世凯像壹圆,XF,45,1914,coindata
1211201885,袁世凯像壹圆,XF,45,1914,coindata
1211201887,袁世凯像壹圆,XF,45,1914,coindata
1211201889,袁世凯像壹圆,XF,45,1914,coindata
1211201891,袁世凯像壹圆,XF,45,1914,coindata
1211201893,袁世凯像壹圆,XF,45,1914,coindata
1211201895,袁世凯像壹圆,XF,45,1914,coindata
1211201897,袁世凯像壹圆,XF,45,1914,coindata
1211201899,袁世凯像壹圆,XF,45,1914,coindata
1211201901,袁世凯像壹圆,XF,45,1914,coindata
1211201903,袁世凯像壹圆,XF,45,1914,coindata
1211201905,袁世凯像壹圆,XF,45,1914,coindata
1211201907,袁世凯像壹圆,XF,45,1914,coindata
1211201909,袁世凯像壹圆,XF,45,1914,coindata
1211201911,袁世凯像壹圆,XF,45,1914,coindata
1211201913,袁世凯像壹圆,XF,45,1914,coindata
1211201919,造币总厂一圆,XF,45,1908,coindata
1211201943,福建省造二角,XF,45,1928,coindata
1211201949,袁世凯像壹圆,XF,45,1914,coindata
1211201955,袁世凯像壹圆,XF,45,1920,coindata
1211202289,开国纪念壹圆,XF,45,1927,coindata
1211202291,唐继尧像半圆,XF,45,1919,coindata
1211202295,袁世凯像壹圆,XF,45,1914,coindata
1211202297,袁世凯像壹圆,XF,45,1914,coindata
1211202299,袁世凯像壹圆,XF,45,1914,coindata
1211202301,袁世凯像壹圆,XF,45,1914,coindata
1211202303,袁世凯像壹圆,XF,45,1914,coindata
1211202305,袁世凯像壹圆,XF,45,1914,coindata
1211202307,袁世凯像壹圆,XF,45,1914,coindata
1211202309,袁世凯像壹圆,XF,45,1914,coindata
1211202311,袁世凯像壹圆,XF,45,1914,coindata
1211202313,袁世凯像壹圆,XF,45,1921,coindata
1211202337,袁世凯像壹圆,XF,45,1914,coindata
1211202339,袁世凯像壹圆,XF,45,1921,coindata
1211202345,云南省造半圆,XF,45,1911,coindata
1211202651,袁世凯像壹圆,XF,45,1914,coindata
1211202873,袁世凯像中圆,XF,45,1914,coindata
1211203293,开国纪念壹圆,XF,45,1927,coindata
1211203305,袁世凯像壹圆,XF,45,1914,coindata
1211203493,袁世凯像壹圆,XF,45,1914,coindata
1211204021,北洋局造一圆,XF,45,1908,coindata
1211204099,开国纪念壹圆,XF,45,1927,coindata
1211204127,袁世凯像壹圆,XF,45,1914,coindata
1211204137,云南省造贰角,XF,45,1949,coindata
1211204143,云南省造半圆,XF,45,1932,coindata
1211204165,四川银币壹圆,XF,45,1912,coindata
1211204167,四川银币壹圆,XF,45,1912,coindata
1211204169,四川银币壹圆,XF,45,1912,coindata
1211204267,云南省造半圆,XF,45,1932,coindata
1211204269,云南省造半圆,XF,45,1932,coindata
1211204271,云南省造半圆,XF,45,1932,coindata
1211204319,袁世凯像壹圆,XF,45,1914,coindata
1211204321,袁世凯像壹圆,XF,45,1914,coindata
1211204323,孙中山像壹圆,XF,45,1934,coindata
1211204325,孙中山像壹圆,XF,45,1934,coindata
1211204327,孙中山像壹圆,XF,45,1934,coindata
1211204329,孙中山像壹圆,XF,45,1934,coindata
1211204331,袁世凯像壹圆,XF,45,1920,coindata
1211204335,袁世凯像壹圆,XF,45,1914,coindata
1211204375,袁世凯像壹圆,XF,45,1914,coindata
1211204407,袁世凯像壹圆,XF,45,1920,coindata
1211204431,袁世凯像壹圆,XF,45,1914,coindata
1211204433,袁世凯像壹圆,XF,45,1914,coindata
1211204435,袁世凯像壹圆,XF,45,1914,coindata
1211204439,开国纪念壹圆,XF,45,1927,coindata
1211204517,袁世凯像壹圆,XF,45,1914,coindata
1211204521,北洋局造一圆,XF,45,1908,coindata
1211204529,大清银币壹圆,XF,45,1911,coindata
1211204551,西藏银币十两,XF,45,1949,coindata
1211204633,北洋局造一圆,XF,45,1908,coindata
1211204731,袁世凯像壹圆,XF,45,1914,coindata
1211204733,袁世凯像壹圆,XF,45,1914,coindata
1211204737,袁世凯像壹圆,XF,45,1920,coindata
1211204751,袁世凯像壹圆,XF,45,1914,coindata
1211204755,云南省造贰角,XF,45,1932,coindata
1211204757,云南省造贰角,XF,45,1932,coindata
1211204973,袁世凯像壹圆,XF,45,1914,coindata
1211204981,袁世凯像壹角,XF,45,1914,coindata
1211205805,四川省造卢比,XF,45,1930,coindata
1211205821,袁世凯像壹圆,XF,45,1920,coindata
1211205823,袁世凯像壹圆,XF,45,1920,coindata
1211205825,袁世凯像壹圆,XF,45,1914,coindata
1211205827,袁世凯像壹圆,XF,45,1914,coindata
1211205829,袁世凯像壹圆,XF,45,1914,coindata
1211205831,袁世凯像壹圆,XF,45,1914,coindata
1211205861,袁世凯像贰角,XF,45,1916,coindata
1211205863,袁世凯像壹圆,XF,45,1914,coindata
1211205887,袁世凯像壹圆,XF,45,1914,coindata
1211205889,袁世凯像壹圆,XF,45,1914,coindata
1211206135,云南省造半圆,XF,45,1911,coindata
1211206137,云南省造半圆,XF,45,1911,coindata
1211206141,云南省造半圆,XF,45,1911,coindata
1211206159,云南省造半圆,XF,45,1911,coindata
1211206161,云南省造半圆,XF,45,1911,coindata
1211206169,云南省造半圆,XF,45,1911,coindata
1211206175,云南省造半圆,XF,45,1911,coindata
1211206183,云南省造半圆,XF,45,1911,coindata
1211206187,云南省造半圆,XF,45,1911,coindata
1211206191,云南省造半圆,XF,45,1911,coindata
1211206197,云南省造半圆,XF,45,1911,coindata
1211206199,云南省造半圆,XF,45,1911,coindata
1211206205,云南省造半圆,XF,45,1911,coindata
1211206215,云南省造半圆,XF,45,1911,coindata
1211206217,云南省造半圆,XF,45,1911,coindata
1211206229,云南省造半圆,XF,45,1911,coindata
1211206231,云南省造半圆,XF,45,1911,coindata
1211206235,云南省造半圆,XF,45,1911,coindata
1211206237,开国纪念壹圆,XF,45,1927,coindata
1211206241,袁世凯像壹圆,XF,45,1921,coindata
1211206243,袁世凯像壹圆,XF,45,1914,coindata
1211206245,袁世凯像壹圆,XF,45,1914,coindata
1211206351,大清银币壹圆,XF,45,1911,coindata
1211206533,广东省造贰毫,XF,45,1922,coindata
1211206535,广东省造贰毫,XF,45,1922,coindata
1211206537,广东省造贰毫,XF,45,1922,coindata
1211206539,广东省造贰毫,XF,45,1922,coindata
1211206541,广东省造贰毫,XF,45,1922,coindata
1211206543,广东省造贰毫,XF,45,1922,coindata
1211206545,广东省造贰毫,XF,45,1921,coindata
1211206547,广东省造贰毫,XF,45,1921,coindata
1211206549,广东省造贰毫,XF,45,1921,coindata
1211206551,广东省造贰毫,XF,45,1921,coindata
1211206553,广东省造贰毫,XF,45,1920,coindata
1211206555,广东省造贰毫,XF,45,1920,coindata
1211206557,广东省造贰毫,XF,45,1920,coindata
1211206559,广东省造贰毫,XF,45,1920,coindata
1211206561,广东省造贰毫,XF,45,1920,coindata
1211206563,广东省造贰毫,XF,45,1920,coindata
1211206565,广东省造贰毫,XF,45,1920,coindata
1211206567,广东省造贰毫,XF,45,1920,coindata
1211206569,广东省造贰毫,XF,45,1920,coindata
1211206571,广东省造贰毫,XF,45,1920,coindata
1211206573,广东省造贰毫,XF,45,1920,coindata
1211206575,广东省造贰毫,XF,45,1919,coindata
1211206577,广东省造贰毫,XF,45,1919,coindata
1211206733,北洋局造一圆,XF,45,1908,coindata
1211206737,袁世凯像壹圆,XF,45,1914,coindata
1211206741,江南省造二角,XF,45,1898,coindata
1211206745,新疆喀造伍钱,XF,45,1904,coindata
1211206955,孙中山像壹圆,XF,45,1934,coindata
1211206971,袁世凯像壹圆,XF,45,1914,coindata
1211206973,大清银币壹圆,XF,45,1911,coindata
1211207217,唐继尧像半圆,XF,45,1919,coindata
1211207237,袁世凯像壹圆,XF,45,1914,coindata
1211207241,袁世凯像壹圆,XF,45,1914,coindata
1211207247,袁世凯像壹圆,XF,45,1919,coindata
1211207257,开国纪念壹圆,XF,45,1927,coindata
1211207259,四川银币壹圆,XF,45,1912,coindata
1211207263,袁世凯像壹圆,XF,45,1914,coindata
1211207323,孙中山像壹圆,XF,45,1934,coindata
1211207327,袁世凯像壹圆,XF,45,1914,coindata
1211207329,袁世凯像壹圆,XF,45,1914,coindata
1211207333,袁世凯像壹圆,XF,45,1914,coindata
1211207335,袁世凯像壹圆,XF,45,1920,coindata
1211207337,袁世凯像壹圆,XF,45,1921,coindata
1211207341,云南省造半圆,XF,45,1911,coindata
1211207343,云南省造半圆,XF,45,1911,coindata
1211207349,云南省造半圆,XF,45,1911,coindata
1211207351,云南省造半圆,XF,45,1911,coindata
1211207437,福建官局贰毫,XF,45,1912,coindata
1211207439,福建官局贰毫,XF,45,1912,coindata
1211207579,广东省造一圆,XF,45,1890,coindata
1211207581,湖北省造一圆,XF,45,1909,coindata
1211207625,湖北省造一圆,XF,45,1895,coindata
1211207627,湖北省造一圆,XF,45,1909,coindata
1211207629,江南省造一圆,XF,45,1904,coindata
1211207631,江南省造一圆,XF,45,1904,coindata
1211207633,广东省造一圆,XF,45,1890,coindata
1211207645,袁世凯像壹圆,XF,45,1921,coindata
1211207653,北洋局造一圆,XF,45,1899,coindata
1211207665,云南省造半圆,XF,45,1932,coindata
1211207669,北洋局造一圆,XF,45,1908,coindata
1211207671,袁世凯像壹圆,XF,45,1914,coindata
1211207673,袁世凯像壹圆,XF,45,1914,coindata
1211207677,云南省造半圆,XF,45,1932,coindata
1211207681,袁世凯像壹圆,XF,45,1914,coindata
1211207685,袁世凯像壹圆,XF,45,1914,coindata
1211207689,袁世凯像壹圆,XF,45,1914,coindata
1211207691,袁世凯像壹圆,XF,45,1914,coindata
1211207693,袁世凯像壹圆,XF,45,1914,coindata
1211207697,福建官局二角,XF,45,1902,coindata
1211207701,湖北省造二角,XF,45,1895,coindata
1211207715,袁世凯像壹圆,XF,45,1921,coindata
1211207717,袁世凯像壹圆,XF,45,1921,coindata
1211207719,袁世凯像壹圆,XF,45,1921,coindata
1211207721,袁世凯像壹圆,XF,45,1914,coindata
1211207723,袁世凯像壹圆,XF,45,1914,coindata
1211207735,袁世凯像壹圆,XF,45,1914,coindata
1211207737,袁世凯像壹圆,XF,45,1914,coindata
1211207739,袁世凯像壹圆,XF,45,1914,coindata
1211207741,袁世凯像壹圆,XF,45,1914,coindata
1211207743,袁世凯像壹圆,XF,45,1914,coindata
1211207745,袁世凯像壹圆,XF,45,1914,coindata
1211207747,袁世凯像壹圆,XF,45,1914,coindata
1211207749,袁世凯像壹圆,XF,45,1914,coindata
1211207751,袁世凯像壹圆,XF,45,1914,coindata
1211207753,袁世凯像壹圆,XF,45,1914,coindata
1211207755,袁世凯像壹圆,XF,45,1914,coindata
1211207757,袁世凯像壹圆,XF,45,1914,coindata
1211207759,袁世凯像壹圆,XF,45,1914,coindata
1211207761,袁世凯像壹圆,XF,45,1914,coindata
1211207763,袁世凯像壹圆,XF,45,1914,coindata
1211207765,袁世凯像壹圆,XF,45,1914,coindata
1211207767,袁世凯像壹圆,XF,45,1914,coindata
1211207769,袁世凯像壹圆,XF,45,1914,coindata
1211207771,袁世凯像壹圆,XF,45,1914,coindata
1211207825,云南省造二角,XF,45,1911,coindata
1211207827,云南省造二角,XF,45,1911,coindata
1211207833,云南省造二角,XF,45,1911,coindata
1211207837,云南省造二角,XF,45,1911,coindata
1211207845,云南省造二角,XF,45,1911,coindata
1211207847,云南省造二角,XF,45,1911,coindata
1211207849,云南省造二角,XF,45,1911,coindata
1211207851,云南省造二角,XF,45,1911,coindata
1211207855,云南省造二角,XF,45,1911,coindata
1211207861,云南省造二角,XF,45,1911,coindata
1211207863,云南省造二角,XF,45,1911,coindata
1211207865,云南省造二角,XF,45,1911,coindata
1211207867,云南省造二角,XF,45,1911,coindata
1211207881,东三省造二角,XF,45,1912,coindata
1211207885,东三省造二角,XF,45,1909,coindata
1211207891,东三省造二角,XF,45,1912,coindata
1211207897,东三省造二角,XF,45,1909,coindata
1211207899,东三省造二角,XF,45,1909,coindata
1211207903,东三省造二角,XF,45,1909,coindata
1211207905,东三省造二角,XF,45,1909,coindata
1211207907,东三省造二角,XF,45,1907,coindata
1211207909,东三省造二角,XF,45,1914,coindata
1211207911,东三省造二角,XF,45,1909,coindata
1211207913,东三省造二角,XF,45,1909,coindata
1211207919,东三省造二角,XF,45,1907,coindata
1211207921,东三省造二角,XF,45,1909,coindata
1211207923,东三省造二角,XF,45,1909,coindata
1211207927,东三省造二角,XF,45,1907,coindata
1211207931,东三省造二角,XF,45,1909,coindata
1211207933,东三省造二角,XF,45,1909,coindata
1211207937,东三省造二角,XF,45,1914,coindata
1211207939,东三省造二角,XF,45,1909,coindata
1211207941,东三省造二角,XF,45,1914,coindata
1211207947,东三省造二角,XF,45,1909,coindata
1211207949,东三省造二角,XF,45,1909,coindata
1211207953,东三省造二角,XF,45,1909,coindata
1211207961,江南省造一角,XF,45,1899,coindata
1211207969,开国纪念壹圆,XF,45,1927,coindata
1211207971,开国纪念壹圆,XF,45,1927,coindata
1211207975,开国纪念壹圆,XF,45,1927,coindata
1211207987,北洋局造一圆,XF,45,1908,coindata
1211207989,北洋局造一圆,XF,45,1908,coindata
1211207991,袁世凯像壹圆,XF,45,1914,coindata
1211208003,唐继尧像半圆,XF,45,1919,coindata
1211208005,唐继尧像半圆,XF,45,1919,coindata
1211208017,吉林省造二角,XF,45,1903,coindata
1211208019,吉林省造二角,XF,45,1901,coindata
1211208049,孙中山像贰毫,XF,45,1929,coindata
1211208055,云南省造半圆,XF,45,1911,coindata
1211208057,云南省造贰角,XF,45,1932,coindata
1211208069,袁世凯像壹圆,XF,45,1919,coindata
1211208079,袁世凯像壹圆,XF,45,1914,coindata
1211208081,袁世凯像壹圆,XF,45,1914,coindata
1211208083,袁世凯像壹圆,XF,45,1914,coindata
1211208085,袁世凯像壹圆,XF,45,1914,coindata
1211208087,袁世凯像壹圆,XF,45,1914,coindata
1211208089,袁世凯像壹圆,XF,45,1914,coindata
1211208091,袁世凯像壹圆,XF,45,1914,coindata
1211208093,袁世凯像壹圆,XF,45,1914,coindata
1211208095,袁世凯像壹圆,XF,45,1914,coindata
1211208097,袁世凯像壹圆,XF,45,1921,coindata
1211208119,袁世凯像壹圆,XF,45,1921,coindata
1211208121,袁世凯像壹圆,XF,45,1920,coindata
1211208127,袁世凯像壹圆,XF,45,1921,coindata
1211208137,东三省造二角,XF,45,1909,coindata
1211208147,北洋局造一圆,XF,45,1900,coindata
1211208151,袁世凯像壹圆,XF,45,1914,coindata
1211208153,袁世凯像壹圆,XF,45,1914,coindata
1211208157,江南省造一圆,XF,45,1904,coindata
1211208159,北洋局造一圆,XF,45,1908,coindata
1211208161,北洋局造一圆,XF,45,1908,coindata
1211208165,四川银币壹圆,XF,45,1912,coindata
1211208167,四川银币壹圆,XF,45,1912,coindata
1211208171,四川银币壹圆,XF,45,1912,coindata
1211208221,云南省造贰角,XF,45,1932,coindata
1211208231,广东省造贰毫,XF,45,1912,coindata
1211208235,袁世凯像壹圆,XF,45,1914,coindata
1211208263,袁世凯像壹圆,XF,45,1921,coindata
1211208269,袁世凯像壹圆,XF,45,1914,coindata
1211208279,袁世凯像壹圆,XF,45,1914,coindata
1211208281,袁世凯像壹圆,XF,45,1914,coindata
1211208285,袁世凯像壹圆,XF,45,1914,coindata
1211208289,袁世凯像壹圆,XF,45,1921,coindata
1211208295,孙中山像壹圆,XF,45,1933,coindata
1211208299,北洋局造一圆,XF,45,1903,coindata
1211208311,袁世凯像壹圆,XF,45,1914,coindata
1211208319,北洋局造一圆,XF,45,1908,coindata
1211208327,袁世凯像壹圆,XF,45,1914,coindata
1211208329,袁世凯像壹圆,XF,45,1914,coindata
1211208383,袁世凯像壹圆,XF,45,1920,coindata
1211208385,袁世凯像壹圆,XF,45,1914,coindata
1211208417,袁世凯像壹圆,XF,45,1914,coindata
1211208423,袁世凯像壹圆,XF,45,1914,coindata
1211208437,袁世凯像壹圆,XF,45,1914,coindata
1211208441,袁世凯像壹圆,XF,45,1914,coindata
1211208469,袁世凯像壹圆,XF,45,1914,coindata
1211208475,袁世凯像壹圆,XF,45,1914,coindata
1211208505,福建官局二角,XF,45,1902,coindata
1211208507,湖北省造二角,XF,45,1895,coindata
1211208525,云南省造二角,XF,45,1911,coindata
1211208571,袁世凯像壹圆,XF,45,1920,coindata
1211208587,袁世凯像壹圆,XF,45,1914,coindata
1211208643,开国纪念壹圆,XF,45,1927,coindata
1211208717,云南省造半圆,XF,45,1911,coindata
1211208721,四川省造卢比,XF,45,1930,coindata
1211208727,东三省造二角,XF,45,1909,coindata
1211208749,福建省造二角,XF,45,1924,coindata
1211208753,福建省造一角,XF,45,1894,coindata
1211208759,袁世凯像壹圆,XF,45,1914,coindata
1211208765,袁世凯像壹圆,XF,45,1914,coindata
1211208791,袁世凯像壹圆,XF,45,1914,coindata
1211208795,袁世凯像壹圆,XF,45,1914,coindata
1211208797,袁世凯像壹圆,XF,45,1914,coindata
1211208799,袁世凯像壹圆,XF,45,1914,coindata
1211208801,袁世凯像壹圆,XF,45,1914,coindata
1211208803,袁世凯像壹圆,XF,45,1921,coindata
1211208805,袁世凯像壹圆,XF,45,1921,coindata
1211208813,开国纪念壹圆,XF,45,1927,coindata
1211208819,袁世凯像贰角,XF,45,1914,coindata
1211208831,云南省造半圆,XF,45,1911,coindata
1211208833,云南省造半圆,XF,45,1911,coindata
1211208845,云南省造半圆,XF,45,1911,coindata
1211208855,云南省造半圆,XF,45,1911,coindata
1211208857,云南省造半圆,XF,45,1911,coindata
1211208863,云南省造半圆,XF,45,1911,coindata
1211208867,云南省造半圆,XF,45,1911,coindata
1211208871,云南省造半圆,XF,45,1911,coindata
1211208873,云南省造半圆,XF,45,1911,coindata
1211208877,云南省造半圆,XF,45,1911,coindata
1211208885,云南省造半圆,XF,45,1911,coindata
1211208895,云南省造半圆,XF,45,1932,coindata
1211208899,云南省造贰角,XF,45,1932,coindata
1211208921,云南省造贰角,XF,45,1932,coindata
1211208927,云南省造贰角,XF,45,1932,coindata
1211208929,云南省造贰角,XF,45,1932,coindata
1211208933,云南省造贰角,XF,45,1932,coindata
1211208943,云南省造贰角,XF,45,1932,coindata
1211208945,云南省造贰角,XF,45,1932,coindata
1211208961,云南省造贰角,XF,45,1932,coindata
1211208967,云南省造二角,XF,45,1911,coindata
1211208971,四川银币壹圆,XF,45,1912,coindata
1211209007,西藏章嘎嘎布,XF,45,1912,coindata
1211209009,西藏章嘎嘎布,XF,45,1912,coindata
1211209011,西藏章嘎嘎布,XF,45,1912,coindata
1211209013,西藏章嘎嘎布,XF,45,1912,coindata
1211209015,西藏章嘎嘎布,XF,45,1912,coindata
1211209017,西藏章嘎嘎布,XF,45,1912,coindata
1211209019,西藏章嘎嘎布,XF,45,1912,coindata
1211209021,西藏章嘎嘎布,XF,45,1912,coindata
1211209023,西藏章嘎嘎布,XF,45,1912,coindata
1211209025,西藏章嘎嘎布,XF,45,1912,coindata
1211209027,西藏章嘎嘎布,XF,45,1912,coindata
1211209029,西藏章嘎嘎布,XF,45,1912,coindata
1211209031,西藏章嘎嘎布,XF,45,1912,coindata
1211209033,西藏章嘎嘎布,XF,45,1912,coindata
1211209095,袁世凯像壹圆,XF,45,1919,coindata
1211209129,袁世凯像壹圆,XF,45,1914,coindata
1211209137,袁世凯像壹圆,XF,45,1914,coindata
1211209139,袁世凯像壹圆,XF,45,1914,coindata
1211209145,北洋局造一圆,XF,45,1908,coindata
1211209169,袁世凯像壹圆,XF,45,1914,coindata
1211209241,云南省造半圆,XF,45,1908,coindata
1211209243,云南省造半圆,XF,45,1908,coindata
1211209245,云南省造半圆,XF,45,1908,coindata
1211209249,四川省造卢比,XF,45,1902,coindata
1211209251,四川省造卢比,XF,45,1930,coindata
1211209413,云南省造半圆,XF,45,1908,coindata
1211209415,云南省造半圆,XF,45,1908,coindata
1211209417,云南省造半圆,XF,45,1908,coindata
1211209419,云南省造半圆,XF,45,1908,coindata
1211209421,云南省造半圆,XF,45,1908,coindata
1211209423,云南省造半圆,XF,45,1908,coindata
1211209459,新疆饷银一两,XF,45,1910,coindata
1211209599,袁世凯像壹圆,XF,45,1914,coindata
1211209639,孙中山像壹圆,XF,45,1933,coindata
1211209643,袁世凯像壹圆,XF,45,1921,coindata
1211209649,北洋局造一圆,XF,45,1908,coindata
1211201803,广东省造二角,AU,53,1890,coindata
1211201805,广东省造二角,AU,53,1890,coindata
1211201809,广东省造二角,AU,53,1890,coindata
1211201811,广东省造二角,AU,53,1890,coindata
1211201819,广东省造二角,AU,53,1890,coindata
1211201835,广东省造二角,AU,53,1909,coindata
1211201841,广东省造二角,AU,53,1909,coindata
1211201849,西藏银币十两,AU,50,1951,coindata
1211201853,西藏银币十两,AU,50,1950,coindata
1211201855,西藏银币十两,AU,50,1950,coindata
1211201861,袁世凯像壹圆,AU,50,1921,coindata
1211201867,袁世凯像壹圆,AU,50,1921,coindata
1211201869,袁世凯像壹圆,AU,50,1921,coindata
1211201871,袁世凯像壹圆,AU,50,1914,coindata
1211201873,袁世凯像壹圆,AU,50,1914,coindata
1211201875,袁世凯像壹圆,AU,50,1914,coindata
1211201877,袁世凯像壹圆,AU,50,1914,coindata
1211201923,唐继尧像半圆,AU,50,1919,coindata
1211202285,大清银币壹圆,AU,53,1911,coindata
1211202315,袁世凯像壹圆,AU,50,1921,coindata
1211202317,袁世凯像壹圆,AU,50,1921,coindata
1211202319,袁世凯像壹圆,AU,50,1914,coindata
1211202321,袁世凯像壹圆,AU,50,1914,coindata
1211202323,袁世凯像壹圆,AU,50,1914,coindata
1211202325,袁世凯像壹圆,AU,50,1914,coindata
1211202327,袁世凯像壹圆,AU,50,1914,coindata
1211202329,袁世凯像壹圆,AU,50,1914,coindata
1211202331,袁世凯像壹圆,AU,50,1914,coindata
1211202333,袁世凯像壹圆,AU,50,1914,coindata
1211202335,袁世凯像壹圆,AU,50,1914,coindata
1211202647,袁世凯像壹圆,AU,53,1920,coindata
1211202649,袁世凯像壹圆,AU,50,1920,coindata
1211202653,袁世凯像壹圆,AU,50,1914,coindata
1211202655,袁世凯像壹圆,AU,50,1920,coindata
1211202659,孙中山像壹圆,AU,50,1934,coindata
1211202661,孙中山像壹圆,AU,50,1934,coindata
1211202667,孙中山像壹圆,AU,50,1934,coindata
1211203297,袁世凯像壹圆,AU,50,1920,coindata
1211203489,袁世凯像壹圆,AU,53,1921,coindata
1211203491,袁世凯像壹圆,AU,53,1914,coindata
1211203495,袁世凯像壹圆,AU,50,1914,coindata
1211203497,袁世凯像壹圆,AU,50,1914,coindata
1211203499,袁世凯像壹圆,AU,53,1914,coindata
1211203501,袁世凯像壹圆,AU,50,1914,coindata
1211203509,袁世凯像壹圆,AU,50,1914,coindata
1211203511,袁世凯像壹圆,AU,53,1914,coindata
1211204023,袁世凯像壹圆,AU,50,1914,coindata
1211204025,袁世凯像壹圆,AU,50,1914,coindata
1211204027,袁世凯像壹圆,AU,50,1914,coindata
1211204029,袁世凯像壹圆,AU,50,1914,coindata
1211204031,袁世凯像壹圆,AU,50,1914,coindata
1211204033,袁世凯像壹圆,AU,50,1914,coindata
1211204035,袁世凯像壹圆,AU,50,1914,coindata
1211204037,袁世凯像壹圆,AU,50,1914,coindata
1211204039,袁世凯像壹圆,AU,50,1914,coindata
1211204041,袁世凯像壹圆,AU,50,1914,coindata
1211204043,袁世凯像壹圆,AU,50,1914,coindata
1211204045,袁世凯像壹圆,AU,50,1914,coindata
1211204047,袁世凯像壹圆,AU,50,1914,coindata
1211204049,袁世凯像壹圆,AU,50,1914,coindata
1211204051,袁世凯像壹圆,AU,50,1914,coindata
1211204053,袁世凯像壹圆,AU,50,1914,coindata
1211204055,袁世凯像壹圆,AU,50,1921,coindata
1211204057,袁世凯像壹圆,AU,50,1921,coindata
1211204059,孙中山像壹圆,AU,50,1933,coindata
1211204061,孙中山像壹圆,AU,50,1934,coindata
1211204063,孙中山像壹圆,AU,50,1934,coindata
1211204065,孙中山像壹圆,AU,50,1934,coindata
1211204067,孙中山像壹圆,AU,50,1934,coindata
1211204069,孙中山像壹圆,AU,50,1934,coindata
1211204071,孙中山像壹圆,AU,50,1934,coindata
1211204073,孙中山像壹圆,AU,50,1934,coindata
1211204075,孙中山像壹圆,AU,50,1934,coindata
1211204077,孙中山像壹圆,AU,50,1934,coindata
1211204079,孙中山像壹圆,AU,50,1934,coindata
1211204081,孙中山像壹圆,AU,50,1934,coindata
1211204083,孙中山像壹圆,AU,50,1934,coindata
1211204085,孙中山像壹圆,AU,50,1934,coindata
1211204087,孙中山像壹圆,AU,50,1934,coindata
1211204089,孙中山像壹圆,AU,50,1934,coindata
1211204093,袁世凯像壹圆,AU,50,1914,coindata
1211204097,开国纪念壹圆,AU,53,1927,coindata
1211204101,开国纪念壹圆,AU,50,1927,coindata
1211204117,袁世凯像壹圆,AU,53,1914,coindata
1211204119,袁世凯像壹圆,AU,53,1914,coindata
1211204121,开国纪念壹圆,AU,50,1927,coindata
1211204125,袁世凯像壹圆,AU,50,1921,coindata
1211204131,云南省造半圆,AU,53,1911,coindata
1211204135,孙中山像壹圆,AU,53,1934,coindata
1211204139,云南省造半圆,AU,50,1911,coindata
1211204145,云南省造半圆,AU,53,1932,coindata
1211204153,云南省造半圆,AU,50,1911,coindata
1211204161,云南省造半圆,AU,53,1932,coindata
1211204163,云南省造半圆,AU,53,1932,coindata
1211204219,孙中山像壹圆,AU,53,1934,coindata
1211204221,孙中山像壹圆,AU,53,1934,coindata
1211204223,孙中山像壹圆,AU,53,1934,coindata
1211204225,孙中山像壹圆,AU,53,1934,coindata
1211204227,孙中山像壹圆,AU,53,1934,coindata
1211204229,孙中山像壹圆,AU,53,1934,coindata
1211204231,孙中山像壹圆,AU,53,1934,coindata
1211204233,孙中山像壹圆,AU,53,1934,coindata
1211204235,孙中山像壹圆,AU,53,1934,coindata
1211204237,孙中山像壹圆,AU,53,1934,coindata
1211204239,孙中山像壹圆,AU,53,1934,coindata
1211204241,孙中山像壹圆,AU,53,1933,coindata
1211204243,袁世凯像壹圆,AU,53,1914,coindata
1211204245,袁世凯像壹圆,AU,53,1914,coindata
1211204247,袁世凯像壹圆,AU,53,1914,coindata
1211204249,袁世凯像壹圆,AU,53,1914,coindata
1211204251,袁世凯像壹圆,AU,53,1914,coindata
1211204253,袁世凯像壹圆,AU,53,1914,coindata
1211204255,袁世凯像壹圆,AU,53,1914,coindata
1211204257,袁世凯像壹圆,AU,53,1914,coindata
1211204259,袁世凯像壹圆,AU,53,1921,coindata
1211204261,袁世凯像壹圆,AU,53,1921,coindata
1211204273,云南省造半圆,AU,50,1932,coindata
1211204275,云南省造半圆,AU,50,1932,coindata
1211204277,云南省造半圆,AU,53,1932,coindata
1211204279,云南省造半圆,AU,53,1932,coindata
1211204281,云南省造半圆,AU,53,1932,coindata
1211204283,云南省造半圆,AU,53,1932,coindata
1211204379,袁世凯像壹圆,AU,53,1914,coindata
1211204381,袁世凯像壹圆,AU,53,1914,coindata
1211204383,袁世凯像壹圆,AU,50,1914,coindata
1211204421,孙中山像壹圆,AU,50,1934,coindata
1211204423,袁世凯像壹圆,AU,50,1920,coindata
1211204427,袁世凯像壹圆,AU,50,1921,coindata
1211204441,开国纪念壹圆,AU,53,1927,coindata
1211204443,开国纪念壹圆,AU,53,1927,coindata
1211204445,开国纪念壹圆,AU,53,1927,coindata
1211204447,开国纪念壹圆,AU,53,1927,coindata
1211204449,开国纪念壹圆,AU,53,1927,coindata
1211204451,开国纪念壹圆,AU,53,1927,coindata
1211204453,开国纪念壹圆,AU,53,1927,coindata
1211204455,开国纪念壹圆,AU,53,1927,coindata
1211204457,开国纪念壹圆,AU,53,1927,coindata
1211204459,开国纪念壹圆,AU,53,1927,coindata
1211204461,开国纪念壹圆,AU,53,1927,coindata
1211204463,开国纪念壹圆,AU,53,1927,coindata
1211204509,云南省造半圆,AU,50,1908,coindata
1211204515,袁世凯像壹圆,AU,50,1920,coindata
1211204527,孙中山像壹圆,AU,50,1934,coindata
1211204531,造币总厂一圆,AU,50,1908,coindata
1211204545,西藏银币十两,AU,50,1949,coindata
1211204547,西藏银币十两,AU,50,1948,coindata
1211204549,西藏银币十两,AU,50,1948,coindata
1211204553,西藏银币十两,AU,53,1948,coindata
1211204555,西藏银币十两,AU,53,1948,coindata
1211204557,西藏银币十两,AU,50,1949,coindata
1211204559,西藏银币十两,AU,50,1948,coindata
1211204563,西藏银币五钱,AU,50,1918,coindata
1211204613,开国纪念壹圆,AU,50,1927,coindata
1211204615,开国纪念壹圆,AU,50,1927,coindata
1211204617,开国纪念壹圆,AU,50,1927,coindata
1211204619,开国纪念壹圆,AU,50,1927,coindata
1211204621,开国纪念壹圆,AU,50,1927,coindata
1211204623,开国纪念壹圆,AU,50,1927,coindata
1211204625,开国纪念壹圆,AU,50,1927,coindata
1211204631,北洋局造一圆,AU,50,1908,coindata
1211204639,袁世凯像壹圆,AU,50,1920,coindata
1211204641,袁世凯像壹圆,AU,53,1914,coindata
1211204663,袁世凯像壹圆,AU,53,1914,coindata
1211204665,袁世凯像壹圆,AU,50,1914,coindata
1211204667,袁世凯像壹圆,AU,50,1914,coindata
1211204669,袁世凯像壹圆,AU,50,1914,coindata
1211204671,袁世凯像壹圆,AU,53,1914,coindata
1211204679,袁世凯像壹圆,AU,50,1914,coindata
1211204701,袁世凯像壹圆,AU,53,1921,coindata
1211204705,袁世凯像壹圆,AU,50,1921,coindata
1211204711,西藏银币十两,AU,53,1951,coindata
1211204727,开国纪念壹圆,AU,50,1927,coindata
1211204729,袁世凯像壹圆,AU,50,1914,coindata
1211204735,袁世凯像壹圆,AU,50,1920,coindata
1211204739,袁世凯像壹圆,AU,50,1921,coindata
1211204741,袁世凯像壹圆,AU,50,1921,coindata
1211204743,袁世凯像壹圆,AU,50,1921,coindata
1211204745,袁世凯像壹圆,AU,50,1921,coindata
1211204753,云南省造半圆,AU,50,1911,coindata
1211204759,云南省造贰角,AU,50,1932,coindata
1211204765,北洋局造一圆,AU,53,1908,coindata
1211205797,袁世凯像壹圆,AU,50,1921,coindata
1211205801,开国纪念壹圆,AU,53,1927,coindata
1211205803,四川银币壹圆,AU,50,1912,coindata
1211205807,云南省造半圆,AU,53,1911,coindata
1211205809,云南省造半圆,AU,53,1911,coindata
1211205843,袁世凯像壹圆,AU,53,1921,coindata
1211205847,孙中山像壹圆,AU,53,1934,coindata
1211205849,孙中山像壹圆,AU,53,1934,coindata
1211205865,袁世凯像壹圆,AU,50,1914,coindata
1211205903,孙中山像壹圆,AU,53,1934,coindata
1211205925,云南省造贰角,AU,50,1932,coindata
1211205931,东三省造二角,AU,53,1907,coindata
1211205999,东三省造二角,AU,50,1909,coindata
1211206003,广东省造贰毫,AU,53,1919,coindata
1211206005,广东省造贰毫,AU,53,1919,coindata
1211206007,广东省造贰毫,AU,53,1919,coindata
1211206009,广东省造贰毫,AU,53,1919,coindata
1211206011,广东省造贰毫,AU,53,1919,coindata
1211206013,广东省造贰毫,AU,53,1919,coindata
1211206015,广东省造贰毫,AU,53,1919,coindata
1211206017,广东省造贰毫,AU,53,1919,coindata
1211206019,广东省造贰毫,AU,53,1919,coindata
1211206021,广东省造贰毫,AU,53,1919,coindata
1211206023,广东省造贰毫,AU,53,1919,coindata
1211206025,广东省造贰毫,AU,53,1919,coindata
1211206027,广东省造贰毫,AU,53,1919,coindata
1211206029,广东省造贰毫,AU,53,1919,coindata
1211206031,广东省造贰毫,AU,53,1919,coindata
1211206033,广东省造贰毫,AU,53,1919,coindata
1211206035,广东省造贰毫,AU,53,1919,coindata
1211206037,广东省造贰毫,AU,53,1919,coindata
1211206039,广东省造贰毫,AU,53,1920,coindata
1211206041,广东省造贰毫,AU,53,1920,coindata
1211206043,广东省造贰毫,AU,53,1920,coindata
1211206045,广东省造贰毫,AU,53,1920,coindata
1211206047,广东省造贰毫,AU,53,1920,coindata
1211206049,广东省造贰毫,AU,53,1920,coindata
1211206051,广东省造贰毫,AU,53,1920,coindata
1211206053,广东省造贰毫,AU,53,1920,coindata
1211206055,广东省造贰毫,AU,53,1920,coindata
1211206057,广东省造贰毫,AU,53,1920,coindata
1211206059,广东省造贰毫,AU,53,1920,coindata
1211206061,广东省造贰毫,AU,53,1920,coindata
1211206063,广东省造贰毫,AU,53,1920,coindata
1211206065,广东省造贰毫,AU,53,1920,coindata
1211206067,广东省造贰毫,AU,53,1920,coindata
1211206069,广东省造贰毫,AU,53,1920,coindata
1211206071,广东省造贰毫,AU,53,1920,coindata
1211206073,广东省造贰毫,AU,53,1920,coindata
1211206075,广东省造贰毫,AU,53,1920,coindata
1211206077,广东省造贰毫,AU,53,1920,coindata
1211206079,广东省造贰毫,AU,53,1920,coindata
1211206081,广东省造贰毫,AU,53,1920,coindata
1211206083,广东省造贰毫,AU,53,1920,coindata
1211206085,广东省造贰毫,AU,53,1920,coindata
1211206087,广东省造贰毫,AU,53,1920,coindata
1211206089,广东省造贰毫,AU,53,1920,coindata
1211206091,广东省造贰毫,AU,53,1920,coindata
1211206093,广东省造贰毫,AU,53,1920,coindata
1211206095,广东省造贰毫,AU,53,1920,coindata
1211206097,广东省造贰毫,AU,53,1920,coindata
1211206099,广东省造贰毫,AU,53,1920,coindata
1211206101,广东省造贰毫,AU,53,1920,coindata
1211206103,广东省造贰毫,AU,53,1920,coindata
1211206105,广东省造贰毫,AU,53,1920,coindata
1211206107,广东省造贰毫,AU,53,1920,coindata
1211206109,广东省造贰毫,AU,53,1920,coindata
1211206111,广东省造贰毫,AU,53,1920,coindata
1211206113,广东省造贰毫,AU,53,1920,coindata
1211206115,广东省造贰毫,AU,53,1920,coindata
1211206117,广东省造贰毫,AU,53,1920,coindata
1211206119,广东省造贰毫,AU,53,1920,coindata
1211206121,广东省造贰毫,AU,53,1920,coindata
1211206123,广东省造贰毫,AU,53,1920,coindata
1211206125,广东省造贰毫,AU,53,1920,coindata
1211206127,广东省造贰毫,AU,53,1920,coindata
1211206129,广东省造贰毫,AU,53,1920,coindata
1211206131,广东省造贰毫,AU,53,1920,coindata
1211206133,云南省造半圆,AU,53,1911,coindata
1211206139,云南省造半圆,AU,53,1911,coindata
1211206145,云南省造半圆,AU,50,1911,coindata
1211206147,云南省造半圆,AU,53,1911,coindata
1211206149,云南省造半圆,AU,50,1911,coindata
1211206151,云南省造半圆,AU,53,1911,coindata
1211206163,云南省造半圆,AU,50,1911,coindata
1211206165,云南省造半圆,AU,50,1911,coindata
1211206167,云南省造半圆,AU,50,1911,coindata
1211206171,云南省造半圆,AU,53,1911,coindata
1211206173,云南省造半圆,AU,53,1911,coindata
1211206177,云南省造半圆,AU,50,1911,coindata
1211206179,云南省造半圆,AU,50,1911,coindata
1211206181,云南省造半圆,AU,50,1911,coindata
1211206189,云南省造半圆,AU,53,1911,coindata
1211206193,云南省造半圆,AU,53,1911,coindata
1211206201,云南省造半圆,AU,50,1911,coindata
1211206203,云南省造半圆,AU,50,1911,coindata
1211206207,云南省造半圆,AU,50,1911,coindata
1211206209,云南省造半圆,AU,50,1911,coindata
1211206211,云南省造半圆,AU,50,1911,coindata
1211206219,云南省造半圆,AU,53,1911,coindata
1211206221,云南省造半圆,AU,50,1911,coindata
1211206223,云南省造半圆,AU,53,1911,coindata
1211206225,云南省造半圆,AU,53,1911,coindata
1211206227,云南省造半圆,AU,53,1911,coindata
1211206233,云南省造半圆,AU,50,1911,coindata
1211206239,孙中山像壹圆,AU,50,1934,coindata
1211206389,广东省造贰毫,AU,53,1922,coindata
1211206391,广东省造贰毫,AU,53,1922,coindata
1211206393,广东省造贰毫,AU,53,1922,coindata
1211206395,广东省造贰毫,AU,53,1922,coindata
1211206397,广东省造贰毫,AU,53,1922,coindata
1211206399,广东省造贰毫,AU,53,1922,coindata
1211206401,广东省造贰毫,AU,53,1922,coindata
1211206403,广东省造贰毫,AU,53,1922,coindata
1211206405,广东省造贰毫,AU,53,1922,coindata
1211206407,广东省造贰毫,AU,53,1922,coindata
1211206409,广东省造贰毫,AU,53,1922,coindata
1211206411,广东省造贰毫,AU,53,1922,coindata
1211206413,广东省造贰毫,AU,53,1922,coindata
1211206415,广东省造贰毫,AU,53,1922,coindata
1211206417,广东省造贰毫,AU,53,1922,coindata
1211206419,广东省造贰毫,AU,53,1922,coindata
1211206421,广东省造贰毫,AU,53,1922,coindata
1211206423,广东省造贰毫,AU,53,1922,coindata
1211206425,广东省造贰毫,AU,53,1922,coindata
1211206427,广东省造贰毫,AU,53,1922,coindata
1211206429,广东省造贰毫,AU,53,1922,coindata
1211206431,广东省造贰毫,AU,53,1922,coindata
1211206433,广东省造贰毫,AU,53,1922,coindata
1211206435,广东省造贰毫,AU,53,1922,coindata
1211206437,广东省造贰毫,AU,53,1922,coindata
1211206439,广东省造贰毫,AU,53,1922,coindata
1211206441,广东省造贰毫,AU,53,1922,coindata
1211206443,广东省造贰毫,AU,53,1922,coindata
1211206445,广东省造贰毫,AU,53,1922,coindata
1211206447,广东省造贰毫,AU,53,1922,coindata
1211206449,广东省造贰毫,AU,53,1922,coindata
1211206451,广东省造贰毫,AU,53,1922,coindata
1211206453,广东省造贰毫,AU,53,1922,coindata
1211206455,广东省造贰毫,AU,53,1921,coindata
1211206457,广东省造贰毫,AU,53,1921,coindata
1211206459,广东省造贰毫,AU,53,1921,coindata
1211206461,广东省造贰毫,AU,53,1921,coindata
1211206463,广东省造贰毫,AU,53,1921,coindata
1211206465,广东省造贰毫,AU,53,1921,coindata
1211206467,广东省造贰毫,AU,53,1921,coindata
1211206469,广东省造贰毫,AU,53,1921,coindata
1211206471,广东省造贰毫,AU,53,1921,coindata
1211206473,广东省造贰毫,AU,53,1921,coindata
1211206475,广东省造贰毫,AU,53,1921,coindata
1211206477,广东省造贰毫,AU,53,1921,coindata
1211206479,广东省造贰毫,AU,53,1921,coindata
1211206481,广东省造贰毫,AU,53,1921,coindata
1211206483,广东省造贰毫,AU,53,1921,coindata
1211206485,广东省造贰毫,AU,53,1921,coindata
1211206487,广东省造贰毫,AU,53,1921,coindata
1211206489,广东省造贰毫,AU,53,1921,coindata
1211206491,广东省造贰毫,AU,53,1921,coindata
1211206493,广东省造贰毫,AU,53,1921,coindata
1211206495,广东省造贰毫,AU,53,1921,coindata
1211206497,广东省造贰毫,AU,53,1921,coindata
1211206499,广东省造贰毫,AU,53,1921,coindata
1211206501,广东省造贰毫,AU,53,1921,coindata
1211206503,广东省造贰毫,AU,53,1921,coindata
1211206505,广东省造贰毫,AU,53,1921,coindata
1211206507,广东省造贰毫,AU,53,1921,coindata
1211206509,广东省造贰毫,AU,53,1921,coindata
1211206511,广东省造贰毫,AU,53,1921,coindata
1211206513,广东省造贰毫,AU,53,1921,coindata
1211206515,广东省造贰毫,AU,53,1921,coindata
1211206517,广东省造贰毫,AU,53,1921,coindata
1211206519,广东省造贰毫,AU,53,1921,coindata
1211206521,广东省造贰毫,AU,53,1921,coindata
1211206523,广东省造贰毫,AU,53,1921,coindata
1211206525,广东省造贰毫,AU,53,1921,coindata
1211206527,广东省造贰毫,AU,53,1921,coindata
1211206529,广东省造贰毫,AU,53,1921,coindata
1211206531,广东省造贰毫,AU,53,1918,coindata
1211206735,开国纪念壹圆,AU,53,1927,coindata
1211206739,富字半两正银,AU,50,1943,coindata
1211206743,奉天省造二角,AU,50,1904,coindata
1211206755,袁世凯像壹圆,AU,50,1914,coindata
1211206757,袁世凯像壹圆,AU,50,1914,coindata
1211206759,袁世凯像壹圆,AU,53,1914,coindata
1211206763,广东省造贰毫,AU,50,1912,coindata
1211206765,广东省造贰毫,AU,50,1919,coindata
1211206767,广东省造贰毫,AU,50,1919,coindata
1211206769,广东省造贰毫,AU,50,1919,coindata
1211206771,广东省造贰毫,AU,50,1919,coindata
1211206773,广东省造贰毫,AU,50,1919,coindata
1211206775,广东省造贰毫,AU,50,1919,coindata
1211206777,广东省造贰毫,AU,50,1919,coindata
1211206779,广东省造贰毫,AU,50,1919,coindata
1211206781,广东省造贰毫,AU,50,1919,coindata
1211206783,广东省造贰毫,AU,50,1920,coindata
1211206785,广东省造贰毫,AU,50,1920,coindata
1211206787,广东省造贰毫,AU,50,1920,coindata
1211206789,广东省造贰毫,AU,50,1920,coindata
1211206791,广东省造贰毫,AU,50,1920,coindata
1211206793,广东省造贰毫,AU,50,1920,coindata
1211206795,广东省造贰毫,AU,50,1920,coindata
1211206797,广东省造贰毫,AU,50,1920,coindata
1211206799,广东省造贰毫,AU,50,1920,coindata
1211206801,广东省造贰毫,AU,50,1920,coindata
1211206803,广东省造贰毫,AU,50,1920,coindata
1211206805,广东省造贰毫,AU,50,1920,coindata
1211206807,广东省造贰毫,AU,50,1920,coindata
1211206809,广东省造贰毫,AU,50,1920,coindata
1211206811,广东省造贰毫,AU,50,1920,coindata
1211206813,广东省造贰毫,AU,50,1920,coindata
1211206815,广东省造贰毫,AU,50,1920,coindata
1211206817,广东省造贰毫,AU,50,1920,coindata
1211206819,广东省造贰毫,AU,50,1920,coindata
1211206821,广东省造贰毫,AU,50,1920,coindata
1211206823,广东省造贰毫,AU,50,1920,coindata
1211206825,广东省造贰毫,AU,50,1920,coindata
1211206827,广东省造贰毫,AU,50,1920,coindata
1211206829,广东省造贰毫,AU,50,1920,coindata
1211206831,广东省造贰毫,AU,50,1920,coindata
1211206833,广东省造贰毫,AU,50,1920,coindata
1211206835,广东省造贰毫,AU,50,1920,coindata
1211206837,广东省造贰毫,AU,50,1920,coindata
1211206839,广东省造贰毫,AU,50,1920,coindata
1211206841,广东省造贰毫,AU,50,1920,coindata
1211206843,广东省造贰毫,AU,50,1920,coindata
1211206845,广东省造贰毫,AU,50,1920,coindata
1211206847,广东省造贰毫,AU,50,1920,coindata
1211206849,广东省造贰毫,AU,50,1920,coindata
1211206851,广东省造贰毫,AU,50,1920,coindata
1211206853,广东省造贰毫,AU,50,1921,coindata
1211206855,广东省造贰毫,AU,50,1921,coindata
1211206857,广东省造贰毫,AU,50,1921,coindata
1211206859,广东省造贰毫,AU,50,1921,coindata
1211206861,广东省造贰毫,AU,50,1921,coindata
1211206863,广东省造贰毫,AU,50,1921,coindata
1211206865,广东省造贰毫,AU,50,1921,coindata
1211206867,广东省造贰毫,AU,50,1921,coindata
1211206869,广东省造贰毫,AU,50,1921,coindata
1211206871,广东省造贰毫,AU,50,1921,coindata
1211206873,广东省造贰毫,AU,50,1921,coindata
1211206875,广东省造贰毫,AU,50,1921,coindata
1211206877,广东省造贰毫,AU,50,1921,coindata
1211206879,广东省造贰毫,AU,50,1921,coindata
1211206881,广东省造贰毫,AU,50,1921,coindata
1211206883,广东省造贰毫,AU,50,1921,coindata
1211206885,广东省造贰毫,AU,50,1921,coindata
1211206887,广东省造贰毫,AU,50,1921,coindata
1211206889,广东省造贰毫,AU,50,1921,coindata
1211206891,广东省造贰毫,AU,50,1921,coindata
1211206893,广东省造贰毫,AU,50,1921,coindata
1211206895,广东省造贰毫,AU,50,1922,coindata
1211206897,广东省造贰毫,AU,50,1922,coindata
1211206899,广东省造贰毫,AU,50,1922,coindata
1211206901,广东省造贰毫,AU,50,1922,coindata
1211206903,广东省造贰毫,AU,50,1922,coindata
1211206905,广东省造贰毫,AU,50,1922,coindata
1211206907,广东省造贰毫,AU,50,1922,coindata
1211206909,广东省造贰毫,AU,50,1922,coindata
1211206911,广东省造贰毫,AU,50,1922,coindata
1211206913,广东省造贰毫,AU,50,1922,coindata
1211206915,广东省造贰毫,AU,50,1922,coindata
1211206959,孙中山像壹圆,AU,50,1934,coindata
1211206975,孙中山像壹圆,AU,53,1934,coindata
1211206977,孙中山像壹圆,AU,50,1934,coindata
1211206979,孙中山像壹圆,AU,53,1934,coindata
1211206985,袁世凯像壹圆,AU,53,1920,coindata
1211206987,袁世凯像壹圆,AU,50,1920,coindata
1211206989,袁世凯像壹圆,AU,53,1921,coindata
1211206995,袁世凯像壹圆,AU,50,1914,coindata
1211206997,袁世凯像壹圆,AU,50,1914,coindata
1211206999,袁世凯像壹圆,AU,53,1914,coindata
1211207001,开国纪念壹圆,AU,50,1927,coindata
1211207003,开国纪念壹圆,AU,53,1927,coindata
1211207005,开国纪念壹圆,AU,53,1927,coindata
1211207007,开国纪念壹圆,AU,50,1927,coindata
1211207009,开国纪念壹圆,AU,50,1927,coindata
1211207011,开国纪念壹圆,AU,50,1927,coindata
1211207013,开国纪念壹圆,AU,50,1927,coindata
1211207017,开国纪念壹圆,AU,53,1927,coindata
1211207019,开国纪念壹圆,AU,53,1927,coindata
1211207021,开国纪念壹圆,AU,53,1927,coindata
1211207023,开国纪念壹圆,AU,53,1927,coindata
1211207029,开国纪念壹圆,AU,53,1927,coindata
1211207035,开国纪念壹圆,AU,50,1927,coindata
1211207037,开国纪念壹圆,AU,50,1927,coindata
1211207039,开国纪念壹圆,AU,50,1927,coindata
1211207171,袁世凯像壹圆,AU,53,1914,coindata
1211207173,袁世凯像壹圆,AU,53,1914,coindata
1211207179,袁世凯像壹圆,AU,50,1914,coindata
1211207185,袁世凯像壹圆,AU,53,1914,coindata
1211207211,袁世凯像壹圆,AU,50,1920,coindata
1211207223,袁世凯像壹圆,AU,53,1914,coindata
1211207265,袁世凯像壹圆,AU,50,1914,coindata
1211207267,袁世凯像壹圆,AU,50,1914,coindata
1211207331,袁世凯像壹圆,AU,50,1914,coindata
1211207339,大清银币壹圆,AU,53,1911,coindata
1211207345,云南省造半圆,AU,50,1911,coindata
1211207347,云南省造半圆,AU,53,1911,coindata
1211207353,云南省造半圆,AU,50,1911,coindata
1211207355,云南省造半圆,AU,50,1911,coindata
1211207357,云南省造半圆,AU,50,1911,coindata
1211207359,云南省造半圆,AU,50,1911,coindata
1211207361,云南省造半圆,AU,50,1911,coindata
1211207363,云南省造半圆,AU,50,1911,coindata
1211207365,云南省造半圆,AU,50,1911,coindata
1211207367,云南省造半圆,AU,50,1911,coindata
1211207369,云南省造半圆,AU,53,1911,coindata
1211207371,云南省造半圆,AU,53,1911,coindata
1211207373,云南省造半圆,AU,53,1911,coindata
1211207375,云南省造半圆,AU,53,1911,coindata
1211207377,云南省造半圆,AU,53,1911,coindata
1211207379,云南省造半圆,AU,53,1911,coindata
1211207389,孙中山像贰毫,AU,53,1929,coindata
1211207391,孙中山像贰毫,AU,53,1929,coindata
1211207401,四川省造卢比,AU,53,1906,coindata
1211207429,福建官局贰毫,AU,53,1912,coindata
1211207431,福建官局贰毫,AU,53,1912,coindata
1211207433,福建官局贰毫,AU,53,1912,coindata
1211207435,福建官局贰毫,AU,53,1912,coindata
1211207465,袁世凯像贰角,AU,50,1914,coindata
1211207527,广东省造一角,AU,53,1890,coindata
1211207529,广东省造一角,AU,53,1890,coindata
1211207531,广东省造一角,AU,53,1890,coindata
1211207533,广东省造一角,AU,53,1890,coindata
1211207543,袁世凯像壹圆,AU,50,1914,coindata
1211207561,袁世凯像壹圆,AU,50,1920,coindata
1211207565,袁世凯像壹圆,AU,53,1914,coindata
1211207577,袁世凯像壹圆,AU,53,1914,coindata
1211207583,袁世凯像壹圆,AU,53,1914,coindata
1211207587,袁世凯像壹圆,AU,50,1914,coindata
1211207595,袁世凯像壹圆,AU,50,1914,coindata
1211207623,孙中山像壹圆,AU,53,1933,coindata
1211207643,孙中山像壹圆,AU,53,1934,coindata
1211207657,孙中山像壹圆,AU,50,1934,coindata
1211207663,云南省造半圆,AU,50,1932,coindata
1211207679,唐继尧像半圆,AU,50,1919,coindata
1211207687,袁世凯像壹圆,AU,50,1914,coindata
1211207709,孙中山像壹圆,AU,50,1934,coindata
1211207711,袁世凯像壹圆,AU,50,1920,coindata
1211207713,袁世凯像壹圆,AU,50,1920,coindata
1211207725,袁世凯像壹圆,AU,50,1914,coindata
1211207727,袁世凯像壹圆,AU,53,1914,coindata
1211207729,袁世凯像壹圆,AU,50,1914,coindata
1211207731,袁世凯像壹圆,AU,50,1914,coindata
1211207733,袁世凯像壹圆,AU,50,1914,coindata
1211207819,云南省造半圆,AU,53,1911,coindata
1211207831,云南省造二角,AU,50,1911,coindata
1211207839,云南省造二角,AU,50,1911,coindata
1211207853,云南省造二角,AU,50,1911,coindata
1211207869,云南省造二角,AU,50,1911,coindata
1211207883,东三省造二角,AU,50,1914,coindata
1211207889,东三省造二角,AU,50,1914,coindata
1211207893,东三省造二角,AU,50,1907,coindata
1211207895,东三省造二角,AU,50,1909,coindata
1211207901,东三省造二角,AU,50,1914,coindata
1211207915,东三省造二角,AU,50,1914,coindata
1211207925,东三省造二角,AU,50,1912,coindata
1211207929,东三省造二角,AU,50,1912,coindata
1211207935,东三省造二角,AU,50,1912,coindata
1211207943,东三省造二角,AU,50,1912,coindata
1211207945,东三省造二角,AU,50,1909,coindata
1211207957,浙江省造二角,AU,50,1899,coindata
1211207965,吉林省造二角,AU,53,1907,coindata
1211207967,开国纪念壹圆,AU,50,1927,coindata
1211208015,开国纪念壹圆,AU,53,1927,coindata
1211208051,福建省造二角,AU,50,1931,coindata
1211208059,东三省造二角,AU,50,1914,coindata
1211208071,袁世凯像壹圆,AU,53,1914,coindata
1211208073,四川省造卢比,AU,50,1930,coindata
1211208099,袁世凯像壹圆,AU,50,1914,coindata
1211208101,袁世凯像壹圆,AU,50,1914,coindata
1211208103,袁世凯像壹圆,AU,50,1914,coindata
1211208105,袁世凯像壹圆,AU,50,1914,coindata
1211208107,袁世凯像壹圆,AU,50,1914,coindata
1211208109,袁世凯像壹圆,AU,50,1914,coindata
1211208111,袁世凯像壹圆,AU,50,1921,coindata
1211208123,袁世凯像壹圆,AU,50,1921,coindata
1211208125,袁世凯像壹圆,AU,50,1921,coindata
1211208131,袁世凯像壹圆,AU,50,1920,coindata
1211208133,袁世凯像壹圆,AU,50,1914,coindata
1211208155,袁世凯像壹圆,AU,53,1920,coindata
1211208169,四川银币壹圆,AU,50,1912,coindata
1211208183,东三省造二角,AU,50,1909,coindata
1211208227,云南省造贰角,AU,50,1932,coindata
1211208233,福建省造二角,AU,50,1928,coindata
1211208239,开国纪念壹圆,AU,50,1927,coindata
1211208255,广西省造贰毫,AU,53,1927,coindata
1211208291,大清银币壹圆,AU,50,1911,coindata
1211208293,袁世凯像壹圆,AU,50,1919,coindata
1211208313,袁世凯像壹圆,AU,50,1914,coindata
1211208315,开国纪念壹圆,AU,50,1927,coindata
1211208317,开国纪念壹圆,AU,50,1927,coindata
1211208331,袁世凯像壹圆,AU,50,1920,coindata
1211208339,袁世凯像壹圆,AU,50,1914,coindata
1211208351,袁世凯像壹圆,AU,50,1920,coindata
1211208359,袁世凯像壹圆,AU,53,1921,coindata
1211208381,袁世凯像壹圆,AU,50,1914,coindata
1211208401,袁世凯像贰角,AU,50,1916,coindata
1211208439,袁世凯像壹圆,AU,53,1921,coindata
1211208445,孙中山像壹圆,AU,50,1934,coindata
1211208471,袁世凯像壹圆,AU,50,1914,coindata
1211208489,孙中山像壹圆,AU,50,1934,coindata
1211208495,云南省造半圆,AU,53,1908,coindata
1211208521,袁世凯像壹圆,AU,53,1920,coindata
1211208559,东三省造二角,AU,53,1914,coindata
1211208577,大清银币壹圆,AU,50,1911,coindata
1211208579,孙中山像壹圆,AU,53,1934,coindata
1211208589,开国纪念壹圆,AU,50,1927,coindata
1211208591,开国纪念壹圆,AU,53,1927,coindata
1211208653,袁世凯像壹圆,AU,50,1914,coindata
1211208719,四川省造卢比,AU,50,1906,coindata
1211208733,开国纪念壹圆,AU,50,1927,coindata
1211208737,开国纪念壹圆,AU,53,1927,coindata
1211208741,大清银币壹圆,AU,53,1911,coindata
1211208743,袁世凯像壹圆,AU,53,1920,coindata
1211208745,江南省造一圆,AU,50,1904,coindata
1211208747,唐继尧像半圆,AU,50,1919,coindata
1211208751,云南省造半圆,AU,50,1932,coindata
1211208761,袁世凯像壹圆,AU,53,1914,coindata
1211208783,袁世凯像壹圆,AU,50,1914,coindata
1211208807,袁世凯像壹圆,AU,50,1914,coindata
1211208809,袁世凯像壹圆,AU,53,1914,coindata
1211208811,袁世凯像壹圆,AU,53,1914,coindata
1211208815,开国纪念壹圆,AU,53,1927,coindata
1211208817,孙中山像壹圆,AU,50,1933,coindata
1211208821,袁世凯像贰角,AU,50,1914,coindata
1211208823,袁世凯像贰角,AU,50,1914,coindata
1211208825,袁世凯像贰角,AU,53,1914,coindata
1211208827,广东省造二角,AU,50,1909,coindata
1211208829,广东省造二角,AU,50,1909,coindata
1211208839,云南省造半圆,AU,50,1911,coindata
1211208847,云南省造半圆,AU,50,1911,coindata
1211208883,云南省造半圆,AU,50,1911,coindata
1211208893,云南省造半圆,AU,50,1932,coindata
1211208907,云南省造贰角,AU,50,1932,coindata
1211208909,云南省造贰角,AU,53,1932,coindata
1211208923,云南省造贰角,AU,50,1932,coindata
1211208931,云南省造贰角,AU,53,1932,coindata
1211208935,云南省造贰角,AU,50,1932,coindata
1211208949,云南省造贰角,AU,50,1932,coindata
1211208951,云南省造贰角,AU,53,1932,coindata
1211208955,云南省造贰角,AU,50,1932,coindata
1211208957,云南省造贰角,AU,50,1932,coindata
1211208965,云南省造贰角,AU,50,1932,coindata
1211208991,西藏章嘎嘎布,AU,53,1912,coindata
1211208993,西藏章嘎嘎布,AU,53,1912,coindata
1211208995,西藏章嘎嘎布,AU,53,1912,coindata
1211208997,西藏章嘎嘎布,AU,53,1912,coindata
1211208999,西藏章嘎嘎布,AU,53,1912,coindata
1211209001,西藏章嘎嘎布,AU,53,1912,coindata
1211209003,西藏章嘎嘎布,AU,53,1912,coindata
1211209005,西藏章嘎嘎布,AU,53,1912,coindata
1211209035,西藏章嘎嘎布,AU,50,1912,coindata
1211209037,西藏章嘎嘎布,AU,50,1912,coindata
1211209039,西藏章嘎嘎布,AU,50,1912,coindata
1211209041,西藏章嘎嘎布,AU,50,1912,coindata
1211209043,西藏章嘎嘎布,AU,50,1912,coindata
1211209045,西藏章嘎嘎布,AU,50,1912,coindata
1211209047,西藏章嘎嘎布,AU,50,1912,coindata
1211209049,西藏章嘎嘎布,AU,50,1912,coindata
1211209051,西藏章嘎嘎布,AU,50,1912,coindata
1211209053,西藏章嘎嘎布,AU,50,1912,coindata
1211209055,西藏章嘎嘎布,AU,50,1912,coindata
1211209057,西藏章嘎嘎布,AU,50,1912,coindata
1211209059,西藏章嘎嘎布,AU,50,1912,coindata
1211209061,西藏章嘎嘎布,AU,50,1912,coindata
1211209063,西藏章嘎嘎布,AU,50,1912,coindata
1211209065,西藏章嘎嘎布,AU,50,1912,coindata
1211209067,西藏章嘎嘎布,AU,50,1912,coindata
1211209069,西藏章嘎嘎布,AU,50,1912,coindata
1211209071,西藏章嘎嘎布,AU,50,1912,coindata
1211209073,西藏章嘎嘎布,AU,50,1912,coindata
1211209075,西藏章嘎嘎布,AU,50,1912,coindata
1211209077,西藏章嘎嘎布,AU,50,1912,coindata
1211209079,西藏章嘎嘎布,AU,50,1912,coindata
1211209081,西藏章嘎嘎布,AU,50,1912,coindata
1211209083,西藏章嘎嘎布,AU,50,1912,coindata
1211209085,西藏章嘎嘎布,AU,50,1912,coindata
1211209087,西藏章嘎嘎布,AU,50,1912,coindata
1211209089,西藏章嘎嘎布,AU,50,1912,coindata
1211209091,西藏章嘎嘎布,AU,50,1912,coindata
1211209093,西藏章嘎嘎布,AU,50,1912,coindata
1211209101,袁世凯像中圆,AU,50,1914,coindata
1211209115,湖北省造一角,AU,50,1895,coindata
1211209117,袁世凯像壹圆,AU,50,1920,coindata
1211209131,袁世凯像壹圆,AU,53,1920,coindata
1211209147,袁世凯像壹圆,AU,53,1914,coindata
1211209149,袁世凯像壹圆,AU,50,1920,coindata
1211209177,袁世凯像壹圆,AU,50,1921,coindata
1211209181,江南省造一圆,AU,50,1904,coindata
1211209185,孙中山像壹圆,AU,50,1934,coindata
1211209195,袁世凯像壹圆,AU,50,1920,coindata
1211209203,袁世凯像壹圆,AU,50,1914,coindata
1211209207,孙中山像壹圆,AU,53,1934,coindata
1211209231,云南省造半圆,AU,53,1908,coindata
1211209233,云南省造半圆,AU,53,1908,coindata
1211209235,云南省造半圆,AU,53,1908,coindata
1211209237,云南省造半圆,AU,50,1908,coindata
1211209239,云南省造半圆,AU,50,1908,coindata
1211209247,袁世凯像壹圆,AU,50,1919,coindata
1211209373,云南省造半圆,AU,53,1908,coindata
1211209375,云南省造半圆,AU,53,1908,coindata
1211209377,云南省造半圆,AU,53,1908,coindata
1211209379,云南省造半圆,AU,53,1908,coindata
1211209381,云南省造半圆,AU,53,1908,coindata
1211209383,云南省造半圆,AU,53,1908,coindata
1211209385,云南省造半圆,AU,53,1908,coindata
1211209387,云南省造半圆,AU,53,1908,coindata
1211209389,云南省造半圆,AU,53,1908,coindata
1211209391,云南省造半圆,AU,53,1908,coindata
1211209393,云南省造半圆,AU,53,1908,coindata
1211209395,云南省造半圆,AU,50,1908,coindata
1211209397,云南省造半圆,AU,50,1908,coindata
1211209399,云南省造半圆,AU,50,1908,coindata
1211209401,云南省造半圆,AU,50,1908,coindata
1211209403,云南省造半圆,AU,50,1908,coindata
1211209405,云南省造半圆,AU,50,1908,coindata
1211209407,云南省造半圆,AU,50,1908,coindata
1211209409,云南省造半圆,AU,50,1908,coindata
1211209411,云南省造半圆,AU,50,1908,coindata
1211209425,袁世凯像壹圆,AU,50,1921,coindata
1211209433,云南省造半圆,AU,50,1911,coindata
1211209435,云南省造半圆,AU,50,1911,coindata
1211209439,喀什宣统元宝伍钱,AU,50,1911,coindata
1211209441,喀什宣统元宝伍钱,AU,50,1911,coindata
1211209445,喀什宣统元宝伍钱,AU,50,1911,coindata
1211209449,喀什湘平伍钱,AU,50,1907,coindata
1211209451,喀什湘平伍钱,AU,50,1907,coindata
1211209453,光绪银圆迪化伍钱,AU,50,1906,coindata
1211209485,开国纪念壹圆,AU,50,1927,coindata
1211209487,开国纪念壹圆,AU,53,1927,coindata
1211209489,开国纪念壹圆,AU,50,1927,coindata
1211209493,开国纪念壹圆,AU,50,1927,coindata
1211209497,开国纪念壹圆,AU,50,1927,coindata
1211209589,云南省造半圆,AU,50,1911,coindata
1211209615,四川省造卢比,AU,50,1930,coindata
1211209627,袁世凯像壹圆,AU,53,1914,coindata
1211209629,袁世凯像壹圆,AU,53,1921,coindata
1211209635,广西省造贰毫,AU,50,1927,coindata
1211209637,云南省造半圆,AU,50,1911,coindata
1211209655,云南省造半圆,AU,50,1911,coindata
1211209669,袁世凯像贰角,AU,50,1916,coindata
1211209693,开国纪念壹圆,AU,53,1927,coindata
1211209697,开国纪念壹圆,AU,53,1927,coindata
1211209705,开国纪念壹圆,AU,53,1927,coindata
1211209719,大清银币壹圆,AU,50,1911,coindata
1211209721,大清银币壹圆,AU,53,1911,coindata
1211209735,开国纪念壹圆,AU,50,1927,coindata
1211209737,开国纪念壹圆,AU,53,1927,coindata
1211209757,富字一两正银,AU,50,1943,coindata
1211209839,袁世凯像壹圆,AU,53,1914,coindata
1211209843,袁世凯像壹圆,AU,50,1914,coindata
1211209869,大清银币壹圆,AU,50,1911,coindata
1211209883,云南省造半圆,AU,53,1911,coindata
1211209887,云南省造半圆,AU,50,1911,coindata
1211209897,袁世凯像壹圆,AU,53,1914,coindata
1211209907,袁世凯像壹圆,AU,50,1914,coindata
1211209915,开国纪念壹圆,AU,50,1927,coindata
1211209977,唐继尧像半圆,AU,50,1919,coindata
1211209981,唐继尧像半圆,AU,53,1919,coindata
1211209985,云南省造半圆,AU,50,1909,coindata
1211209987,孙中山像壹圆,AU,53,1934,coindata
1211209989,四川银币壹圆,AU,50,1912,coindata
1211209991,四川银币壹圆,AU,50,1912,coindata
1211209993,云南省造半圆,AU,50,1911,coindata
1211209995,云南省造半圆,AU,50,1911,coindata
1211301651,广东省造二角,AU,53,1890,coindata
1211301653,广东省造二角,AU,53,1890,coindata
1211301721,云南省造一圆,AU,50,1908,coindata
1211301739,袁世凯像壹圆,AU,53,1914,coindata
1211301747,袁世凯像壹圆,AU,50,1914,coindata
1211301749,袁世凯像壹圆,AU,50,1914,coindata
1211301751,袁世凯像壹圆,AU,50,1914,coindata
1211301755,开国纪念壹圆,AU,50,1927,coindata
1211301763,袁世凯像壹圆,AU,50,1914,coindata
1211301777,袁世凯像壹圆,AU,53,1914,coindata
1211301787,袁世凯像壹圆,AU,50,1914,coindata
1211301793,袁世凯像壹圆,AU,50,1914,coindata
1211301809,四川省造卢比,AU,50,1906,coindata
1211301835,开国纪念壹圆,AU,50,1927,coindata
1211301837,开国纪念壹圆,AU,50,1927,coindata
1211301839,开国纪念壹圆,AU,50,1927,coindata
1211301841,开国纪念壹圆,AU,50,1927,coindata
1211301843,开国纪念壹圆,AU,50,1927,coindata
1211301845,开国纪念壹圆,AU,50,1927,coindata
1211301847,开国纪念壹圆,AU,50,1927,coindata
1211301849,开国纪念壹圆,AU,50,1927,coindata
1211301851,开国纪念壹圆,AU,50,1927,coindata
1211301853,开国纪念壹圆,AU,50,1927,coindata
1211301855,开国纪念壹圆,AU,50,1927,coindata
1211301857,开国纪念壹圆,AU,53,1927,coindata
1211301859,开国纪念壹圆,AU,53,1927,coindata
1211301861,开国纪念壹圆,AU,53,1927,coindata
1211301863,开国纪念壹圆,AU,53,1927,coindata
1211301865,开国纪念壹圆,AU,53,1927,coindata
1211301867,开国纪念壹圆,AU,53,1927,coindata
1211301869,开国纪念壹圆,AU,53,1927,coindata
1211301871,开国纪念壹圆,AU,53,1927,coindata
1211301873,开国纪念壹圆,AU,53,1927,coindata
1211301875,开国纪念壹圆,AU,53,1927,coindata
1211301877,开国纪念壹圆,AU,53,1927,coindata
1211301879,开国纪念壹圆,AU,53,1927,coindata
1211301881,开国纪念壹圆,AU,53,1927,coindata
1211301883,开国纪念壹圆,AU,53,1927,coindata
1211301897,东三省造二角,AU,50,1912,coindata
1211301903,广东省造二角,AU,53,1890,coindata
1211301905,云南省造贰角,AU,50,1932,coindata
1211301919,袁世凯像壹圆,AU,50,1914,coindata
1211301987,湖北省造二角,AU,53,1895,coindata
1211301997,湖北省造二角,AU,53,1895,coindata
1211302007,东三省造二角,AU,50,1912,coindata
1211302009,东三省造二角,AU,50,1912,coindata
1211302011,东三省造二角,AU,50,1912,coindata
1211302013,东三省造二角,AU,53,1912,coindata
1211302015,东三省造二角,AU,50,1907,coindata
1211302019,东三省造二角,AU,50,1907,coindata
1211302023,东三省造二角,AU,50,1907,coindata
1211302025,东三省造二角,AU,53,1907,coindata
1211302027,东三省造二角,AU,50,1907,coindata
1211302031,东三省造二角,AU,53,1907,coindata
1211302035,东三省造二角,AU,50,1914,coindata
1211302037,东三省造二角,AU,50,1914,coindata
1211302041,东三省造二角,AU,50,1914,coindata
1211302051,东三省造二角,AU,50,1909,coindata
1211302059,东三省造二角,AU,50,1909,coindata
1211302067,东三省造二角,AU,50,1909,coindata
1211302075,东三省造二角,AU,50,1909,coindata
1211302079,东三省造二角,AU,53,1909,coindata
1211302081,东三省造二角,AU,53,1909,coindata
1211302085,东三省造二角,AU,53,1909,coindata
1211302087,袁世凯像壹圆,AU,50,1921,coindata
1211302105,广东省造二角,AU,53,1890,coindata
1211302113,云南省造半圆,AU,50,1911,coindata
1211302133,云南省造半圆,AU,50,1911,coindata
1211302137,云南省造半圆,AU,53,1911,coindata
1211302153,云南省造半圆,AU,50,1932,coindata
1211302155,云南省造半圆,AU,50,1932,coindata
1211302163,云南省造半圆,AU,50,1911,coindata
1211302175,云南省造半圆,AU,53,1911,coindata
1211302177,袁世凯像壹圆,AU,50,1914,coindata
1211302203,云南省造半圆,AU,53,1909,coindata
1211302209,袁世凯像壹圆,AU,53,1914,coindata
1211302213,袁世凯像壹圆,AU,53,1920,coindata
1211302215,袁世凯像壹圆,AU,53,1921,coindata
1211302217,开国纪念壹圆,AU,53,1927,coindata
1211302221,北洋局造一圆,AU,50,1908,coindata
1211302231,云南省造半圆,AU,50,1911,coindata
1211302247,孙中山像壹圆,AU,50,1934,coindata
1211302259,袁世凯像壹圆,AU,53,1921,coindata
1211302295,云南省造一圆,AU,53,1911,coindata
1211302305,四川银币壹圆,AU,50,1912,coindata
1211302309,云南省造半圆,AU,50,1911,coindata
1211302311,云南省造半圆,AU,50,1911,coindata
1211302321,开国纪念壹圆,AU,50,1927,coindata
1211302333,袁世凯像壹圆,AU,50,1920,coindata
1211302345,云南省造贰角,AU,50,1949,coindata
1211302357,云南省造半圆,AU,53,1911,coindata
1211302369,云南省造半圆,AU,53,1932,coindata
1211302383,龙凤银币壹角,AU,53,1926,coindata
1211302387,大清银币壹圆,AU,50,1911,coindata
1211302399,北洋局造一圆,AU,50,1908,coindata
1211302403,富字半两正银,AU,50,1943,coindata
1211302405,袁世凯像壹圆,AU,50,1914,coindata
1211302411,唐继尧像半圆,AU,53,1919,coindata
1211302413,唐继尧像半圆,AU,53,1919,coindata
1211302415,云南省造半圆,AU,50,1932,coindata
1211302421,开国纪念壹圆,AU,53,1927,coindata
1211302457,开国纪念壹圆,AU,53,1927,coindata
1211302855,云南省造半圆,AU,50,1932,coindata
1211302863,袁世凯像壹圆,AU,50,1920,coindata
1211302865,袁世凯像壹圆,AU,53,1920,coindata
1211302875,袁世凯像壹圆,AU,50,1914,coindata
1211302905,云南省造半圆,AU,50,1911,coindata
1211302913,云南省造贰角,AU,50,1932,coindata
1211302915,云南省造贰角,AU,53,1932,coindata
1211302935,北洋局造一圆,AU,50,1908,coindata
1211302943,袁世凯像壹圆,AU,50,1914,coindata
1211302959,袁世凯像壹圆,AU,50,1920,coindata
1211302961,北洋局造一圆,AU,50,1908,coindata
1211302991,袁世凯像壹圆,AU,53,1921,coindata
1211302993,云南省造半圆,AU,53,1911,coindata
1211302995,广东省造二角,AU,50,1909,coindata
1211303001,云南省造半圆,AU,53,1911,coindata
1211303053,袁世凯像壹圆,AU,50,1914,coindata
1211303055,袁世凯像壹圆,AU,50,1921,coindata
1211303057,袁世凯像壹圆,AU,53,1921,coindata
1211303059,袁世凯像壹圆,AU,50,1914,coindata
1211303061,袁世凯像壹圆,AU,50,1914,coindata
1211303077,袁世凯像壹圆,AU,50,1920,coindata
1211303085,开国纪念壹圆,AU,50,1927,coindata
1211303103,袁世凯像壹圆,AU,50,1914,coindata
1211303135,唐继尧像半圆,AU,50,1919,coindata
1211303155,孙中山像贰毫,AU,50,1929,coindata
1211303157,孙中山像贰毫,AU,50,1929,coindata
1211303159,孙中山像贰毫,AU,50,1929,coindata
1211303161,孙中山像贰毫,AU,50,1929,coindata
1211303163,广东省造二角,AU,50,1890,coindata
1211303165,广东省造二角,AU,50,1890,coindata
1211303167,广东省造二角,AU,50,1890,coindata
1211303207,袁世凯像壹圆,AU,50,1914,coindata
1211303219,袁世凯像壹圆,AU,53,1921,coindata
1211303221,西藏章嘎嘎布,AU,50,1912,coindata
1211303223,西藏章嘎嘎布,AU,53,1912,coindata
1211303231,开国纪念壹圆,AU,50,1927,coindata
1211303243,袁世凯像壹圆,AU,53,1920,coindata
1211303247,奉天省造二角,AU,50,1904,coindata
1211303257,袁世凯像壹圆,AU,53,1914,coindata
1211303269,黎元洪像壹圆,AU,50,1912,coindata
1211303273,孙中山像壹圆,AU,53,1934,coindata
1211303275,袁世凯像壹圆,AU,50,1914,coindata
1211303281,袁世凯像壹圆,AU,50,1914,coindata
1211303299,孙中山像壹圆,AU,53,1934,coindata
1211303307,北洋局造一圆,AU,53,1908,coindata
1211303315,袁世凯像壹圆,AU,50,1914,coindata
1211303319,袁世凯像壹圆,AU,50,1914,coindata
1211303327,袁世凯像壹圆,AU,50,1914,coindata
1211303351,袁世凯像壹圆,AU,53,1914,coindata
1211303371,袁世凯像壹圆,AU,53,1920,coindata
1211303373,孙中山像壹圆,AU,50,1934,coindata
1211303411,袁世凯像壹圆,AU,53,1914,coindata
1211303413,袁世凯像壹圆,AU,53,1914,coindata
1211303423,袁世凯像壹圆,AU,50,1914,coindata
1211303425,袁世凯像壹圆,AU,50,1914,coindata
1211303427,袁世凯像壹圆,AU,50,1914,coindata
1211303937,袁世凯像壹圆,AU,50,1920,coindata
1211303939,云南省造贰角,AU,53,1949,coindata
1211303941,云南省造半圆,AU,50,1911,coindata
1211303945,云南省造半圆,AU,50,1911,coindata
1211303967,云南省造贰角,AU,53,1932,coindata
1211303969,云南省造贰角,AU,50,1932,coindata
1211304003,云南省造贰角,AU,50,1932,coindata
1211304005,云南省造贰角,AU,50,1932,coindata
1211304007,云南省造贰角,AU,50,1932,coindata
1211304009,云南省造贰角,AU,50,1932,coindata
1211304011,云南省造贰角,AU,50,1932,coindata
1211304013,云南省造贰角,AU,50,1932,coindata
1211304015,云南省造贰角,AU,53,1932,coindata
1211304017,云南省造贰角,AU,53,1932,coindata
1211304019,云南省造贰角,AU,53,1932,coindata
1211304021,云南省造贰角,AU,53,1932,coindata
1211304023,云南省造贰角,AU,53,1932,coindata
1211304033,云南省造半圆,AU,50,1932,coindata
1211304035,云南省造半圆,AU,50,1932,coindata
1211304037,云南省造半圆,AU,50,1932,coindata
1211304039,云南省造半圆,AU,50,1932,coindata
1211304041,云南省造半圆,AU,50,1932,coindata
1211304043,云南省造半圆,AU,50,1932,coindata
1211304045,云南省造半圆,AU,50,1932,coindata
1211304047,云南省造半圆,AU,50,1932,coindata
1211304049,云南省造半圆,AU,53,1932,coindata
1211304051,云南省造半圆,AU,53,1932,coindata
1211304053,云南省造半圆,AU,53,1932,coindata
1211304055,云南省造半圆,AU,53,1932,coindata
1211304057,云南省造半圆,AU,53,1932,coindata
1211304095,袁世凯像壹圆,AU,53,1920,coindata
1211304103,袁世凯像壹圆,AU,50,1914,coindata
1211304127,北洋局造一圆,AU,53,1908,coindata
1211304137,袁世凯像壹圆,AU,50,1920,coindata
1211304139,袁世凯像壹圆,AU,50,1920,coindata
1211304153,新疆迪化壹两,AU,50,1917,coindata
1211304157,江南省造一圆,AU,50,1904,coindata
1211304159,四川省造卢比,AU,53,1906,coindata
1211304163,袁世凯像壹圆,AU,53,1919,coindata
1211304181,袁世凯像壹圆,AU,53,1920,coindata
1211304189,袁世凯像壹圆,AU,53,1914,coindata
1211304197,袁世凯像壹圆,AU,50,1914,coindata
1211304201,袁世凯像壹圆,AU,53,1921,coindata
1211304203,袁世凯像壹圆,AU,53,1921,coindata
1211304205,袁世凯像壹圆,AU,53,1921,coindata
1211304221,袁世凯像壹圆,AU,53,1921,coindata
1211304223,袁世凯像壹圆,AU,53,1921,coindata
1211304225,袁世凯像壹圆,AU,53,1921,coindata
1211304227,袁世凯像壹圆,AU,50,1921,coindata
1211304229,袁世凯像壹圆,AU,50,1921,coindata
1211304231,袁世凯像壹圆,AU,50,1921,coindata
1211304247,袁世凯像壹圆,AU,53,1921,coindata
1211304249,袁世凯像壹圆,AU,53,1921,coindata
1211304251,袁世凯像壹圆,AU,53,1921,coindata
1211304253,袁世凯像壹圆,AU,50,1914,coindata
1211304255,袁世凯像壹圆,AU,50,1914,coindata
1211304257,袁世凯像壹圆,AU,50,1914,coindata
1211304259,袁世凯像壹圆,AU,50,1914,coindata
1211304261,袁世凯像壹圆,AU,50,1914,coindata
1211304263,袁世凯像壹圆,AU,53,1921,coindata
1211304265,袁世凯像壹圆,AU,53,1921,coindata
1211304267,袁世凯像壹圆,AU,53,1921,coindata
1211304269,袁世凯像壹圆,AU,53,1921,coindata
1211304271,袁世凯像壹圆,AU,50,1921,coindata
1211304273,袁世凯像壹圆,AU,50,1921,coindata
1211304275,袁世凯像壹圆,AU,50,1921,coindata
1211304277,袁世凯像壹圆,AU,50,1921,coindata
1211304279,袁世凯像壹圆,AU,50,1921,coindata
1211304281,袁世凯像壹圆,AU,50,1921,coindata
1211304283,袁世凯像壹圆,AU,50,1921,coindata
1211304285,袁世凯像壹圆,AU,50,1921,coindata
1211304287,袁世凯像壹圆,AU,50,1921,coindata
1211304289,袁世凯像壹圆,AU,50,1921,coindata
1211304291,袁世凯像壹圆,AU,50,1921,coindata
1211304315,袁世凯像壹圆,AU,53,1921,coindata
1211304317,袁世凯像壹圆,AU,53,1921,coindata
1211304319,袁世凯像壹圆,AU,53,1921,coindata
1211304321,袁世凯像壹圆,AU,53,1921,coindata
1211304323,袁世凯像壹圆,AU,53,1921,coindata
1211304325,袁世凯像壹圆,AU,53,1921,coindata
1211304391,袁世凯像壹圆,AU,50,1919,coindata
1211304515,云南省造半圆,AU,53,1932,coindata
1211304533,云南省造二角,AU,50,1911,coindata
1211304537,开国纪念壹圆,AU,50,1927,coindata
1211304597,袁世凯像壹圆,AU,50,1920,coindata
1211304609,东三省造二角,AU,53,1909,coindata
1211304611,奉天省造二角,AU,53,1904,coindata
1211304621,开国纪念壹圆,AU,50,1927,coindata
1211304635,袁世凯像壹圆,AU,53,1914,coindata
1211304637,袁世凯像壹圆,AU,50,1914,coindata
1211304647,北洋局造一圆,AU,50,1908,coindata
1211304649,袁世凯像壹圆,AU,50,1920,coindata
1211304653,北洋局造一圆,AU,50,1908,coindata
1211304669,袁世凯像壹圆,AU,53,1921,coindata
1211304673,袁世凯像壹圆,AU,53,1921,coindata
1211304675,袁世凯像壹圆,AU,53,1920,coindata
1211304677,袁世凯像壹圆,AU,50,1920,coindata
1211304679,袁世凯像壹圆,AU,50,1920,coindata
1211304687,袁世凯像壹圆,AU,53,1920,coindata
1211304689,袁世凯像壹圆,AU,53,1920,coindata
1211304691,袁世凯像壹圆,AU,53,1920,coindata
1211304693,袁世凯像壹圆,AU,53,1920,coindata
1211304695,袁世凯像壹圆,AU,53,1920,coindata
1211304697,袁世凯像壹圆,AU,53,1920,coindata
1211304699,袁世凯像壹圆,AU,50,1920,coindata
1211304701,袁世凯像壹圆,AU,50,1920,coindata
1211304703,袁世凯像壹圆,AU,50,1920,coindata
1211304705,袁世凯像壹圆,AU,50,1920,coindata
1211304707,袁世凯像壹圆,AU,50,1920,coindata
1211304709,袁世凯像壹圆,AU,50,1920,coindata
1211304745,袁世凯像壹圆,AU,50,1914,coindata
1211304781,云南省造半圆,AU,50,1911,coindata
1211304785,云南省造半圆,AU,53,1911,coindata
1211304791,云南省造半圆,AU,53,1932,coindata
1211304839,开国纪念壹圆,AU,50,1927,coindata
1211304847,开国纪念壹圆,AU,50,1927,coindata
1211304849,开国纪念壹圆,AU,53,1927,coindata
1211304853,开国纪念壹圆,AU,50,1927,coindata
1211304867,开国纪念壹圆,AU,53,1927,coindata
1211304869,开国纪念壹圆,AU,53,1927,coindata
1211304873,袁世凯像壹圆,AU,53,1920,coindata
1211304887,袁世凯像壹圆,AU,53,1921,coindata
1211304889,袁世凯像壹圆,AU,50,1921,coindata
1211304927,云南省造半圆,AU,50,1932,coindata
1211304951,袁世凯像壹圆,AU,53,1921,coindata
1211304965,北洋局造一圆,AU,50,1908,coindata
1211304967,北洋局造一圆,AU,50,1908,coindata
1211304969,北洋局造一圆,AU,50,1908,coindata
1211304981,云南省造半圆,AU,53,1932,coindata
1211304983,云南省造半圆,AU,53,1911,coindata
1211304991,袁世凯像壹圆,AU,53,1914,coindata
1211304993,袁世凯像壹圆,AU,53,1914,coindata
1211305001,袁世凯像壹圆,AU,50,1914,coindata
1211305003,袁世凯像壹圆,AU,50,1914,coindata
1211305005,袁世凯像壹圆,AU,50,1914,coindata
1211305007,袁世凯像壹圆,AU,50,1914,coindata
1211305009,袁世凯像壹圆,AU,50,1914,coindata
1211305011,袁世凯像壹圆,AU,50,1914,coindata
1211305013,袁世凯像壹圆,AU,50,1914,coindata
1211305015,袁世凯像壹圆,AU,50,1914,coindata
1211305017,袁世凯像壹圆,AU,50,1914,coindata
1211305019,袁世凯像壹圆,AU,50,1914,coindata
1211305021,袁世凯像壹圆,AU,50,1914,coindata
1211305023,袁世凯像壹圆,AU,50,1914,coindata
1211305025,袁世凯像壹圆,AU,50,1914,coindata
1211305027,袁世凯像壹圆,AU,50,1914,coindata
1211305029,袁世凯像壹圆,AU,50,1914,coindata
1211305031,袁世凯像壹圆,AU,50,1914,coindata
1211305033,袁世凯像壹圆,AU,50,1914,coindata
1211305035,袁世凯像壹圆,AU,50,1914,coindata
1211305037,袁世凯像壹圆,AU,50,1914,coindata
1211305039,袁世凯像壹圆,AU,50,1914,coindata
1211305041,袁世凯像壹圆,AU,50,1914,coindata
1211305043,袁世凯像壹圆,AU,50,1914,coindata
1211305045,袁世凯像壹圆,AU,50,1914,coindata
1211305047,袁世凯像壹圆,AU,50,1914,coindata
1211305049,袁世凯像壹圆,AU,50,1914,coindata
1211305051,袁世凯像壹圆,AU,50,1914,coindata
1211305075,袁世凯像壹圆,AU,53,1914,coindata
1211305077,袁世凯像壹圆,AU,53,1914,coindata
1211305079,袁世凯像壹圆,AU,53,1914,coindata
1211305081,袁世凯像壹圆,AU,53,1914,coindata
1211305083,袁世凯像壹圆,AU,53,1914,coindata
1211305085,袁世凯像壹圆,AU,53,1914,coindata
1211305103,开国纪念壹圆,AU,53,1927,coindata
1211305125,袁世凯像壹圆,AU,50,1919,coindata
1211305133,袁世凯像壹圆,AU,53,1914,coindata
1211305161,袁世凯像壹圆,AU,53,1914,coindata
1211305163,袁世凯像壹圆,AU,53,1914,coindata
1211305165,云南省造贰角,AU,50,1949,coindata
1211305171,孙中山像壹圆,AU,50,1934,coindata
1211305173,孙中山像壹圆,AU,50,1934,coindata
1211305181,湖北省造一圆,AU,50,1909,coindata
1211305183,袁世凯像壹角,AU,50,1914,coindata
1211305185,广东省造二角,AU,50,1890,coindata
1211305187,云南省造半圆,AU,53,1911,coindata
1211305193,袁世凯像壹圆,AU,50,1914,coindata
1211305205,袁世凯像壹圆,AU,53,1920,coindata
1211305211,孙中山像壹圆,AU,53,1934,coindata
1211305229,袁世凯像壹圆,AU,50,1919,coindata
1211305235,袁世凯像壹圆,AU,50,1920,coindata
1211305243,袁世凯像壹圆,AU,53,1920,coindata
1211305277,袁世凯像壹圆,AU,50,1914,coindata
1211305281,北洋局造一圆,AU,50,1903,coindata
1211305287,湖北省造一圆,AU,53,1895,coindata
1211305293,西藏章嘎嘎布,AU,50,1912,coindata
1211305303,云南省造半圆,AU,50,1932,coindata
1211305305,云南省造半圆,AU,50,1932,coindata
1211305307,云南省造半圆,AU,50,1932,coindata
1211305313,云南省造半圆,AU,50,1908,coindata
1211305319,袁世凯像壹圆,AU,50,1919,coindata
1211305335,云南省造贰角,AU,53,1932,coindata
1211305337,云南省造贰角,AU,53,1949,coindata
1211305375,开国纪念壹圆,AU,50,1927,coindata
1211305385,袁世凯像壹圆,AU,50,1920,coindata
1211305507,袁世凯像壹圆,AU,50,1921,coindata
1211305509,袁世凯像壹圆,AU,50,1921,coindata
1211305511,袁世凯像壹圆,AU,50,1921,coindata
1211305513,袁世凯像壹圆,AU,50,1921,coindata
1211305515,袁世凯像壹圆,AU,50,1921,coindata
1211305517,袁世凯像壹圆,AU,50,1921,coindata
1211305519,袁世凯像壹圆,AU,50,1920,coindata
1211305521,袁世凯像壹圆,AU,50,1920,coindata
1211305523,袁世凯像壹圆,AU,50,1920,coindata
1211305525,袁世凯像壹圆,AU,50,1920,coindata
1211305527,袁世凯像壹圆,AU,50,1914,coindata
1211305529,袁世凯像壹圆,AU,50,1914,coindata
1211305531,袁世凯像壹圆,AU,50,1914,coindata
1211305533,袁世凯像壹圆,AU,50,1914,coindata
1211305535,袁世凯像壹圆,AU,50,1914,coindata
1211305537,袁世凯像壹圆,AU,50,1914,coindata
1211305539,袁世凯像壹圆,AU,50,1914,coindata
1211305541,袁世凯像壹圆,AU,50,1914,coindata
1211305543,袁世凯像壹圆,AU,50,1914,coindata
1211305545,袁世凯像壹圆,AU,50,1914,coindata
1211305551,云南省造半圆,AU,53,1932,coindata
1211305553,云南省造半圆,AU,50,1932,coindata
1211305555,云南省造半圆,AU,53,1932,coindata
1211305559,云南省造半圆,AU,50,1911,coindata
1211305561,云南省造半圆,AU,50,1911,coindata
1211305563,云南省造半圆,AU,50,1911,coindata
1211305565,云南省造半圆,AU,50,1911,coindata
1211305567,云南省造半圆,AU,50,1911,coindata
1211305569,云南省造半圆,AU,50,1911,coindata
1211305571,云南省造半圆,AU,50,1911,coindata
1211305573,云南省造半圆,AU,50,1911,coindata
1211305575,云南省造半圆,AU,50,1911,coindata
1211305577,云南省造半圆,AU,50,1911,coindata
1211305579,云南省造半圆,AU,50,1911,coindata
1211305597,云南省造半圆,AU,53,1911,coindata
1211305599,云南省造半圆,AU,53,1911,coindata
1211305601,云南省造半圆,AU,53,1911,coindata
1211305603,云南省造半圆,AU,53,1911,coindata
1211305605,云南省造半圆,AU,53,1911,coindata
1211305607,云南省造半圆,AU,53,1911,coindata
1211305615,袁世凯像壹圆,AU,50,1914,coindata
1211305617,袁世凯像壹圆,AU,53,1921,coindata
1211305623,云南省造半圆,AU,53,1911,coindata
1211305645,广东省造二角,AU,50,1890,coindata
1211305671,袁世凯像壹圆,AU,50,1920,coindata
1211305743,袁世凯像壹圆,AU,53,1914,coindata
1211305751,袁世凯像壹圆,AU,50,1921,coindata
1211305753,袁世凯像壹圆,AU,50,1921,coindata
1211305755,袁世凯像壹圆,AU,50,1921,coindata
1211305757,袁世凯像壹圆,AU,53,1921,coindata
1211305763,孙中山像壹圆,AU,50,1934,coindata
1211305791,江南省造一圆,AU,50,1904,coindata
1211305803,光绪银圆喀什贰钱,AU,50,1897,coindata
1211305831,福建省造二角,AU,53,1931,coindata
1211305833,广西省造贰毫,AU,50,1927,coindata
1211305835,孙中山像贰毫,AU,53,1929,coindata
1211305837,孙中山像贰毫,AU,53,1929,coindata
1211305839,东三省造二角,AU,50,1914,coindata
1211305841,东三省造二角,AU,50,1909,coindata
1211305861,孙中山像壹圆,AU,53,1933,coindata
1211305885,袁世凯像壹圆,AU,50,1921,coindata
1211305891,袁世凯像壹圆,AU,53,1914,coindata
1211305929,云南省造半圆,AU,53,1911,coindata
1211305931,云南省造半圆,AU,53,1911,coindata
1211305933,云南省造半圆,AU,53,1911,coindata
1211305935,云南省造半圆,AU,53,1911,coindata
1211305937,云南省造半圆,AU,53,1911,coindata
1211305939,云南省造半圆,AU,53,1911,coindata
1211305941,云南省造半圆,AU,50,1911,coindata
1211305943,云南省造半圆,AU,50,1911,coindata
1211305945,云南省造半圆,AU,50,1911,coindata
1211305947,云南省造半圆,AU,50,1911,coindata
1211305949,云南省造半圆,AU,50,1911,coindata
1211305951,云南省造半圆,AU,50,1911,coindata
1211305953,云南省造半圆,AU,50,1911,coindata
1211305955,云南省造半圆,AU,50,1911,coindata
1211305957,云南省造半圆,AU,50,1911,coindata
1211305959,云南省造半圆,AU,50,1911,coindata
1211305961,云南省造半圆,AU,50,1911,coindata
1211305963,云南省造半圆,AU,50,1911,coindata
1211305965,云南省造半圆,AU,50,1911,coindata
1211305967,云南省造半圆,AU,50,1911,coindata
1211305969,云南省造半圆,AU,50,1911,coindata
1211305971,云南省造半圆,AU,50,1911,coindata
1211305973,云南省造半圆,AU,50,1911,coindata
1211305977,云南省造半圆,AU,50,1911,coindata
1211305979,云南省造半圆,AU,50,1911,coindata
1211305981,云南省造半圆,AU,50,1911,coindata
1211305983,云南省造半圆,AU,50,1911,coindata
1211305985,云南省造半圆,AU,50,1911,coindata
1211305987,云南省造半圆,AU,50,1911,coindata
1211305989,云南省造半圆,AU,53,1911,coindata
1211305991,云南省造半圆,AU,53,1911,coindata
1211305993,云南省造半圆,AU,53,1911,coindata
1211306013,袁世凯像壹圆,AU,53,1921,coindata
1211306027,袁世凯像壹圆,AU,50,1920,coindata
1211306035,袁世凯像壹圆,AU,53,1921,coindata
1211306041,云南省造半圆,AU,50,1932,coindata
1211306045,云南省造半圆,AU,50,1932,coindata
1211306055,袁世凯像壹圆,AU,50,1914,coindata
1211306057,袁世凯像壹圆,AU,50,1914,coindata
1211306059,袁世凯像壹圆,AU,50,1914,coindata
1211306061,袁世凯像壹圆,AU,50,1914,coindata
1211306063,袁世凯像壹圆,AU,50,1914,coindata
1211306065,袁世凯像壹圆,AU,50,1914,coindata
1211306067,袁世凯像壹圆,AU,50,1914,coindata
1211306069,袁世凯像壹圆,AU,50,1914,coindata
1211306071,袁世凯像壹圆,AU,50,1914,coindata
1211306073,袁世凯像壹圆,AU,50,1914,coindata
1211306075,袁世凯像壹圆,AU,53,1914,coindata
1211306077,袁世凯像壹圆,AU,53,1914,coindata
1211306079,袁世凯像壹圆,AU,50,1914,coindata
1211306081,袁世凯像壹圆,AU,53,1914,coindata
1211306083,袁世凯像壹圆,AU,50,1914,coindata
1211306085,袁世凯像壹圆,AU,50,1914,coindata
1211306087,袁世凯像壹圆,AU,50,1914,coindata
1211306089,袁世凯像壹圆,AU,50,1914,coindata
1211306091,袁世凯像壹圆,AU,50,1914,coindata
1211306093,袁世凯像壹圆,AU,50,1914,coindata
1211306097,袁世凯像壹圆,AU,53,1914,coindata
1211306099,袁世凯像壹圆,AU,50,1914,coindata
1211306101,袁世凯像壹圆,AU,50,1914,coindata
1211306103,袁世凯像壹圆,AU,50,1914,coindata
1211306105,袁世凯像壹圆,AU,50,1914,coindata
1211306107,袁世凯像壹圆,AU,53,1920,coindata
1211306109,袁世凯像壹圆,AU,50,1920,coindata
1211306111,袁世凯像壹圆,AU,50,1921,coindata
1211306113,袁世凯像壹圆,AU,53,1921,coindata
1211306115,袁世凯像壹圆,AU,50,1921,coindata
1211306119,袁世凯像壹圆,AU,50,1914,coindata
1211306121,袁世凯像壹圆,AU,50,1914,coindata
1211306123,袁世凯像壹圆,AU,50,1914,coindata
1211306125,袁世凯像壹圆,AU,50,1914,coindata
1211306127,袁世凯像壹圆,AU,50,1914,coindata
1211306129,袁世凯像壹圆,AU,50,1914,coindata
1211306131,袁世凯像壹圆,AU,50,1914,coindata
1211306133,袁世凯像壹圆,AU,50,1914,coindata
1211306135,袁世凯像壹圆,AU,50,1914,coindata
1211306137,袁世凯像壹圆,AU,50,1914,coindata
1211306139,袁世凯像壹圆,AU,50,1921,coindata
1211306141,袁世凯像壹圆,AU,50,1920,coindata
1211306143,袁世凯像壹圆,AU,50,1921,coindata
1211306145,袁世凯像壹圆,AU,50,1921,coindata
1211306147,袁世凯像壹圆,AU,50,1921,coindata
1211306151,袁世凯像壹圆,AU,50,1921,coindata
1211306153,开国纪念壹圆,AU,53,1927,coindata
1211306155,开国纪念壹圆,AU,50,1927,coindata
1211306157,福建中华二角,AU,50,1923,coindata
1211306167,四川省造卢比,AU,50,1930,coindata
1211306175,袁世凯像壹圆,AU,53,1914,coindata
1211306183,袁世凯像壹圆,AU,50,1921,coindata
1211306199,四川银币壹圆,AU,53,1912,coindata
1211306203,开国纪念壹圆,AU,50,1927,coindata
1211306207,开国纪念壹圆,AU,53,1927,coindata
1211306211,开国纪念壹圆,AU,53,1927,coindata
1211306223,袁世凯像贰角,AU,50,1914,coindata
1211306227,四川银币五角,AU,50,1912,coindata
1211306231,袁世凯像壹圆,AU,50,1914,coindata
1211306243,袁世凯像壹圆,AU,53,1914,coindata
1211306245,袁世凯像壹圆,AU,50,1914,coindata
1211306249,袁世凯像壹圆,AU,50,1914,coindata
1211306255,袁世凯像壹圆,AU,53,1919,coindata
1211306259,袁世凯像壹圆,AU,53,1920,coindata
1211306261,袁世凯像壹圆,AU,53,1920,coindata
1211306263,袁世凯像壹圆,AU,53,1920,coindata
1211306265,袁世凯像壹圆,AU,53,1920,coindata
1211306271,袁世凯像壹圆,AU,53,1921,coindata
1211306273,袁世凯像壹圆,AU,53,1921,coindata
1211306295,开国纪念壹圆,AU,53,1927,coindata
1211306335,孙中山像壹圆,AU,50,1933,coindata
1211306337,孙中山像壹圆,AU,53,1933,coindata
1211306339,孙中山像壹圆,AU,53,1933,coindata
1211306341,江南省造一圆,AU,50,1904,coindata
1211306345,吉林省造一圆,AU,53,1905,coindata
1211306347,袁像洪宪纪元,AU,50,1916,coindata
1211306349,四川银币壹圆,AU,50,1912,coindata
1211306351,四川银币壹圆,AU,50,1912,coindata
1211306353,四川省造一圆,AU,50,1898,coindata
1211306357,大清银币壹圆,AU,50,1911,coindata
1211306359,大清银币壹圆,AU,53,1911,coindata
1211306363,新疆省造壹圆,AU,50,1949,coindata
1211306365,湖北省造一圆,AU,50,1895,coindata
1211306367,湖北省造一圆,AU,50,1895,coindata
1211306373,造币总厂一圆,AU,50,1908,coindata
1211306383,四川银币壹圆,AU,53,1912,coindata
1211306389,袁世凯像壹圆,AU,50,1914,coindata
1211306397,孙中山像壹圆,AU,50,1933,coindata
1211306403,袁世凯像壹圆,AU,50,1920,coindata
1211306411,袁世凯像壹圆,AU,53,1920,coindata
1211306429,孙中山像贰毫,AU,53,1929,coindata
1211306435,孙中山像贰毫,AU,53,1929,coindata
1211306449,孙中山像贰毫,AU,53,1929,coindata
1211306455,孙中山像贰毫,AU,53,1929,coindata
1211306459,孙中山像贰毫,AU,53,1929,coindata
1211306473,孙中山像贰毫,AU,53,1929,coindata
1211306479,袁世凯像壹圆,AU,50,1914,coindata
1211306483,四川省造一圆,AU,50,1898,coindata
1211306487,开国纪念壹圆,AU,53,1927,coindata
1211306491,东三省造二角,AU,50,1909,coindata
1211306493,东三省造二角,AU,50,1914,coindata
1211306503,开国纪念壹圆,AU,50,1927,coindata
1211306509,北洋局造一圆,AU,53,1908,coindata
1211306515,湖北省造一圆,AU,53,1909,coindata
1211306517,袁世凯像壹圆,AU,53,1921,coindata
1211306519,袁世凯像壹圆,AU,50,1920,coindata
1211306523,袁世凯像壹圆,AU,50,1914,coindata
1211306525,袁世凯像壹圆,AU,50,1914,coindata
1211306535,袁世凯像壹圆,AU,50,1914,coindata
1211306537,袁世凯像壹圆,AU,53,1921,coindata
1211306543,袁世凯像壹圆,AU,50,1914,coindata
1211306545,袁世凯像壹圆,AU,53,1914,coindata
1211306547,袁世凯像壹圆,AU,53,1914,coindata
1211306623,袁世凯像壹圆,AU,50,1914,coindata
1211306625,袁世凯像壹圆,AU,50,1914,coindata
1211306627,袁世凯像壹圆,AU,50,1914,coindata
1211306633,袁世凯像壹圆,AU,50,1921,coindata
1211306635,袁世凯像壹圆,AU,50,1921,coindata
1211306639,袁世凯像壹圆,AU,53,1921,coindata
1211306651,袁世凯像壹圆,AU,53,1914,coindata
1211306655,袁世凯像壹圆,AU,53,1914,coindata
1211306657,袁世凯像壹圆,AU,53,1914,coindata
1211306659,袁世凯像壹圆,AU,53,1914,coindata
1211306661,袁世凯像壹圆,AU,53,1914,coindata
1211306663,袁世凯像壹圆,AU,53,1914,coindata
1211306665,袁世凯像壹圆,AU,53,1914,coindata
1211306667,袁世凯像壹圆,AU,53,1914,coindata
1211306675,袁世凯像壹圆,AU,53,1920,coindata
1211306699,袁世凯像壹圆,AU,53,1921,coindata
1211306703,袁世凯像壹圆,AU,53,1914,coindata
1211306713,孙中山像壹圆,AU,50,1933,coindata
1211306729,袁世凯像壹圆,AU,50,1914,coindata
1211306737,四川银币壹圆,AU,50,1912,coindata
1211306739,四川银币壹圆,AU,50,1912,coindata
1211306767,袁世凯像壹圆,AU,50,1920,coindata
1211306797,开国纪念壹圆,AU,50,1927,coindata
1211306869,孙中山像壹圆,AU,53,1933,coindata
1211306873,袁世凯像壹圆,AU,53,1914,coindata
1211306879,云南省造半圆,AU,53,1932,coindata
1211306881,云南省造半圆,AU,53,1932,coindata
1211306883,云南省造半圆,AU,53,1932,coindata
1211306885,云南省造半圆,AU,53,1932,coindata
1211306887,云南省造半圆,AU,53,1932,coindata
1211306889,云南省造半圆,AU,53,1932,coindata
1211306891,云南省造半圆,AU,53,1932,coindata
1211306893,云南省造半圆,AU,53,1932,coindata
1211306895,云南省造半圆,AU,53,1932,coindata
1211306897,云南省造半圆,AU,53,1932,coindata
1211306899,云南省造半圆,AU,53,1932,coindata
1211306901,云南省造半圆,AU,53,1932,coindata
1211306903,云南省造半圆,AU,53,1932,coindata
1211306905,云南省造半圆,AU,53,1932,coindata
1211306907,云南省造半圆,AU,53,1932,coindata
1211306909,云南省造半圆,AU,53,1932,coindata
1211306911,云南省造半圆,AU,53,1932,coindata
1211306913,云南省造半圆,AU,53,1932,coindata
1211306915,云南省造半圆,AU,53,1932,coindata
1211306917,云南省造半圆,AU,53,1932,coindata
1211306919,云南省造半圆,AU,53,1932,coindata
1211306921,云南省造半圆,AU,53,1932,coindata
1211306923,云南省造半圆,AU,53,1932,coindata
1211306925,云南省造半圆,AU,53,1932,coindata
1211306927,云南省造半圆,AU,53,1932,coindata
1211306929,云南省造半圆,AU,53,1932,coindata
1211306931,云南省造半圆,AU,53,1932,coindata
1211306933,云南省造半圆,AU,53,1932,coindata
1211306935,云南省造半圆,AU,53,1932,coindata
1211306937,云南省造半圆,AU,53,1932,coindata
1211306939,云南省造半圆,AU,53,1932,coindata
1211306941,云南省造半圆,AU,53,1932,coindata
1211306943,云南省造半圆,AU,53,1932,coindata
1211306945,云南省造半圆,AU,53,1932,coindata
1211306947,云南省造半圆,AU,53,1932,coindata
1211306949,云南省造半圆,AU,53,1932,coindata
1211306951,云南省造半圆,AU,53,1932,coindata
1211306953,云南省造半圆,AU,53,1932,coindata
1211306955,云南省造半圆,AU,53,1932,coindata
1211306957,云南省造半圆,AU,53,1932,coindata
1211306965,云南省造半圆,AU,50,1932,coindata
1211306967,云南省造半圆,AU,50,1932,coindata
1211306969,云南省造半圆,AU,50,1932,coindata
1211306971,云南省造半圆,AU,50,1932,coindata
1211306973,云南省造半圆,AU,50,1932,coindata
1211306975,云南省造半圆,AU,50,1932,coindata
1211306977,云南省造半圆,AU,50,1932,coindata
1211306979,云南省造半圆,AU,50,1932,coindata
1211306981,云南省造半圆,AU,50,1932,coindata
1211306983,云南省造半圆,AU,50,1932,coindata
1211306985,云南省造半圆,AU,50,1932,coindata
1211306987,云南省造半圆,AU,50,1932,coindata
1211306989,云南省造半圆,AU,50,1932,coindata
1211306991,云南省造半圆,AU,50,1932,coindata
1211306993,云南省造半圆,AU,50,1932,coindata
1211306995,云南省造半圆,AU,50,1932,coindata
1211306997,云南省造半圆,AU,50,1932,coindata
1211306999,云南省造半圆,AU,50,1932,coindata
1211307001,云南省造半圆,AU,50,1932,coindata
1211307003,云南省造半圆,AU,50,1932,coindata
1211307005,云南省造半圆,AU,50,1932,coindata
1211307007,云南省造半圆,AU,50,1932,coindata
1211307009,云南省造半圆,AU,50,1932,coindata
1211307011,云南省造半圆,AU,50,1932,coindata
1211307013,云南省造半圆,AU,50,1932,coindata
1211307015,云南省造半圆,AU,50,1932,coindata
1211307017,云南省造半圆,AU,50,1932,coindata
1211307019,云南省造半圆,AU,50,1932,coindata
1211307021,云南省造半圆,AU,50,1932,coindata
1211307023,云南省造半圆,AU,50,1932,coindata
1211307025,云南省造半圆,AU,50,1932,coindata
1211307027,云南省造半圆,AU,50,1932,coindata
1211307029,云南省造半圆,AU,50,1932,coindata
1211307031,云南省造半圆,AU,50,1932,coindata
1211307033,云南省造半圆,AU,50,1932,coindata
1211307035,云南省造半圆,AU,50,1932,coindata
1211307037,云南省造半圆,AU,50,1932,coindata
1211307039,云南省造半圆,AU,50,1932,coindata
1211307041,云南省造半圆,AU,50,1932,coindata
1211307043,云南省造半圆,AU,50,1932,coindata
1211307045,云南省造半圆,AU,50,1932,coindata
1211307047,云南省造半圆,AU,50,1932,coindata
1211307049,云南省造半圆,AU,50,1932,coindata
1211307051,云南省造半圆,AU,50,1932,coindata
1211307053,云南省造半圆,AU,50,1932,coindata
1211307055,云南省造半圆,AU,50,1932,coindata
1211307057,云南省造半圆,AU,50,1932,coindata
1211307059,云南省造半圆,AU,50,1932,coindata
1211307061,云南省造半圆,AU,50,1932,coindata
1211307063,云南省造半圆,AU,50,1932,coindata
1211307065,云南省造半圆,AU,50,1932,coindata
1211307067,云南省造半圆,AU,50,1932,coindata
1211307069,云南省造半圆,AU,50,1932,coindata
1211307071,云南省造半圆,AU,50,1932,coindata
1211307073,云南省造半圆,AU,50,1932,coindata
1211307075,云南省造半圆,AU,50,1932,coindata
1211307077,云南省造半圆,AU,50,1932,coindata
1211307079,云南省造半圆,AU,50,1932,coindata
1211307081,云南省造半圆,AU,50,1932,coindata
1211307083,云南省造半圆,AU,50,1932,coindata
1211307099,袁世凯像壹圆,AU,50,1914,coindata
1211307143,孙中山像壹圆,AU,53,1934,coindata
1211307175,袁世凯像壹圆,AU,53,1914,coindata
1211307197,袁世凯像壹圆,AU,50,1914,coindata
1211307221,袁世凯像壹圆,AU,53,1914,coindata
1211307223,袁世凯像壹圆,AU,50,1920,coindata
1211307225,袁世凯像壹圆,AU,53,1914,coindata
1211307227,袁世凯像壹圆,AU,50,1914,coindata
1211307229,袁世凯像壹圆,AU,50,1914,coindata
1211307259,袁世凯像壹圆,AU,53,1914,coindata
1211307261,孙中山像壹圆,AU,53,1934,coindata
1211307293,唐继尧像半圆,AU,53,1919,coindata
1211307299,袁世凯像壹圆,AU,50,1914,coindata
1211307301,袁世凯像壹圆,AU,50,1914,coindata
1211307321,袁世凯像贰角,AU,53,1914,coindata
1211307327,袁世凯像壹圆,AU,53,1920,coindata
1211307367,袁世凯像壹圆,AU,50,1920,coindata
1211307403,袁世凯像壹圆,AU,50,1914,coindata
1211307409,袁世凯像壹圆,AU,50,1914,coindata
1211307413,袁世凯像壹圆,AU,50,1920,coindata
1211307425,袁世凯像壹圆,AU,50,1921,coindata
1211307427,袁世凯像壹圆,AU,53,1921,coindata
1211307431,孙中山像壹圆,AU,50,1934,coindata
1211307433,孙中山像壹圆,AU,50,1934,coindata
1211307437,湖北省造一圆,AU,50,1895,coindata
1211307449,袁世凯像壹圆,AU,53,1921,coindata
1211307451,云南省造半圆,AU,50,1932,coindata
1211307457,孙中山像壹圆,AU,50,1933,coindata
1211307461,云南省造半圆,AU,53,1911,coindata
1211307463,云南省造半圆,AU,53,1911,coindata
1211307465,云南省造半圆,AU,53,1911,coindata
1211307467,云南省造半圆,AU,53,1911,coindata
1211307469,云南省造半圆,AU,53,1911,coindata
1211307471,云南省造半圆,AU,53,1911,coindata
1211307473,云南省造半圆,AU,53,1911,coindata
1211307475,云南省造半圆,AU,53,1911,coindata
1211307477,云南省造半圆,AU,53,1911,coindata
1211307479,云南省造半圆,AU,53,1911,coindata
1211307481,云南省造半圆,AU,53,1911,coindata
1211307483,云南省造半圆,AU,53,1911,coindata
1211307485,云南省造半圆,AU,53,1911,coindata
1211307487,云南省造半圆,AU,53,1911,coindata
1211307489,云南省造半圆,AU,53,1911,coindata
1211307491,云南省造半圆,AU,53,1911,coindata
1211307505,袁世凯像壹圆,AU,50,1920,coindata
1211307509,袁世凯像壹圆,AU,50,1921,coindata
1211307513,袁世凯像壹圆,AU,50,1920,coindata
1211307559,孙中山像贰毫,AU,53,1929,coindata
1211307565,大清银币壹圆,AU,50,1911,coindata
1211307599,袁世凯像壹圆,AU,50,1914,coindata
1211307605,云南省造半圆,AU,50,1911,coindata
1211307607,云南省造半圆,AU,50,1911,coindata
1211307609,云南省造半圆,AU,50,1911,coindata
1211307611,云南省造半圆,AU,50,1911,coindata
1211307613,云南省造半圆,AU,50,1911,coindata
1211307615,云南省造半圆,AU,50,1911,coindata
1211307617,云南省造半圆,AU,50,1911,coindata
1211307619,云南省造半圆,AU,50,1911,coindata
1211307621,云南省造半圆,AU,50,1911,coindata
1211307623,云南省造半圆,AU,50,1911,coindata
1211307625,云南省造半圆,AU,50,1911,coindata
1211307627,云南省造半圆,AU,50,1911,coindata
1211307629,云南省造半圆,AU,50,1911,coindata
1211307631,云南省造半圆,AU,50,1911,coindata
1211307633,云南省造半圆,AU,50,1911,coindata
1211307635,云南省造半圆,AU,50,1911,coindata
1211307637,云南省造半圆,AU,50,1911,coindata
1211307639,云南省造半圆,AU,50,1911,coindata
1211307641,云南省造半圆,AU,50,1911,coindata
1211307643,云南省造半圆,AU,50,1911,coindata
1211307645,云南省造半圆,AU,50,1911,coindata
1211307647,云南省造半圆,AU,50,1911,coindata
1211307649,云南省造半圆,AU,50,1911,coindata
1211307651,云南省造半圆,AU,50,1911,coindata
1211307653,云南省造半圆,AU,50,1911,coindata
1211307655,云南省造半圆,AU,50,1911,coindata
1211307657,云南省造半圆,AU,50,1911,coindata
1211307659,云南省造半圆,AU,50,1911,coindata
1211307661,云南省造半圆,AU,50,1911,coindata
1211307663,云南省造半圆,AU,50,1911,coindata
1211307665,云南省造半圆,AU,50,1911,coindata
1211307667,云南省造半圆,AU,50,1911,coindata
1211307669,云南省造半圆,AU,50,1911,coindata
1211307671,云南省造半圆,AU,50,1911,coindata
1211307673,云南省造半圆,AU,50,1911,coindata
1211307675,云南省造半圆,AU,50,1911,coindata
1211307677,云南省造半圆,AU,50,1911,coindata
1211307679,云南省造半圆,AU,50,1911,coindata
1211307681,云南省造半圆,AU,50,1911,coindata
1211307683,云南省造半圆,AU,50,1911,coindata
1211307685,云南省造半圆,AU,50,1911,coindata
1211307687,云南省造半圆,AU,50,1911,coindata
1211307689,云南省造半圆,AU,50,1911,coindata
1211307691,云南省造半圆,AU,50,1911,coindata
1211307693,云南省造半圆,AU,50,1911,coindata
1211307695,云南省造半圆,AU,50,1911,coindata
1211307697,云南省造半圆,AU,50,1911,coindata
1211307699,云南省造半圆,AU,50,1911,coindata
1211307701,云南省造半圆,AU,50,1911,coindata
1211307703,云南省造半圆,AU,50,1911,coindata
1211307705,云南省造半圆,AU,50,1911,coindata
1211307707,云南省造半圆,AU,50,1911,coindata
1211307709,云南省造半圆,AU,50,1911,coindata
1211307711,云南省造半圆,AU,50,1911,coindata
1211307713,云南省造半圆,AU,50,1911,coindata
1211307715,云南省造半圆,AU,50,1911,coindata
1211307717,云南省造半圆,AU,50,1911,coindata
1211307719,云南省造半圆,AU,50,1911,coindata
1211307721,云南省造半圆,AU,50,1911,coindata
1211307723,云南省造半圆,AU,50,1911,coindata
1211307725,云南省造半圆,AU,50,1911,coindata
1211307727,云南省造半圆,AU,50,1911,coindata
1211307729,云南省造半圆,AU,50,1911,coindata
1211307731,云南省造半圆,AU,50,1911,coindata
1211307733,云南省造半圆,AU,50,1911,coindata
1211307735,云南省造半圆,AU,50,1911,coindata
1211307737,云南省造半圆,AU,50,1911,coindata
1211307739,云南省造半圆,AU,50,1911,coindata
1211307743,开国纪念壹圆,AU,50,1927,coindata
1211307749,大清银币壹圆,AU,53,1911,coindata
1211307751,大清银币壹圆,AU,50,1911,coindata
1211307757,云南省造半圆,AU,50,1911,coindata
1211307777,孙中山像壹圆,AU,53,1933,coindata
1211307803,云南省造半圆,AU,50,1911,coindata
1211307805,云南省造半圆,AU,50,1911,coindata
1211307813,云南省造半圆,AU,50,1911,coindata
1211307817,云南省造贰角,AU,50,1932,coindata
1211307819,东三省造二角,AU,50,1912,coindata
1211307821,云南省造贰角,AU,50,1949,coindata
1211307829,袁世凯像壹圆,AU,50,1914,coindata
1211307839,大清银币壹圆,AU,50,1911,coindata
1211307849,湖北省造一圆,AU,50,1909,coindata
1211307859,开国纪念壹圆,AU,53,1927,coindata
1211307875,开国纪念壹圆,AU,50,1927,coindata
1211307879,北洋局造一圆,AU,50,1908,coindata
1211307889,袁世凯像壹圆,AU,53,1914,coindata
1211307897,西藏章嘎嘎布,AU,50,1912,coindata
1211307899,西藏章嘎嘎布,AU,53,1912,coindata
1211307901,西藏章嘎嘎布,AU,53,1912,coindata
1211307903,西藏章嘎嘎布,AU,53,1912,coindata
1211307905,袁世凯像壹圆,AU,50,1920,coindata
1211307909,袁世凯像壹圆,AU,50,1920,coindata
1211307925,云南省造半圆,AU,53,1932,coindata
1211307927,云南省造半圆,AU,53,1908,coindata
1211307937,袁世凯像壹圆,AU,50,1914,coindata
1211307947,开国纪念壹圆,AU,50,1927,coindata
1211307957,开国纪念壹圆,AU,53,1927,coindata
1211307965,孙中山像伍角,AU,50,1949,coindata
1211307967,孙中山像伍角,AU,50,1949,coindata
1211307969,孙中山像伍角,AU,50,1949,coindata
1211307991,新疆省造一圆,AU,50,1949,coindata
1211307997,北洋局造一圆,AU,50,1908,coindata
1211308007,开国纪念壹圆,AU,50,1912,coindata
1211308015,袁世凯像壹圆,AU,50,1921,coindata
1211308033,开国纪念壹圆,AU,50,1927,coindata
1211308043,四川银币壹圆,AU,50,1912,coindata
1211308067,福建中华二角,AU,53,1912,coindata
1211308069,开国纪念壹圆,AU,53,1927,coindata
1211308097,袁世凯像壹圆,AU,50,1914,coindata
1211308169,袁世凯像壹圆,AU,53,1914,coindata
1211308171,袁世凯像壹圆,AU,53,1914,coindata
1211308173,袁世凯像壹圆,AU,53,1914,coindata
1211308175,袁世凯像壹圆,AU,53,1914,coindata
1211308177,袁世凯像壹圆,AU,53,1914,coindata
1211308179,袁世凯像壹圆,AU,53,1914,coindata
1211308181,袁世凯像壹圆,AU,53,1914,coindata
1211308183,袁世凯像壹圆,AU,53,1914,coindata
1211308185,袁世凯像壹圆,AU,53,1914,coindata
1211308187,袁世凯像壹圆,AU,53,1914,coindata
1211308189,袁世凯像壹圆,AU,53,1914,coindata
1211308191,袁世凯像壹圆,AU,53,1914,coindata
1211308193,袁世凯像壹圆,AU,53,1914,coindata
1211308195,袁世凯像壹圆,AU,53,1914,coindata
1211308197,袁世凯像壹圆,AU,53,1914,coindata
1211308199,袁世凯像壹圆,AU,53,1914,coindata
1211308201,袁世凯像壹圆,AU,53,1914,coindata
1211308203,袁世凯像壹圆,AU,53,1914,coindata
1211308205,袁世凯像壹圆,AU,53,1914,coindata
1211308207,袁世凯像壹圆,AU,53,1914,coindata
1211308209,袁世凯像壹圆,AU,53,1914,coindata
1211308211,袁世凯像壹圆,AU,53,1914,coindata
1211308213,袁世凯像壹圆,AU,53,1914,coindata
1211308215,袁世凯像壹圆,AU,53,1914,coindata
1211308217,袁世凯像壹圆,AU,53,1914,coindata
1211308219,袁世凯像壹圆,AU,53,1914,coindata
1211308221,袁世凯像壹圆,AU,53,1914,coindata
1211308223,袁世凯像壹圆,AU,53,1921,coindata
1211308225,袁世凯像壹圆,AU,53,1921,coindata
1211308227,袁世凯像壹圆,AU,53,1921,coindata
1211308229,袁世凯像壹圆,AU,53,1921,coindata
1211308231,孙中山像壹圆,AU,53,1934,coindata
1211308233,孙中山像壹圆,AU,53,1934,coindata
1211308235,孙中山像壹圆,AU,53,1934,coindata
1211308237,袁世凯像壹圆,AU,50,1914,coindata
1211308239,袁世凯像壹圆,AU,50,1914,coindata
1211308241,袁世凯像壹圆,AU,50,1914,coindata
1211308243,袁世凯像壹圆,AU,50,1914,coindata
1211308245,袁世凯像壹圆,AU,50,1914,coindata
1211308247,袁世凯像壹圆,AU,50,1914,coindata
1211308249,袁世凯像壹圆,AU,50,1914,coindata
1211308251,袁世凯像壹圆,AU,50,1914,coindata
1211308253,袁世凯像壹圆,AU,50,1914,coindata
1211308255,袁世凯像壹圆,AU,50,1914,coindata
1211308257,袁世凯像壹圆,AU,50,1914,coindata
1211308259,袁世凯像壹圆,AU,50,1914,coindata
1211308261,袁世凯像壹圆,AU,50,1914,coindata
1211308263,袁世凯像壹圆,AU,50,1914,coindata
1211308265,袁世凯像壹圆,AU,50,1914,coindata
1211308267,袁世凯像壹圆,AU,50,1914,coindata
1211308269,袁世凯像壹圆,AU,50,1914,coindata
1211308271,袁世凯像壹圆,AU,50,1921,coindata
1211308273,袁世凯像壹圆,AU,50,1921,coindata
1211308275,袁世凯像壹圆,AU,50,1921,coindata
1211308277,孙中山像壹圆,AU,50,1934,coindata
1211308341,开国纪念壹圆,AU,53,1927,coindata
1211308343,开国纪念壹圆,AU,53,1927,coindata
1211308345,开国纪念壹圆,AU,53,1927,coindata
1211308347,开国纪念壹圆,AU,53,1927,coindata
1211308349,开国纪念壹圆,AU,53,1927,coindata
1211308351,开国纪念壹圆,AU,53,1927,coindata
1211308353,开国纪念壹圆,AU,53,1927,coindata
1211308355,开国纪念壹圆,AU,53,1927,coindata
1211308357,开国纪念壹圆,AU,53,1927,coindata
1211308359,开国纪念壹圆,AU,53,1927,coindata
1211308361,开国纪念壹圆,AU,53,1927,coindata
1211308363,开国纪念壹圆,AU,53,1927,coindata
1211308365,开国纪念壹圆,AU,53,1927,coindata
1211308367,开国纪念壹圆,AU,50,1927,coindata
1211308369,开国纪念壹圆,AU,50,1927,coindata
1211308371,开国纪念壹圆,AU,50,1927,coindata
1211308373,开国纪念壹圆,AU,50,1927,coindata
1211308375,开国纪念壹圆,AU,50,1927,coindata
1211308377,开国纪念壹圆,AU,50,1927,coindata
1211308379,开国纪念壹圆,AU,50,1927,coindata
1211308387,袁世凯像壹圆,AU,53,1914,coindata
1211308389,袁世凯像壹圆,AU,53,1914,coindata
1211308391,袁世凯像壹圆,AU,50,1920,coindata
1211308393,袁世凯像壹圆,AU,50,1920,coindata
1211308395,袁世凯像壹圆,AU,50,1920,coindata
1211308397,袁世凯像壹圆,AU,50,1920,coindata
1211308399,袁世凯像壹圆,AU,50,1920,coindata
1211308401,袁世凯像壹圆,AU,50,1920,coindata
1211308403,袁世凯像壹圆,AU,50,1920,coindata
1211308405,袁世凯像壹圆,AU,53,1920,coindata
1211308417,袁世凯像壹圆,AU,53,1921,coindata
1211308419,袁世凯像壹圆,AU,53,1921,coindata
1211308421,袁世凯像壹圆,AU,53,1921,coindata
1211308423,袁世凯像壹圆,AU,53,1921,coindata
1211308425,袁世凯像壹圆,AU,53,1921,coindata
1211308427,袁世凯像壹圆,AU,53,1921,coindata
1211308429,广东省造一圆,AU,50,1890,coindata
1211308435,四川银币壹圆,AU,50,1912,coindata
1211308437,四川银币壹圆,AU,50,1912,coindata
1211308441,云南省造贰角,AU,50,1932,coindata
1211308443,云南省造贰角,AU,50,1932,coindata
1211308625,东三省造二角,AU,50,1909,coindata
1211308629,东三省造二角,AU,50,1912,coindata
1211308633,东三省造二角,AU,53,1914,coindata
1211308637,云南省造贰角,AU,50,1932,coindata
1211308655,云南省造半圆,AU,50,1911,coindata
1211308661,云南省造半圆,AU,50,1911,coindata
1211308663,云南省造半圆,AU,50,1911,coindata
1211308665,云南省造半圆,AU,50,1911,coindata
1211308667,云南省造半圆,AU,50,1911,coindata
1211308671,云南省造半圆,AU,50,1911,coindata
1211308673,云南省造半圆,AU,53,1911,coindata
1211308681,云南省造半圆,AU,53,1911,coindata
1211308683,云南省造半圆,AU,53,1911,coindata
1211308685,云南省造半圆,AU,50,1911,coindata
1211308693,云南省造半圆,AU,53,1911,coindata
1211308711,云南省造半圆,AU,53,1911,coindata
1211308713,云南省造半圆,AU,50,1911,coindata
1211308721,西藏银币三两,AU,53,1937,coindata
1211308725,开国纪念壹圆,AU,50,1927,coindata
1211308727,开国纪念壹圆,AU,53,1927,coindata
1211308733,开国纪念壹圆,AU,50,1927,coindata
1211309163,四川银币壹圆,AU,50,1912,coindata
1211309165,袁世凯像壹圆,AU,53,1921,coindata
1211309425,广东省造贰毫,AU,53,1919,coindata
1211309441,西藏银币三两,AU,50,1934,coindata
1211309619,湖北省造一圆,AU,50,1909,coindata
1211309725,袁世凯像壹圆,AU,50,1914,coindata
1211309727,孙中山像壹圆,AU,53,1933,coindata
1211309741,四川银币壹圆,AU,50,1912,coindata
1211309747,云南省造贰角,AU,53,1932,coindata
1211309753,云南省造贰角,AU,53,1932,coindata
1211309755,云南省造贰角,AU,53,1932,coindata
1211309757,云南省造贰角,AU,50,1932,coindata
1211309761,云南省造贰角,AU,50,1932,coindata
1211309763,云南省造贰角,AU,53,1932,coindata
1211309765,云南省造贰角,AU,50,1932,coindata
1211309783,开国纪念壹圆,AU,53,1927,coindata
1211309789,袁世凯像壹圆,AU,50,1921,coindata
1211309811,云南省造贰角,AU,53,1932,coindata
1211309827,袁世凯像壹圆,AU,50,1914,coindata
1211309831,袁世凯像壹圆,AU,50,1914,coindata
1211309861,袁世凯像壹圆,AU,53,1914,coindata
1211401623,广东省造二角,AU,53,1890,coindata
1211401631,东三省造二角,AU,53,1914,coindata
1211401637,奉天省造二角,AU,50,1904,coindata
1211401643,云南省造半圆,AU,50,1911,coindata
1211401669,东三省造二角,AU,50,1909,coindata
1211401677,湖北省造二角,AU,53,1895,coindata
1211401683,湖北省造二角,AU,50,1895,coindata
1211401701,云南省造半圆,AU,50,1911,coindata
1211401709,西藏银币十两,AU,53,1951,coindata
1211401723,北洋局造一圆,AU,50,1908,coindata
1211401725,袁世凯像壹圆,AU,50,1921,coindata
1211401727,袁世凯像壹圆,AU,53,1921,coindata
1211401731,袁世凯像壹圆,AU,53,1914,coindata
1211401765,袁世凯像壹圆,AU,50,1914,coindata
1211401767,袁世凯像壹圆,AU,50,1914,coindata
1211401769,袁世凯像壹圆,AU,50,1914,coindata
1211401771,袁世凯像壹圆,AU,50,1914,coindata
1211401773,袁世凯像壹圆,AU,50,1914,coindata
1211401775,袁世凯像壹圆,AU,50,1914,coindata
1211401777,袁世凯像壹圆,AU,50,1914,coindata
1211401779,袁世凯像壹圆,AU,50,1914,coindata
1211401781,袁世凯像壹圆,AU,50,1914,coindata
1211401783,袁世凯像壹圆,AU,50,1914,coindata
1211401791,开国纪念壹圆,AU,53,1927,coindata
1211401793,开国纪念壹圆,AU,53,1927,coindata
1211401811,开国纪念壹圆,AU,50,1927,coindata
1211401813,开国纪念壹圆,AU,50,1927,coindata
1211401815,开国纪念壹圆,AU,50,1927,coindata
1211401817,开国纪念壹圆,AU,50,1927,coindata
1211401819,开国纪念壹圆,AU,50,1927,coindata
1211401821,开国纪念壹圆,AU,50,1927,coindata
1211401823,开国纪念壹圆,AU,50,1927,coindata
1211401825,开国纪念壹圆,AU,50,1927,coindata
1211401827,开国纪念壹圆,AU,50,1927,coindata
1211401829,开国纪念壹圆,AU,50,1927,coindata
1211401831,开国纪念壹圆,AU,50,1927,coindata
1211401833,开国纪念壹圆,AU,50,1927,coindata
1211401841,开国纪念壹圆,AU,53,1927,coindata
1211401847,开国纪念壹圆,AU,53,1927,coindata
1211401849,开国纪念壹圆,AU,53,1927,coindata
1211401851,开国纪念壹圆,AU,53,1927,coindata
1211401853,开国纪念壹圆,AU,53,1927,coindata
1211401855,开国纪念壹圆,AU,50,1927,coindata
1211401857,开国纪念壹圆,AU,50,1927,coindata
1211401859,开国纪念壹圆,AU,50,1927,coindata
1211401861,开国纪念壹圆,AU,50,1927,coindata
1211401863,开国纪念壹圆,AU,50,1927,coindata
1211401865,开国纪念壹圆,AU,50,1927,coindata
1211401869,袁世凯像壹圆,AU,50,1914,coindata
1211401873,袁世凯像壹圆,AU,53,1921,coindata
1211401887,袁世凯像壹圆,AU,50,1920,coindata
1211401891,袁世凯像壹圆,AU,53,1921,coindata
1211401893,袁世凯像壹圆,AU,50,1914,coindata
1211401895,湖北省造一圆,AU,50,1895,coindata
1211401899,孙中山像壹圆,AU,50,1934,coindata
1211401925,北洋局造一圆,AU,53,1908,coindata
1211401927,云南省造半圆,AU,50,1908,coindata
1211401933,西藏银币十两,AU,50,1952,coindata
1211401937,西藏银币十两,AU,53,1949,coindata
1211401941,西藏章嘎嘎布,AU,53,1912,coindata
1211401953,袁世凯像壹圆,AU,50,1921,coindata
1211401955,云南省造半圆,AU,50,1932,coindata
1211401963,袁世凯像壹圆,AU,50,1920,coindata
1211401965,袁世凯像壹圆,AU,50,1921,coindata
1211401977,开国纪念壹圆,AU,53,1927,coindata
1211402017,孙中山像壹圆,AU,50,1934,coindata
1211402071,大清银币壹圆,AU,50,1911,coindata
1211402073,大清银币壹圆,AU,53,1911,coindata
1211402075,大清银币壹圆,AU,53,1911,coindata
1211402077,北洋局造一圆,AU,50,1908,coindata
1211402081,江南省造一圆,AU,53,1900,coindata
1211402085,四川银币壹圆,AU,50,1912,coindata
1211402089,袁世凯像壹圆,AU,50,1914,coindata
1211402093,光绪银圆喀造伍钱,AU,50,1904,coindata
1211402097,袁世凯像壹圆,AU,50,1919,coindata
1211402099,袁世凯像壹圆,AU,50,1919,coindata
1211402101,袁世凯像壹圆,AU,50,1919,coindata
1211402103,袁世凯像壹圆,AU,50,1921,coindata
1211402111,孙中山像壹圆,AU,53,1933,coindata
1211402113,湖北省造一圆,AU,50,1909,coindata
1211402115,湖北省造一圆,AU,50,1909,coindata
1211402119,四川省造一圆,AU,50,1898,coindata
1211402135,大清银币壹圆,AU,50,1911,coindata
1211402137,新疆迪化壹两,AU,50,1918,coindata
1211402139,唐继尧像半圆,AU,53,1919,coindata
1211402145,袁世凯像贰角,AU,50,1914,coindata
1211402155,袁世凯像壹圆,AU,53,1914,coindata
1211402169,云南省造半圆,AU,53,1932,coindata
1211402175,袁世凯像壹圆,AU,50,1920,coindata
1211402181,云南省造半圆,AU,50,1911,coindata
1211402183,云南省造半圆,AU,53,1911,coindata
1211402187,袁世凯像壹圆,AU,50,1921,coindata
1211402207,唐继尧像半圆,AU,50,1919,coindata
1211402225,开国纪念壹圆,AU,50,1927,coindata
1211402249,云南省造贰角,AU,50,1932,coindata
1211402253,广东省造壹毫,AU,50,1913,coindata
1211402259,袁世凯像壹圆,AU,53,1920,coindata
1211402283,袁世凯像壹圆,AU,50,1921,coindata
1211402297,开国纪念壹圆,AU,50,1927,coindata
1211402325,袁世凯像壹圆,AU,50,1914,coindata
1211402333,袁世凯像壹圆,AU,50,1914,coindata
1211402335,袁世凯像壹圆,AU,50,1920,coindata
1211402343,北洋局造一圆,AU,50,1908,coindata
1211402349,唐继尧像半圆,AU,53,1919,coindata
1211402353,孙中山像壹圆,AU,53,1934,coindata
1211402361,袁世凯像壹圆,AU,53,1920,coindata
1211402371,云南省造半圆,AU,53,1911,coindata
1211402373,云南省造半圆,AU,53,1911,coindata
1211402377,湖北双龙壹两,AU,53,1904,coindata
1211402391,云南省造半圆,AU,53,1911,coindata
1211402393,云南省造半圆,AU,53,1911,coindata
1211402395,云南省造半圆,AU,50,1911,coindata
1211402397,云南省造半圆,AU,50,1911,coindata
1211402399,云南省造半圆,AU,50,1911,coindata
1211402401,云南省造半圆,AU,50,1911,coindata
1211402403,云南省造半圆,AU,53,1911,coindata
1211402405,云南省造半圆,AU,53,1911,coindata
1211402407,云南省造半圆,AU,50,1911,coindata
1211402409,云南省造半圆,AU,50,1911,coindata
1211402411,云南省造半圆,AU,50,1911,coindata
1211402413,云南省造半圆,AU,50,1911,coindata
1211402415,云南省造半圆,AU,50,1911,coindata
1211402417,云南省造半圆,AU,50,1911,coindata
1211402419,云南省造半圆,AU,50,1911,coindata
1211402421,云南省造半圆,AU,50,1911,coindata
1211402423,云南省造半圆,AU,50,1911,coindata
1211402425,云南省造半圆,AU,50,1911,coindata
1211402427,云南省造半圆,AU,50,1911,coindata
1211402449,北洋局造一圆,AU,53,1908,coindata
1211402451,袁世凯像壹圆,AU,50,1921,coindata
1211402457,袁世凯像壹圆,AU,50,1914,coindata
1211402469,开国纪念壹圆,AU,50,1927,coindata
1211402473,袁世凯像壹圆,AU,50,1914,coindata
1211402551,袁世凯像壹圆,AU,53,1920,coindata
1211402559,袁世凯像壹圆,AU,53,1914,coindata
1211402561,袁世凯像壹圆,AU,53,1914,coindata
1211402563,袁世凯像壹圆,AU,50,1914,coindata
1211402575,四川省造卢比,AU,50,1930,coindata
1211402625,袁世凯像壹圆,AU,53,1914,coindata
1211402643,东三省造二角,AU,53,1914,coindata
1211402681,袁世凯像壹圆,AU,50,1914,coindata
1211402761,西藏章嘎嘎布,AU,53,1912,coindata
1211402781,孙中山像壹圆,AU,53,1933,coindata
1211402785,袁世凯像贰角,AU,50,1914,coindata
1211402787,四川银币壹圆,AU,53,1912,coindata
1211402791,袁世凯像壹圆,AU,50,1920,coindata
1211402845,袁世凯像壹圆,AU,53,1920,coindata
1211402853,袁世凯像壹圆,AU,50,1921,coindata
1211402859,开国纪念壹圆,AU,50,1927,coindata
1211402867,云南省造半圆,AU,50,1911,coindata
1211402869,云南省造半圆,AU,50,1911,coindata
1211402871,云南省造半圆,AU,50,1911,coindata
1211402873,云南省造半圆,AU,50,1911,coindata
1211402875,云南省造半圆,AU,50,1911,coindata
1211402877,云南省造半圆,AU,50,1911,coindata
1211402879,云南省造半圆,AU,50,1911,coindata
1211402881,云南省造半圆,AU,50,1911,coindata
1211402883,云南省造半圆,AU,50,1911,coindata
1211402885,云南省造半圆,AU,50,1911,coindata
1211402887,云南省造半圆,AU,50,1911,coindata
1211402889,云南省造半圆,AU,50,1911,coindata
1211402891,云南省造半圆,AU,50,1911,coindata
1211402893,云南省造半圆,AU,50,1911,coindata
1211402895,云南省造半圆,AU,50,1911,coindata
1211402897,云南省造半圆,AU,50,1911,coindata
1211402899,云南省造半圆,AU,50,1911,coindata
1211402901,云南省造半圆,AU,50,1911,coindata
1211402903,云南省造半圆,AU,50,1911,coindata
1211402905,云南省造半圆,AU,50,1911,coindata
1211402907,云南省造半圆,AU,50,1911,coindata
1211402909,云南省造半圆,AU,50,1911,coindata
1211402911,云南省造半圆,AU,50,1911,coindata
1211402913,云南省造半圆,AU,50,1911,coindata
1211402915,云南省造半圆,AU,50,1911,coindata
1211402917,云南省造半圆,AU,50,1911,coindata
1211402919,云南省造半圆,AU,50,1911,coindata
1211402921,云南省造半圆,AU,50,1911,coindata
1211402923,云南省造半圆,AU,50,1911,coindata
1211402925,云南省造半圆,AU,50,1911,coindata
1211402927,云南省造半圆,AU,50,1911,coindata
1211402929,云南省造半圆,AU,50,1911,coindata
1211402931,云南省造半圆,AU,50,1911,coindata
1211402933,云南省造半圆,AU,50,1911,coindata
1211402935,云南省造半圆,AU,50,1911,coindata
1211402937,云南省造半圆,AU,50,1911,coindata
1211402939,云南省造半圆,AU,50,1911,coindata
1211402941,云南省造半圆,AU,50,1911,coindata
1211402943,云南省造半圆,AU,50,1911,coindata
1211402945,云南省造半圆,AU,50,1911,coindata
1211402947,云南省造半圆,AU,50,1911,coindata
1211402949,云南省造半圆,AU,50,1911,coindata
1211402951,云南省造半圆,AU,50,1911,coindata
1211402953,云南省造半圆,AU,50,1911,coindata
1211402955,云南省造半圆,AU,50,1911,coindata
1211402957,云南省造半圆,AU,50,1911,coindata
1211402959,云南省造半圆,AU,50,1911,coindata
1211402961,云南省造半圆,AU,50,1911,coindata
1211402963,云南省造半圆,AU,50,1911,coindata
1211402965,云南省造半圆,AU,50,1911,coindata
1211402969,袁世凯像壹圆,AU,50,1914,coindata
1211402977,北洋局造一圆,AU,50,1908,coindata
1211402983,袁世凯像壹圆,AU,53,1914,coindata
1211402993,开国纪念壹圆,AU,50,1927,coindata
1211402997,孙中山像壹圆,AU,50,1933,coindata
1211403009,云南省造半圆,AU,50,1911,coindata
1211403011,云南省造半圆,AU,50,1911,coindata
1211403013,云南省造半圆,AU,50,1911,coindata
1211403015,云南省造半圆,AU,50,1911,coindata
1211403017,云南省造半圆,AU,50,1911,coindata
1211403019,云南省造半圆,AU,50,1911,coindata
1211403021,云南省造半圆,AU,50,1911,coindata
1211403023,云南省造半圆,AU,50,1911,coindata
1211403025,云南省造半圆,AU,50,1911,coindata
1211403027,云南省造半圆,AU,50,1911,coindata
1211403029,云南省造半圆,AU,50,1911,coindata
1211403031,云南省造半圆,AU,50,1911,coindata
1211403033,云南省造半圆,AU,50,1911,coindata
1211403035,云南省造半圆,AU,50,1911,coindata
1211403037,云南省造半圆,AU,50,1911,coindata
1211403039,云南省造半圆,AU,50,1911,coindata
1211403041,云南省造半圆,AU,50,1911,coindata
1211403043,云南省造半圆,AU,50,1911,coindata
1211403045,云南省造半圆,AU,50,1911,coindata
1211403047,云南省造半圆,AU,50,1911,coindata
1211403049,云南省造半圆,AU,50,1911,coindata
1211403051,云南省造半圆,AU,50,1911,coindata
1211403053,云南省造半圆,AU,50,1911,coindata
1211403055,云南省造半圆,AU,50,1911,coindata
1211403057,云南省造半圆,AU,50,1911,coindata
1211403059,云南省造半圆,AU,50,1911,coindata
1211403061,云南省造半圆,AU,50,1911,coindata
1211403063,云南省造半圆,AU,53,1911,coindata
1211403065,云南省造半圆,AU,53,1911,coindata
1211403067,云南省造半圆,AU,53,1911,coindata
1211403069,云南省造半圆,AU,53,1911,coindata
1211403071,云南省造半圆,AU,53,1911,coindata
1211403073,云南省造半圆,AU,53,1911,coindata
1211403075,云南省造半圆,AU,53,1911,coindata
1211403077,云南省造半圆,AU,53,1911,coindata
1211403079,云南省造半圆,AU,53,1911,coindata
1211403081,云南省造半圆,AU,53,1911,coindata
1211403083,云南省造半圆,AU,53,1911,coindata
1211403085,云南省造半圆,AU,50,1911,coindata
1211403087,云南省造半圆,AU,50,1911,coindata
1211403089,云南省造半圆,AU,50,1911,coindata
1211403091,云南省造半圆,AU,50,1911,coindata
1211403093,云南省造半圆,AU,50,1911,coindata
1211403095,云南省造半圆,AU,50,1911,coindata
1211403097,云南省造半圆,AU,50,1911,coindata
1211403099,云南省造半圆,AU,50,1911,coindata
1211403101,云南省造半圆,AU,50,1911,coindata
1211403103,云南省造半圆,AU,50,1911,coindata
1211403105,云南省造半圆,AU,50,1911,coindata
1211403107,云南省造半圆,AU,50,1911,coindata
1211403109,云南省造半圆,AU,50,1911,coindata
1211403111,云南省造半圆,AU,50,1911,coindata
1211405023,开国纪念壹圆,AU,50,1927,coindata
1211405049,袁世凯像壹圆,AU,53,1920,coindata
1211405059,袁世凯像壹圆,AU,50,1914,coindata
1211405127,开国纪念壹圆,AU,50,1927,coindata
1211405141,开国纪念壹圆,AU,50,1927,coindata
1211405163,孙中山像壹圆,AU,50,1934,coindata
1211405169,开国纪念壹圆,AU,50,1927,coindata
1211405171,新疆迪化壹两,AU,53,1917,coindata
1211405173,袁世凯像壹圆,AU,50,1914,coindata
1211405175,袁世凯像壹圆,AU,50,1914,coindata
1211405177,袁世凯像壹圆,AU,50,1920,coindata
1211405179,袁世凯像壹圆,AU,53,1921,coindata
1211405239,四川银币壹圆,AU,50,1912,coindata
1211405241,四川银币壹圆,AU,50,1912,coindata
1211405247,四川银币壹圆,AU,50,1912,coindata
1211405257,孙中山像壹圆,AU,53,1934,coindata
1211405261,孙中山像壹圆,AU,53,1934,coindata
1211405279,袁世凯像壹圆,AU,53,1914,coindata
1211405311,袁世凯像壹圆,AU,53,1914,coindata
1211405317,云南省造贰角,AU,53,1932,coindata
1211405349,袁世凯像壹圆,AU,53,1914,coindata
1211405383,北洋局造一圆,AU,50,1908,coindata
1211405385,湖北省造一圆,AU,50,1895,coindata
1211405391,江南省造一圆,AU,50,1904,coindata
1211405401,袁世凯像壹圆,AU,50,1919,coindata
1211405421,广东省造壹毫,AU,53,1913,coindata
1211405423,云南省造半圆,AU,50,1932,coindata
1211405431,西藏银币十两,AU,50,1951,coindata
1211405461,新疆迪化壹两,AU,50,1918,coindata
1211405463,新疆迪化壹两,AU,53,1918,coindata
1211405469,孙中山像壹圆,AU,53,1934,coindata
1211405485,孙中山像贰毫,AU,53,1929,coindata
1211405491,袁世凯像壹圆,AU,50,1914,coindata
1211405497,云南省造半圆,AU,50,1911,coindata
1211405499,云南省造半圆,AU,50,1911,coindata
1211405545,袁世凯像壹圆,AU,50,1920,coindata
1211405581,袁世凯像壹角,AU,50,1914,coindata
1211405587,北洋局造一圆,AU,50,1903,coindata
1211405589,袁世凯像贰角,AU,53,1914,coindata
1211405591,袁世凯像贰角,AU,53,1914,coindata
1211405629,袁世凯像壹圆,AU,50,1914,coindata
1211405631,云南省造半圆,AU,53,1932,coindata
1211405633,云南省造半圆,AU,50,1932,coindata
1211405635,云南省造半圆,AU,50,1932,coindata
1211405639,云南省造半圆,AU,53,1932,coindata
1211405641,云南省造半圆,AU,50,1932,coindata
1211405643,云南省造半圆,AU,53,1911,coindata
1211405645,云南省造贰角,AU,50,1932,coindata
1211405647,袁世凯像壹圆,AU,53,1914,coindata
1211405707,西藏银币十两,AU,50,1949,coindata
1211405757,西藏银币三两,AU,53,1937,coindata
1211405771,袁世凯像壹圆,AU,53,1914,coindata
1211405781,四川省造一角,AU,53,1898,coindata
1211405799,开国纪念壹圆,AU,50,1927,coindata
1211405863,袁世凯像壹圆,AU,50,1914,coindata
1211405921,袁世凯像壹圆,AU,50,1914,coindata
1211405923,袁世凯像壹圆,AU,50,1914,coindata
1211405925,袁世凯像壹圆,AU,50,1914,coindata
1211405927,袁世凯像壹圆,AU,50,1914,coindata
1211405929,袁世凯像壹圆,AU,53,1914,coindata
1211405931,袁世凯像壹圆,AU,53,1914,coindata
1211405951,袁世凯像壹圆,AU,50,1921,coindata
1211405953,袁世凯像壹圆,AU,50,1921,coindata
1211405979,袁世凯像壹圆,AU,53,1921,coindata
1211405985,袁世凯像壹圆,AU,50,1920,coindata
1211405993,开国纪念壹圆,AU,50,1927,coindata
1211405997,开国纪念壹圆,AU,53,1927,coindata
1211405999,开国纪念壹圆,AU,50,1927,coindata
1211406005,孙中山像壹圆,AU,50,1934,coindata
1211406007,孙中山像壹圆,AU,50,1934,coindata
1211406069,西藏银币三两,AU,50,1937,coindata
1211406073,广东省造二角,AU,50,1909,coindata
1211406097,袁世凯像壹圆,AU,50,1914,coindata
1211406133,孙中山像壹圆,AU,50,1934,coindata
1211406139,孙中山像壹圆,AU,53,1934,coindata
1211406141,孙中山像壹圆,AU,53,1934,coindata
1211406147,袁世凯像壹圆,AU,53,1914,coindata
1211406149,开国纪念壹圆,AU,50,1927,coindata
1211406167,袁世凯像贰角,AU,50,1914,coindata
1211406173,云南省造半圆,AU,50,1932,coindata
1211406175,云南省造半圆,AU,53,1932,coindata
1211406191,开国纪念壹圆,AU,53,1927,coindata
1211406197,开国纪念壹圆,AU,53,1927,coindata
1211406199,袁世凯像壹圆,AU,50,1914,coindata
1211406217,孙中山像壹圆,AU,50,1934,coindata
1211406257,袁世凯像壹圆,AU,53,1920,coindata
1211406301,袁世凯像壹圆,AU,50,1914,coindata
1211406367,袁世凯像壹圆,AU,50,1921,coindata
1211406393,袁世凯像壹圆,AU,53,1914,coindata
1211406395,开国纪念壹圆,AU,50,1927,coindata
1211406403,袁世凯像壹圆,AU,50,1921,coindata
1211406409,福建中华二角,AU,50,1923,coindata
1211406423,东三省造二角,AU,50,1912,coindata
1211406425,东三省造二角,AU,53,1914,coindata
1211406437,开国纪念壹圆,AU,53,1927,coindata
1211406441,袁世凯像壹圆,AU,50,1914,coindata
1211406447,袁世凯像壹圆,AU,53,1914,coindata
1211406449,袁世凯像壹圆,AU,53,1914,coindata
1211406451,袁世凯像壹圆,AU,50,1921,coindata
1211406453,袁世凯像壹圆,AU,50,1920,coindata
1211406475,广东省造二角,AU,50,1890,coindata
1211406479,云南省造半圆,AU,50,1932,coindata
1211406491,袁世凯像壹圆,AU,53,1914,coindata
1211406493,袁世凯像壹圆,AU,53,1920,coindata
1211406515,云南省造贰角,AU,50,1932,coindata
1211406525,孙中山像壹圆,AU,50,1934,coindata
1211406531,广东省造二角,AU,50,1890,coindata
1211406539,袁世凯像壹圆,AU,50,1914,coindata
1211406541,袁世凯像壹圆,AU,50,1914,coindata
1211406543,袁世凯像壹圆,AU,53,1914,coindata
1211406545,袁世凯像壹圆,AU,50,1920,coindata
1211406549,袁世凯像壹圆,AU,53,1920,coindata
1211406551,袁世凯像壹圆,AU,53,1921,coindata
1211406553,袁世凯像壹圆,AU,53,1921,coindata
1211406559,开国纪念壹圆,AU,53,1927,coindata
1211406561,孙中山像壹圆,AU,53,1933,coindata
1211406569,袁世凯像壹圆,AU,50,1914,coindata
1211406575,云南省造半圆,AU,50,1911,coindata
1211406631,袁世凯像壹圆,AU,50,1920,coindata
1211406671,开国纪念壹圆,AU,53,1927,coindata
1211406681,袁世凯像壹圆,AU,50,1920,coindata
1211406711,云南省造半圆,AU,53,1911,coindata
1211406713,云南省造半圆,AU,53,1911,coindata
1211406717,袁世凯像壹圆,AU,50,1914,coindata
1211406719,袁世凯像壹圆,AU,50,1919,coindata
1211406721,开国纪念壹圆,AU,50,1927,coindata
1211406723,东三省造二角,AU,50,1914,coindata
1211406725,广东省造二角,AU,53,1890,coindata
1211406727,东三省造二角,AU,50,1909,coindata
1211406731,东三省造二角,AU,50,1909,coindata
1211406735,云南省造二角,AU,50,1932,coindata
1211406737,东三省造二角,AU,50,1909,coindata
1211406739,广东省造二角,AU,50,1909,coindata
1211406741,广东省造二角,AU,50,1909,coindata
1211406743,广东省造二角,AU,50,1909,coindata
1211406745,广东省造二角,AU,50,1890,coindata
1211406747,广东省造二角,AU,50,1890,coindata
1211406749,广东省造二角,AU,50,1890,coindata
1211406751,广东省造二角,AU,50,1890,coindata
1211406753,广东省造一角,AU,50,1890,coindata
1211406783,袁世凯像壹圆,AU,53,1914,coindata
1211406785,袁世凯像壹圆,AU,50,1914,coindata
1211406799,袁世凯像壹圆,AU,50,1914,coindata
1211406801,袁世凯像壹圆,AU,50,1914,coindata
1211406803,袁世凯像壹圆,AU,50,1914,coindata
1211406809,袁世凯像壹圆,AU,50,1920,coindata
1211406811,袁世凯像壹圆,AU,50,1920,coindata
1211406813,袁世凯像壹圆,AU,50,1921,coindata
1211406815,孙中山像壹圆,AU,50,1933,coindata
1211406821,孙中山像壹圆,AU,50,1934,coindata
1211406829,四川银币壹圆,AU,50,1912,coindata
1211406841,四川银币壹圆,AU,50,1912,coindata
1211406845,袁世凯像壹圆,AU,53,1914,coindata
1211406867,云南省造贰角,AU,50,1932,coindata
1211406887,袁世凯像壹圆,AU,50,1914,coindata
1211406891,袁世凯像壹圆,AU,50,1920,coindata
1211406893,袁世凯像壹圆,AU,50,1920,coindata
1211406905,袁世凯像壹圆,AU,50,1920,coindata
1211406907,袁世凯像壹圆,AU,50,1920,coindata
1211406913,云南省造半圆,AU,50,1908,coindata
1211406937,袁世凯像壹圆,AU,53,1914,coindata
1211406955,袁世凯像壹圆,AU,53,1921,coindata
1211406967,袁世凯像壹圆,AU,50,1921,coindata
1211407011,孙中山像壹圆,AU,50,1934,coindata
1211407013,孙中山像壹圆,AU,50,1934,coindata
1211407019,开国纪念壹圆,AU,50,1927,coindata
1211407089,袁世凯像壹圆,AU,50,1914,coindata
1211407093,袁世凯像壹圆,AU,50,1914,coindata
1211407121,北洋局造一圆,AU,50,1908,coindata
1211407131,袁世凯像壹圆,AU,50,1920,coindata
1211407141,广东省造一圆,AU,53,1890,coindata
1211407147,袁世凯像壹圆,AU,53,1919,coindata
1211407151,江南省造一圆,AU,50,1904,coindata
1211407153,江南省造一圆,AU,50,1904,coindata
1211407157,江南省造一圆,AU,50,1904,coindata
1211407195,袁世凯像壹圆,AU,53,1914,coindata
1211407205,四川银币壹圆,AU,50,1912,coindata
1211407219,开国纪念壹圆,AU,50,1927,coindata
1211407237,袁世凯像壹圆,AU,50,1919,coindata
1211407243,孙中山像贰毫,AU,53,1929,coindata
1211407245,孙中山像贰毫,AU,53,1929,coindata
1211407253,大清银币壹圆,AU,50,1911,coindata
1211407255,袁世凯像壹圆,AU,53,1914,coindata
1211407291,孙中山像壹圆,AU,53,1934,coindata
1211407309,袁世凯像壹圆,AU,50,1921,coindata
1211407311,福建中华二角,AU,50,1912,coindata
1211407315,湖北省造一角,AU,50,1895,coindata
1211407469,东三省造二角,AU,50,1912,coindata
1211407507,开国纪念壹圆,AU,53,1927,coindata
1211407511,孙中山像壹圆,AU,50,1933,coindata
1211407513,袁世凯像壹圆,AU,53,1914,coindata
1211407517,西藏银币十两,AU,50,1948,coindata
1211407519,西藏银币十两,AU,50,1948,coindata
1211407521,西藏银币十两,AU,50,1948,coindata
1211407523,西藏银币十两,AU,50,1948,coindata
1211407525,西藏银币十两,AU,53,1948,coindata
1211407531,西藏银币十两,AU,53,1948,coindata
1211407533,西藏银币十两,AU,53,1948,coindata
1211407537,西藏银币十两,AU,50,1948,coindata
1211407539,西藏银币十两,AU,50,1948,coindata
1211407541,西藏银币十两,AU,50,1948,coindata
1211407543,西藏银币十两,AU,50,1948,coindata
1211407595,袁世凯像壹圆,AU,50,1921,coindata
1211407607,西藏银币三两,AU,50,1935,coindata
1211407841,云南省造半圆,AU,53,1911,coindata
1211407849,袁世凯像壹圆,AU,50,1921,coindata
1211407935,云南省造半圆,AU,50,1932,coindata
1211407967,西藏银币十两,AU,53,1948,coindata
1211407969,西藏银币十两,AU,53,1950,coindata
1211407973,孙中山像壹圆,AU,50,1933,coindata
1211407987,袁世凯像壹圆,AU,50,1921,coindata
1211407991,袁世凯像壹圆,AU,53,1921,coindata
1211407993,袁世凯像壹圆,AU,50,1921,coindata
1211408003,袁世凯像贰角,AU,50,1914,coindata
1211408007,四川省造卢比,AU,53,1930,coindata
1211408011,福建省造二角,AU,53,1931,coindata
1211408013,福建中华二角,AU,53,1923,coindata
1211408019,福建省造二角,AU,53,1894,coindata
1211408027,袁世凯像壹圆,AU,50,1914,coindata
1211408029,袁世凯像壹圆,AU,50,1914,coindata
1211408031,袁世凯像壹圆,AU,50,1914,coindata
1211408033,袁世凯像壹圆,AU,53,1914,coindata
1211408035,袁世凯像壹圆,AU,53,1914,coindata
1211408037,袁世凯像壹圆,AU,50,1914,coindata
1211408039,袁世凯像壹圆,AU,50,1914,coindata
1211408043,袁世凯像壹圆,AU,53,1920,coindata
1211408051,袁世凯像壹圆,AU,53,1921,coindata
1211408053,袁世凯像壹圆,AU,50,1921,coindata
1211408057,开国纪念壹圆,AU,50,1927,coindata
1211408059,开国纪念壹圆,AU,53,1927,coindata
1211408063,四川银币壹圆,AU,50,1912,coindata
1211408071,开国纪念壹圆,AU,50,1927,coindata
1211408089,云南省造一圆,AU,50,1908,coindata
1211408117,孙中山像壹圆,AU,53,1933,coindata
1211408131,大清银币壹圆,AU,50,1911,coindata
1211408157,云南省造二角,AU,53,1911,coindata
1211408159,湖北省造一圆,AU,50,1895,coindata
1211408161,袁世凯像壹圆,AU,53,1921,coindata
1211408225,浙江省造壹毫,AU,53,1924,coindata
1211408235,东三省造二角,AU,50,1909,coindata
1211408239,云南省造贰角,AU,53,1932,coindata
1211408295,福建省造二角,AU,53,1931,coindata
1211408311,东三省造二角,AU,53,1914,coindata
1211408313,袁世凯像壹圆,AU,50,1920,coindata
1211408317,袁世凯像壹圆,AU,50,1914,coindata
1211408331,袁世凯像壹圆,AU,50,1914,coindata
1211408333,袁世凯像壹圆,AU,53,1921,coindata
1211408337,袁世凯像壹圆,AU,53,1921,coindata
1211408341,袁世凯像壹圆,AU,50,1914,coindata
1211408369,开国纪念壹圆,AU,50,1927,coindata
1211408375,袁世凯像壹圆,AU,50,1921,coindata
1211408383,孙中山像壹圆,AU,50,1934,coindata
1211408397,云南省造半圆,AU,50,1911,coindata
1211408467,孙中山像壹圆,AU,50,1933,coindata
1211408471,开国纪念壹圆,AU,50,1927,coindata
1211408515,袁世凯像壹圆,AU,50,1921,coindata
1211408541,袁世凯像壹圆,AU,53,1914,coindata
1211408543,袁世凯像壹圆,AU,53,1914,coindata
1211408545,袁世凯像壹圆,AU,50,1914,coindata
1211408547,袁世凯像壹圆,AU,50,1914,coindata
1211408551,袁世凯像壹圆,AU,53,1921,coindata
1211408595,袁世凯像壹圆,AU,50,1920,coindata
1211408627,云南省造半圆,AU,50,1911,coindata
1211408629,云南省造半圆,AU,53,1911,coindata
1211408635,云南省造半圆,AU,50,1911,coindata
1211408643,云南省造半圆,AU,50,1911,coindata
1211408645,云南省造半圆,AU,53,1911,coindata
1211408649,云南省造半圆,AU,50,1911,coindata
1211408651,云南省造半圆,AU,53,1911,coindata
1211408653,云南省造半圆,AU,50,1911,coindata
1211408657,云南省造半圆,AU,50,1911,coindata
1211408659,云南省造半圆,AU,50,1911,coindata
1211408669,云南省造半圆,AU,50,1911,coindata
1211408671,云南省造半圆,AU,50,1911,coindata
1211408677,云南省造半圆,AU,50,1911,coindata
1211408681,云南省造半圆,AU,53,1911,coindata
1211408693,云南省造半圆,AU,50,1911,coindata
1211408695,云南省造半圆,AU,50,1911,coindata
1211408703,云南省造半圆,AU,53,1911,coindata
1211408709,云南省造半圆,AU,50,1911,coindata
1211408715,云南省造半圆,AU,50,1911,coindata
1211408719,云南省造半圆,AU,53,1911,coindata
1211408721,开国纪念壹圆,AU,53,1927,coindata
1211408739,云南省造半圆,AU,53,1932,coindata
1211408747,袁世凯像壹圆,AU,50,1914,coindata
1211408749,孙中山像壹圆,AU,50,1934,coindata
1211408763,云南省造贰角,AU,53,1949,coindata
1211408765,云南省造贰角,AU,53,1949,coindata
1211408767,云南省造半圆,AU,53,1911,coindata
1211408769,云南省造半圆,AU,50,1911,coindata
1211408771,云南省造半圆,AU,50,1911,coindata
1211408773,云南省造半圆,AU,50,1911,coindata
1211408775,云南省造半圆,AU,50,1911,coindata
1211408777,云南省造半圆,AU,50,1911,coindata
1211408779,云南省造半圆,AU,50,1911,coindata
1211408781,云南省造半圆,AU,50,1911,coindata
1211408783,云南省造半圆,AU,50,1911,coindata
1211408785,云南省造半圆,AU,50,1911,coindata
1211408787,云南省造半圆,AU,50,1911,coindata
1211408789,云南省造半圆,AU,50,1911,coindata
1211408891,袁世凯像壹圆,AU,53,1914,coindata
1211408943,袁世凯像壹圆,AU,53,1914,coindata
1211408957,袁世凯像壹圆,AU,50,1914,coindata
1211408959,袁世凯像壹圆,AU,50,1914,coindata
1211408987,开国纪念壹圆,AU,50,1927,coindata
1211408993,孙中山像壹圆,AU,50,1933,coindata
1211409001,广东省造二角,AU,50,1890,coindata
1211409003,福建省造二角,AU,53,1931,coindata
1211409011,袁世凯像壹圆,AU,50,1914,coindata
1211409013,北洋局造一圆,AU,50,1908,coindata
1211409025,孙中山像壹圆,AU,50,1934,coindata
1211409047,袁世凯像贰角,AU,53,1916,coindata
1211409073,云南省造贰角,AU,50,1932,coindata
1211409077,袁世凯像壹圆,AU,50,1914,coindata
1211409079,开国纪念壹圆,AU,50,1927,coindata
1211409109,袁世凯像壹圆,AU,50,1914,coindata
1211409127,袁世凯像壹圆,AU,53,1921,coindata
1211409139,袁世凯像壹圆,AU,50,1914,coindata
1211409147,云南省造半圆,AU,50,1911,coindata
1211409149,云南省造半圆,AU,53,1911,coindata
1211409151,云南省造半圆,AU,50,1911,coindata
1211409177,江南省造一圆,AU,53,1904,coindata
1211409181,袁世凯像壹圆,AU,50,1914,coindata
1211409185,袁世凯像壹圆,AU,53,1920,coindata
1211409193,新疆迪化壹两,AU,50,1918,coindata
1211409207,云南省造贰角,AU,50,1949,coindata
1211409211,袁世凯像壹圆,AU,50,1920,coindata
1211409215,开国纪念壹圆,AU,50,1927,coindata
1211409231,云南省造半圆,AU,50,1908,coindata
1211409245,袁世凯像壹角,AU,50,1914,coindata
1211409265,开国纪念壹圆,AU,53,1927,coindata
1211409301,袁世凯像壹圆,AU,50,1914,coindata
1211409303,袁世凯像壹圆,AU,50,1914,coindata
1211409305,袁世凯像壹圆,AU,50,1914,coindata
1211409307,袁世凯像壹圆,AU,53,1914,coindata
1211409327,广东省造一圆,AU,50,1890,coindata
1211409329,广东省造一圆,AU,53,1890,coindata
1211409331,江南省造一圆,AU,50,1902,coindata
1211409333,江南省造一圆,AU,53,1904,coindata
1211409345,富字一两正银,AU,50,1943,coindata
1211409351,云南省造半圆,AU,53,1932,coindata
1211409359,云南省造半圆,AU,53,1911,coindata
1211409363,云南省造半圆,AU,53,1932,coindata
1211409377,云南省造半圆,AU,50,1909,coindata
1211409383,云南省造半圆,AU,53,1911,coindata
1211409431,袁世凯像壹圆,AU,50,1914,coindata
1211409457,广东省造二角,AU,50,1890,coindata
1211409459,广东省造二角,AU,50,1890,coindata
1211409463,孙中山像壹圆,AU,53,1934,coindata
1211409479,袁世凯像壹圆,AU,53,1914,coindata
1211409491,袁世凯像贰角,AU,53,1914,coindata
1211409495,孙中山像壹圆,AU,53,1933,coindata
1211409525,袁世凯像壹圆,AU,50,1914,coindata
1211409539,袁世凯像壹圆,AU,53,1921,coindata
1211409541,袁世凯像壹圆,AU,50,1921,coindata
1211409543,开国纪念壹圆,AU,53,1927,coindata
1211409563,云南省造半圆,AU,53,1911,coindata
1211409565,江南省造二角,AU,53,1902,coindata
1211409567,袁世凯像壹圆,AU,50,1914,coindata
1211409569,袁世凯像壹圆,AU,50,1914,coindata
1211409571,袁世凯像壹圆,AU,50,1914,coindata
1211409573,袁世凯像壹圆,AU,50,1914,coindata
1211409575,袁世凯像壹圆,AU,50,1914,coindata
1211409577,袁世凯像壹圆,AU,50,1914,coindata
1211409579,袁世凯像壹圆,AU,50,1914,coindata
1211409581,袁世凯像壹圆,AU,50,1914,coindata
1211409583,袁世凯像壹圆,AU,50,1914,coindata
1211409585,袁世凯像壹圆,AU,50,1914,coindata
1211409587,袁世凯像壹圆,AU,50,1914,coindata
1211409589,袁世凯像壹圆,AU,50,1914,coindata
1211409591,袁世凯像壹圆,AU,50,1914,coindata
1211409593,袁世凯像壹圆,AU,50,1914,coindata
1211409595,袁世凯像壹圆,AU,50,1914,coindata
1211409597,袁世凯像壹圆,AU,50,1914,coindata
1211409599,袁世凯像壹圆,AU,50,1914,coindata
1211409601,袁世凯像壹圆,AU,50,1914,coindata
1211409603,袁世凯像壹圆,AU,50,1914,coindata
1211409605,袁世凯像壹圆,AU,50,1914,coindata
1211409607,袁世凯像壹圆,AU,50,1914,coindata
1211409609,袁世凯像壹圆,AU,50,1914,coindata
1211409611,袁世凯像壹圆,AU,50,1914,coindata
1211409613,袁世凯像壹圆,AU,50,1914,coindata
1211409615,袁世凯像壹圆,AU,50,1914,coindata
1211409629,袁世凯像壹圆,AU,53,1914,coindata
1211409631,袁世凯像壹圆,AU,50,1914,coindata
1211409633,袁世凯像壹圆,AU,50,1914,coindata
1211409639,袁世凯像壹圆,AU,50,1921,coindata
1211409641,袁世凯像壹圆,AU,50,1921,coindata
1211409649,袁世凯像壹圆,AU,50,1920,coindata
1211409679,袁世凯像壹圆,AU,53,1914,coindata
1211409681,袁世凯像壹圆,AU,53,1914,coindata
1211409683,袁世凯像壹圆,AU,53,1914,coindata
1211409685,袁世凯像壹圆,AU,53,1914,coindata
1211409687,袁世凯像壹圆,AU,53,1914,coindata
1211409689,袁世凯像壹圆,AU,53,1914,coindata
1211409691,袁世凯像壹圆,AU,53,1914,coindata
1211409695,袁世凯像壹圆,AU,50,1919,coindata
1211409697,袁世凯像壹圆,AU,53,1914,coindata
1211409717,袁世凯像壹圆,AU,53,1921,coindata
1211409719,袁世凯像壹圆,AU,53,1921,coindata
1211409721,袁世凯像壹圆,AU,53,1921,coindata
1211409723,袁世凯像壹圆,AU,53,1921,coindata
1211409725,袁世凯像壹圆,AU,53,1921,coindata
1211409757,袁世凯像壹圆,AU,50,1921,coindata
1211409785,孙中山像壹圆,AU,50,1934,coindata
1211409991,袁世凯像壹圆,AU,50,1920,coindata
1211409997,云南省造半圆,AU,50,1932,coindata
1211501629,北洋局造一圆,AU,50,1908,coindata
1211501635,袁世凯像壹圆,AU,50,1914,coindata
1211501637,造币总厂一圆,AU,50,1908,coindata
1211501645,开国纪念壹圆,AU,50,1927,coindata
1211501669,云南省造半圆,AU,53,1911,coindata
1211501679,袁世凯像壹圆,AU,50,1914,coindata
1211501841,袁世凯像壹圆,AU,50,1921,coindata
1211501847,袁世凯像壹圆,AU,53,1920,coindata
1211501903,广东省造贰毫,AU,50,1920,coindata
1211501923,袁世凯像壹圆,AU,50,1914,coindata
1211501929,袁世凯像壹圆,AU,50,1920,coindata
1211501931,袁世凯像壹圆,AU,50,1921,coindata
1211501933,袁世凯像壹圆,AU,53,1921,coindata
1211501969,孙中山像壹圆,AU,50,1934,coindata
1211501991,袁世凯像壹圆,AU,50,1914,coindata
1211505041,云南省造贰角,AU,53,1932,coindata
1211505049,袁世凯像壹圆,AU,50,1914,coindata
1211505063,袁世凯像壹圆,AU,50,1914,coindata
1211505065,袁世凯像壹圆,AU,50,1921,coindata
1211505109,大清银币壹圆,AU,50,1911,coindata
1211505131,开国纪念壹圆,AU,50,1927,coindata
1211505137,袁世凯像壹圆,AU,50,1914,coindata
1211505149,江南省造二角,AU,50,1900,coindata
1211505155,唐继尧像半圆,AU,50,1919,coindata
1211505157,吉林省造半圆,AU,50,1900,coindata
1211505159,袁世凯像壹圆,AU,53,1921,coindata
1211505163,袁世凯像壹圆,AU,50,1919,coindata
1211505169,袁世凯像壹圆,AU,53,1920,coindata
1211505231,袁世凯像壹圆,AU,53,1921,coindata
1211505235,袁世凯像壹圆,AU,50,1914,coindata
1211505251,袁世凯像壹圆,AU,53,1914,coindata
1211505253,袁世凯像壹圆,AU,50,1914,coindata
1211505325,袁世凯像壹圆,AU,50,1914,coindata
1211505331,袁世凯像壹圆,AU,50,1920,coindata
1211505351,袁世凯像壹圆,AU,50,1914,coindata
1211505353,袁世凯像壹圆,AU,53,1914,coindata
1211505355,开国纪念壹圆,AU,53,1927,coindata
1211505361,袁世凯像壹圆,AU,50,1914,coindata
1211505367,开国纪念壹圆,AU,50,1927,coindata
1211505369,开国纪念壹圆,AU,53,1927,coindata
1211505371,开国纪念壹圆,AU,53,1927,coindata
1211505379,袁世凯像壹圆,AU,50,1914,coindata
1211505389,袁世凯像壹圆,AU,50,1914,coindata
1211505397,广东省造二角,AU,50,1890,coindata
1211505407,北洋局造一圆,AU,50,1908,coindata
1211505413,袁世凯像壹圆,AU,53,1920,coindata
1211505433,袁世凯像壹圆,AU,50,1920,coindata
1211505435,袁世凯像壹圆,AU,50,1920,coindata
1211505447,袁世凯像壹圆,AU,50,1921,coindata
1211505631,东三省造二角,AU,50,1909,coindata
1211505683,云南省造半圆,AU,50,1932,coindata
1211505687,孙中山像壹圆,AU,53,1934,coindata
1211505691,袁世凯像壹圆,AU,50,1914,coindata
1211505693,袁世凯像壹圆,AU,50,1914,coindata
1211505701,新疆饷银五钱,AU,53,1882,coindata
1211505745,袁世凯像壹圆,AU,50,1921,coindata
1211505779,开国纪念壹圆,AU,50,1927,coindata
1211505797,四川银币壹圆,AU,53,1912,coindata
1211505799,四川银币壹圆,AU,53,1912,coindata
1211505801,四川银币壹圆,AU,53,1912,coindata
1211505803,四川银币壹圆,AU,50,1912,coindata
1211505805,四川银币壹圆,AU,50,1912,coindata
1211505807,四川银币壹圆,AU,50,1912,coindata
1211505809,四川银币壹圆,AU,50,1912,coindata
1211505811,四川银币壹圆,AU,50,1912,coindata
1211505813,四川银币壹圆,AU,50,1912,coindata
1211505815,四川银币壹圆,AU,50,1912,coindata
1211505817,四川银币壹圆,AU,50,1912,coindata
1211505853,广东省造二角,AU,50,1890,coindata
1211505855,云南省造二角,AU,50,1911,coindata
1211505865,袁世凯像壹圆,AU,50,1914,coindata
1211505907,袁世凯像壹圆,AU,53,1914,coindata
1211505909,袁世凯像壹圆,AU,50,1914,coindata
1211505911,袁世凯像壹圆,AU,50,1914,coindata
1211505913,袁世凯像壹圆,AU,50,1914,coindata
1211505917,袁世凯像壹圆,AU,53,1914,coindata
1211505919,袁世凯像壹圆,AU,50,1920,coindata
1211505921,袁世凯像壹圆,AU,50,1921,coindata
1211505925,开国纪念壹圆,AU,50,1927,coindata
1211505947,云南省造半圆,AU,53,1932,coindata
1211505957,孙中山像壹圆,AU,50,1933,coindata
1211505965,袁世凯像壹圆,AU,50,1914,coindata
1211506019,开国纪念壹圆,AU,50,1927,coindata
1211506031,袁世凯像壹圆,AU,50,1914,coindata
1211506033,孙中山像壹圆,AU,50,1934,coindata
1211506053,四川银币壹圆,AU,50,1912,coindata
1211506093,袁世凯像壹圆,AU,50,1920,coindata
1211506199,云南省造半圆,AU,50,1932,coindata
1211506205,袁世凯像壹圆,AU,53,1921,coindata
1211506263,袁世凯像壹圆,AU,50,1914,coindata
1211506265,袁世凯像壹圆,AU,50,1920,coindata
1211506267,开国纪念壹圆,AU,50,1927,coindata
1211506271,四川省造卢比,AU,50,1906,coindata
1211506301,孙中山像壹角,AU,53,1949,coindata
1211506305,袁世凯像壹圆,AU,50,1920,coindata
1211506307,袁世凯像壹圆,AU,50,1921,coindata
1211506309,袁世凯像壹圆,AU,53,1914,coindata
1211506343,江南省造二角,AU,50,1901,coindata
1211506439,袁世凯像壹圆,AU,50,1914,coindata
1211506441,袁世凯像壹圆,AU,50,1914,coindata
1211506449,袁世凯像壹圆,AU,50,1921,coindata
1211506451,袁世凯像壹圆,AU,50,1921,coindata
1211506457,大清银币壹圆,AU,50,1911,coindata
1211506469,北洋局造一圆,AU,50,1908,coindata
1211506691,开国纪念壹圆,AU,53,1927,coindata
1211506723,造币总厂一圆,AU,53,1908,coindata
1211506725,袁世凯像壹圆,AU,53,1914,coindata
1211506737,袁世凯像壹圆,AU,50,1914,coindata
1211506787,浙江省造壹毫,AU,53,1924,coindata
1211506789,孙中山像壹圆,AU,53,1934,coindata
1211506791,开国纪念壹圆,AU,53,1927,coindata
1211506807,北洋局造一圆,AU,50,1908,coindata
1211506821,袁世凯像贰角,AU,50,1914,coindata
1211506829,大清银币壹角,AU,50,1911,coindata
1211506831,唐继尧像半圆,AU,50,1916,coindata
1211506845,造币总厂一圆,AU,53,1908,coindata
1211506847,大清银币壹圆,AU,50,1911,coindata
1211506849,北洋局造一圆,AU,50,1908,coindata
1211506851,云南省造一圆,AU,53,1909,coindata
1211506861,新疆迪化壹两,AU,53,1918,coindata
1211506863,新疆饷银一两,AU,53,1910,coindata
1211506869,袁世凯像壹圆,AU,50,1921,coindata
1211506871,袁世凯像壹圆,AU,50,1921,coindata
1211506877,西藏章嘎嘎布,AU,53,1912,coindata
1211506887,袁世凯像壹圆,AU,50,1921,coindata
1211506921,云南省造半圆,AU,53,1911,coindata
1211506927,袁世凯像壹圆,AU,53,1914,coindata
1211507003,袁世凯像壹圆,AU,50,1914,coindata
1211507015,袁世凯像壹圆,AU,50,1920,coindata
1211507017,袁世凯像壹圆,AU,53,1920,coindata
1211507023,四川省造卢比,AU,50,1906,coindata
1211507027,袁世凯像壹角,AU,50,1914,coindata
1211507031,孙中山像壹圆,AU,50,1934,coindata
1211507043,北洋局造一圆,AU,50,1908,coindata
1211507047,袁世凯像贰角,AU,50,1916,coindata
1211507067,袁世凯像壹圆,AU,50,1921,coindata
1211507073,袁世凯像壹圆,AU,50,1914,coindata
1211507077,袁世凯像壹圆,AU,50,1914,coindata
1211507089,袁世凯像壹圆,AU,50,1914,coindata
1211507097,云南省造贰角,AU,53,1932,coindata
1211507101,四川银币壹圆,AU,50,1912,coindata
1211507107,四川银币壹圆,AU,50,1912,coindata
1211507109,四川银币壹圆,AU,50,1912,coindata
1211507111,四川银币壹圆,AU,50,1912,coindata
1211507113,四川银币壹圆,AU,50,1912,coindata
1211507115,四川银币壹圆,AU,50,1912,coindata
1211507119,袁世凯像壹圆,AU,50,1914,coindata
1211507121,袁世凯像壹圆,AU,53,1914,coindata
1211507123,袁世凯像壹圆,AU,53,1914,coindata
1211507125,袁世凯像壹圆,AU,53,1914,coindata
1211507127,袁世凯像壹圆,AU,53,1914,coindata
1211507133,袁世凯像壹圆,AU,50,1921,coindata
1211507135,袁世凯像壹圆,AU,50,1921,coindata
1211507167,开国纪念壹圆,AU,53,1927,coindata
1211507187,袁世凯像壹圆,AU,50,1921,coindata
1211507207,袁世凯像壹圆,AU,50,1920,coindata
1211507227,开国纪念壹圆,AU,50,1927,coindata
1211507253,袁世凯像壹圆,AU,50,1921,coindata
1211507413,新疆省造壹圆,AU,50,1949,coindata
1211507453,新疆迪化伍钱,AU,50,1907,coindata
1211507455,孙中山像壹圆,AU,53,1934,coindata
1211507561,北洋局造一圆,AU,50,1908,coindata
1211507577,唐继尧像半圆,AU,50,1919,coindata
1211507599,袁世凯像壹圆,AU,50,1914,coindata
1211507611,云南省造半圆,AU,53,1911,coindata
1211507639,云南省造半圆,AU,53,1911,coindata
1211507641,云南省造半圆,AU,53,1911,coindata
1211507643,云南省造半圆,AU,53,1911,coindata
1211507645,云南省造半圆,AU,53,1911,coindata
1211507647,云南省造半圆,AU,53,1911,coindata
1211507649,云南省造半圆,AU,53,1911,coindata
1211507651,云南省造半圆,AU,53,1911,coindata
1211507749,四川银币壹圆,AU,50,1912,coindata
1211507761,湖北大清10文,AU,53,1906,coindata
1211507765,湖南大清10文,AU,53,1906,coindata
1211507769,袁世凯像壹圆,AU,50,1920,coindata
1211507771,袁世凯像壹圆,AU,50,1921,coindata
1211507773,袁世凯像壹圆,AU,50,1914,coindata
1211507867,袁世凯像壹圆,AU,53,1914,coindata
1211507869,袁世凯像壹圆,AU,50,1921,coindata
1211507873,袁世凯像壹圆,AU,50,1920,coindata
1211507879,江南省造二角,AU,53,1901,coindata
1211507881,湖北省造二角,AU,53,1895,coindata
1211507887,湖北省造二角,AU,53,1895,coindata
1211507893,湖北省造二角,AU,50,1895,coindata
1211507905,福建官局二角,AU,53,1902,coindata
1211507917,福建省造一角,AU,50,1894,coindata
1211507939,江南省造二角,AU,53,1899,coindata
1211507979,吉林省造二角,AU,50,1905,coindata
1211507987,四川银币壹圆,AU,50,1912,coindata
1211507991,四川银币壹圆,AU,50,1912,coindata
1211507993,造币总厂一圆,AU,50,1908,coindata
1211508001,北洋局造一圆,AU,53,1908,coindata
1211508005,袁世凯像壹圆,AU,50,1914,coindata
1211508007,袁世凯像壹圆,AU,50,1914,coindata
1211508017,袁世凯像壹圆,AU,50,1919,coindata
1211508019,袁世凯像壹圆,AU,50,1919,coindata
1211508031,北洋局造一圆,AU,50,1908,coindata
1211508033,北洋局造一圆,AU,50,1908,coindata
1211508037,北洋局造一圆,AU,50,1903,coindata
1211508051,大清银币壹圆,AU,53,1911,coindata
1211508073,袁世凯像壹圆,AU,50,1921,coindata
1211508089,孙中山像壹圆,AU,50,1934,coindata
1211508105,袁世凯像壹圆,AU,50,1919,coindata
1211508123,袁世凯像壹圆,AU,53,1920,coindata
1211508139,四川银币壹圆,AU,50,1912,coindata
1211508161,孙中山像贰角,AU,53,1927,coindata
1211508163,孙中山像壹圆,AU,50,1933,coindata
1211508207,云南省造半圆,AU,50,1911,coindata
1211508211,袁世凯像壹圆,AU,50,1914,coindata
1211508213,袁世凯像壹圆,AU,50,1914,coindata
1211508215,袁世凯像壹圆,AU,50,1914,coindata
1211508217,袁世凯像壹圆,AU,50,1921,coindata
1211508227,东三省造二角,AU,50,1914,coindata
1211508231,袁世凯像壹圆,AU,50,1920,coindata
1211508233,云南省造半圆,AU,50,1911,coindata
1211508235,云南省造半圆,AU,53,1911,coindata
1211508415,袁世凯像壹圆,AU,50,1914,coindata
1211508435,袁世凯像壹圆,AU,50,1921,coindata
1211508461,袁世凯像壹圆,AU,50,1920,coindata
1211508581,开国纪念壹圆,AU,50,1927,coindata
1211508593,四川银币五角,AU,53,1912,coindata
1211508603,袁世凯像壹圆,AU,50,1914,coindata
1211508605,袁世凯像壹圆,AU,53,1914,coindata
1211508611,四川省造卢比,AU,53,1902,coindata
1211508663,袁世凯像壹圆,AU,50,1921,coindata
1211508665,袁世凯像壹圆,AU,50,1921,coindata
1211508699,开国纪念壹圆,AU,50,1927,coindata
1211508703,开国纪念壹圆,AU,53,1927,coindata
1211508705,袁世凯像壹圆,AU,53,1914,coindata
1211508707,袁世凯像壹圆,AU,53,1914,coindata
1211508709,袁世凯像壹圆,AU,53,1914,coindata
1211508781,袁世凯像壹圆,AU,50,1914,coindata
1211508829,云南省造半圆,AU,50,,coindata
1211508845,袁世凯像壹圆,AU,50,1920,coindata
1211508847,袁世凯像壹圆,AU,53,1921,coindata
1211508849,北洋局造一圆,AU,50,1907,coindata
1211508851,北洋局造一圆,AU,53,1903,coindata
1211508877,开国纪念壹圆,AU,50,1927,coindata
1211508945,云南省造半圆,AU,50,1932,coindata
1211508947,云南省造半圆,AU,50,1932,coindata
1211508957,云南省造半圆,AU,50,1911,coindata
1211508959,云南省造半圆,AU,50,1932,coindata
1211508977,开国纪念壹圆,AU,50,1927,coindata
1211508993,湖北省造二角,AU,50,1895,coindata
1211509003,袁世凯像壹圆,AU,53,1919,coindata
1211509005,袁世凯像壹圆,AU,50,1919,coindata
1211509011,袁世凯像中圆,AU,50,1914,coindata
1211509013,北洋局造壹圆,AU,50,1897,coindata
1211509015,四川省造卢比,AU,50,1912,coindata
1211509027,孙中山像壹圆,AU,50,1933,coindata
1211509061,孙中山像壹圆,AU,53,1933,coindata
1211509121,袁世凯像壹圆,AU,50,1914,coindata
1211509123,孙中山像壹圆,AU,50,1934,coindata
1211509125,孙中山像壹圆,AU,50,1934,coindata
1211509127,袁世凯像壹圆,AU,50,1914,coindata
1211509129,袁世凯像壹圆,AU,50,1914,coindata
1211509131,袁世凯像壹圆,AU,50,1914,coindata
1211509133,袁世凯像壹圆,AU,50,1921,coindata
1211509141,袁世凯像壹圆,AU,50,1914,coindata
1211509143,袁世凯像壹圆,AU,50,1914,coindata
1211509145,袁世凯像壹圆,AU,50,1914,coindata
1211509147,袁世凯像壹圆,AU,50,1914,coindata
1211509151,袁世凯像壹圆,AU,50,1921,coindata
1211509153,袁世凯像壹圆,AU,50,1920,coindata
1211509155,袁世凯像壹圆,AU,50,1921,coindata
1211509175,云南省造半圆,AU,50,1911,coindata
1211509181,云南省造半圆,AU,50,1911,coindata
1211509197,云南省造半圆,AU,50,1911,coindata
1211509205,云南省造半圆,AU,50,1911,coindata
1211509223,云南省造半圆,AU,50,1911,coindata
1211509225,云南省造半圆,AU,50,1911,coindata
1211509235,云南省造半圆,AU,53,1911,coindata
1211509345,香港半圆,AU,50,1905,coindata
1211509359,四川银币壹圆,AU,53,1912,coindata
1211509373,北洋局造一圆,AU,50,1908,coindata
1211509375,袁世凯像壹圆,AU,50,1919,coindata
1211509377,袁世凯像壹圆,AU,50,1920,coindata
1211509403,袁世凯像壹圆,AU,50,1914,coindata
1211509405,袁世凯像壹圆,AU,50,1914,coindata
1211509407,袁世凯像壹圆,AU,50,1914,coindata
1211509409,袁世凯像壹圆,AU,50,1914,coindata
1211509411,袁世凯像壹圆,AU,50,1914,coindata
1211509413,东三省造二角,AU,50,1909,coindata
1211509565,云南省造贰角,AU,50,1932,coindata
1211509567,云南省造贰角,AU,53,1932,coindata
1211509569,云南省造贰角,AU,50,1932,coindata
1211509595,袁世凯像壹圆,AU,50,1914,coindata
1211509607,吉林省造半圆,AU,50,1905,coindata
1211509625,袁世凯像壹圆,AU,50,1914,coindata
1211509651,袁世凯像壹圆,AU,50,1914,coindata
1211509669,袁世凯像壹圆,AU,50,1919,coindata
1211509673,袁世凯像壹圆,AU,50,1919,coindata
1211509675,北洋局造一圆,AU,53,1908,coindata
1211509679,袁世凯像壹圆,AU,50,1920,coindata
1211509687,袁世凯像壹圆,AU,50,1921,coindata
1211509691,孙中山像壹圆,AU,50,1934,coindata
1211509711,广东省造壹毫,AU,50,1913,coindata
1211509715,东三省造二角,AU,50,1914,coindata
1211509743,北洋局造一圆,AU,50,1908,coindata
1211509765,袁世凯像壹圆,AU,50,1920,coindata
1211509781,袁世凯像壹圆,AU,53,1921,coindata
1211509791,云南省造半圆,AU,53,1911,coindata
1211509801,云南省造半圆,AU,50,1911,coindata
1211509803,云南省造半圆,AU,53,1911,coindata
1211509811,云南省造半圆,AU,53,1911,coindata
1211509813,云南省造半圆,AU,53,1911,coindata
1211509815,云南省造半圆,AU,50,1911,coindata
1211509817,云南省造半圆,AU,50,1911,coindata
1211509821,云南省造半圆,AU,53,1911,coindata
1211509823,云南省造半圆,AU,53,1911,coindata
1211509833,云南省造半圆,AU,53,1911,coindata
1211509837,云南省造半圆,AU,50,1911,coindata
1211509839,云南省造半圆,AU,53,1911,coindata
1211509843,云南省造半圆,AU,53,1911,coindata
1211509847,云南省造半圆,AU,53,1911,coindata
1211509857,云南省造半圆,AU,53,1911,coindata
1211509859,云南省造半圆,AU,53,1911,coindata
1211509861,云南省造半圆,AU,50,1911,coindata
1211509865,云南省造半圆,AU,53,1911,coindata
1211509869,云南省造半圆,AU,53,1911,coindata
1211509873,云南省造半圆,AU,50,1911,coindata
1211509875,云南省造半圆,AU,53,1911,coindata
1211509877,云南省造半圆,AU,50,1911,coindata
1211509879,云南省造半圆,AU,53,1911,coindata
1211509883,云南省造半圆,AU,53,1911,coindata
1211509885,云南省造半圆,AU,53,1911,coindata
1211509895,袁世凯像壹圆,AU,50,1920,coindata
1211509899,开国纪念壹圆,AU,50,1927,coindata
1211509915,袁世凯像壹圆,AU,50,1920,coindata
1211509929,广东省造贰毫,AU,53,1913,coindata
1211509935,袁世凯像贰角,AU,50,1914,coindata
1211509937,唐继尧像半圆,AU,50,1919,coindata
1211509967,江南省造一角,AU,50,1898,coindata
1211509975,江南省造一圆,AU,50,1904,coindata
1211509987,大清银币壹圆,AU,53,1911,coindata
1211601615,袁世凯像壹圆,AU,50,1914,coindata
1211601617,袁世凯像壹圆,AU,50,1914,coindata
1211601619,袁世凯像壹圆,AU,53,1914,coindata
1211601621,袁世凯像壹圆,AU,50,1921,coindata
1211601627,袁世凯像壹圆,AU,50,1920,coindata
1211601665,云南省造半圆,AU,50,1932,coindata
1211601667,云南省造半圆,AU,50,1932,coindata
1211601669,云南省造半圆,AU,50,1932,coindata
1211601671,云南省造半圆,AU,50,1932,coindata
1211601673,云南省造半圆,AU,50,1932,coindata
1211601675,云南省造半圆,AU,50,1932,coindata
1211601677,云南省造半圆,AU,50,1932,coindata
1211601679,云南省造半圆,AU,53,1932,coindata
1211601681,云南省造半圆,AU,53,1932,coindata
1211601683,云南省造半圆,AU,53,1932,coindata
1211601695,北洋局造一圆,AU,50,1908,coindata
1211601699,四川省造卢比,AU,50,1906,coindata
1211601701,袁世凯像贰角,AU,50,1914,coindata
1211601705,四川银币壹圆,AU,50,1912,coindata
1211601707,四川银币壹圆,AU,50,1912,coindata
1211601709,四川银币壹圆,AU,53,1912,coindata
1211601715,袁世凯像壹圆,AU,53,1921,coindata
1211601717,袁世凯像壹圆,AU,53,1921,coindata
1211601721,袁世凯像壹圆,AU,50,1921,coindata
1211601723,袁世凯像壹圆,AU,53,1921,coindata
1211601725,孙中山像壹圆,AU,50,1934,coindata
1211601727,开国纪念壹圆,AU,50,1927,coindata
1211601831,袁世凯像壹圆,AU,50,1920,coindata
1211601835,袁世凯像贰角,AU,53,1914,coindata
1211601867,袁世凯像壹圆,AU,53,1914,coindata
1211601881,袁世凯像壹圆,AU,50,1914,coindata
1211601893,开国纪念壹圆,AU,53,1927,coindata
1211601901,袁世凯像壹圆,AU,53,1921,coindata
1211601905,袁世凯像壹圆,AU,53,1914,coindata
1211601927,孙中山像壹圆,AU,50,1934,coindata
1211601955,孙中山像贰毫,AU,53,1929,coindata
1211601957,孙中山像贰毫,AU,53,1929,coindata
1211601959,孙中山像贰毫,AU,53,1929,coindata
1211601961,孙中山像贰毫,AU,50,1929,coindata
1211601967,孙中山像贰毫,AU,50,1929,coindata
1211601973,孙中山像贰毫,AU,53,1929,coindata
1211601977,孙中山像贰毫,AU,53,1929,coindata
1211601981,孙中山像贰毫,AU,53,1929,coindata
1211601983,孙中山像贰毫,AU,50,1929,coindata
1211601985,孙中山像贰毫,AU,50,1929,coindata
1211601987,孙中山像贰毫,AU,53,1929,coindata
1211601995,孙中山像贰毫,AU,53,1929,coindata
1211601997,孙中山像贰毫,AU,50,1929,coindata
1211601999,孙中山像贰毫,AU,50,1929,coindata
1211605005,云南省造半圆,AU,53,1911,coindata
1211605007,云南省造半圆,AU,50,1911,coindata
1211605011,云南省造半圆,AU,53,1911,coindata
1211605013,云南省造半圆,AU,53,1911,coindata
1211605015,云南省造半圆,AU,53,1911,coindata
1211605017,云南省造半圆,AU,53,1911,coindata
1211605019,云南省造半圆,AU,50,1911,coindata
1211605021,云南省造半圆,AU,53,1911,coindata
1211605023,云南省造半圆,AU,53,1911,coindata
1211605029,云南省造半圆,AU,50,1911,coindata
1211605033,云南省造半圆,AU,50,1911,coindata
1211605037,云南省造半圆,AU,53,1911,coindata
1211605039,云南省造半圆,AU,50,1911,coindata
1211605041,云南省造半圆,AU,50,1911,coindata
1211605045,云南省造半圆,AU,50,1911,coindata
1211605047,云南省造半圆,AU,50,1911,coindata
1211605049,云南省造半圆,AU,53,1911,coindata
1211605053,云南省造半圆,AU,53,1911,coindata
1211605055,云南省造半圆,AU,53,1911,coindata
1211605057,云南省造半圆,AU,53,1911,coindata
1211605063,云南省造半圆,AU,50,1911,coindata
1211605067,云南省造半圆,AU,53,1911,coindata
1211605079,孙中山像壹圆,AU,53,1934,coindata
1211605081,孙中山像壹圆,AU,50,1933,coindata
1211605083,袁世凯像壹圆,AU,50,1914,coindata
1211605101,吉林省造二角,AU,53,1906,coindata
1211605105,吉林省造二角,AU,53,1905,coindata
1211605145,福建省造5分,AU,50,1894,coindata
1211605163,袁世凯像壹圆,AU,50,1920,coindata
1211605173,孙中山像壹圆,AU,50,1933,coindata
1211605177,云南省造半圆,AU,53,1911,coindata
1211605181,袁世凯像壹圆,AU,53,1914,coindata
1211605183,袁世凯像壹圆,AU,50,1914,coindata
1211605185,袁世凯像壹圆,AU,50,1914,coindata
1211605187,袁世凯像壹圆,AU,50,1914,coindata
1211605189,袁世凯像壹圆,AU,53,1914,coindata
1211605191,袁世凯像壹圆,AU,50,1914,coindata
1211605199,袁世凯像壹圆,AU,50,1914,coindata
1211605201,袁世凯像壹圆,AU,50,1914,coindata
1211605203,袁世凯像壹圆,AU,53,1914,coindata
1211605209,袁世凯像壹圆,AU,50,1914,coindata
1211605215,袁世凯像壹圆,AU,53,1920,coindata
1211605217,袁世凯像壹圆,AU,53,1920,coindata
1211605219,袁世凯像壹圆,AU,53,1920,coindata
1211605221,袁世凯像壹圆,AU,53,1920,coindata
1211605229,袁世凯像壹圆,AU,50,1920,coindata
1211605247,袁世凯像壹圆,AU,53,1921,coindata
1211605249,袁世凯像壹圆,AU,50,1921,coindata
1211605251,袁世凯像壹圆,AU,50,1921,coindata
1211605263,袁世凯像壹圆,AU,53,1921,coindata
1211605265,袁世凯像壹圆,AU,53,1921,coindata
1211605281,云南省造半圆,AU,50,1932,coindata
1211605295,开国纪念壹圆,AU,53,1927,coindata
1211605303,孙中山像壹圆,AU,50,1934,coindata
1211605305,云南省造半圆,AU,50,1911,coindata
1211605315,袁世凯像壹圆,AU,50,1914,coindata
1211605341,袁世凯像壹圆,AU,50,1914,coindata
1211605343,袁世凯像壹圆,AU,50,1914,coindata
1211605345,袁世凯像壹圆,AU,53,1914,coindata
1211605353,袁世凯像壹圆,AU,50,1914,coindata
1211605355,袁世凯像壹圆,AU,50,1914,coindata
1211605357,袁世凯像壹圆,AU,50,1914,coindata
1211605361,袁世凯像壹圆,AU,50,1920,coindata
1211605367,袁世凯像壹圆,AU,50,1921,coindata
1211605371,袁世凯像壹圆,AU,50,1921,coindata
1211605373,袁世凯像壹圆,AU,50,1921,coindata
1211605381,孙中山像壹圆,AU,53,1934,coindata
1211605383,孙中山像壹圆,AU,53,1934,coindata
1211605399,云南省造半圆,AU,50,1911,coindata
1211605401,袁世凯像壹圆,AU,50,1914,coindata
1211605415,袁世凯像壹圆,AU,50,1921,coindata
1211605417,袁世凯像壹圆,AU,53,1920,coindata
1211605419,袁世凯像壹圆,AU,53,1920,coindata
1211605447,袁世凯像壹圆,AU,50,1914,coindata
1211605449,袁世凯像壹圆,AU,50,1914,coindata
1211605451,袁世凯像壹圆,AU,50,1914,coindata
1211605453,袁世凯像壹圆,AU,50,1914,coindata
1211605455,袁世凯像壹圆,AU,50,1914,coindata
1211605457,袁世凯像壹圆,AU,50,1914,coindata
1211605459,袁世凯像壹圆,AU,50,1914,coindata
1211605461,袁世凯像壹圆,AU,53,1914,coindata
1211605463,袁世凯像壹圆,AU,53,1914,coindata
1211605465,袁世凯像壹圆,AU,53,1914,coindata
1211605479,袁世凯像壹圆,AU,53,1914,coindata
1211605483,袁世凯像壹圆,AU,50,1920,coindata
1211605489,袁世凯像壹圆,AU,50,1920,coindata
1211605491,袁世凯像壹圆,AU,50,1920,coindata
1211605493,袁世凯像壹圆,AU,50,1920,coindata
1211605503,袁世凯像壹圆,AU,53,1921,coindata
1211605505,袁世凯像壹圆,AU,50,1921,coindata
1211605507,袁世凯像壹圆,AU,53,1921,coindata
1211605509,袁世凯像壹圆,AU,53,1921,coindata
1211605511,袁世凯像壹圆,AU,53,1921,coindata
1211605515,孙中山像壹圆,AU,50,1934,coindata
1211605517,孙中山像壹圆,AU,50,1934,coindata
1211605521,开国纪念壹圆,AU,50,1927,coindata
1211605523,开国纪念壹圆,AU,53,1927,coindata
1211605531,开国纪念壹圆,AU,50,1927,coindata
1211605533,开国纪念壹圆,AU,50,1927,coindata
1211605535,开国纪念壹圆,AU,50,1927,coindata
1211605537,开国纪念壹圆,AU,53,1927,coindata
1211605539,开国纪念壹圆,AU,53,1927,coindata
1211605541,开国纪念壹圆,AU,53,1927,coindata
1211605555,袁世凯像壹圆,AU,50,1919,coindata
1211605559,袁世凯像壹圆,AU,50,1919,coindata
1211605567,四川银币壹圆,AU,53,1912,coindata
1211605587,四川省造卢比,AU,50,1906,coindata
1211605591,袁世凯像壹圆,AU,53,1914,coindata
1211605599,东三省造二角,AU,50,1909,coindata
1211605601,东三省造二角,AU,53,1914,coindata
1211605651,袁世凯像壹圆,AU,50,1914,coindata
1211605653,袁世凯像壹圆,AU,50,1920,coindata
1211605663,孙中山像壹圆,AU,53,1934,coindata
1211605675,孙中山像壹圆,AU,50,1934,coindata
1211605677,孙中山像壹圆,AU,50,1934,coindata
1211605687,北洋局造一圆,AU,50,1908,coindata
1211605689,北洋局造一圆,AU,53,1908,coindata
1211605697,广东省造贰毫,AU,50,1921,coindata
1211605747,唐继尧像半圆,AU,50,1919,coindata
1211605755,北洋局造一圆,AU,50,1908,coindata
1211605757,北洋局造一圆,AU,50,1908,coindata
1211605771,袁世凯像壹圆,AU,53,1914,coindata
1211605773,袁世凯像壹圆,AU,50,1914,coindata
1211605783,袁世凯像壹圆,AU,53,1920,coindata
1211605799,袁世凯像壹圆,AU,53,1914,coindata
1211605805,袁世凯像壹圆,AU,53,1914,coindata
1211605813,开国纪念壹圆,AU,53,1927,coindata
1211605815,开国纪念壹圆,AU,53,1927,coindata
1211605817,袁世凯像壹圆,AU,53,1914,coindata
1211605823,袁世凯像壹圆,AU,50,1921,coindata
1211605837,袁世凯像壹圆,AU,53,1914,coindata
1211605889,袁世凯像壹圆,AU,50,1921,coindata
1211605891,袁世凯像壹圆,AU,53,1920,coindata
1211605893,袁世凯像壹圆,AU,53,1919,coindata
1211605899,北洋局造一圆,AU,50,1908,coindata
1211605937,孙中山像贰毫,AU,50,1929,coindata
1211605941,孙中山像贰毫,AU,50,1929,coindata
1211605971,孙中山像壹圆,AU,53,1934,coindata
1211606165,广东省造二角,AU,53,1890,coindata
1211606167,广东省造二角,AU,53,1890,coindata
1211606169,广东省造二角,AU,53,1890,coindata
1211606171,广东省造二角,AU,53,1890,coindata
1211606173,广东省造二角,AU,53,1890,coindata
1211606175,广东省造二角,AU,53,1890,coindata
1211606177,广东省造二角,AU,53,1890,coindata
1211606179,广东省造二角,AU,53,1890,coindata
1211606181,广东省造二角,AU,53,1890,coindata
1211606183,广东省造二角,AU,53,1890,coindata
1211606185,广东省造二角,AU,50,1890,coindata
1211606187,广东省造二角,AU,50,1890,coindata
1211606189,广东省造二角,AU,50,1890,coindata
1211606205,孙中山像壹毫,AU,50,1929,coindata
1211606215,开国纪念壹圆,AU,53,1927,coindata
1211606219,袁世凯像壹圆,AU,50,1914,coindata
1211606221,袁世凯像壹圆,AU,53,1919,coindata
1211606345,广东省造二角,AU,53,1890,coindata
1211606347,广东省造二角,AU,53,1890,coindata
1211606349,广东省造二角,AU,53,1890,coindata
1211606351,广东省造二角,AU,53,1890,coindata
1211606353,广东省造二角,AU,53,1890,coindata
1211606355,广东省造二角,AU,53,1890,coindata
1211606357,广东省造二角,AU,53,1890,coindata
1211606359,广东省造二角,AU,53,1890,coindata
1211606361,广东省造二角,AU,53,1890,coindata
1211606363,广东省造二角,AU,53,1890,coindata
1211606365,广东省造二角,AU,53,1890,coindata
1211606367,广东省造二角,AU,53,1890,coindata
1211606369,广东省造二角,AU,53,1890,coindata
1211606371,广东省造二角,AU,53,1890,coindata
1211606373,广东省造二角,AU,53,1890,coindata
1211606375,广东省造二角,AU,53,1890,coindata
1211606377,广东省造二角,AU,53,1890,coindata
1211606387,广东省造二角,AU,50,1890,coindata
1211606389,广东省造二角,AU,50,1890,coindata
1211606391,广东省造二角,AU,50,1890,coindata
1211606393,广东省造二角,AU,50,1890,coindata
1211606395,广东省造二角,AU,50,1890,coindata
1211606397,广东省造二角,AU,50,1890,coindata
1211606399,广东省造二角,AU,50,1890,coindata
1211606401,广东省造二角,AU,50,1890,coindata
1211606427,袁世凯像壹圆,AU,50,1920,coindata
1211606433,孙中山像壹圆,AU,53,1934,coindata
1211606439,开国纪念壹圆,AU,50,1927,coindata
1211606465,广西省造贰毫,AU,50,1927,coindata
1211606467,云南省造半圆,AU,50,1911,coindata
1211606469,云南省造半圆,AU,50,1911,coindata
1211606471,云南省造半圆,AU,53,1911,coindata
1211606481,云南省造半圆,AU,50,1911,coindata
1211606483,云南省造半圆,AU,50,1911,coindata
1211606493,云南省造半圆,AU,50,1911,coindata
1211606501,云南省造半圆,AU,53,1911,coindata
1211606503,云南省造半圆,AU,50,1911,coindata
1211606505,云南省造半圆,AU,53,1911,coindata
1211606513,云南省造半圆,AU,53,1911,coindata
1211606515,云南省造半圆,AU,53,1911,coindata
1211606517,云南省造半圆,AU,50,1911,coindata
1211606521,云南省造半圆,AU,53,1911,coindata
1211606527,云南省造半圆,AU,50,1911,coindata
1211606535,云南省造半圆,AU,50,1911,coindata
1211606543,云南省造半圆,AU,50,1911,coindata
1211606545,云南省造半圆,AU,50,1911,coindata
1211606547,云南省造半圆,AU,53,1911,coindata
1211606549,云南省造半圆,AU,50,1911,coindata
1211606551,云南省造半圆,AU,50,1911,coindata
1211606553,云南省造半圆,AU,53,1911,coindata
1211606557,云南省造半圆,AU,50,1911,coindata
1211606565,云南省造半圆,AU,50,1911,coindata
1211606569,云南省造半圆,AU,53,1911,coindata
1211606571,云南省造半圆,AU,53,1911,coindata
1211606581,云南省造半圆,AU,53,1911,coindata
1211606583,云南省造半圆,AU,50,1911,coindata
1211606589,云南省造半圆,AU,53,1911,coindata
1211606591,云南省造半圆,AU,53,1911,coindata
1211606597,云南省造半圆,AU,53,1911,coindata
1211606617,袁世凯像壹圆,AU,50,1914,coindata
1211606653,开国纪念壹圆,AU,53,1927,coindata
1211606655,开国纪念壹圆,AU,53,1927,coindata
1211606667,四川银币壹圆,AU,50,1912,coindata
1211606685,云南省造贰角,AU,53,1932,coindata
1211606695,东三省造二角,AU,50,1909,coindata
1211606707,袁世凯像壹圆,AU,50,1914,coindata
1211606717,开国纪念壹圆,AU,50,1927,coindata
1211606727,北洋局造一圆,AU,50,1908,coindata
1211606729,孙中山像壹圆,AU,50,1934,coindata
1211606737,孙中山像壹圆,AU,50,1934,coindata
1211606739,袁世凯像壹圆,AU,53,1920,coindata
1211606773,云南省造一角,AU,50,1911,coindata
1211606785,袁世凯像壹圆,AU,50,1920,coindata
1211606789,袁世凯像壹圆,AU,50,1921,coindata
1211606795,孙中山像壹圆,AU,50,1934,coindata
1211606797,孙中山像壹圆,AU,50,1934,coindata
1211606799,孙中山像壹圆,AU,53,1934,coindata
1211606801,湖北省造一圆,AU,50,1909,coindata
1211606807,云南省造贰角,AU,53,1949,coindata
1211606809,东三省造二角,AU,50,1909,coindata
1211606821,袁世凯像壹圆,AU,50,1921,coindata
1211606823,袁世凯像壹圆,AU,53,1921,coindata
1211606841,东三省造二角,AU,50,1909,coindata
1211606843,福建省造二角,AU,50,1894,coindata
1211606847,福建官局二角,AU,50,1902,coindata
1211606849,福建官局二角,AU,50,1902,coindata
1211606851,福建省造二角,AU,53,1894,coindata
1211606877,福建官局二角,AU,53,1902,coindata
1211606879,福建官局二角,AU,53,1902,coindata
1211606881,福建官局二角,AU,53,1902,coindata
1211606883,广东省造一角,AU,50,1890,coindata
1211606885,广东省造一角,AU,50,1890,coindata
1211606887,广东省造一角,AU,50,1890,coindata
1211606889,广东省造一角,AU,50,1890,coindata
1211606905,东三省造二角,AU,53,1909,coindata
1211606913,孙中山像壹圆,AU,50,1934,coindata
1211606917,袁世凯像壹圆,AU,50,1914,coindata
1211606923,袁世凯像壹圆,AU,50,1920,coindata
1211606929,袁世凯像壹圆,AU,50,1914,coindata
1211606933,袁世凯像壹圆,AU,50,1914,coindata
1211606939,袁世凯像壹圆,AU,50,1914,coindata
1211606953,袁世凯像壹圆,AU,50,1920,coindata
1211606957,四川银币壹圆,AU,50,1912,coindata
1211606961,袁世凯像壹圆,AU,50,1914,coindata
1211606979,开国纪念壹圆,AU,50,1927,coindata
1211607023,福建省造二角,AU,50,1928,coindata
1211607029,福建省造二角,AU,50,1928,coindata
1211607031,福建省造二角,AU,53,1928,coindata
1211607047,广东省造二角,AU,53,1909,coindata
1211607049,广东省造二角,AU,53,1909,coindata
1211607061,袁世凯像壹圆,AU,50,1920,coindata
1211607079,开国纪念壹圆,AU,50,1927,coindata
1211607105,云南省造贰角,AU,50,1949,coindata
1211607129,袁世凯像壹圆,AU,50,1914,coindata
1211607139,四川银币壹圆,AU,50,1912,coindata
1211607141,唐继尧像半圆,AU,50,1919,coindata
1211607149,西藏银币十两,AU,50,1951,coindata
1211607157,袁世凯像壹圆,AU,53,1914,coindata
1211607237,江南省造二角,AU,50,1901,coindata
1211607241,江南省造二角,AU,50,1898,coindata
1211607243,江南省造二角,AU,53,1901,coindata
1211607249,江南省造一角,AU,50,1902,coindata
1211607299,袁世凯像壹圆,AU,53,1920,coindata
1211607301,袁世凯像壹圆,AU,50,1914,coindata
1211607307,唐继尧像半圆,AU,50,1919,coindata
1211607309,袁世凯像壹圆,AU,50,1921,coindata
1211607317,浙江省造壹毫,AU,50,1924,coindata
1211607327,孙中山像壹圆,AU,53,1933,coindata
1211607333,四川银币壹圆,AU,50,1912,coindata
1211607339,北洋局造一圆,AU,50,1908,coindata
1211607341,北洋局造一圆,AU,50,1908,coindata
1211607373,袁世凯像壹圆,AU,53,1914,coindata
1211607377,开国纪念壹圆,AU,50,1927,coindata
1211607379,开国纪念壹圆,AU,50,1927,coindata
1211607389,袁世凯像壹圆,AU,53,1914,coindata
1211607397,北洋局造一圆,AU,50,1908,coindata
1211607399,四川银币壹圆,AU,53,1912,coindata
1211607401,唐继尧像半圆,AU,50,1919,coindata
1211607403,孙中山像壹圆,AU,53,1934,coindata
1211607421,广东省造二角,AU,50,1909,coindata
1211607429,袁世凯像壹圆,AU,53,1914,coindata
1211607437,开国纪念壹圆,AU,50,1927,coindata
1211607439,开国纪念壹圆,AU,50,1927,coindata
1211607447,云南省造半圆,AU,53,1911,coindata
1211607493,袁世凯像壹圆,AU,50,1914,coindata
1211607503,开国纪念壹圆,AU,53,1927,coindata
1211607515,北洋局造一圆,AU,50,1908,coindata
1211607521,袁世凯像壹圆,AU,53,1914,coindata
1211607571,云南省造半圆,AU,50,1908,coindata
1211607575,孙中山像壹圆,AU,50,1934,coindata
1211607615,开国纪念壹圆,AU,50,1927,coindata
1211607619,袁世凯像壹圆,AU,50,1920,coindata
1211607623,孙中山像壹圆,AU,50,1934,coindata
1211607645,广东省造二角,AU,50,1909,coindata
1211607657,袁世凯像壹圆,AU,53,1914,coindata
1211607671,开国纪念壹圆,AU,50,1927,coindata
1211607673,袁世凯像壹圆,AU,50,1914,coindata
1211607687,云南省造贰角,AU,53,1932,coindata
1211607693,西藏银币一两五钱,AU,50,1937,coindata
1211607697,袁世凯像壹圆,AU,50,1920,coindata
1211607769,开国纪念壹圆,AU,50,1927,coindata
1211607771,开国纪念壹圆,AU,50,1927,coindata
1211607775,袁世凯像壹圆,AU,50,1914,coindata
1211607779,孙中山像壹圆,AU,53,1933,coindata
1211607785,江南省造一圆,AU,53,1904,coindata
1211607793,孙中山像壹毫,AU,50,1929,coindata
1211607813,北洋局造一圆,AU,50,1908,coindata
1211607819,开国纪念壹圆,AU,50,1927,coindata
1211607821,袁世凯像壹圆,AU,50,1920,coindata
1211607827,袁世凯像壹圆,AU,53,1914,coindata
1211607833,袁世凯像壹圆,AU,53,1914,coindata
1211607837,袁世凯像壹圆,AU,50,1914,coindata
1211607839,云南省造半圆,AU,50,1932,coindata
1211607857,袁世凯像壹圆,AU,50,1914,coindata
1211607863,开国纪念壹圆,AU,53,1927,coindata
1211607869,开国纪念壹圆,AU,53,1927,coindata
1211607905,袁世凯像壹圆,AU,53,1920,coindata
1211607907,袁世凯像壹圆,AU,50,1921,coindata
1211607953,袁世凯像壹圆,AU,50,1921,coindata
1211608045,袁世凯像壹圆,AU,53,1920,coindata
1211608063,四川银币壹圆,AU,53,1912,coindata
1211608065,广东省造壹毫,AU,50,1913,coindata
1211608077,东三省造二角,AU,50,1912,coindata
1211608109,唐继尧像半圆,AU,50,1919,coindata
1211608111,四川省造卢比,AU,53,1906,coindata
1211608153,袁世凯像壹圆,AU,50,1921,coindata
1211608173,袁世凯像壹圆,AU,50,1914,coindata
1211608175,袁世凯像壹圆,AU,50,1914,coindata
1211608177,袁世凯像壹圆,AU,50,1914,coindata
1211608179,袁世凯像壹圆,AU,50,1914,coindata
1211608181,袁世凯像壹圆,AU,53,1914,coindata
1211608183,袁世凯像壹圆,AU,53,1914,coindata
1211608187,袁世凯像壹圆,AU,50,1914,coindata
1211608189,袁世凯像壹圆,AU,50,1920,coindata
1211608191,袁世凯像壹圆,AU,53,1920,coindata
1211608193,袁世凯像壹圆,AU,50,1920,coindata
1211608199,袁世凯像壹圆,AU,50,1921,coindata
1211608201,袁世凯像壹圆,AU,50,1921,coindata
1211608203,袁世凯像壹圆,AU,50,1921,coindata
1211608205,袁世凯像壹圆,AU,53,1921,coindata
1211608207,开国纪念壹圆,AU,50,1927,coindata
1211608209,开国纪念壹圆,AU,50,1927,coindata
1211608211,开国纪念壹圆,AU,50,1927,coindata
1211608213,开国纪念壹圆,AU,53,1927,coindata
1211608215,开国纪念壹圆,AU,53,1927,coindata
1211608221,孙中山像壹圆,AU,53,1933,coindata
1211608223,袁世凯像壹圆,AU,50,1914,coindata
1211608227,北洋局造一圆,AU,50,1908,coindata
1211608235,四川省造卢比,AU,50,1930,coindata
1211608237,四川省造卢比,AU,50,1930,coindata
1211608239,四川省造卢比,AU,53,1930,coindata
1211608241,四川省造卢比,AU,53,1930,coindata
1211608243,四川省造卢比,AU,53,1930,coindata
1211608245,四川省造卢比,AU,53,1930,coindata
1211608247,四川省造卢比,AU,53,1930,coindata
1211608249,四川省造卢比,AU,53,1930,coindata
1211608317,孙中山像壹圆,AU,53,1934,coindata
1211608381,袁世凯像壹圆,AU,50,1921,coindata
1211608405,云南省造半圆,AU,50,1932,coindata
1211608423,湖北省造一圆,AU,50,1895,coindata
1211608429,袁世凯像壹圆,AU,50,1919,coindata
1211608435,湖北省造一圆,AU,50,1909,coindata
1211608467,袁世凯像壹圆,AU,53,1920,coindata
1211608471,袁世凯像壹圆,AU,50,1914,coindata
1211608491,袁世凯像壹圆,AU,50,1914,coindata
1211608499,造币总厂一圆,AU,50,1908,coindata
1211608567,西藏章嘎嘎布,AU,53,1912,coindata
1211608569,西藏章嘎嘎布,AU,53,1912,coindata
1211608571,西藏章嘎嘎布,AU,53,1912,coindata
1211608573,西藏章嘎嘎布,AU,53,1912,coindata
1211608575,西藏章嘎嘎布,AU,53,1912,coindata
1211608577,西藏章嘎嘎布,AU,53,1912,coindata
1211608579,西藏章嘎嘎布,AU,53,1912,coindata
1211608581,西藏章嘎嘎布,AU,53,1912,coindata
1211608583,西藏章嘎嘎布,AU,53,1912,coindata
1211608585,西藏章嘎嘎布,AU,53,1912,coindata
1211608587,西藏章嘎嘎布,AU,53,1912,coindata
1211608589,西藏章嘎嘎布,AU,53,1912,coindata
1211608591,西藏章嘎嘎布,AU,53,1912,coindata
1211608593,西藏章嘎嘎布,AU,53,1912,coindata
1211608595,西藏章嘎嘎布,AU,53,1912,coindata
1211608597,西藏章嘎嘎布,AU,50,1912,coindata
1211608599,西藏章嘎嘎布,AU,50,1912,coindata
1211608601,西藏章嘎嘎布,AU,50,1912,coindata
1211608625,开国纪念壹圆,AU,50,1927,coindata
1211608629,袁世凯像壹圆,AU,53,1920,coindata
1211608631,袁世凯像壹圆,AU,50,1914,coindata
1211608633,袁世凯像壹圆,AU,53,1914,coindata
1211608639,袁世凯像壹圆,AU,50,1921,coindata
1211608647,开国纪念壹圆,AU,50,1927,coindata
1211608653,袁世凯像壹圆,AU,50,1921,coindata
1211608665,袁世凯像壹圆,AU,50,1914,coindata
1211608673,福建官局贰毫,AU,53,1912,coindata
1211608677,云南省造半圆,AU,50,1911,coindata
1211608681,袁世凯像壹圆,AU,53,1921,coindata
1211608683,袁世凯像壹圆,AU,53,1914,coindata
1211608685,袁世凯像壹圆,AU,50,1914,coindata
1211608785,云南省造半圆,AU,50,1932,coindata
1211608803,袁世凯像壹圆,AU,53,1920,coindata
1211608807,袁世凯像壹圆,AU,50,1921,coindata
1211608809,袁世凯像壹圆,AU,50,1914,coindata
1211608861,袁世凯像壹圆,AU,50,1914,coindata
1211608865,开国纪念壹圆,AU,50,1927,coindata
1211608873,开国纪念壹圆,AU,50,1927,coindata
1211608943,四川省造卢比,AU,50,1930,coindata
1211608955,北洋局造一圆,AU,50,1908,coindata
1211608961,云南省造贰角,AU,53,1932,coindata
1211608963,云南省造贰角,AU,50,1932,coindata
1211608965,云南省造贰角,AU,50,1932,coindata
1211608967,云南省造贰角,AU,50,1932,coindata
1211608969,云南省造贰角,AU,53,1932,coindata
1211608975,云南省造贰角,AU,53,1932,coindata
1211608977,云南省造贰角,AU,50,1932,coindata
1211608979,云南省造贰角,AU,53,1932,coindata
1211608981,云南省造贰角,AU,50,1932,coindata
1211608991,云南省造贰角,AU,50,1932,coindata
1211608993,云南省造贰角,AU,53,1932,coindata
1211608999,云南省造贰角,AU,50,1932,coindata
1211609001,云南省造贰角,AU,50,1932,coindata
1211609005,云南省造贰角,AU,50,1932,coindata
1211609009,云南省造贰角,AU,50,1932,coindata
1211609025,袁世凯像壹圆,AU,50,1914,coindata
1211609043,西藏章嘎嘎布,AU,53,1912,coindata
1211609045,西藏章嘎嘎布,AU,53,1912,coindata
1211609053,云南省造半圆,AU,53,1911,coindata
1211609055,云南省造半圆,AU,53,1932,coindata
1211609059,云南省造半圆,AU,50,1932,coindata
1211609065,江南省造一圆,AU,50,1904,coindata
1211609079,云南省造贰角,AU,50,1932,coindata
1211609081,云南省造贰角,AU,50,1932,coindata
1211609083,云南省造贰角,AU,50,1932,coindata
1211609085,云南省造贰角,AU,53,1932,coindata
1211609087,云南省造贰角,AU,53,1932,coindata
1211609091,云南省造半圆,AU,50,1911,coindata
1211609135,西藏章嘎嘎布,AU,53,1912,coindata
1211609137,西藏章嘎嘎布,AU,53,1912,coindata
1211609139,西藏章嘎嘎布,AU,53,1912,coindata
1211609141,西藏章嘎嘎布,AU,53,1912,coindata
1211609143,西藏章嘎嘎布,AU,50,1912,coindata
1211609145,西藏章嘎嘎布,AU,50,1912,coindata
1211609179,袁世凯像壹圆,AU,50,1914,coindata
1211609189,袁世凯像壹圆,AU,50,1921,coindata
1211609197,袁世凯像壹圆,AU,50,1914,coindata
1211609209,袁世凯像壹圆,AU,50,1914,coindata
1211609221,袁世凯像壹圆,AU,50,1914,coindata
1211609225,袁世凯像壹圆,AU,50,1914,coindata
1211609227,袁世凯像壹圆,AU,50,1914,coindata
1211609229,袁世凯像壹圆,AU,50,1914,coindata
1211609231,袁世凯像壹圆,AU,50,1914,coindata
1211609233,袁世凯像壹圆,AU,50,1914,coindata
1211609235,袁世凯像壹圆,AU,50,1914,coindata
1211609241,袁世凯像壹圆,AU,50,1921,coindata
1211609243,袁世凯像壹圆,AU,50,1921,coindata
1211609247,袁世凯像壹圆,AU,50,1914,coindata
1211609253,袁世凯像壹圆,AU,50,1921,coindata
1211609257,袁世凯像壹圆,AU,50,1921,coindata
1211609279,云南省造半圆,AU,50,1911,coindata
1211609281,云南省造半圆,AU,50,1911,coindata
1211609287,袁世凯像壹圆,AU,50,1921,coindata
1211609293,开国纪念壹圆,AU,53,1927,coindata
1211609303,袁世凯像壹圆,AU,53,1914,coindata
1211609401,袁世凯像壹圆,AU,50,1914,coindata
1211609403,袁世凯像壹圆,AU,50,1914,coindata
1211609405,江南省造一圆,AU,50,1904,coindata
1211609407,开国纪念壹圆,AU,50,1927,coindata
1211609411,袁世凯像壹圆,AU,50,1920,coindata
1211609427,袁世凯像壹圆,AU,53,1914,coindata
1211609431,袁世凯像壹圆,AU,53,1914,coindata
1211609443,袁世凯像壹圆,AU,50,1920,coindata
1211609449,开国纪念壹圆,AU,53,1927,coindata
1211609453,开国纪念壹圆,AU,50,1927,coindata
1211609457,袁世凯像壹圆,AU,50,1920,coindata
1211609465,袁世凯像壹圆,AU,50,1914,coindata
1211609471,袁世凯像壹圆,AU,50,1921,coindata
1211609489,福建中华二角,AU,50,1923,coindata
1211609505,孙中山像贰毫,AU,50,1929,coindata
1211609511,广西省造贰毫,AU,50,1926,coindata
1211609517,云南省造半圆,AU,50,1911,coindata
1211609549,袁世凯像壹圆,AU,53,1914,coindata
1211609553,袁世凯像贰角,AU,53,1914,coindata
1211609555,开国纪念壹圆,AU,50,1927,coindata
1211609577,袁世凯像壹圆,AU,50,1920,coindata
1211609685,袁世凯像壹圆,AU,50,1914,coindata
1211609689,袁世凯像壹圆,AU,53,1921,coindata
1211609701,孙中山像壹圆,AU,50,1934,coindata
1211609707,东三省造二角,AU,50,1907,coindata
1211609725,孙中山像壹圆,AU,53,1934,coindata
1211609743,孙中山像壹圆,AU,50,1934,coindata
1211609745,云南省造贰角,AU,50,1932,coindata
1211609767,大清银币壹圆,AU,50,1911,coindata
1211609769,大清银币壹圆,AU,50,1911,coindata
1211609777,孙中山像壹圆,AU,50,1934,coindata
1211609781,造币总厂一圆,AU,50,1908,coindata
1211609799,北洋局造一圆,AU,50,1908,coindata
1211609813,袁世凯像壹圆,AU,50,1919,coindata
1211609815,袁世凯像壹圆,AU,53,1919,coindata
1211609825,袁世凯像壹圆,AU,50,1914,coindata
1211609827,袁世凯像壹圆,AU,50,1914,coindata
1211609841,袁世凯像壹圆,AU,50,1914,coindata
1211609857,袁世凯像壹圆,AU,53,1914,coindata
1211609859,袁世凯像壹圆,AU,53,1914,coindata
1211609879,孙中山像贰毫,AU,50,1929,coindata
1211609997,西藏章嘎嘎布,AU,53,1912,coindata
1211609999,西藏章嘎嘎布,AU,53,1912,coindata
1211701647,吉林省造二角,AU,50,1908,coindata
1211701669,东三省造二角,AU,50,1909,coindata
1211701671,东三省造二角,AU,53,1914,coindata
1211701723,袁世凯像壹圆,AU,50,1914,coindata
1211701731,袁世凯像壹圆,AU,53,1920,coindata
1211701745,云南省造半圆,AU,50,1911,coindata
1211701787,云南省造半圆,AU,50,1911,coindata
1211701795,云南省造半圆,AU,50,1911,coindata
1211701809,四川银币壹圆,AU,50,1912,coindata
1211701811,四川银币壹圆,AU,53,1912,coindata
1211701813,四川银币壹圆,AU,53,1912,coindata
1211701827,云南省造半圆,AU,53,1911,coindata
1211701829,云南省造半圆,AU,50,1911,coindata
1211701831,云南省造半圆,AU,50,1911,coindata
1211701833,云南省造半圆,AU,50,1911,coindata
1211701835,云南省造半圆,AU,50,1911,coindata
1211701883,袁世凯像壹圆,AU,53,1921,coindata
1211701887,袁世凯像壹角,AU,50,1914,coindata
1211701905,开国纪念壹圆,AU,50,1927,coindata
1211701927,袁世凯像壹圆,AU,53,1921,coindata
1211701929,湖北省造一圆,AU,53,1895,coindata
1211701935,开国纪念壹圆,AU,53,1927,coindata
1211701945,开国纪念壹圆,AU,53,1927,coindata
1211701947,开国纪念壹圆,AU,53,1927,coindata
1211701953,开国纪念壹圆,AU,50,1927,coindata
1211701955,开国纪念壹圆,AU,50,1927,coindata
1211701957,开国纪念壹圆,AU,50,1927,coindata
1211701961,西藏章嘎嘎布,AU,53,1912,coindata
1211701973,袁世凯像壹圆,AU,50,1914,coindata
1211701995,云南省造半圆,AU,53,1932,coindata
1211701997,云南省造半圆,AU,53,1932,coindata
1211701999,云南省造半圆,AU,53,1932,coindata
1211702005,云南省造半圆,AU,50,1932,coindata
1211702007,云南省造半圆,AU,50,1932,coindata
1211702009,云南省造半圆,AU,50,1932,coindata
1211702011,云南省造半圆,AU,50,1932,coindata
1211702029,北洋局造一圆,AU,50,1908,coindata
1211702031,北洋局造一圆,AU,50,1908,coindata
1211702047,云南省造半圆,AU,50,1908,coindata
1211702103,开国纪念壹圆,AU,50,1927,coindata
1211702113,袁世凯像壹圆,AU,53,1920,coindata
1211702121,新疆迪化壹两,AU,50,1918,coindata
1211702127,袁世凯像壹圆,AU,53,1914,coindata
1211702139,袁世凯像壹圆,AU,50,1920,coindata
1211702157,袁世凯像壹圆,AU,53,1914,coindata
1211702165,袁世凯像壹圆,AU,50,1914,coindata
1211702173,袁世凯像壹圆,AU,50,1914,coindata
1211702203,袁世凯像壹圆,AU,50,1921,coindata
1211702211,开国纪念壹圆,AU,53,1927,coindata
1211702257,袁世凯像贰角,AU,50,1916,coindata
1211702263,袁世凯像贰角,AU,50,1914,coindata
1211702267,袁世凯像壹圆,AU,50,1914,coindata
1211702269,袁世凯像壹圆,AU,50,1914,coindata
1211702273,袁世凯像壹圆,AU,50,1921,coindata
1211702275,袁世凯像壹圆,AU,50,1914,coindata
1211702277,江南省造一角,AU,50,1904,coindata
1211702279,袁世凯像壹圆,AU,50,1914,coindata
1211702287,袁世凯像壹圆,AU,50,1914,coindata
1211702301,袁世凯像壹圆,AU,50,1921,coindata
1211702309,袁世凯像壹圆,AU,50,1914,coindata
1211702341,广东省造贰毫,AU,53,1918,coindata
1211702343,袁世凯像壹圆,AU,50,1914,coindata
1211702345,袁世凯像壹圆,AU,50,1920,coindata
1211702369,广东省造贰毫,AU,50,1913,coindata
1211702375,广西省造贰毫,AU,50,1927,coindata
1211702397,江南省造一圆,AU,53,1904,coindata
1211702401,孙中山像壹角,AU,50,1949,coindata
1211702403,孙中山像壹角,AU,50,1949,coindata
1211702405,孙中山像壹角,AU,50,1949,coindata
1211702407,孙中山像壹角,AU,50,1949,coindata
1211702409,孙中山像壹角,AU,50,1949,coindata
1211702411,孙中山像壹角,AU,50,1949,coindata
1211702413,孙中山像壹角,AU,50,1949,coindata
1211702415,孙中山像壹角,AU,50,1949,coindata
1211702417,孙中山像壹角,AU,50,1949,coindata
1211702419,孙中山像壹角,AU,50,1949,coindata
1211702421,孙中山像壹角,AU,50,1949,coindata
1211702423,孙中山像壹角,AU,50,1949,coindata
1211702425,孙中山像壹角,AU,50,1949,coindata
1211702427,孙中山像壹角,AU,50,1949,coindata
1211702429,孙中山像壹角,AU,50,1949,coindata
1211702431,孙中山像壹角,AU,50,1949,coindata
1211702433,孙中山像壹角,AU,50,1949,coindata
1211702435,孙中山像壹角,AU,50,1949,coindata
1211702437,孙中山像壹角,AU,50,1949,coindata
1211702439,孙中山像壹角,AU,50,1949,coindata
1211702441,孙中山像壹角,AU,50,1949,coindata
1211702443,孙中山像壹角,AU,50,1949,coindata
1211702445,孙中山像壹角,AU,50,1949,coindata
1211702447,孙中山像壹角,AU,50,1949,coindata
1211702449,孙中山像壹角,AU,53,1949,coindata
1211702451,孙中山像壹角,AU,53,1949,coindata
1211702453,孙中山像壹角,AU,53,1949,coindata
1211702455,孙中山像壹角,AU,53,1949,coindata
1211702457,孙中山像壹角,AU,53,1949,coindata
1211702459,孙中山像壹角,AU,53,1949,coindata
1211702461,孙中山像壹角,AU,53,1949,coindata
1211702463,孙中山像壹角,AU,53,1949,coindata
1211702465,孙中山像壹角,AU,53,1949,coindata
1211702467,孙中山像壹角,AU,53,1949,coindata
1211702469,孙中山像壹角,AU,53,1949,coindata
1211702471,孙中山像壹角,AU,53,1949,coindata
1211702473,孙中山像壹角,AU,53,1949,coindata
1211702475,孙中山像壹角,AU,53,1949,coindata
1211702477,孙中山像壹角,AU,53,1949,coindata
1211702479,孙中山像壹角,AU,53,1949,coindata
1211702481,孙中山像壹角,AU,53,1949,coindata
1211702483,孙中山像壹角,AU,53,1949,coindata
1211702485,孙中山像壹角,AU,53,1949,coindata
1211702487,孙中山像壹角,AU,53,1949,coindata
1211702489,孙中山像壹角,AU,53,1949,coindata
1211702491,孙中山像壹角,AU,53,1949,coindata
1211702493,孙中山像壹角,AU,53,1949,coindata
1211702495,孙中山像壹角,AU,53,1949,coindata
1211702497,孙中山像壹角,AU,53,1949,coindata
1211702499,孙中山像壹角,AU,53,1949,coindata
1211702501,孙中山像壹角,AU,53,1949,coindata
1211702503,孙中山像壹角,AU,53,1949,coindata
1211702505,孙中山像壹角,AU,53,1949,coindata
1211702507,孙中山像壹角,AU,53,1949,coindata
1211702509,孙中山像壹角,AU,53,1949,coindata
1211702511,孙中山像壹角,AU,53,1949,coindata
1211702655,袁世凯像壹圆,AU,50,1914,coindata
1211702677,袁世凯像壹圆,AU,50,1914,coindata
1211702687,北洋局造一圆,AU,50,1908,coindata
1211702689,北洋局造一圆,AU,50,1908,coindata
1211702713,袁世凯像壹圆,AU,53,1914,coindata
1211702715,北洋局造一圆,AU,50,1908,coindata
1211702729,云南省造半圆,AU,50,1911,coindata
1211702739,黎元洪像壹圆,AU,53,1912,coindata
1211702785,开国纪念壹圆,AU,53,1927,coindata
1211702789,云南省造半圆,AU,53,1911,coindata
1211702791,云南省造半圆,AU,53,1911,coindata
1211702793,云南省造半圆,AU,53,1911,coindata
1211702795,云南省造半圆,AU,53,1911,coindata
1211702805,云南省造半圆,AU,50,1911,coindata
1211702807,云南省造半圆,AU,50,1911,coindata
1211702809,云南省造半圆,AU,50,1911,coindata
1211702817,云南省造半圆,AU,53,1911,coindata
1211702819,云南省造半圆,AU,53,1911,coindata
1211702821,云南省造半圆,AU,53,1911,coindata
1211702823,云南省造半圆,AU,53,1911,coindata
1211702825,云南省造半圆,AU,53,1911,coindata
1211702827,云南省造半圆,AU,53,1911,coindata
1211702829,云南省造半圆,AU,53,1911,coindata
1211702843,云南省造半圆,AU,53,1911,coindata
1211702845,云南省造半圆,AU,50,1911,coindata
1211702847,云南省造半圆,AU,50,1911,coindata
1211702849,云南省造半圆,AU,53,1911,coindata
1211702853,云南省造半圆,AU,53,1911,coindata
1211702857,云南省造半圆,AU,50,1911,coindata
1211702875,云南省造半圆,AU,50,1911,coindata
1211702883,云南省造半圆,AU,50,1911,coindata
1211702885,云南省造半圆,AU,50,1932,coindata
1211702887,云南省造半圆,AU,53,1911,coindata
1211702889,云南省造半圆,AU,53,1911,coindata
1211702891,云南省造半圆,AU,50,1911,coindata
1211702899,云南省造半圆,AU,50,1911,coindata
1211702901,云南省造半圆,AU,50,1911,coindata
1211702907,云南省造半圆,AU,53,1911,coindata
1211702909,云南省造半圆,AU,53,1911,coindata
1211702911,云南省造半圆,AU,53,1911,coindata
1211702913,云南省造半圆,AU,53,1911,coindata
1211702915,云南省造半圆,AU,53,1911,coindata
1211702917,云南省造半圆,AU,53,1911,coindata
1211702919,云南省造半圆,AU,53,1911,coindata
1211702921,云南省造半圆,AU,53,1911,coindata
1211702923,云南省造半圆,AU,53,1911,coindata
1211702925,云南省造半圆,AU,53,1911,coindata
1211702927,云南省造半圆,AU,53,1911,coindata
1211702929,云南省造半圆,AU,53,1911,coindata
1211702931,云南省造半圆,AU,53,1911,coindata
1211702933,云南省造半圆,AU,53,1911,coindata
1211702935,云南省造半圆,AU,53,1911,coindata
1211702937,云南省造半圆,AU,53,1911,coindata
1211703001,云南省造半圆,AU,50,1911,coindata
1211703003,云南省造半圆,AU,50,1911,coindata
1211703005,云南省造半圆,AU,50,1911,coindata
1211703007,云南省造半圆,AU,50,1911,coindata
1211703009,云南省造半圆,AU,50,1911,coindata
1211703011,云南省造半圆,AU,50,1911,coindata
1211703013,云南省造半圆,AU,50,1911,coindata
1211703015,云南省造半圆,AU,50,1911,coindata
1211703017,云南省造半圆,AU,50,1911,coindata
1211703019,云南省造半圆,AU,50,1911,coindata
1211703021,云南省造半圆,AU,50,1911,coindata
1211703023,云南省造半圆,AU,50,1911,coindata
1211703025,云南省造半圆,AU,50,1911,coindata
1211703027,云南省造半圆,AU,50,1911,coindata
1211703029,云南省造半圆,AU,50,1911,coindata
1211703031,云南省造半圆,AU,50,1911,coindata
1211703033,云南省造半圆,AU,50,1911,coindata
1211703035,云南省造半圆,AU,50,1911,coindata
1211703037,云南省造半圆,AU,50,1911,coindata
1211703039,云南省造半圆,AU,50,1911,coindata
1211703041,云南省造半圆,AU,50,1911,coindata
1211703043,云南省造半圆,AU,50,1911,coindata
1211703045,云南省造半圆,AU,50,1911,coindata
1211703047,云南省造半圆,AU,50,1911,coindata
1211703067,云南省造半圆,AU,50,1932,coindata
1211703077,云南省造贰角,AU,50,1932,coindata
1211703081,四川省造卢比,AU,53,1930,coindata
1211703089,袁世凯像壹圆,AU,53,1920,coindata
1211703091,开国纪念壹圆,AU,50,1927,coindata
1211703101,袁世凯像壹圆,AU,50,1921,coindata
1211703103,袁世凯像壹圆,AU,50,1921,coindata
1211703105,袁世凯像壹圆,AU,50,1921,coindata
1211703107,袁世凯像壹圆,AU,53,1921,coindata
1211703111,袁世凯像壹圆,AU,53,1920,coindata
1211703117,袁世凯像壹圆,AU,50,1914,coindata
1211703123,袁世凯像壹圆,AU,53,1920,coindata
1211703157,孙中山像贰毫,AU,50,1929,coindata
1211703401,孙中山像壹角,AU,53,1949,coindata
1211703403,孙中山像壹角,AU,53,1949,coindata
1211703405,孙中山像壹角,AU,53,1949,coindata
1211703407,孙中山像壹角,AU,53,1949,coindata
1211703409,孙中山像壹角,AU,53,1949,coindata
1211703411,孙中山像壹角,AU,53,1949,coindata
1211703413,孙中山像壹角,AU,53,1949,coindata
1211703415,孙中山像壹角,AU,53,1949,coindata
1211703417,孙中山像壹角,AU,53,1949,coindata
1211703419,孙中山像壹角,AU,53,1949,coindata
1211703421,孙中山像壹角,AU,53,1949,coindata
1211703423,孙中山像壹角,AU,53,1949,coindata
1211703425,孙中山像壹角,AU,53,1949,coindata
1211703427,孙中山像壹角,AU,53,1949,coindata
1211703429,孙中山像壹角,AU,53,1949,coindata
1211703431,孙中山像壹角,AU,53,1949,coindata
1211703433,孙中山像壹角,AU,53,1949,coindata
1211703435,孙中山像壹角,AU,53,1949,coindata
1211703437,孙中山像壹角,AU,53,1949,coindata
1211703439,孙中山像壹角,AU,53,1949,coindata
1211703441,孙中山像壹角,AU,53,1949,coindata
1211703443,孙中山像壹角,AU,53,1949,coindata
1211703445,孙中山像壹角,AU,53,1949,coindata
1211703447,孙中山像壹角,AU,53,1949,coindata
1211703449,孙中山像壹角,AU,53,1949,coindata
1211703451,孙中山像壹角,AU,53,1949,coindata
1211703453,孙中山像壹角,AU,53,1949,coindata
1211703455,孙中山像壹角,AU,53,1949,coindata
1211703457,孙中山像壹角,AU,53,1949,coindata
1211703459,孙中山像壹角,AU,53,1949,coindata
1211703461,孙中山像壹角,AU,53,1949,coindata
1211703463,孙中山像壹角,AU,53,1949,coindata
1211703465,孙中山像壹角,AU,53,1949,coindata
1211703467,孙中山像壹角,AU,53,1949,coindata
1211703469,孙中山像壹角,AU,53,1949,coindata
1211703471,孙中山像壹角,AU,53,1949,coindata
1211703473,孙中山像壹角,AU,50,1949,coindata
1211703475,孙中山像壹角,AU,50,1949,coindata
1211703477,孙中山像壹角,AU,50,1949,coindata
1211703479,孙中山像壹角,AU,50,1949,coindata
1211703481,孙中山像壹角,AU,50,1949,coindata
1211703483,孙中山像壹角,AU,50,1949,coindata
1211703485,孙中山像壹角,AU,50,1949,coindata
1211703487,孙中山像壹角,AU,50,1949,coindata
1211703489,孙中山像壹角,AU,50,1949,coindata
1211703491,孙中山像壹角,AU,50,1949,coindata
1211703493,孙中山像壹角,AU,50,1949,coindata
1211703495,孙中山像壹角,AU,50,1949,coindata
1211703497,孙中山像壹角,AU,50,1949,coindata
1211703499,孙中山像壹角,AU,50,1949,coindata
1211703501,孙中山像壹角,AU,50,1949,coindata
1211703503,孙中山像壹角,AU,50,1949,coindata
1211703575,开国纪念壹圆,AU,50,1927,coindata
1211703599,香港一毫,AU,50,1980,coindata
1211703679,云南省造半圆,AU,50,1932,coindata
1211703695,云南省造贰角,AU,50,1932,coindata
1211703701,云南省造贰角,AU,53,1932,coindata
1211703703,云南省造贰角,AU,50,1932,coindata
1211703707,云南省造贰角,AU,50,1932,coindata
1211703709,云南省造贰角,AU,53,1932,coindata
1211703711,云南省造贰角,AU,50,1932,coindata
1211703713,云南省造贰角,AU,50,1932,coindata
1211703715,云南省造贰角,AU,50,1932,coindata
1211703717,云南省造贰角,AU,50,1932,coindata
1211703719,云南省造贰角,AU,53,1932,coindata
1211703721,云南省造贰角,AU,53,1932,coindata
1211703723,云南省造贰角,AU,50,1932,coindata
1211703725,云南省造贰角,AU,50,1932,coindata
1211703727,云南省造贰角,AU,53,1932,coindata
1211703737,云南省造贰角,AU,50,1932,coindata
1211703739,云南省造贰角,AU,50,1932,coindata
1211703741,云南省造贰角,AU,50,1932,coindata
1211703743,云南省造贰角,AU,53,1932,coindata
1211703753,袁世凯像中圆,AU,50,1914,coindata
1211703755,孙中山像壹圆,AU,50,1934,coindata
1211703757,四川银币壹圆,AU,50,1912,coindata
1211703759,云南省造半圆,AU,50,1908,coindata
1211703761,湖北省造一圆,AU,50,1895,coindata
1211703765,袁世凯像壹圆,AU,50,1914,coindata
1211703769,袁世凯像壹圆,AU,50,1914,coindata
1211703771,袁世凯像壹圆,AU,50,1914,coindata
1211703773,袁世凯像壹圆,AU,50,1914,coindata
1211703775,袁世凯像壹圆,AU,50,1914,coindata
1211703779,袁世凯像壹圆,AU,50,1914,coindata
1211703781,袁世凯像壹圆,AU,50,1920,coindata
1211703783,袁世凯像壹圆,AU,50,1914,coindata
1211703785,袁世凯像壹圆,AU,50,1914,coindata
1211703787,袁世凯像壹圆,AU,50,1921,coindata
1211703789,袁世凯像壹圆,AU,50,1914,coindata
1211703791,袁世凯像壹圆,AU,50,1920,coindata
1211703793,袁世凯像壹圆,AU,50,1921,coindata
1211703795,袁世凯像壹圆,AU,50,1921,coindata
1211703895,西藏章嘎嘎布,AU,50,1912,coindata
1211703897,西藏章嘎嘎布,AU,53,1912,coindata
1211703899,西藏章嘎嘎布,AU,53,1912,coindata
1211703903,西藏章嘎嘎布,AU,50,1912,coindata
1211703907,袁世凯像壹圆,AU,53,1920,coindata
1211703913,孙中山像贰角,AU,50,1929,coindata
1211703925,袁世凯像壹圆,AU,53,1920,coindata
1211703929,云南省造半圆,AU,53,1911,coindata
1211704041,云南省造一圆,AU,53,1909,coindata
1211704045,孙中山像壹角,AU,50,1949,coindata
1211704047,孙中山像壹角,AU,50,1949,coindata
1211704049,孙中山像壹角,AU,50,1949,coindata
1211704051,孙中山像壹角,AU,50,1949,coindata
1211704053,孙中山像壹角,AU,50,1949,coindata
1211704055,孙中山像壹角,AU,50,1949,coindata
1211704057,孙中山像壹角,AU,50,1949,coindata
1211704059,孙中山像壹角,AU,50,1949,coindata
1211704061,孙中山像壹角,AU,50,1949,coindata
1211704063,孙中山像壹角,AU,50,1949,coindata
1211704065,孙中山像壹角,AU,50,1949,coindata
1211704067,孙中山像壹角,AU,50,1949,coindata
1211704069,孙中山像壹角,AU,50,1949,coindata
1211704071,孙中山像壹角,AU,50,1949,coindata
1211704073,孙中山像壹角,AU,50,1949,coindata
1211704075,孙中山像壹角,AU,50,1949,coindata
1211704077,孙中山像壹角,AU,50,1949,coindata
1211704079,孙中山像壹角,AU,50,1949,coindata
1211704081,孙中山像壹角,AU,50,1949,coindata
1211704083,孙中山像壹角,AU,50,1949,coindata
1211704085,孙中山像壹角,AU,50,1949,coindata
1211704087,孙中山像壹角,AU,50,1949,coindata
1211704089,孙中山像壹角,AU,50,1949,coindata
1211704091,孙中山像壹角,AU,50,1949,coindata
1211704093,孙中山像壹角,AU,50,1949,coindata
1211704095,孙中山像壹角,AU,50,1949,coindata
1211704097,孙中山像壹角,AU,50,1949,coindata
1211704099,孙中山像壹角,AU,50,1949,coindata
1211704101,孙中山像壹角,AU,50,1949,coindata
1211704103,孙中山像壹角,AU,50,1949,coindata
1211704105,孙中山像壹角,AU,50,1949,coindata
1211704107,孙中山像壹角,AU,50,1949,coindata
1211704109,孙中山像壹角,AU,50,1949,coindata
1211704111,孙中山像壹角,AU,50,1949,coindata
1211704113,孙中山像壹角,AU,50,1949,coindata
1211704115,孙中山像壹角,AU,50,1949,coindata
1211704117,孙中山像壹角,AU,50,1949,coindata
1211704119,孙中山像壹角,AU,50,1949,coindata
1211704121,孙中山像壹角,AU,50,1949,coindata
1211704123,孙中山像壹角,AU,50,1949,coindata
1211704125,孙中山像壹角,AU,50,1949,coindata
1211704127,孙中山像壹角,AU,50,1949,coindata
1211704129,孙中山像壹角,AU,53,1949,coindata
1211704131,孙中山像壹角,AU,53,1949,coindata
1211704133,孙中山像壹角,AU,53,1949,coindata
1211704135,孙中山像壹角,AU,53,1949,coindata
1211704137,孙中山像壹角,AU,53,1949,coindata
1211704139,孙中山像壹角,AU,53,1949,coindata
1211704141,孙中山像壹角,AU,53,1949,coindata
1211704143,孙中山像壹角,AU,53,1949,coindata
1211704145,孙中山像壹角,AU,53,1949,coindata
1211704147,孙中山像壹角,AU,53,1949,coindata
1211704149,孙中山像壹角,AU,53,1949,coindata
1211704151,孙中山像壹角,AU,53,1949,coindata
1211704153,孙中山像壹角,AU,53,1949,coindata
1211704155,孙中山像壹角,AU,53,1949,coindata
1211704157,孙中山像壹角,AU,53,1949,coindata
1211704159,孙中山像壹角,AU,53,1949,coindata
1211704161,孙中山像壹角,AU,53,1949,coindata
1211704163,孙中山像壹角,AU,53,1949,coindata
1211704165,孙中山像壹角,AU,53,1949,coindata
1211704167,孙中山像壹角,AU,53,1949,coindata
1211704169,孙中山像壹角,AU,53,1949,coindata
1211704171,孙中山像壹角,AU,53,1949,coindata
1211704173,孙中山像壹角,AU,53,1949,coindata
1211704175,孙中山像壹角,AU,53,1949,coindata
1211704177,孙中山像壹角,AU,53,1949,coindata
1211704179,孙中山像壹角,AU,53,1949,coindata
1211704181,孙中山像壹角,AU,53,1949,coindata
1211704183,孙中山像壹角,AU,53,1949,coindata
1211704185,孙中山像壹角,AU,53,1949,coindata
1211704187,孙中山像壹角,AU,53,1949,coindata
1211704251,袁世凯像壹圆,AU,50,1914,coindata
1211704265,开国纪念壹圆,AU,53,1927,coindata
1211704293,袁世凯像壹圆,AU,50,1914,coindata
1211704295,袁世凯像壹圆,AU,50,1914,coindata
1211704305,袁世凯像壹圆,AU,50,1920,coindata
1211704333,云南省造半圆,AU,50,1932,coindata
1211704335,云南省造半圆,AU,53,1932,coindata
1211704355,云南省造半圆,AU,50,1911,coindata
1211704413,袁世凯像壹圆,AU,50,1921,coindata
1211704451,袁世凯像壹圆,AU,50,1920,coindata
1211704479,开国纪念壹圆,AU,50,1927,coindata
1211704497,孙中山像壹圆,AU,50,1934,coindata
1211704503,袁世凯像壹圆,AU,53,1914,coindata
1211704513,袁世凯像壹圆,AU,50,1919,coindata
1211704515,开国纪念壹圆,AU,53,1927,coindata
1211704527,袁世凯像贰角,AU,50,1916,coindata
1211704531,浙江省造壹毫,AU,50,1924,coindata
1211704541,广东省造贰毫,AU,53,1919,coindata
1211704555,广东省造贰毫,AU,53,1919,coindata
1211704557,广东省造贰毫,AU,53,1920,coindata
1211704619,广东省造贰毫,AU,50,1921,coindata
1211704653,唐继尧像半圆,AU,50,1919,coindata
1211704655,袁世凯像壹圆,AU,50,1920,coindata
1211704661,袁世凯像壹圆,AU,50,1914,coindata
1211704673,袁世凯像壹圆,AU,50,1914,coindata
1211704689,袁世凯像壹圆,AU,53,1914,coindata
1211704695,袁世凯像壹圆,AU,50,1914,coindata
1211704705,袁世凯像壹圆,AU,50,1914,coindata
1211704753,袁世凯像壹圆,AU,50,1914,coindata
1211704757,袁世凯像壹圆,AU,50,1914,coindata
1211704803,袁世凯像壹圆,AU,53,1914,coindata
1211704827,袁世凯像壹圆,AU,50,1921,coindata
1211704845,袁世凯像壹圆,AU,50,1921,coindata
1211704849,袁世凯像壹圆,AU,50,1921,coindata
1211704859,袁世凯像壹圆,AU,50,1921,coindata
1211704863,袁世凯像壹圆,AU,50,1914,coindata
1211704883,袁世凯像壹圆,AU,50,1920,coindata
1211704893,东三省造二角,AU,53,1914,coindata
1211704903,袁世凯像壹圆,AU,53,1914,coindata
1211704919,北洋局造一圆,AU,50,1908,coindata
1211704935,袁世凯像壹圆,AU,50,1914,coindata
1211704985,袁世凯像壹圆,AU,50,1914,coindata
1211704989,袁世凯像壹圆,AU,50,1914,coindata
1211705013,大清银币壹圆,AU,50,1911,coindata
1211705021,袁世凯像壹圆,AU,50,1921,coindata
1211705025,开国纪念壹圆,AU,50,1927,coindata
1211705029,唐继尧像半圆,AU,53,1916,coindata
1211705035,开国纪念壹圆,AU,50,1927,coindata
1211705043,开国纪念壹圆,AU,50,1927,coindata
1211705045,开国纪念壹圆,AU,53,1927,coindata
1211705057,北洋局造一圆,AU,50,1899,coindata
1211705077,袁世凯像壹圆,AU,50,1920,coindata
1211705079,袁世凯像壹圆,AU,50,1919,coindata
1211705101,广东省造一角,AU,50,1890,coindata
1211705105,大清银币壹圆,AU,53,1911,coindata
1211705117,云南省造半圆,AU,50,1932,coindata
1211705119,云南省造半圆,AU,53,1911,coindata
1211705121,云南省造半圆,AU,50,1911,coindata
1211705139,袁世凯像壹圆,AU,50,1914,coindata
1211705191,开国纪念壹圆,AU,53,1927,coindata
1211705217,袁世凯像壹圆,AU,50,1914,coindata
1211705219,大清银币壹圆,AU,50,1911,coindata
1211705221,大清银币壹圆,AU,50,1911,coindata
1211705223,大清银币壹圆,AU,53,1911,coindata
1211705257,开国纪念壹圆,AU,53,1927,coindata
1211705261,袁世凯像壹圆,AU,50,1920,coindata
1211705267,袁世凯像壹圆,AU,53,1920,coindata
1211705275,袁世凯像壹圆,AU,50,1914,coindata
1211705303,袁世凯像壹圆,AU,50,1914,coindata
1211705435,袁世凯像壹圆,AU,50,1914,coindata
1211705449,袁世凯像壹圆,AU,50,1920,coindata
1211705481,云南省造半圆,AU,50,1932,coindata
1211705485,袁世凯像壹圆,AU,50,1920,coindata
1211705487,开国纪念壹圆,AU,50,1927,coindata
1211705545,袁世凯像壹圆,AU,50,1920,coindata
1211705585,开国纪念壹圆,AU,50,1927,coindata
1211705589,袁世凯像壹圆,AU,53,1920,coindata
1211705599,开国纪念壹圆,AU,50,1927,coindata
1211705605,袁世凯像壹圆,AU,53,1921,coindata
1211705633,袁世凯像壹圆,AU,50,1920,coindata
1211705641,袁世凯像壹圆,AU,50,1921,coindata
1211705645,袁世凯像壹圆,AU,50,1914,coindata
1211705679,袁世凯像壹圆,AU,50,1914,coindata
1211705689,开国纪念壹圆,AU,53,1927,coindata
1211705691,袁世凯像壹圆,AU,50,1914,coindata
1211705703,香港一毫,AU,50,1904,coindata
1211705705,袁世凯像壹圆,AU,50,1921,coindata
1211705713,袁世凯像壹圆,AU,50,1914,coindata
1211705745,袁世凯像壹圆,AU,53,1914,coindata
1211705757,袁世凯像壹角,AU,50,1914,coindata
1211705759,云南省造半圆,AU,53,1909,coindata
1211705761,袁世凯像中圆,AU,53,1914,coindata
1211705763,唐继尧像半圆,AU,50,1919,coindata
1211705765,四川省造卢比,AU,53,1912,coindata
1211705783,袁世凯像壹圆,AU,50,1920,coindata
1211705793,孙中山像壹圆,AU,50,1933,coindata
1211705795,北洋局造一圆,AU,50,1908,coindata
1211705797,北洋局造一圆,AU,50,1908,coindata
1211705799,大清银币壹圆,AU,50,1911,coindata
1211705803,四川省造一圆,AU,50,1909,coindata
1211705815,袁世凯像壹圆,AU,50,1914,coindata
1211705859,袁世凯像壹圆,AU,50,1921,coindata
1211705861,袁世凯像壹圆,AU,53,1921,coindata
1211705875,孙中山像壹圆,AU,50,1934,coindata
1211705879,袁世凯像壹圆,AU,50,1914,coindata
1211705883,袁世凯像壹圆,AU,50,1914,coindata
1211705891,西藏银币十两,AU,50,1950,coindata
1211705893,西藏银币十两,AU,50,1952,coindata
1211705899,北洋局造一圆,AU,50,1908,coindata
1211705905,袁世凯像壹圆,AU,50,1914,coindata
1211705911,袁世凯像贰角,AU,50,1914,coindata
1211705915,孙中山像壹圆,AU,50,1934,coindata
1211705943,袁世凯像壹圆,AU,50,1914,coindata
1211705955,袁世凯像壹圆,AU,50,1914,coindata
1211705967,开国纪念壹圆,AU,50,1927,coindata
1211705971,开国纪念壹圆,AU,53,1927,coindata
1211705973,开国纪念壹圆,AU,50,1927,coindata
1211705997,东三省造二角,AU,53,1914,coindata
1211706007,袁世凯像壹圆,AU,50,1921,coindata
1211706021,新疆迪化壹两,AU,50,1917,coindata
1211706025,四川省造卢比,AU,50,1930,coindata
1211706035,袁世凯像壹圆,AU,53,1921,coindata
1211706039,袁世凯像壹圆,AU,50,1920,coindata
1211706051,袁世凯像壹圆,AU,53,1914,coindata
1211706055,袁像共和壹圆,AU,50,1914,coindata
1211706065,袁世凯像壹圆,AU,50,1914,coindata
1211706073,广东省造二角,AU,50,1909,coindata
1211706083,袁世凯像壹圆,AU,53,1920,coindata
1211706087,袁世凯像壹圆,AU,50,1914,coindata
1211706093,大清银币壹圆,AU,50,1911,coindata
1211706107,开国纪念壹圆,AU,53,1927,coindata
1211706139,云南省造半圆,AU,50,1911,coindata
1211706141,云南省造半圆,AU,50,1932,coindata
1211706159,袁世凯像壹圆,AU,50,1921,coindata
1211706163,袁世凯像壹圆,AU,50,1914,coindata
1211706165,袁世凯像壹圆,AU,50,1914,coindata
1211706235,袁世凯像壹圆,AU,50,1914,coindata
1211706243,北洋局造一圆,AU,50,1908,coindata
1211706247,袁世凯像壹圆,AU,53,1920,coindata
1211706253,袁世凯像壹圆,AU,50,1914,coindata
1211706255,云南省造半圆,AU,50,1908,coindata
1211706269,袁世凯像壹圆,AU,50,1914,coindata
1211706283,袁世凯像壹圆,AU,50,1914,coindata
1211706309,孙中山像壹圆,AU,53,1934,coindata
1211706311,光绪银圆喀什伍钱,AU,50,1896,coindata
1211706327,袁世凯像壹圆,AU,50,1921,coindata
1211706331,开国纪念壹圆,AU,53,1927,coindata
1211706403,袁世凯像壹圆,AU,50,1921,coindata
1211706475,孙中山像壹圆,AU,53,1934,coindata
1211706511,孙中山像壹圆,AU,50,1933,coindata
1211706519,袁世凯像壹圆,AU,50,1921,coindata
1211706527,孙中山像壹圆,AU,50,1934,coindata
1211706565,云南省造半圆,AU,50,1911,coindata
1211706573,袁世凯像壹圆,AU,50,1920,coindata
1211706575,北洋局造一圆,AU,53,1908,coindata
1211706579,袁世凯像壹圆,AU,53,1920,coindata
1211706589,西藏章嘎嘎布,AU,50,1912,coindata
1211706593,袁世凯像壹圆,AU,53,1914,coindata
1211706607,四川省造卢比,AU,53,1906,coindata
1211706623,袁世凯像壹圆,AU,50,1919,coindata
1211706625,袁世凯像壹圆,AU,53,1914,coindata
1211706635,袁世凯像壹圆,AU,50,1919,coindata
1211706637,袁世凯像壹圆,AU,50,1921,coindata
1211706649,北洋局造一圆,AU,50,1908,coindata
1211706651,北洋局造一圆,AU,50,1908,coindata
1211706653,北洋局造一圆,AU,50,1908,coindata
1211706655,广东省造一圆,AU,53,1909,coindata
1211706657,湖北省造一圆,AU,50,1895,coindata
1211706743,袁世凯像壹圆,AU,53,1914,coindata
1211706745,袁世凯像壹圆,AU,53,1914,coindata
1211706755,袁世凯像壹圆,AU,50,1914,coindata
1211706763,袁世凯像壹圆,AU,53,1920,coindata
1211706767,孙中山像壹圆,AU,50,1934,coindata
1211706787,云南省造一圆,AU,50,1911,coindata
1211706801,四川银币壹圆,AU,50,1912,coindata
1211706803,四川银币壹圆,AU,50,1912,coindata
1211706811,云南省造半圆,AU,50,1932,coindata
1211706817,新疆省造壹圆,AU,50,1949,coindata
1211706823,西藏银币十两,AU,53,1948,coindata
1211706837,湖北省造一圆,AU,50,1909,coindata
1211706895,开国纪念壹圆,AU,50,1927,coindata
1211706909,袁世凯像壹圆,AU,53,1921,coindata
1211706923,云南省造半圆,AU,53,1932,coindata
1211706927,云南省造贰角,AU,53,1932,coindata
1211706935,西藏银币十两,AU,50,1951,coindata
1211706937,西藏银币十两,AU,50,1950,coindata
1211706939,西藏银币十两,AU,53,1951,coindata
1211706941,西藏银币十两,AU,53,1948,coindata
1211706955,袁世凯像壹圆,AU,53,1920,coindata
1211706959,孙中山像壹圆,AU,53,1934,coindata
1211706997,孙中山像壹圆,AU,53,1934,coindata
1211707041,开国纪念壹圆,AU,53,1927,coindata
1211707043,袁世凯像壹圆,AU,53,1920,coindata
1211707045,袁世凯像壹圆,AU,53,1920,coindata
1211707047,袁世凯像壹圆,AU,53,1920,coindata
1211707053,袁世凯像壹圆,AU,50,1914,coindata
1211707075,袁世凯像壹圆,AU,50,1920,coindata
1211707079,袁世凯像壹圆,AU,50,1920,coindata
1211707191,孙中山像壹圆,AU,50,1933,coindata
1211707201,开国纪念壹圆,AU,50,1927,coindata
1211707207,广东省造二角,AU,53,1890,coindata
1211707241,袁世凯像壹圆,AU,53,1914,coindata
1211707269,孙中山像壹圆,AU,53,1933,coindata
1211707281,唐继尧像半圆,AU,50,1919,coindata
1211707283,云南省造贰角,AU,53,1949,coindata
1211707301,袁世凯像壹圆,AU,50,1914,coindata
1211707333,江南省造一圆,AU,50,1904,coindata
1211707337,云南省造半圆,AU,50,1908,coindata
1211707371,袁世凯像壹圆,AU,50,1920,coindata
1211707377,袁世凯像壹圆,AU,50,1914,coindata
1211707385,孙中山像壹圆,AU,50,1934,coindata
1211707439,袁世凯像壹圆,AU,50,1920,coindata
1211707441,袁世凯像壹圆,AU,50,1919,coindata
1211707457,袁世凯像壹圆,AU,50,1914,coindata
1211707481,开国纪念壹圆,AU,50,1927,coindata
1211707485,袁世凯像壹圆,AU,50,1914,coindata
1211707507,袁世凯像壹圆,AU,53,1914,coindata
1211707547,四川银币壹圆,AU,50,1912,coindata
1211707549,袁世凯像壹圆,AU,50,1920,coindata
1211707589,大清银币壹圆,AU,50,1911,coindata
1211707595,袁世凯像壹圆,AU,50,1914,coindata
1211707597,袁世凯像壹圆,AU,50,1914,coindata
1211707599,袁世凯像壹圆,AU,50,1919,coindata
1211707603,造币总厂一圆,AU,50,1908,coindata
1211707605,造币总厂一圆,AU,50,1908,coindata
1211707611,北洋局造一圆,AU,50,1908,coindata
1211707621,江南省造一圆,AU,53,1904,coindata
1211707683,西藏久阿尼西,AU,50,1890,coindata
1211707687,唐继尧像半圆,AU,53,1919,coindata
1211707739,东三省造二角,AU,50,1909,coindata
1211707749,袁世凯像壹角,AU,50,1914,coindata
1211707769,袁世凯像壹圆,AU,50,1919,coindata
1211707777,江南省造一圆,AU,50,1904,coindata
1211707779,江南省造一圆,AU,53,1904,coindata
1211707783,造币总厂一圆,AU,50,1908,coindata
1211707787,大清银币壹圆,AU,50,1911,coindata
1211707789,大清银币壹圆,AU,50,1911,coindata
1211707793,广东省造一圆,AU,50,1890,coindata
1211707797,湖北省造一圆,AU,50,1909,coindata
1211707801,北洋局造一圆,AU,50,1908,coindata
1211707803,北洋局造一圆,AU,53,1908,coindata
1211707809,袁世凯像壹圆,AU,53,1914,coindata
1211707869,开国纪念壹圆,AU,50,1927,coindata
1211707871,开国纪念壹圆,AU,50,1927,coindata
1211707873,开国纪念壹圆,AU,50,1927,coindata
1211707875,开国纪念壹圆,AU,50,1927,coindata
1211707877,开国纪念壹圆,AU,50,1927,coindata
1211707879,孙中山像壹圆,AU,50,1933,coindata
1211707885,云南省造半圆,AU,50,1932,coindata
1211707887,云南省造半圆,AU,50,1911,coindata
1211707897,袁世凯像壹圆,AU,50,1914,coindata
1211707903,湖北省造一角,AU,53,1895,coindata
1211707913,袁世凯像壹圆,AU,50,1921,coindata
1211707923,云南省造半圆,AU,50,1932,coindata
1211707925,袁世凯像壹圆,AU,50,1914,coindata
1211707929,开国纪念壹圆,AU,53,1927,coindata
1211707947,云南省造半圆,AU,50,1911,coindata
1211707949,云南省造半圆,AU,50,1911,coindata
1211707975,袁世凯像壹圆,AU,53,1914,coindata
1211707977,袁世凯像壹圆,AU,53,1921,coindata
1211707981,开国纪念壹圆,AU,50,1927,coindata
1211708055,袁世凯像壹圆,AU,53,1921,coindata
1211708065,孙中山像壹圆,AU,50,1934,coindata
1211708081,袁世凯像壹圆,AU,50,1920,coindata
1211708121,广东省造一角,AU,50,1890,coindata
1211708165,云南省造半圆,AU,53,1911,coindata
1211708167,云南省造半圆,AU,53,1911,coindata
1211708169,云南省造半圆,AU,53,1911,coindata
1211708171,云南省造半圆,AU,53,1911,coindata
1211708173,云南省造半圆,AU,53,1911,coindata
1211708175,云南省造半圆,AU,53,1911,coindata
1211708177,云南省造半圆,AU,53,1911,coindata
1211708179,云南省造半圆,AU,53,1911,coindata
1211708181,云南省造半圆,AU,53,1911,coindata
1211708183,云南省造半圆,AU,53,1911,coindata
1211708185,云南省造半圆,AU,53,1911,coindata
1211708187,云南省造半圆,AU,53,1911,coindata
1211708191,云南省造半圆,AU,50,1911,coindata
1211708193,云南省造半圆,AU,50,1911,coindata
1211708195,云南省造半圆,AU,50,1911,coindata
1211708197,云南省造半圆,AU,50,1911,coindata
1211708199,云南省造半圆,AU,50,1911,coindata
1211708201,云南省造半圆,AU,50,1911,coindata
1211708203,云南省造半圆,AU,50,1911,coindata
1211708205,云南省造半圆,AU,50,1911,coindata
1211708207,云南省造半圆,AU,50,1911,coindata
1211708209,云南省造半圆,AU,50,1911,coindata
1211708211,云南省造半圆,AU,50,1911,coindata
1211708213,云南省造半圆,AU,50,1911,coindata
1211708215,云南省造半圆,AU,50,1911,coindata
1211708217,云南省造半圆,AU,50,1911,coindata
1211708219,云南省造半圆,AU,50,1911,coindata
1211708221,云南省造半圆,AU,50,1911,coindata
1211708223,云南省造半圆,AU,50,1911,coindata
1211708225,云南省造半圆,AU,50,1911,coindata
1211708227,云南省造半圆,AU,50,1911,coindata
1211708229,云南省造半圆,AU,50,1911,coindata
1211708231,云南省造半圆,AU,50,1911,coindata
1211708233,云南省造半圆,AU,50,1911,coindata
1211708235,云南省造半圆,AU,50,1911,coindata
1211708237,云南省造半圆,AU,50,1911,coindata
1211708239,云南省造半圆,AU,50,1911,coindata
1211708241,云南省造半圆,AU,50,1911,coindata
1211708243,云南省造半圆,AU,50,1911,coindata
1211708245,云南省造半圆,AU,50,1911,coindata
1211708247,云南省造半圆,AU,50,1911,coindata
1211708249,云南省造半圆,AU,50,1911,coindata
1211708251,云南省造半圆,AU,50,1911,coindata
1211708253,云南省造半圆,AU,50,1911,coindata
1211708255,云南省造半圆,AU,50,1911,coindata
1211708257,云南省造半圆,AU,50,1911,coindata
1211708327,云南省造半圆,AU,50,1911,coindata
1211708329,云南省造半圆,AU,50,1911,coindata
1211708331,云南省造半圆,AU,50,1911,coindata
1211708333,云南省造半圆,AU,50,1911,coindata
1211708335,云南省造半圆,AU,50,1911,coindata
1211708337,云南省造半圆,AU,50,1911,coindata
1211708339,云南省造半圆,AU,50,1911,coindata
1211708341,云南省造半圆,AU,50,1911,coindata
1211708343,云南省造半圆,AU,50,1911,coindata
1211708345,云南省造半圆,AU,50,1911,coindata
1211708347,云南省造半圆,AU,50,1911,coindata
1211708349,云南省造半圆,AU,50,1911,coindata
1211708351,云南省造半圆,AU,50,1911,coindata
1211708353,云南省造半圆,AU,50,1911,coindata
1211708355,云南省造半圆,AU,50,1911,coindata
1211708357,云南省造半圆,AU,50,1911,coindata
1211708359,云南省造半圆,AU,50,1911,coindata
1211708361,云南省造半圆,AU,50,1911,coindata
1211708363,云南省造半圆,AU,50,1911,coindata
1211708365,云南省造半圆,AU,50,1911,coindata
1211708367,云南省造半圆,AU,50,1911,coindata
1211708387,云南省造半圆,AU,50,1908,coindata
1211708399,袁世凯像壹圆,AU,50,1921,coindata
1211708759,黎元洪像壹圆,AU,50,1912,coindata
1211708761,云南省造一圆,AU,53,1911,coindata
1211708767,袁世凯像壹圆,AU,53,1914,coindata
1211708779,唐继尧像半圆,AU,50,1919,coindata
1211708781,新疆迪化壹两,AU,53,1917,coindata
1211708845,袁世凯像壹圆,AU,50,1920,coindata
1211708879,袁世凯像壹圆,AU,50,1921,coindata
1211708885,广东省造贰毫,AU,53,1919,coindata
1211708887,广东省造贰毫,AU,53,1919,coindata
1211708889,广东省造贰毫,AU,53,1920,coindata
1211708891,广东省造贰毫,AU,50,1920,coindata
1211708893,广东省造贰毫,AU,53,1920,coindata
1211708895,广东省造贰毫,AU,53,1921,coindata
1211708899,广东省造贰毫,AU,53,1922,coindata
1211708901,广东省造贰毫,AU,50,1922,coindata
1211709011,广东省造二角,AU,53,1909,coindata
1211709013,袁世凯像壹圆,AU,50,1914,coindata
1211709017,湖北省造一圆,AU,50,1909,coindata
1211709025,广东省造贰毫,AU,50,1921,coindata
1211709055,西藏章嘎嘎布,AU,53,1912,coindata
1211709057,西藏章嘎嘎布,AU,53,1912,coindata
1211709059,西藏章嘎嘎布,AU,53,1912,coindata
1211709061,西藏章嘎嘎布,AU,53,1912,coindata
1211709063,西藏章嘎嘎布,AU,53,1912,coindata
1211709065,西藏章嘎嘎布,AU,53,1912,coindata
1211709067,西藏章嘎嘎布,AU,53,1912,coindata
1211709069,西藏章嘎嘎布,AU,53,1912,coindata
1211709071,西藏章嘎嘎布,AU,50,1912,coindata
1211709073,西藏章嘎嘎布,AU,50,1912,coindata
1211709075,西藏章嘎嘎布,AU,50,1912,coindata
1211709077,西藏章嘎嘎布,AU,50,1912,coindata
1211709079,西藏章嘎嘎布,AU,50,1912,coindata
1211709101,四川省造卢比,AU,53,1902,coindata
1211709109,袁世凯像壹圆,AU,53,1914,coindata
1211709115,袁世凯像壹圆,AU,50,1914,coindata
1211709141,四川省造卢比,AU,50,1930,coindata
1211709159,西藏银币十两,AU,53,1950,coindata
1211709161,西藏银币十两,AU,50,1951,coindata
1211709163,西藏银币十两,AU,50,1951,coindata
1211709165,西藏银币十两,AU,50,1951,coindata
1211709175,西藏银币三两,AU,50,1938,coindata
1211709179,西藏银币三两,AU,50,1937,coindata
1211709181,西藏银币三两,AU,50,1937,coindata
1211709183,西藏银币三两,AU,50,1937,coindata
1211709187,西藏银币三两,AU,50,1937,coindata
1211709189,西藏银币三两,AU,50,1937,coindata
1211709197,西藏银币一两五钱,AU,50,1938,coindata
1211709199,西藏银币一两五钱,AU,50,1937,coindata
1211709243,袁世凯像壹圆,AU,50,1920,coindata
1211709245,袁世凯像壹圆,AU,53,1920,coindata
1211709251,袁世凯像壹圆,AU,50,1920,coindata
1211709253,袁世凯像壹圆,AU,50,1920,coindata
1211709267,孙中山像壹圆,AU,53,1934,coindata
1211709271,孙中山像壹圆,AU,50,1933,coindata
1211709285,东三省造二角,AU,50,1914,coindata
1211709287,东三省造二角,AU,53,1914,coindata
1211709337,袁世凯像壹圆,AU,53,1914,coindata
1211709341,袁世凯像壹圆,AU,50,1921,coindata
1211709349,开国纪念壹圆,AU,50,1927,coindata
1211709357,袁世凯像壹圆,AU,53,1914,coindata
1211709365,开国纪念壹圆,AU,50,1927,coindata
1211709401,开国纪念壹圆,AU,53,1927,coindata
1211709413,袁世凯像壹圆,AU,50,1914,coindata
1211709425,孙中山像壹圆,AU,50,1933,coindata
1211709427,孙中山像壹圆,AU,50,1934,coindata
1211709437,袁世凯像壹圆,AU,53,1921,coindata
1211709439,袁世凯像壹圆,AU,50,1921,coindata
1211709441,袁世凯像壹圆,AU,53,1921,coindata
1211709443,袁世凯像壹圆,AU,53,1921,coindata
1211709445,袁世凯像壹圆,AU,50,1914,coindata
1211709447,袁世凯像壹圆,AU,50,1914,coindata
1211709451,袁世凯像壹圆,AU,50,1914,coindata
1211709453,袁世凯像壹圆,AU,50,1914,coindata
1211709475,袁世凯像壹圆,AU,50,1914,coindata
1211709555,袁世凯像壹圆,AU,50,1914,coindata
1211709557,袁世凯像壹圆,AU,53,1920,coindata
1211709573,袁世凯像壹圆,AU,53,1914,coindata
1211709575,袁世凯像壹圆,AU,53,1914,coindata
1211709581,开国纪念壹圆,AU,53,1927,coindata
1211709585,孙中山像壹圆,AU,53,1934,coindata
1211709597,湖北省造一角,AU,53,1895,coindata
1211709611,袁世凯像壹圆,AU,53,1914,coindata
1211709613,袁世凯像壹圆,AU,50,1914,coindata
1211709623,袁世凯像壹圆,AU,50,1914,coindata
1211709625,袁世凯像壹圆,AU,50,1914,coindata
1211709643,袁世凯像贰角,AU,53,1914,coindata
1211709649,广东省造二角,AU,50,1890,coindata
1211709651,福建省造二角,AU,50,1894,coindata
1211709653,广西省造贰毫,AU,50,1927,coindata
1211709655,福建省造5分,AU,50,1894,coindata
1211709683,法属印支银币,AU,50,1896,coindata
1211709685,法属印支银币,AU,53,1896,coindata
1211709687,法属印支银币,AU,53,1907,coindata
1211709899,袁世凯像壹圆,AU,50,1914,coindata
1211709923,广东省造二角,AU,50,1909,coindata
1211709949,云南省造贰角,AU,50,1932,coindata
1211801607,云南省造半圆,AU,53,1911,coindata
1211801659,云南省造半圆,AU,50,1911,coindata
1211801661,云南省造半圆,AU,50,1911,coindata
1211801663,云南省造半圆,AU,50,1911,coindata
1211801665,云南省造半圆,AU,50,1911,coindata
1211801667,云南省造半圆,AU,50,1911,coindata
1211801669,云南省造半圆,AU,50,1911,coindata
1211801671,云南省造半圆,AU,50,1911,coindata
1211801673,云南省造半圆,AU,50,1911,coindata
1211801675,云南省造半圆,AU,50,1911,coindata
1211801677,云南省造半圆,AU,50,1911,coindata
1211801679,云南省造半圆,AU,50,1911,coindata
1211801683,云南省造半圆,AU,50,1911,coindata
1211801685,云南省造半圆,AU,50,1911,coindata
1211801687,云南省造半圆,AU,50,1911,coindata
1211801689,云南省造半圆,AU,50,1911,coindata
1211801691,云南省造半圆,AU,50,1911,coindata
1211801693,云南省造半圆,AU,50,1911,coindata
1211801695,云南省造半圆,AU,50,1911,coindata
1211801699,云南省造半圆,AU,50,1911,coindata
1211801701,云南省造半圆,AU,50,1911,coindata
1211801703,云南省造半圆,AU,50,1911,coindata
1211801705,云南省造半圆,AU,53,1911,coindata
1211801707,云南省造半圆,AU,53,1911,coindata
1211801709,云南省造半圆,AU,53,1911,coindata
1211801711,云南省造半圆,AU,53,1911,coindata
1211801713,云南省造半圆,AU,53,1911,coindata
1211801715,云南省造半圆,AU,53,1911,coindata
1211801717,云南省造半圆,AU,53,1911,coindata
1211801719,云南省造半圆,AU,53,1911,coindata
1211801721,云南省造半圆,AU,53,1911,coindata
1211801723,云南省造半圆,AU,53,1911,coindata
1211801725,云南省造半圆,AU,53,1911,coindata
1211801727,云南省造半圆,AU,53,1911,coindata
1211801729,云南省造半圆,AU,53,1911,coindata
1211801731,云南省造半圆,AU,53,1911,coindata
1211801733,云南省造半圆,AU,53,1911,coindata
1211801735,云南省造半圆,AU,53,1911,coindata
1211801737,云南省造半圆,AU,53,1911,coindata
1211801759,云南省造半圆,AU,50,1911,coindata
1211801763,云南省造半圆,AU,50,1911,coindata
1211801765,云南省造半圆,AU,50,1911,coindata
1211801767,云南省造半圆,AU,50,1911,coindata
1211801769,云南省造半圆,AU,50,1911,coindata
1211801775,开国纪念壹圆,AU,50,1927,coindata
1211801779,袁世凯像壹圆,AU,50,1914,coindata
1211801783,袁世凯像壹圆,AU,50,1919,coindata
1211801785,造币总厂一圆,AU,50,1908,coindata
1211801787,袁世凯像壹圆,AU,50,1920,coindata
1211801805,袁世凯像壹圆,AU,50,1914,coindata
1211801817,云南省造半圆,AU,53,1911,coindata
1211801819,云南省造半圆,AU,50,1911,coindata
1211801863,云南省造半圆,AU,53,1911,coindata
1211801865,云南省造半圆,AU,53,1911,coindata
1211801867,云南省造半圆,AU,53,1911,coindata
1211801869,云南省造半圆,AU,53,1911,coindata
1211801871,云南省造半圆,AU,53,1911,coindata
1211801873,云南省造半圆,AU,53,1911,coindata
1211801875,云南省造半圆,AU,53,1911,coindata
1211801877,云南省造半圆,AU,53,1911,coindata
1211801879,云南省造半圆,AU,53,1911,coindata
1211801881,云南省造半圆,AU,53,1911,coindata
1211801883,云南省造半圆,AU,53,1911,coindata
1211801885,云南省造半圆,AU,53,1911,coindata
1211801887,云南省造半圆,AU,53,1911,coindata
1211801889,云南省造半圆,AU,53,1911,coindata
1211801891,云南省造半圆,AU,53,1911,coindata
1211801893,云南省造半圆,AU,53,1911,coindata
1211801895,云南省造半圆,AU,50,1911,coindata
1211801897,云南省造半圆,AU,50,1911,coindata
1211801899,云南省造半圆,AU,50,1911,coindata
1211801901,云南省造半圆,AU,50,1911,coindata
1211801903,云南省造半圆,AU,50,1911,coindata
1211801905,云南省造半圆,AU,50,1911,coindata
1211801907,云南省造半圆,AU,50,1911,coindata
1211801909,云南省造半圆,AU,50,1911,coindata
1211801911,云南省造半圆,AU,50,1911,coindata
1211801913,云南省造半圆,AU,50,1911,coindata
1211801915,云南省造半圆,AU,50,1911,coindata
1211801917,云南省造半圆,AU,50,1911,coindata
1211801919,云南省造半圆,AU,50,1911,coindata
1211801921,云南省造半圆,AU,50,1911,coindata
1211801923,云南省造半圆,AU,50,1911,coindata
1211801925,云南省造半圆,AU,50,1911,coindata
1211801927,云南省造半圆,AU,50,1911,coindata
1211801929,云南省造半圆,AU,50,1911,coindata
1211801931,云南省造半圆,AU,50,1911,coindata
1211801933,云南省造半圆,AU,50,1911,coindata
1211801935,云南省造半圆,AU,50,1911,coindata
1211801937,云南省造半圆,AU,50,1911,coindata
1211801939,云南省造半圆,AU,50,1911,coindata
1211801941,云南省造半圆,AU,50,1911,coindata
1211801943,云南省造半圆,AU,50,1911,coindata
1211801945,云南省造半圆,AU,50,1911,coindata
1211801947,云南省造半圆,AU,50,1911,coindata
1211801949,云南省造半圆,AU,50,1911,coindata
1211801951,云南省造半圆,AU,50,1911,coindata
1211801953,云南省造半圆,AU,50,1911,coindata
1211801955,云南省造半圆,AU,50,1911,coindata
1211801957,云南省造半圆,AU,50,1911,coindata
1211801959,云南省造半圆,AU,50,1911,coindata
1211801961,云南省造半圆,AU,50,1911,coindata
1211801963,云南省造半圆,AU,50,1911,coindata
1211801965,云南省造半圆,AU,50,1911,coindata
1211801967,云南省造半圆,AU,50,1911,coindata
1211801969,云南省造半圆,AU,50,1911,coindata
1211801971,云南省造半圆,AU,50,1911,coindata
1211801973,云南省造半圆,AU,50,1911,coindata
1211802083,江南省造一圆,AU,50,1904,coindata
1211802087,袁世凯像壹圆,AU,50,1914,coindata
1211802093,袁世凯像壹圆,AU,53,1914,coindata
1211802173,袁世凯像壹圆,AU,50,1914,coindata
1211802177,云南省造半圆,AU,53,1932,coindata
1211802183,四川银币壹圆,AU,50,1912,coindata
1211802199,孙中山像壹圆,AU,50,1934,coindata
1211802203,四川省造卢比,AU,53,1930,coindata
1211802205,四川省造卢比,AU,50,1930,coindata
1211802207,四川省造卢比,AU,50,1930,coindata
1211802231,袁世凯像壹圆,AU,50,1914,coindata
1211802275,袁世凯像壹圆,AU,50,1914,coindata
1211802277,袁世凯像壹圆,AU,50,1914,coindata
1211802279,袁世凯像壹圆,AU,50,1914,coindata
1211802281,袁世凯像壹圆,AU,50,1914,coindata
1211802283,袁世凯像壹圆,AU,50,1914,coindata
1211802285,袁世凯像壹圆,AU,50,1914,coindata
1211802287,袁世凯像壹圆,AU,50,1914,coindata
1211802289,袁世凯像壹圆,AU,50,1914,coindata
1211802291,袁世凯像壹圆,AU,50,1914,coindata
1211802293,袁世凯像壹圆,AU,50,1914,coindata
1211802295,袁世凯像壹圆,AU,50,1914,coindata
1211802297,袁世凯像壹圆,AU,50,1914,coindata
1211802299,袁世凯像壹圆,AU,50,1914,coindata
1211802301,袁世凯像壹圆,AU,50,1914,coindata
1211802303,袁世凯像壹圆,AU,50,1914,coindata
1211802305,袁世凯像壹圆,AU,50,1914,coindata
1211802307,袁世凯像壹圆,AU,50,1914,coindata
1211802309,袁世凯像壹圆,AU,50,1914,coindata
1211802311,袁世凯像壹圆,AU,50,1914,coindata
1211802313,袁世凯像壹圆,AU,50,1914,coindata
1211802315,袁世凯像壹圆,AU,50,1914,coindata
1211802317,袁世凯像壹圆,AU,50,1914,coindata
1211802319,袁世凯像壹圆,AU,50,1914,coindata
1211802321,袁世凯像壹圆,AU,50,1921,coindata
1211802323,袁世凯像壹圆,AU,50,1921,coindata
1211802325,袁世凯像壹圆,AU,53,1914,coindata
1211802327,袁世凯像壹圆,AU,53,1914,coindata
1211802329,袁世凯像壹圆,AU,53,1914,coindata
1211802331,袁世凯像壹圆,AU,53,1914,coindata
1211802333,袁世凯像壹圆,AU,53,1914,coindata
1211802335,袁世凯像壹圆,AU,53,1914,coindata
1211802337,袁世凯像壹圆,AU,53,1914,coindata
1211802339,袁世凯像壹圆,AU,53,1914,coindata
1211802353,袁世凯像壹圆,AU,50,1914,coindata
1211802361,袁世凯像壹圆,AU,50,1914,coindata
1211802373,袁世凯像壹圆,AU,50,1920,coindata
1211802399,袁世凯像壹圆,AU,53,1914,coindata
1211802419,袁世凯像壹圆,AU,50,1920,coindata
1211802423,袁世凯像壹圆,AU,50,1914,coindata
1211802431,袁世凯像壹圆,AU,50,1914,coindata
1211802433,袁世凯像壹圆,AU,50,1914,coindata
1211802435,袁世凯像壹圆,AU,50,1914,coindata
1211802437,开国纪念壹圆,AU,50,1927,coindata
1211802439,孙中山像壹圆,AU,50,1934,coindata
1211802463,袁世凯像贰角,AU,50,1914,coindata
1211802465,袁世凯像壹圆,AU,50,1921,coindata
1211802467,袁世凯像壹圆,AU,50,1921,coindata
1211802471,袁世凯像壹圆,AU,50,1920,coindata
1211802473,开国纪念壹圆,AU,50,1927,coindata
1211802475,开国纪念壹圆,AU,50,1927,coindata
1211802477,开国纪念壹圆,AU,50,1927,coindata
1211802481,袁世凯像壹圆,AU,50,1920,coindata
1211802483,袁世凯像壹圆,AU,50,1914,coindata
1211802487,袁世凯像壹圆,AU,50,1914,coindata
1211802489,袁世凯像壹圆,AU,50,1914,coindata
1211802491,开国纪念壹圆,AU,50,1927,coindata
1211802493,开国纪念壹圆,AU,50,1927,coindata
1211802495,开国纪念壹圆,AU,50,1927,coindata
1211802507,开国纪念壹圆,AU,53,1927,coindata
1211802523,湖北省造二角,AU,50,1895,coindata
1211802531,袁世凯像壹圆,AU,50,1921,coindata
1211802547,袁世凯像壹圆,AU,50,1920,coindata
1211802551,开国纪念壹圆,AU,50,1927,coindata
1211802561,袁世凯像壹圆,AU,53,1914,coindata
1211802581,开国纪念壹圆,AU,50,1927,coindata
1211802583,开国纪念壹圆,AU,53,1927,coindata
1211802585,袁世凯像壹圆,AU,50,1914,coindata
1211802587,袁世凯像壹圆,AU,50,1920,coindata
1211802589,开国纪念壹圆,AU,50,1927,coindata
1211802591,开国纪念壹圆,AU,50,1927,coindata
1211802613,袁世凯像壹圆,AU,50,1914,coindata
1211802729,袁世凯像壹圆,AU,53,1914,coindata
1211802733,袁世凯像壹圆,AU,50,1920,coindata
1211802735,袁世凯像壹圆,AU,53,1921,coindata
1211802739,袁世凯像壹圆,AU,50,1921,coindata
1211802797,开国纪念壹圆,AU,53,1927,coindata
1211802799,开国纪念壹圆,AU,50,1927,coindata
1211802801,开国纪念壹圆,AU,50,1927,coindata
1211802803,开国纪念壹圆,AU,50,1927,coindata
1211802805,孙中山像壹圆,AU,50,1934,coindata
1211802807,袁世凯像壹圆,AU,50,1921,coindata
1211802809,袁世凯像壹圆,AU,50,1914,coindata
1211802823,袁世凯像壹圆,AU,50,1914,coindata
1211802829,袁世凯像壹圆,AU,50,1921,coindata
1211802839,袁世凯像贰角,AU,50,1916,coindata
1211802841,袁世凯像壹圆,AU,50,1914,coindata
1211802849,云南省造贰角,AU,53,1949,coindata
1211802851,孙中山像贰毫,AU,50,1929,coindata
1211802907,四川省造卢比,AU,50,1930,coindata
1211802911,四川银币壹圆,AU,50,1912,coindata
1211802921,袁世凯像壹圆,AU,50,1914,coindata
1211802923,袁世凯像壹圆,AU,50,1914,coindata
1211802937,袁世凯像壹圆,AU,53,1914,coindata
1211802973,北洋局造一圆,AU,53,1908,coindata
1211802985,四川银币壹圆,AU,50,1912,coindata
1211802987,四川银币壹圆,AU,50,1912,coindata
1211802989,四川银币壹圆,AU,50,1912,coindata
1211802997,四川银币壹圆,AU,53,1912,coindata
1211802999,四川银币壹圆,AU,50,1912,coindata
1211803001,四川银币壹圆,AU,50,1912,coindata
1211803003,四川银币壹圆,AU,53,1912,coindata
1211803005,四川银币壹圆,AU,53,1912,coindata
1211803007,四川银币壹圆,AU,53,1912,coindata
1211803009,四川银币壹圆,AU,53,1912,coindata
1211803011,四川银币壹圆,AU,53,1912,coindata
1211803013,四川银币壹圆,AU,53,1912,coindata
1211803021,东三省造二角,AU,53,1907,coindata
1211803051,袁世凯像壹圆,AU,50,1914,coindata
1211803063,孙中山像壹圆,AU,53,1934,coindata
1211803065,孙中山像壹圆,AU,53,1934,coindata
1211803087,袁世凯像壹圆,AU,50,1914,coindata
1211803089,开国纪念壹圆,AU,53,1927,coindata
1211803123,开国纪念壹圆,AU,50,1927,coindata
1211803125,开国纪念壹圆,AU,50,1927,coindata
1211803127,开国纪念壹圆,AU,50,1927,coindata
1211803129,开国纪念壹圆,AU,53,1927,coindata
1211803131,开国纪念壹圆,AU,53,1927,coindata
1211803133,开国纪念壹圆,AU,53,1927,coindata
1211803149,开国纪念壹圆,AU,50,1927,coindata
1211803211,袁世凯像壹圆,AU,53,1914,coindata
1211803213,袁世凯像壹圆,AU,53,1914,coindata
1211803215,袁世凯像壹圆,AU,53,1914,coindata
1211803217,袁世凯像壹圆,AU,53,1914,coindata
1211803219,袁世凯像壹圆,AU,53,1914,coindata
1211803221,袁世凯像壹圆,AU,53,1914,coindata
1211803223,袁世凯像壹圆,AU,53,1914,coindata
1211803225,袁世凯像壹圆,AU,53,1914,coindata
1211803227,袁世凯像壹圆,AU,53,1914,coindata
1211803229,袁世凯像壹圆,AU,53,1914,coindata
1211803231,孙中山像壹圆,AU,53,1934,coindata
1211803235,袁世凯像壹圆,AU,50,1914,coindata
1211803265,袁世凯像壹圆,AU,53,1921,coindata
1211803267,袁世凯像壹圆,AU,50,1914,coindata
1211803271,袁世凯像壹圆,AU,53,1921,coindata
1211803273,袁世凯像壹圆,AU,53,1920,coindata
1211803275,袁世凯像壹圆,AU,53,1920,coindata
1211803277,袁世凯像壹圆,AU,53,1914,coindata
1211803279,袁世凯像壹圆,AU,53,1914,coindata
1211803281,袁世凯像壹圆,AU,50,1914,coindata
1211803295,袁世凯像壹圆,AU,50,1914,coindata
1211803297,孙中山像壹圆,AU,50,1934,coindata
1211803301,袁世凯像壹圆,AU,50,1914,coindata
1211803329,四川省造一圆,AU,50,1898,coindata
1211803331,四川省造一圆,AU,50,1898,coindata
1211803339,唐继尧像半圆,AU,53,1919,coindata
1211803341,云南省造半圆,AU,50,1908,coindata
1211803349,云南省造半圆,AU,53,1932,coindata
1211803351,云南省造半圆,AU,50,1908,coindata
1211803357,新疆迪化壹两,AU,50,1917,coindata
1211803397,袁世凯像壹圆,AU,50,1921,coindata
1211803401,袁世凯像壹圆,AU,53,1920,coindata
1211803405,袁世凯像壹圆,AU,53,1914,coindata
1211803407,袁世凯像壹圆,AU,53,1920,coindata
1211803411,袁世凯像壹圆,AU,53,1921,coindata
1211803413,袁世凯像壹圆,AU,53,1914,coindata
1211803415,袁世凯像壹圆,AU,53,1914,coindata
1211803417,袁世凯像壹圆,AU,53,1914,coindata
1211803419,袁世凯像壹圆,AU,53,1914,coindata
1211803491,袁世凯像壹圆,AU,53,1914,coindata
1211803501,孙中山像壹圆,AU,50,1933,coindata
1211803563,袁世凯像壹圆,AU,50,1920,coindata
1211803585,东三省造二角,AU,50,1909,coindata
1211803587,东三省造二角,AU,50,1914,coindata
1211803589,广东省造二角,AU,50,1890,coindata
1211803633,孙中山像壹圆,AU,50,1934,coindata
1211803727,云南省造半圆,AU,50,1911,coindata
1211803729,云南省造半圆,AU,50,1911,coindata
1211803731,云南省造半圆,AU,53,1911,coindata
1211803733,云南省造半圆,AU,53,1911,coindata
1211803735,云南省造半圆,AU,53,1911,coindata
1211803737,云南省造半圆,AU,53,1911,coindata
1211803739,云南省造半圆,AU,53,1911,coindata
1211803741,云南省造半圆,AU,53,1911,coindata
1211803743,云南省造半圆,AU,53,1911,coindata
1211803745,云南省造半圆,AU,53,1911,coindata
1211803747,云南省造半圆,AU,53,1911,coindata
1211803749,云南省造半圆,AU,53,1911,coindata
1211803751,云南省造半圆,AU,53,1911,coindata
1211803753,云南省造半圆,AU,53,1911,coindata
1211803755,云南省造半圆,AU,53,1911,coindata
1211803757,云南省造半圆,AU,53,1911,coindata
1211803759,云南省造半圆,AU,53,1911,coindata
1211803761,云南省造半圆,AU,53,1911,coindata
1211803763,云南省造半圆,AU,53,1911,coindata
1211803785,云南省造半圆,AU,50,1911,coindata
1211803787,云南省造半圆,AU,50,1911,coindata
1211803789,云南省造半圆,AU,50,1911,coindata
1211803833,云南省造半圆,AU,53,1911,coindata
1211803835,云南省造半圆,AU,53,1911,coindata
1211803837,云南省造半圆,AU,53,1911,coindata
1211803839,云南省造半圆,AU,53,1911,coindata
1211803841,云南省造半圆,AU,53,1911,coindata
1211803843,云南省造半圆,AU,53,1911,coindata
1211803845,云南省造半圆,AU,50,1911,coindata
1211803847,云南省造半圆,AU,50,1911,coindata
1211803849,云南省造半圆,AU,50,1911,coindata
1211803851,云南省造半圆,AU,50,1911,coindata
1211803853,云南省造半圆,AU,50,1911,coindata
1211803855,云南省造半圆,AU,50,1911,coindata
1211803857,云南省造半圆,AU,50,1911,coindata
1211803859,云南省造半圆,AU,50,1911,coindata
1211803861,云南省造半圆,AU,50,1911,coindata
1211803863,云南省造半圆,AU,50,1911,coindata
1211803865,云南省造半圆,AU,50,1911,coindata
1211803867,云南省造半圆,AU,50,1911,coindata
1211803869,云南省造半圆,AU,50,1911,coindata
1211803893,孙中山像壹圆,AU,50,1934,coindata
1211803895,孙中山像壹圆,AU,50,1934,coindata
1211803935,孙中山像贰毫,AU,53,1929,coindata
1211803947,孙中山像贰毫,AU,53,1929,coindata
1211803949,孙中山像贰毫,AU,53,1929,coindata
1211803955,孙中山像贰毫,AU,53,1929,coindata
1211803969,开国纪念壹圆,AU,50,1927,coindata
1211803979,开国纪念壹圆,AU,50,1927,coindata
1211803999,云南省造半圆,AU,50,1911,coindata
1211804001,云南省造半圆,AU,50,1911,coindata
1211804003,云南省造半圆,AU,53,1911,coindata
1211804025,袁世凯像壹圆,AU,50,1914,coindata
1211804027,袁世凯像壹圆,AU,50,1914,coindata
1211804029,袁世凯像壹圆,AU,50,1914,coindata
1211804031,袁世凯像壹圆,AU,50,1914,coindata
1211804045,云南省造半圆,AU,50,1911,coindata
1211804047,袁世凯像壹圆,AU,53,1921,coindata
1211804049,袁世凯像壹圆,AU,53,1920,coindata
1211804053,袁世凯像壹圆,AU,50,1914,coindata
1211804055,袁世凯像壹圆,AU,53,1914,coindata
1211804057,袁世凯像壹圆,AU,53,1914,coindata
1211804063,云南省造半圆,AU,50,1932,coindata
1211804067,云南省造半圆,AU,50,1932,coindata
1211804183,开国纪念壹圆,AU,53,1927,coindata
1211804205,云南省造半圆,AU,50,1911,coindata
1211804207,云南省造半圆,AU,50,1911,coindata
1211804209,云南省造半圆,AU,50,1911,coindata
1211804211,云南省造半圆,AU,50,1911,coindata
1211804213,云南省造半圆,AU,50,1911,coindata
1211804215,云南省造半圆,AU,50,1911,coindata
1211804217,云南省造半圆,AU,50,1911,coindata
1211804219,云南省造半圆,AU,50,1911,coindata
1211804221,云南省造半圆,AU,50,1911,coindata
1211804223,云南省造半圆,AU,50,1911,coindata
1211804225,云南省造半圆,AU,50,1911,coindata
1211804227,云南省造半圆,AU,50,1911,coindata
1211804229,云南省造半圆,AU,50,1911,coindata
1211804231,云南省造半圆,AU,50,1911,coindata
1211804233,云南省造半圆,AU,50,1911,coindata
1211804235,云南省造半圆,AU,50,1911,coindata
1211804237,云南省造半圆,AU,50,1911,coindata
1211804239,云南省造半圆,AU,50,1911,coindata
1211804241,云南省造半圆,AU,50,1911,coindata
1211804243,云南省造半圆,AU,50,1911,coindata
1211804245,云南省造半圆,AU,50,1911,coindata
1211804247,云南省造半圆,AU,50,1911,coindata
1211804249,云南省造半圆,AU,50,1911,coindata
1211804251,云南省造半圆,AU,50,1911,coindata
1211804253,云南省造半圆,AU,50,1911,coindata
1211804255,云南省造半圆,AU,50,1911,coindata
1211804257,云南省造半圆,AU,50,1911,coindata
1211804259,云南省造半圆,AU,53,1911,coindata
1211804261,云南省造半圆,AU,53,1911,coindata
1211804263,云南省造半圆,AU,53,1911,coindata
1211804265,云南省造半圆,AU,53,1911,coindata
1211804267,云南省造半圆,AU,53,1911,coindata
1211804269,云南省造半圆,AU,53,1911,coindata
1211804271,云南省造半圆,AU,53,1911,coindata
1211804273,云南省造半圆,AU,53,1911,coindata
1211804275,云南省造半圆,AU,53,1911,coindata
1211804277,云南省造半圆,AU,53,1911,coindata
1211804279,云南省造半圆,AU,53,1911,coindata
1211804281,云南省造半圆,AU,53,1911,coindata
1211804283,云南省造半圆,AU,53,1911,coindata
1211804285,云南省造半圆,AU,53,1911,coindata
1211804287,云南省造半圆,AU,53,1911,coindata
1211804289,云南省造半圆,AU,53,1911,coindata
1211804291,云南省造半圆,AU,53,1911,coindata
1211804293,云南省造半圆,AU,53,1911,coindata
1211804295,云南省造半圆,AU,53,1911,coindata
1211804297,云南省造半圆,AU,53,1911,coindata
1211804299,云南省造半圆,AU,53,1911,coindata
1211804301,云南省造半圆,AU,53,1911,coindata
1211804303,云南省造半圆,AU,53,1911,coindata
1211804305,云南省造半圆,AU,53,1911,coindata
1211804307,云南省造半圆,AU,53,1911,coindata
1211804309,云南省造半圆,AU,53,1911,coindata
1211804311,云南省造半圆,AU,53,1911,coindata
1211804313,云南省造半圆,AU,53,1911,coindata
1211804315,云南省造半圆,AU,53,1911,coindata
1211804317,云南省造半圆,AU,53,1911,coindata
1211804319,云南省造半圆,AU,53,1911,coindata
1211804321,云南省造半圆,AU,53,1911,coindata
1211804323,云南省造半圆,AU,53,1911,coindata
1211804325,云南省造半圆,AU,53,1911,coindata
1211804327,云南省造半圆,AU,53,1911,coindata
1211804329,云南省造半圆,AU,53,1911,coindata
1211804331,云南省造半圆,AU,53,1911,coindata
1211804333,云南省造半圆,AU,53,1911,coindata
1211804335,云南省造半圆,AU,53,1911,coindata
1211804337,云南省造半圆,AU,53,1911,coindata
1211804339,云南省造半圆,AU,53,1911,coindata
1211804341,云南省造半圆,AU,53,1911,coindata
1211804343,云南省造半圆,AU,53,1911,coindata
1211804345,云南省造半圆,AU,53,1911,coindata
1211804347,云南省造半圆,AU,53,1911,coindata
1211804349,云南省造半圆,AU,53,1911,coindata
1211804351,云南省造半圆,AU,53,1911,coindata
1211804353,云南省造半圆,AU,53,1911,coindata
1211804355,云南省造半圆,AU,53,1911,coindata
1211804357,云南省造半圆,AU,53,1911,coindata
1211804359,云南省造半圆,AU,53,1911,coindata
1211804361,云南省造半圆,AU,53,1911,coindata
1211804363,云南省造半圆,AU,53,1911,coindata
1211804365,云南省造半圆,AU,53,1911,coindata
1211804367,云南省造半圆,AU,53,1911,coindata
1211804369,云南省造半圆,AU,53,1911,coindata
1211804371,云南省造半圆,AU,53,1911,coindata
1211804373,云南省造半圆,AU,53,1911,coindata
1211804375,云南省造半圆,AU,53,1911,coindata
1211804377,云南省造半圆,AU,53,1911,coindata
1211804379,云南省造半圆,AU,53,1911,coindata
1211804381,云南省造半圆,AU,53,1911,coindata
1211804383,云南省造半圆,AU,53,1911,coindata
1211804385,云南省造半圆,AU,53,1911,coindata
1211804387,云南省造半圆,AU,53,1911,coindata
1211804389,云南省造半圆,AU,53,1911,coindata
1211804391,云南省造半圆,AU,53,1911,coindata
1211804393,云南省造半圆,AU,53,1911,coindata
1211804395,云南省造半圆,AU,53,1911,coindata
1211804397,云南省造半圆,AU,53,1911,coindata
1211804399,云南省造半圆,AU,53,1911,coindata
1211804401,云南省造半圆,AU,53,1911,coindata
1211804403,云南省造半圆,AU,53,1911,coindata
1211804405,云南省造半圆,AU,53,1911,coindata
1211804407,云南省造半圆,AU,53,1911,coindata
1211804409,云南省造半圆,AU,53,1911,coindata
1211804411,云南省造半圆,AU,53,1911,coindata
1211804413,云南省造半圆,AU,53,1911,coindata
1211804415,云南省造半圆,AU,53,1911,coindata
1211804417,云南省造半圆,AU,53,1911,coindata
1211804419,云南省造半圆,AU,53,1911,coindata
1211804421,云南省造半圆,AU,53,1911,coindata
1211804423,云南省造半圆,AU,53,1911,coindata
1211804425,云南省造半圆,AU,53,1911,coindata
1211804427,云南省造半圆,AU,53,1911,coindata
1211804475,云南省造半圆,AU,50,1932,coindata
1211804479,云南省造贰角,AU,50,1932,coindata
1211804541,开国纪念壹圆,AU,50,1927,coindata
1211804543,袁世凯像壹圆,AU,53,1914,coindata
1211804551,开国纪念壹圆,AU,53,1927,coindata
1211804571,袁世凯像壹圆,AU,53,1914,coindata
1211804575,袁世凯像壹圆,AU,50,1914,coindata
1211804581,袁世凯像壹圆,AU,50,1914,coindata
1211804583,袁世凯像壹圆,AU,53,1914,coindata
1211804585,袁世凯像壹圆,AU,53,1914,coindata
1211804587,袁世凯像壹圆,AU,53,1914,coindata
1211804589,北洋局造一圆,AU,53,1908,coindata
1211804607,孙中山像壹圆,AU,50,1933,coindata
1211804613,云南省造半圆,AU,53,1911,coindata
1211804615,云南省造半圆,AU,53,1911,coindata
1211804617,云南省造半圆,AU,53,1911,coindata
1211804619,云南省造半圆,AU,53,1911,coindata
1211804621,云南省造半圆,AU,53,1911,coindata
1211804623,云南省造半圆,AU,53,1911,coindata
1211804625,云南省造半圆,AU,53,1911,coindata
1211804627,云南省造半圆,AU,53,1911,coindata
1211804629,云南省造半圆,AU,53,1911,coindata
1211804631,云南省造半圆,AU,53,1911,coindata
1211804633,云南省造半圆,AU,53,1911,coindata
1211804635,云南省造半圆,AU,53,1911,coindata
1211804637,云南省造半圆,AU,53,1911,coindata
1211804639,云南省造半圆,AU,53,1911,coindata
1211804641,云南省造半圆,AU,53,1911,coindata
1211804643,云南省造半圆,AU,53,1911,coindata
1211804645,云南省造半圆,AU,53,1911,coindata
1211804647,云南省造半圆,AU,53,1911,coindata
1211804649,云南省造半圆,AU,53,1911,coindata
1211804651,云南省造半圆,AU,53,1911,coindata
1211804653,云南省造半圆,AU,53,1911,coindata
1211804655,云南省造半圆,AU,53,1911,coindata
1211804657,云南省造半圆,AU,53,1911,coindata
1211804659,云南省造半圆,AU,53,1911,coindata
1211804661,云南省造半圆,AU,53,1911,coindata
1211804663,云南省造半圆,AU,53,1911,coindata
1211804665,云南省造半圆,AU,53,1911,coindata
1211804667,云南省造半圆,AU,53,1911,coindata
1211804669,云南省造半圆,AU,53,1911,coindata
1211804671,云南省造半圆,AU,53,1911,coindata
1211804673,云南省造半圆,AU,53,1911,coindata
1211804675,云南省造半圆,AU,53,1911,coindata
1211804677,云南省造半圆,AU,53,1911,coindata
1211804679,云南省造半圆,AU,53,1911,coindata
1211804681,云南省造半圆,AU,53,1911,coindata
1211804683,云南省造半圆,AU,53,1911,coindata
1211804685,云南省造半圆,AU,53,1911,coindata
1211804687,云南省造半圆,AU,53,1911,coindata
1211804689,云南省造半圆,AU,53,1911,coindata
1211804691,云南省造半圆,AU,53,1911,coindata
1211804693,云南省造半圆,AU,53,1911,coindata
1211804695,云南省造半圆,AU,53,1911,coindata
1211804697,云南省造半圆,AU,53,1911,coindata
1211804893,袁世凯像壹圆,AU,50,1914,coindata
1211804895,四川省造卢比,AU,50,1930,coindata
1211804897,四川省造卢比,AU,50,1930,coindata
1211804917,云南省造贰角,AU,53,1932,coindata
1211804925,云南省造贰角,AU,50,1932,coindata
1211804927,云南省造贰角,AU,53,1932,coindata
1211804929,云南省造贰角,AU,53,1932,coindata
1211804933,云南省造半圆,AU,50,1932,coindata
1211804935,云南省造半圆,AU,50,1932,coindata
1211804941,开国纪念壹圆,AU,50,1927,coindata
1211804945,开国纪念壹圆,AU,50,1927,coindata
1211804953,开国纪念壹圆,AU,53,1927,coindata
1211804975,开国纪念壹圆,AU,50,1927,coindata
1211804977,开国纪念壹圆,AU,50,1927,coindata
1211804979,开国纪念壹圆,AU,50,1927,coindata
1211804981,开国纪念壹圆,AU,50,1927,coindata
1211804983,开国纪念壹圆,AU,50,1927,coindata
1211804985,开国纪念壹圆,AU,50,1927,coindata
1211804987,开国纪念壹圆,AU,50,1927,coindata
1211804989,开国纪念壹圆,AU,50,1927,coindata
1211804991,开国纪念壹圆,AU,53,1927,coindata
1211804993,开国纪念壹圆,AU,53,1927,coindata
1211804995,开国纪念壹圆,AU,53,1927,coindata
1211804997,开国纪念壹圆,AU,53,1927,coindata
1211804999,开国纪念壹圆,AU,53,1927,coindata
1211805001,开国纪念壹圆,AU,53,1927,coindata
1211805003,开国纪念壹圆,AU,53,1927,coindata
1211805005,开国纪念壹圆,AU,53,1927,coindata
1211805007,开国纪念壹圆,AU,53,1927,coindata
1211805021,开国纪念壹圆,AU,50,1927,coindata
1211805023,开国纪念壹圆,AU,50,1927,coindata
1211805033,北洋局造一圆,AU,53,1908,coindata
1211805039,大清银币壹圆,AU,53,1911,coindata
1211805041,开国纪念壹圆,AU,53,1927,coindata
1211805061,福建官局一角,AU,50,1902,coindata
1211805073,开国纪念壹圆,AU,50,1927,coindata
1211805085,广东省造二角,AU,53,1890,coindata
1211805087,广东省造二角,AU,53,1890,coindata
1211805089,广东省造二角,AU,53,1890,coindata
1211805091,广东省造二角,AU,53,1890,coindata
1211805281,福建官局二角,AU,53,1902,coindata
1211805283,福建省造二角,AU,53,1924,coindata
1211805285,福建中华二角,AU,53,1923,coindata
1211805287,湖北省造二角,AU,53,1895,coindata
1211805289,湖北省造二角,AU,53,1895,coindata
1211805295,云南省造贰角,AU,50,1932,coindata
1211805395,广东省造一角,AU,50,1890,coindata
1211805397,广东省造一角,AU,50,1890,coindata
1211805399,湖北省造一角,AU,50,1895,coindata
1211805401,湖北省造一角,AU,50,1895,coindata
1211805403,湖北省造一角,AU,53,1895,coindata
1211805405,广东省造一角,AU,53,1890,coindata
1211805407,广东省造一角,AU,53,1890,coindata
1211805409,广东省造一角,AU,53,1890,coindata
1211805469,袁世凯像壹圆,AU,50,1914,coindata
1211805477,孙中山像壹圆,AU,53,1933,coindata
1211805517,福建官局贰毫,AU,50,1912,coindata
1211805519,福建官局贰毫,AU,50,1912,coindata
1211805521,福建官局贰毫,AU,50,1912,coindata
1211805531,福建官局贰毫,AU,53,1912,coindata
1211805533,福建官局贰毫,AU,53,1912,coindata
1211805615,广东省造贰毫,AU,53,1924,coindata
1211805617,云南省造半圆,AU,53,1911,coindata
1211805619,云南省造半圆,AU,53,1911,coindata
1211805621,云南省造半圆,AU,53,1911,coindata
1211805623,云南省造半圆,AU,50,1911,coindata
1211805625,云南省造半圆,AU,50,1911,coindata
1211805627,云南省造半圆,AU,50,1911,coindata
1211805629,云南省造半圆,AU,50,1911,coindata
1211805631,云南省造半圆,AU,50,1911,coindata
1211805633,云南省造半圆,AU,50,1911,coindata
1211805635,云南省造半圆,AU,50,1911,coindata
1211805637,云南省造半圆,AU,50,1911,coindata
1211805639,云南省造半圆,AU,50,1911,coindata
1211805641,奉天省造二角,AU,53,1904,coindata
1211805643,湖北省造二角,AU,50,1895,coindata
1211805645,福建官局二角,AU,50,1902,coindata
1211805647,浙江省造壹毫,AU,50,1924,coindata
1211805661,袁世凯像贰角,AU,50,1916,coindata
1211805663,袁世凯像贰角,AU,50,1916,coindata
1211805665,袁世凯像贰角,AU,50,1916,coindata
1211805667,袁世凯像贰角,AU,50,1916,coindata
1211805669,袁世凯像贰角,AU,50,1916,coindata
1211805671,袁世凯像贰角,AU,50,1916,coindata
1211805673,袁世凯像贰角,AU,50,1916,coindata
1211805675,袁世凯像贰角,AU,53,1916,coindata
1211805677,袁世凯像贰角,AU,53,1916,coindata
1211805679,袁世凯像贰角,AU,53,1916,coindata
1211805681,袁世凯像贰角,AU,53,1916,coindata
1211805683,袁世凯像贰角,AU,53,1916,coindata
1211805685,袁世凯像贰角,AU,53,1916,coindata
1211805687,袁世凯像贰角,AU,53,1916,coindata
1211805689,袁世凯像贰角,AU,53,1916,coindata
1211805691,袁世凯像贰角,AU,53,1916,coindata
1211805693,袁世凯像贰角,AU,53,1916,coindata
1211805757,云南省造一圆,AU,50,1911,coindata
1211805801,云南省造贰角,AU,53,1949,coindata
1211805805,广东省造壹毫,AU,53,1929,coindata
1211805807,孙中山像壹圆,AU,50,1934,coindata
1211805861,袁世凯像壹圆,AU,53,1921,coindata
1211805865,孙中山像壹圆,AU,50,1933,coindata
1211806097,袁世凯像壹圆,AU,50,1920,coindata
1211806101,北洋局造一圆,AU,50,1908,coindata
1211806157,袁世凯像壹圆,AU,50,1914,coindata
1211806159,袁世凯像壹圆,AU,50,1914,coindata
1211806161,袁世凯像壹圆,AU,50,1914,coindata
1211806199,东三省造二角,AU,50,1912,coindata
1211806201,袁世凯像壹圆,AU,53,1914,coindata
1211806209,袁世凯像壹圆,AU,50,1921,coindata
1211806211,袁世凯像壹圆,AU,50,1921,coindata
1211806217,孙中山像壹圆,AU,50,1934,coindata
1211806219,孙中山像壹圆,AU,53,1934,coindata
1211806223,开国纪念壹圆,AU,50,1927,coindata
1211806235,开国纪念壹圆,AU,50,1927,coindata
1211806237,开国纪念壹圆,AU,53,1927,coindata
1211806241,袁世凯像壹圆,AU,50,1920,coindata
1211806249,孙中山像壹圆,AU,50,1934,coindata
1211806259,袁世凯像壹圆,AU,53,1921,coindata
1211806263,东三省造二角,AU,53,1914,coindata
1211806281,袁世凯像壹圆,AU,50,1914,coindata
1211806315,北洋局造一圆,AU,50,1908,coindata
1211806319,云南省造半圆,AU,53,1909,coindata
1211806333,开国纪念壹圆,AU,53,1927,coindata
1211806337,袁世凯像壹圆,AU,53,1914,coindata
1211806339,袁世凯像壹圆,AU,50,1914,coindata
1211806341,袁世凯像壹圆,AU,50,1914,coindata
1211806345,袁世凯像壹圆,AU,50,1914,coindata
1211806359,袁世凯像壹圆,AU,53,1920,coindata
1211806361,袁世凯像壹圆,AU,53,1920,coindata
1211806369,开国纪念壹圆,AU,53,1927,coindata
1211806371,开国纪念壹圆,AU,53,1927,coindata
1211806373,江南省造一圆,AU,53,1902,coindata
1211806389,袁世凯像贰角,AU,50,1916,coindata
1211806391,东三省造二角,AU,50,1914,coindata
1211806413,袁世凯像壹圆,AU,50,1920,coindata
1211806415,袁世凯像壹圆,AU,50,1920,coindata
1211806419,袁世凯像壹圆,AU,53,1921,coindata
1211806421,袁世凯像壹圆,AU,50,1921,coindata
1211806427,袁世凯像壹圆,AU,50,1914,coindata
1211806429,袁世凯像壹圆,AU,53,1914,coindata
1211806431,袁世凯像壹圆,AU,53,1914,coindata
1211806435,袁世凯像壹圆,AU,50,1914,coindata
1211806437,袁世凯像壹圆,AU,50,1914,coindata
1211806439,袁世凯像壹圆,AU,50,1914,coindata
1211806441,袁世凯像壹圆,AU,50,1914,coindata
1211806443,袁世凯像壹圆,AU,50,1914,coindata
1211806445,袁世凯像壹圆,AU,50,1914,coindata
1211806453,北洋局造一圆,AU,50,1908,coindata
1211806455,北洋局造一圆,AU,50,1908,coindata
1211806457,北洋局造一圆,AU,50,1908,coindata
1211806467,北洋局造一圆,AU,53,1908,coindata
1211806477,云南省造贰角,AU,53,1949,coindata
1211806479,广东省造二角,AU,50,1909,coindata
1211806483,云南省造半圆,AU,50,1911,coindata
1211806487,云南省造半圆,AU,53,1932,coindata
1211806489,云南省造半圆,AU,50,1932,coindata
1211806493,云南省造半圆,AU,50,1909,coindata
1211806495,云南省造半圆,AU,53,1908,coindata
1211806499,袁世凯像壹圆,AU,50,1914,coindata
1211806501,袁世凯像壹圆,AU,50,1921,coindata
1211806509,袁世凯像壹圆,AU,50,1914,coindata
1211806525,袁世凯像壹圆,AU,50,1921,coindata
1211806545,袁世凯像壹圆,AU,50,1914,coindata
1211806551,袁世凯像壹圆,AU,50,1921,coindata
1211806587,云南省造半圆,AU,53,1911,coindata
1211806599,云南省造一角,AU,50,1911,coindata
1211806641,袁世凯像壹圆,AU,50,1914,coindata
1211806663,湖北省造一圆,AU,50,1909,coindata
1211806685,开国纪念壹圆,AU,50,1927,coindata
1211806689,开国纪念壹圆,AU,50,1927,coindata
1211806709,袁世凯像壹圆,AU,50,1914,coindata
1211806735,开国纪念壹圆,AU,50,1927,coindata
1211806745,袁世凯像壹圆,AU,50,1920,coindata
1211806747,袁世凯像壹圆,AU,53,1920,coindata
1211806751,湖北省造二角,AU,50,1895,coindata
1211806827,开国纪念壹圆,AU,50,1927,coindata
1211806833,开国纪念壹圆,AU,53,1927,coindata
1211806873,孙中山像壹圆,AU,50,1933,coindata
1211806881,福建官局二角,AU,50,1902,coindata
1211806979,开国纪念壹圆,AU,50,1927,coindata
1211806981,开国纪念壹圆,AU,53,1927,coindata
1211806983,袁世凯像壹圆,AU,50,1914,coindata
1211806987,大清银币壹圆,AU,50,1911,coindata
1211806993,北洋局造一圆,AU,50,1908,coindata
1211807005,东三省造二角,AU,50,1909,coindata
1211807007,福建中华二角,AU,53,1923,coindata
1211807039,袁世凯像壹圆,AU,53,1914,coindata
1211807067,造币总厂一圆,AU,50,1908,coindata
1211807083,袁世凯像壹圆,AU,50,1920,coindata
1211807111,广东省造贰毫,AU,53,1921,coindata
1211807115,江南省造二角,AU,50,1901,coindata
1211807135,袁世凯像壹圆,AU,50,1914,coindata
1211807139,孙中山像壹圆,AU,53,1933,coindata
1211807149,袁世凯像壹圆,AU,50,1914,coindata
1211807163,袁世凯像壹圆,AU,50,1920,coindata
1211807181,袁世凯像壹圆,AU,50,1914,coindata
1211807189,孙中山像壹圆,AU,50,1933,coindata
1211807211,袁世凯像壹圆,AU,50,1914,coindata
1211807261,广东省造壹毫,AU,50,1913,coindata
1211807279,袁世凯像壹角,AU,50,1914,coindata
1211807281,袁世凯像贰角,AU,50,1914,coindata
1211807283,开国纪念壹圆,AU,50,1927,coindata
1211807285,袁世凯像壹圆,AU,50,1921,coindata
1211807289,袁世凯像壹圆,AU,53,1920,coindata
1211807389,袁世凯像壹圆,AU,50,1914,coindata
1211807399,袁世凯像壹圆,AU,50,1914,coindata
1211807403,袁世凯像壹圆,AU,50,1914,coindata
1211807413,袁世凯像壹圆,AU,53,1920,coindata
1211807415,袁世凯像壹圆,AU,50,1920,coindata
1211807423,袁世凯像壹圆,AU,53,1921,coindata
1211807431,西藏银币十两,AU,50,1951,coindata
1211807439,西藏章嘎嘎布,AU,53,1912,coindata
1211807443,袁世凯像壹圆,AU,53,1914,coindata
1211807479,孙中山像壹圆,AU,50,1934,coindata
1211807485,孙中山像壹圆,AU,50,1933,coindata
1211807487,孙中山像壹圆,AU,53,1933,coindata
1211807505,北洋局造一圆,AU,50,1908,coindata
1211807507,北洋局造一圆,AU,50,1908,coindata
1211807509,北洋局造一圆,AU,50,1908,coindata
1211807529,袁世凯像壹圆,AU,50,1914,coindata
1211807531,袁世凯像壹圆,AU,53,1914,coindata
1211807533,袁世凯像壹圆,AU,50,1914,coindata
1211807547,袁世凯像壹圆,AU,53,1920,coindata
1211807557,孙中山像壹圆,AU,50,1934,coindata
1211807559,孙中山像壹圆,AU,53,1934,coindata
1211807563,开国纪念壹圆,AU,50,1927,coindata
1211807565,开国纪念壹圆,AU,50,1927,coindata
1211807567,开国纪念壹圆,AU,53,1927,coindata
1211807585,孙中山像壹圆,AU,53,1933,coindata
1211807587,袁世凯像壹圆,AU,53,1921,coindata
1211807595,袁世凯像壹圆,AU,50,1919,coindata
1211807599,孙中山像壹圆,AU,50,1934,coindata
1211807601,孙中山像壹圆,AU,53,1934,coindata
1211807635,袁世凯像壹圆,AU,50,1914,coindata
1211807645,袁世凯像壹圆,AU,53,1920,coindata
1211807651,袁世凯像贰角,AU,53,1916,coindata
1211807653,袁世凯像壹角,AU,50,1914,coindata
1211807655,袁世凯像壹角,AU,53,1914,coindata
1211807659,云南省造半圆,AU,50,1932,coindata
1211807681,袁世凯像壹圆,AU,53,1914,coindata
1211807731,江南省造一圆,AU,50,1904,coindata
1211807739,造币总厂一圆,AU,53,1908,coindata
1211807757,袁世凯像壹圆,AU,53,1921,coindata
1211807805,北洋局造一圆,AU,53,1908,coindata
1211807817,开国纪念壹圆,AU,50,1927,coindata
1211807821,袁世凯像壹圆,AU,50,1914,coindata
1211807843,袁世凯像壹圆,AU,53,1920,coindata
1211807867,袁世凯像壹圆,AU,50,1914,coindata
1211807871,袁世凯像壹圆,AU,50,1914,coindata
1211807889,唐继尧像半圆,AU,50,1919,coindata
1211807899,开国纪念壹圆,AU,50,1927,coindata
1211807927,北洋局造一圆,AU,50,1908,coindata
1211807929,北洋局造一圆,AU,50,1908,coindata
1211807931,北洋局造一圆,AU,50,1908,coindata
1211807939,北洋局造一圆,AU,50,1908,coindata
1211807955,袁世凯像壹圆,AU,50,1914,coindata
1211807957,袁世凯像壹圆,AU,50,1914,coindata
1211807959,袁世凯像壹圆,AU,50,1914,coindata
1211807961,袁世凯像壹圆,AU,50,1914,coindata
1211807963,袁世凯像壹圆,AU,50,1914,coindata
1211807965,袁世凯像壹圆,AU,50,1914,coindata
1211807967,袁世凯像壹圆,AU,53,1914,coindata
1211807973,袁世凯像壹圆,AU,50,1914,coindata
1211807975,袁世凯像壹圆,AU,50,1914,coindata
1211807977,袁世凯像壹圆,AU,50,1914,coindata
1211807979,袁世凯像壹圆,AU,50,1914,coindata
1211807981,袁世凯像壹圆,AU,53,1914,coindata
1211807983,袁世凯像壹圆,AU,53,1914,coindata
1211807985,袁世凯像壹圆,AU,50,1914,coindata
1211808001,袁世凯像壹圆,AU,50,1914,coindata
1211808005,袁世凯像壹圆,AU,53,1914,coindata
1211808007,袁世凯像壹圆,AU,50,1920,coindata
1211808009,袁世凯像壹圆,AU,50,1920,coindata
1211808011,袁世凯像壹圆,AU,50,1920,coindata
1211808013,袁世凯像壹圆,AU,53,1920,coindata
1211808015,袁世凯像壹圆,AU,53,1920,coindata
1211808025,袁世凯像壹圆,AU,50,1920,coindata
1211808039,袁世凯像壹圆,AU,50,1921,coindata
1211808043,袁世凯像壹圆,AU,50,1919,coindata
1211808069,新疆喀什伍钱,AU,53,1902,coindata
1211808073,云南省造半圆,AU,50,1908,coindata
1211808075,四川银币壹圆,AU,53,1912,coindata
1211808085,开国纪念壹圆,AU,53,1927,coindata
1211808119,云南省造一圆,AU,53,1911,coindata
1211808121,江南省造一圆,AU,50,1904,coindata
1211808125,湖北省造一圆,AU,50,1895,coindata
1211808131,开国纪念壹圆,AU,50,1927,coindata
1211808145,云南省造半圆,AU,50,1932,coindata
1211808183,云南省造半圆,AU,53,1911,coindata
1211808185,云南省造半圆,AU,53,1911,coindata
1211808191,云南省造半圆,AU,53,1911,coindata
1211808193,云南省造半圆,AU,53,1911,coindata
1211808199,云南省造半圆,AU,50,1911,coindata
1211808201,云南省造半圆,AU,50,1911,coindata
1211808215,云南省造半圆,AU,50,1911,coindata
1211808219,广东省造二角,AU,53,1909,coindata
1211808223,广东省造二角,AU,53,1909,coindata
1211808255,袁世凯像壹圆,AU,53,1914,coindata
1211808265,袁世凯像壹圆,AU,50,1920,coindata
1211808267,西藏章嘎嘎布,AU,50,1912,coindata
1211808277,袁世凯像壹圆,AU,53,1914,coindata
1211808279,袁世凯像壹圆,AU,50,1914,coindata
1211808291,孙中山像壹圆,AU,50,1933,coindata
1211808293,孙中山像壹圆,AU,50,1933,coindata
1211808295,开国纪念壹圆,AU,50,1927,coindata
1211808311,四川省造卢比,AU,50,1930,coindata
1211808317,袁世凯像壹圆,AU,53,1914,coindata
1211808327,袁世凯像壹圆,AU,50,1914,coindata
1211808343,孙中山像壹圆,AU,50,1934,coindata
1211808345,袁世凯像壹圆,AU,50,1914,coindata
1211808349,江南省造一圆,AU,53,1904,coindata
1211808355,袁世凯像壹圆,AU,50,1921,coindata
1211808413,袁世凯像壹圆,AU,50,1921,coindata
1211808417,北洋局造一圆,AU,50,1908,coindata
1211808419,北洋局造一圆,AU,50,1908,coindata
1211808429,孙中山像壹圆,AU,50,1934,coindata
1211808437,孙中山像壹圆,AU,53,1934,coindata
1211808439,开国纪念壹圆,AU,53,1927,coindata
1211808441,开国纪念壹圆,AU,53,1927,coindata
1211808443,袁世凯像壹圆,AU,53,1921,coindata
1211808445,开国纪念壹圆,AU,50,1927,coindata
1211808447,开国纪念壹圆,AU,50,1927,coindata
1211808449,开国纪念壹圆,AU,50,1927,coindata
1211808451,袁世凯像壹圆,AU,50,1921,coindata
1211808453,袁世凯像壹圆,AU,50,1921,coindata
1211808455,袁世凯像壹圆,AU,50,1921,coindata
1211808521,开国纪念壹圆,AU,53,1927,coindata
1211808589,袁世凯像壹圆,AU,50,1914,coindata
1211808615,袁世凯像壹圆,AU,50,1920,coindata
1211808621,开国纪念壹圆,AU,50,1927,coindata
1211808623,孙中山像壹圆,AU,50,1934,coindata
1211808629,孙中山像壹圆,AU,50,1934,coindata
1211808631,孙中山像壹圆,AU,50,1934,coindata
1211808703,袁世凯像壹圆,AU,50,1914,coindata
1211808705,孙中山像壹圆,AU,50,1934,coindata
1211808711,袁世凯像壹圆,AU,50,1914,coindata
1211808713,袁世凯像壹圆,AU,50,1914,coindata
1211808715,袁世凯像壹圆,AU,53,1914,coindata
1211808741,北洋局造一圆,AU,50,1908,coindata
1211808745,北洋局造一圆,AU,50,1908,coindata
1211808749,孙中山像壹圆,AU,53,1934,coindata
1211808751,孙中山像壹圆,AU,53,1934,coindata
1211808753,孙中山像壹圆,AU,50,1933,coindata
1211808755,孙中山像壹圆,AU,50,1933,coindata
1211808759,袁世凯像壹圆,AU,50,1914,coindata
1211808769,袁世凯像壹圆,AU,50,1921,coindata
1211808771,袁世凯像壹圆,AU,50,1921,coindata
1211808779,开国纪念壹圆,AU,50,1927,coindata
1211808817,北洋局造一圆,AU,50,1908,coindata
1211808821,北洋局造一圆,AU,50,1908,coindata
1211808829,袁世凯像壹圆,AU,50,1914,coindata
1211808837,袁世凯像壹圆,AU,53,1914,coindata
1211808839,袁世凯像壹圆,AU,50,1914,coindata
1211808855,袁世凯像壹圆,AU,53,1921,coindata
1211808857,袁世凯像壹圆,AU,50,1921,coindata
1211808861,孙中山像壹圆,AU,50,1934,coindata
1211808867,孙中山像壹圆,AU,50,1933,coindata
1211808869,孙中山像壹圆,AU,50,1933,coindata
1211808873,云南省造半圆,AU,50,1911,coindata
1211808889,袁世凯像壹圆,AU,50,1914,coindata
1211808891,袁世凯像壹圆,AU,50,1914,coindata
1211808895,袁世凯像壹圆,AU,53,1914,coindata
1211808899,袁世凯像壹圆,AU,50,1914,coindata
1211808901,袁世凯像壹圆,AU,50,1914,coindata
1211808903,袁世凯像壹圆,AU,50,1914,coindata
1211808921,袁世凯像贰角,AU,53,1914,coindata
1211808943,袁世凯像壹圆,AU,50,1921,coindata
1211808949,四川省造卢比,AU,50,1930,coindata
1211808957,四川省造卢比,AU,50,1930,coindata
1211808959,四川省造卢比,AU,53,1930,coindata
1211808961,四川省造卢比,AU,50,1930,coindata
1211808973,大清银币壹圆,AU,50,1911,coindata
1211808985,袁世凯像壹圆,AU,53,1914,coindata
1211809017,袁世凯像壹圆,AU,53,1914,coindata
1211809019,袁世凯像壹圆,AU,53,1914,coindata
1211809021,袁世凯像壹圆,AU,53,1914,coindata
1211809023,袁世凯像壹圆,AU,53,1914,coindata
1211809025,袁世凯像壹圆,AU,53,1914,coindata
1211809027,袁世凯像壹圆,AU,53,1914,coindata
1211809029,袁世凯像壹圆,AU,53,1914,coindata
1211809031,袁世凯像壹圆,AU,53,1914,coindata
1211809033,袁世凯像壹圆,AU,53,1921,coindata
1211809035,袁世凯像壹圆,AU,53,1921,coindata
1211809037,孙中山像壹圆,AU,53,1934,coindata
1211809039,袁世凯像壹圆,AU,50,1921,coindata
1211809043,袁世凯像壹圆,AU,53,1914,coindata
1211809045,袁世凯像壹圆,AU,53,1914,coindata
1211809049,袁世凯像壹圆,AU,53,1920,coindata
1211809053,袁世凯像壹圆,AU,50,1914,coindata
1211809055,袁世凯像壹圆,AU,50,1914,coindata
1211809057,孙中山像壹圆,AU,50,1934,coindata
1211809063,造币总厂一圆,AU,50,1908,coindata
1211809065,造币总厂一圆,AU,50,1908,coindata
1211809067,造币总厂一圆,AU,50,1908,coindata
1211809069,造币总厂一圆,AU,50,1908,coindata
1211809071,造币总厂一圆,AU,50,1908,coindata
1211809073,造币总厂一圆,AU,50,1908,coindata
1211809077,云南省造半圆,AU,50,1911,coindata
1211809137,袁世凯像壹圆,AU,50,1914,coindata
1211809149,袁世凯像壹圆,AU,53,1914,coindata
1211809153,袁世凯像壹圆,AU,53,1914,coindata
1211809155,袁世凯像壹圆,AU,53,1921,coindata
1211809161,袁世凯像壹圆,AU,53,1914,coindata
1211809163,袁世凯像壹圆,AU,53,1914,coindata
1211809165,袁世凯像壹圆,AU,53,1914,coindata
1211809167,袁世凯像壹圆,AU,53,1914,coindata
1211809169,袁世凯像壹圆,AU,53,1914,coindata
1211809171,袁世凯像壹圆,AU,53,1914,coindata
1211809173,袁世凯像壹圆,AU,53,1914,coindata
1211809175,袁世凯像壹圆,AU,53,1914,coindata
1211809177,袁世凯像壹圆,AU,53,1914,coindata
1211809179,袁世凯像壹圆,AU,53,1914,coindata
1211809181,袁世凯像壹圆,AU,53,1914,coindata
1211809183,袁世凯像壹圆,AU,53,1914,coindata
1211809185,袁世凯像壹圆,AU,53,1914,coindata
1211809187,袁世凯像壹圆,AU,53,1914,coindata
1211809189,袁世凯像壹圆,AU,53,1914,coindata
1211809191,袁世凯像壹圆,AU,53,1921,coindata
1211809193,孙中山像壹圆,AU,53,1934,coindata
1211809195,孙中山像壹圆,AU,53,1934,coindata
1211809203,袁世凯像壹圆,AU,50,1914,coindata
1211809205,袁世凯像壹圆,AU,50,1914,coindata
1211809213,袁世凯像壹圆,AU,53,1921,coindata
1211809235,新疆省造壹圆,AU,50,1949,coindata
1211809239,江南省造一圆,AU,50,1904,coindata
1211809247,袁世凯像壹圆,AU,50,1919,coindata
1211809279,袁世凯像壹圆,AU,53,1921,coindata
1211809281,孙中山像壹圆,AU,53,1934,coindata
1211809283,孙中山像壹圆,AU,50,1934,coindata
1211809287,开国纪念壹圆,AU,50,1927,coindata
1211809289,开国纪念壹圆,AU,50,1927,coindata
1211809291,开国纪念壹圆,AU,50,1927,coindata
1211809301,袁世凯像贰角,AU,53,1916,coindata
1211809309,四川银币壹圆,AU,53,1912,coindata
1211809311,四川银币壹圆,AU,53,1912,coindata
1211809313,四川银币壹圆,AU,53,1912,coindata
1211809315,四川银币壹圆,AU,53,1912,coindata
1211809319,四川银币壹圆,AU,50,1912,coindata
1211809321,四川银币壹圆,AU,50,1912,coindata
1211809323,四川银币壹圆,AU,50,1912,coindata
1211809329,四川银币壹圆,AU,50,1912,coindata
1211809339,袁世凯像壹圆,AU,50,1914,coindata
1211809351,大清银币壹圆,AU,50,1911,coindata
1211809361,开国纪念壹圆,AU,50,1927,coindata
1211809371,开国纪念壹圆,AU,53,1927,coindata
1211809373,开国纪念壹圆,AU,53,1927,coindata
1211809375,开国纪念壹圆,AU,53,1927,coindata
1211809377,开国纪念壹圆,AU,53,1927,coindata
1211809385,开国纪念壹圆,AU,50,1927,coindata
1211809399,开国纪念壹圆,AU,53,1927,coindata
1211809401,开国纪念壹圆,AU,53,1927,coindata
1211809403,开国纪念壹圆,AU,53,1927,coindata
1211809467,开国纪念壹圆,AU,50,1927,coindata
1211809489,孙中山像贰毫,AU,50,1929,coindata
1211809491,孙中山像贰毫,AU,50,1929,coindata
1211809493,云南省造贰角,AU,50,1932,coindata
1211809497,东三省造二角,AU,50,1914,coindata
1211809513,福建中华二角,AU,50,1923,coindata
1211809525,北洋局造一圆,AU,53,1908,coindata
1211809535,袁世凯像壹圆,AU,53,1914,coindata
1211809539,袁世凯像壹圆,AU,50,1914,coindata
1211809541,袁世凯像壹圆,AU,53,1914,coindata
1211809543,袁世凯像壹圆,AU,53,1914,coindata
1211809549,孙中山像壹圆,AU,50,1934,coindata
1211809555,福建省造二角,AU,50,1924,coindata
1211809561,袁世凯像壹角,AU,50,1914,coindata
1211809565,孙中山像壹圆,AU,50,1934,coindata
1211809573,袁世凯像壹圆,AU,53,1914,coindata
1211809575,袁世凯像壹圆,AU,50,1921,coindata
1211809577,袁世凯像壹圆,AU,53,1919,coindata
1211809645,袁世凯像壹圆,AU,50,1921,coindata
1211809647,袁世凯像壹圆,AU,53,1920,coindata
1211809665,袁世凯像壹圆,AU,50,1914,coindata
1211809667,袁世凯像壹圆,AU,50,1914,coindata
1211809669,袁世凯像壹圆,AU,50,1914,coindata
1211809671,袁世凯像壹圆,AU,50,1914,coindata
1211809727,袁世凯像壹圆,AU,50,1914,coindata
1211809731,袁世凯像壹圆,AU,50,1914,coindata
1211809749,袁世凯像壹圆,AU,50,1921,coindata
1211809763,袁世凯像壹圆,AU,50,1914,coindata
1211809765,袁世凯像壹圆,AU,50,1914,coindata
1211809767,袁世凯像壹圆,AU,50,1914,coindata
1211809771,袁世凯像壹圆,AU,50,1921,coindata
1211809849,东三省造二角,AU,50,1914,coindata
1211809873,北洋局造一圆,AU,50,1908,coindata
1211809901,云南省造半圆,AU,50,1911,coindata
1211809911,袁世凯像壹圆,AU,50,1921,coindata
1211809963,开国纪念壹圆,AU,50,1927,coindata
1211809967,广东省造一圆,AU,50,1909,coindata
1211809981,云南省造一圆,AU,50,1909,coindata
1211809997,袁世凯像壹圆,AU,50,1914,coindata
1211809999,袁世凯像壹圆,AU,50,1914,coindata
1211201783,开国纪念壹圆,AU,58,1927,coindata
1211201787,开国纪念壹圆,AU,55,1927,coindata
1211201793,广东省造二角,AU,58,1890,coindata
1211201795,广东省造二角,AU,58,1890,coindata
1211201797,广东省造二角,AU,55,1890,coindata
1211201799,广东省造二角,AU,55,1890,coindata
1211201807,广东省造二角,AU,55,1890,coindata
1211201813,广东省造二角,AU,55,1890,coindata
1211201815,广东省造二角,AU,58,1890,coindata
1211201817,广东省造二角,AU,58,1890,coindata
1211201821,广东省造二角,AU,58,1890,coindata
1211201823,广东省造二角,AU,55,1890,coindata
1211201825,广东省造二角,AU,55,1890,coindata
1211201827,广东省造二角,AU,55,1890,coindata
1211201837,广东省造二角,AU,58,1909,coindata
1211201839,广东省造二角,AU,58,1909,coindata
1211201925,云南省造半圆,AU,55,1911,coindata
1211201935,云南省造半圆,AU,58,1932,coindata
1211201937,云南省造半圆,AU,58,1932,coindata
1211201945,孙中山像壹毫,AU,55,1929,coindata
1211202663,孙中山像壹圆,AU,58,1934,coindata
1211203503,袁世凯像壹圆,AU,55,1914,coindata
1211203505,袁世凯像壹圆,AU,55,1914,coindata
1211203507,袁世凯像壹圆,AU,58,1914,coindata
1211203913,袁世凯像壹圆,AU,55,1914,coindata
1211203915,袁世凯像壹圆,AU,55,1914,coindata
1211203917,袁世凯像壹圆,AU,55,1914,coindata
1211203919,袁世凯像壹圆,AU,55,1914,coindata
1211203921,袁世凯像壹圆,AU,55,1914,coindata
1211203923,袁世凯像壹圆,AU,55,1914,coindata
1211203925,袁世凯像壹圆,AU,55,1914,coindata
1211203927,袁世凯像壹圆,AU,55,1914,coindata
1211203929,袁世凯像壹圆,AU,55,1914,coindata
1211203931,袁世凯像壹圆,AU,55,1914,coindata
1211203933,袁世凯像壹圆,AU,55,1914,coindata
1211203935,袁世凯像壹圆,AU,55,1921,coindata
1211203937,袁世凯像壹圆,AU,55,1921,coindata
1211203939,孙中山像壹圆,AU,55,1933,coindata
1211203941,孙中山像壹圆,AU,55,1934,coindata
1211203943,孙中山像壹圆,AU,55,1934,coindata
1211203945,孙中山像壹圆,AU,55,1934,coindata
1211203947,孙中山像壹圆,AU,55,1934,coindata
1211203949,孙中山像壹圆,AU,55,1934,coindata
1211203951,孙中山像壹圆,AU,55,1934,coindata
1211203953,孙中山像壹圆,AU,55,1934,coindata
1211203955,孙中山像壹圆,AU,55,1934,coindata
1211203957,孙中山像壹圆,AU,55,1934,coindata
1211203959,孙中山像壹圆,AU,55,1934,coindata
1211203961,孙中山像壹圆,AU,55,1934,coindata
1211203963,孙中山像壹圆,AU,55,1934,coindata
1211203965,孙中山像壹圆,AU,55,1934,coindata
1211203967,孙中山像壹圆,AU,55,1934,coindata
1211203969,孙中山像壹圆,AU,55,1934,coindata
1211203971,孙中山像壹圆,AU,55,1934,coindata
1211203973,孙中山像壹圆,AU,55,1934,coindata
1211203975,孙中山像壹圆,AU,55,1934,coindata
1211203977,孙中山像壹圆,AU,55,1934,coindata
1211203979,孙中山像壹圆,AU,55,1934,coindata
1211203981,孙中山像壹圆,AU,55,1934,coindata
1211203983,孙中山像壹圆,AU,55,1934,coindata
1211203985,孙中山像壹圆,AU,55,1934,coindata
1211203987,孙中山像壹圆,AU,55,1934,coindata
1211203989,孙中山像壹圆,AU,55,1934,coindata
1211203991,孙中山像壹圆,AU,55,1934,coindata
1211203993,孙中山像壹圆,AU,55,1934,coindata
1211204015,袁世凯像壹圆,AU,58,1920,coindata
1211204095,开国纪念壹圆,AU,55,1927,coindata
1211204133,云南省造半圆,AU,55,1911,coindata
1211204141,云南省造半圆,AU,58,1911,coindata
1211204155,云南省造半圆,AU,55,1911,coindata
1211204177,袁世凯像壹圆,AU,58,1914,coindata
1211204179,袁世凯像壹圆,AU,58,1914,coindata
1211204181,袁世凯像壹圆,AU,58,1921,coindata
1211204183,孙中山像壹圆,AU,58,1933,coindata
1211204185,孙中山像壹圆,AU,58,1934,coindata
1211204187,孙中山像壹圆,AU,58,1934,coindata
1211204189,孙中山像壹圆,AU,58,1934,coindata
1211204191,孙中山像壹圆,AU,58,1934,coindata
1211204193,孙中山像壹圆,AU,58,1934,coindata
1211204195,孙中山像壹圆,AU,58,1934,coindata
1211204197,孙中山像壹圆,AU,58,1934,coindata
1211204199,孙中山像壹圆,AU,58,1934,coindata
1211204201,孙中山像壹圆,AU,58,1934,coindata
1211204203,孙中山像壹圆,AU,58,1934,coindata
1211204205,孙中山像壹圆,AU,58,1934,coindata
1211204207,孙中山像壹圆,AU,58,1934,coindata
1211204209,孙中山像壹圆,AU,58,1934,coindata
1211204211,孙中山像壹圆,AU,58,1934,coindata
1211204213,孙中山像壹圆,AU,58,1934,coindata
1211204215,孙中山像壹圆,AU,58,1934,coindata
1211204217,孙中山像壹圆,AU,58,1934,coindata
1211204377,袁世凯像壹圆,AU,55,1914,coindata
1211204399,开国纪念壹圆,AU,55,1927,coindata
1211204465,开国纪念壹圆,AU,58,1927,coindata
1211204467,开国纪念壹圆,AU,58,1927,coindata
1211204469,开国纪念壹圆,AU,58,1927,coindata
1211204471,开国纪念壹圆,AU,58,1927,coindata
1211204473,开国纪念壹圆,AU,58,1927,coindata
1211204475,开国纪念壹圆,AU,58,1927,coindata
1211204477,开国纪念壹圆,AU,58,1927,coindata
1211204479,开国纪念壹圆,AU,58,1927,coindata
1211204481,开国纪念壹圆,AU,58,1927,coindata
1211204483,开国纪念壹圆,AU,58,1927,coindata
1211204485,开国纪念壹圆,AU,58,1927,coindata
1211204487,开国纪念壹圆,AU,58,1927,coindata
1211204489,开国纪念壹圆,AU,58,1927,coindata
1211204491,开国纪念壹圆,AU,58,1927,coindata
1211204493,开国纪念壹圆,AU,58,1927,coindata
1211204507,西藏银币三两,AU,58,1933,coindata
1211204581,开国纪念壹圆,AU,55,1927,coindata
1211204583,开国纪念壹圆,AU,55,1927,coindata
1211204585,开国纪念壹圆,AU,55,1927,coindata
1211204587,开国纪念壹圆,AU,55,1927,coindata
1211204589,开国纪念壹圆,AU,55,1927,coindata
1211204591,开国纪念壹圆,AU,55,1927,coindata
1211204593,开国纪念壹圆,AU,55,1927,coindata
1211204595,开国纪念壹圆,AU,55,1927,coindata
1211204597,开国纪念壹圆,AU,55,1927,coindata
1211204599,开国纪念壹圆,AU,55,1927,coindata
1211204601,开国纪念壹圆,AU,55,1927,coindata
1211204603,开国纪念壹圆,AU,55,1927,coindata
1211204605,开国纪念壹圆,AU,55,1927,coindata
1211204607,开国纪念壹圆,AU,55,1927,coindata
1211204609,开国纪念壹圆,AU,55,1927,coindata
1211204611,开国纪念壹圆,AU,55,1927,coindata
1211204655,袁世凯像壹圆,AU,58,1914,coindata
1211204657,袁世凯像壹圆,AU,58,1914,coindata
1211204659,袁世凯像壹圆,AU,58,1914,coindata
1211204661,袁世凯像壹圆,AU,55,1914,coindata
1211204673,袁世凯像壹圆,AU,55,1914,coindata
1211204675,袁世凯像壹圆,AU,58,1914,coindata
1211204677,袁世凯像壹圆,AU,55,1914,coindata
1211204683,袁世凯像壹圆,AU,55,1914,coindata
1211204691,袁世凯像壹圆,AU,55,1920,coindata
1211204693,袁世凯像壹圆,AU,55,1920,coindata
1211204697,袁世凯像壹圆,AU,55,1921,coindata
1211204699,袁世凯像壹圆,AU,55,1921,coindata
1211204713,孙中山像伍角,AU,58,1949,coindata
1211205833,云南省造贰角,AU,58,1949,coindata
1211205845,袁世凯像壹圆,AU,55,1921,coindata
1211205851,孙中山像壹圆,AU,58,1934,coindata
1211205921,云南省造半圆,AU,55,1909,coindata
1211205933,东三省造二角,AU,55,1909,coindata
1211205935,东三省造二角,AU,55,1909,coindata
1211205937,东三省造二角,AU,58,1909,coindata
1211205939,东三省造二角,AU,58,1909,coindata
1211205941,东三省造二角,AU,58,1912,coindata
1211205943,东三省造二角,AU,58,1914,coindata
1211206143,云南省造半圆,AU,58,1911,coindata
1211206153,云南省造半圆,AU,55,1911,coindata
1211206155,云南省造半圆,AU,55,1911,coindata
1211206157,云南省造半圆,AU,58,1911,coindata
1211206195,云南省造半圆,AU,55,1911,coindata
1211206255,广东省造贰毫,AU,58,1918,coindata
1211206257,广东省造贰毫,AU,58,1918,coindata
1211206259,广东省造贰毫,AU,58,1918,coindata
1211206261,广东省造贰毫,AU,58,1919,coindata
1211206263,广东省造贰毫,AU,58,1919,coindata
1211206265,广东省造贰毫,AU,58,1919,coindata
1211206267,广东省造贰毫,AU,58,1919,coindata
1211206269,广东省造贰毫,AU,58,1919,coindata
1211206271,广东省造贰毫,AU,58,1919,coindata
1211206273,广东省造贰毫,AU,58,1919,coindata
1211206275,广东省造贰毫,AU,58,1919,coindata
1211206277,广东省造贰毫,AU,58,1919,coindata
1211206279,广东省造贰毫,AU,58,1919,coindata
1211206281,广东省造贰毫,AU,58,1919,coindata
1211206283,广东省造贰毫,AU,58,1919,coindata
1211206285,广东省造贰毫,AU,58,1919,coindata
1211206287,广东省造贰毫,AU,58,1919,coindata
1211206289,广东省造贰毫,AU,58,1919,coindata
1211206291,广东省造贰毫,AU,58,1919,coindata
1211206293,广东省造贰毫,AU,58,1919,coindata
1211206295,广东省造贰毫,AU,58,1919,coindata
1211206297,广东省造贰毫,AU,58,1921,coindata
1211206299,广东省造贰毫,AU,58,1921,coindata
1211206301,广东省造贰毫,AU,58,1921,coindata
1211206303,广东省造贰毫,AU,58,1921,coindata
1211206305,广东省造贰毫,AU,58,1921,coindata
1211206307,广东省造贰毫,AU,58,1921,coindata
1211206309,广东省造贰毫,AU,58,1921,coindata
1211206311,广东省造贰毫,AU,58,1921,coindata
1211206313,广东省造贰毫,AU,58,1921,coindata
1211206315,广东省造贰毫,AU,58,1921,coindata
1211206317,广东省造贰毫,AU,58,1921,coindata
1211206319,广东省造贰毫,AU,58,1921,coindata
1211206321,广东省造贰毫,AU,58,1921,coindata
1211206323,广东省造贰毫,AU,58,1921,coindata
1211206325,广东省造贰毫,AU,58,1921,coindata
1211206327,广东省造贰毫,AU,58,1921,coindata
1211206329,广东省造贰毫,AU,58,1921,coindata
1211206331,广东省造贰毫,AU,58,1921,coindata
1211206333,广东省造贰毫,AU,58,1921,coindata
1211206335,广东省造贰毫,AU,58,1921,coindata
1211206337,广东省造贰毫,AU,58,1921,coindata
1211206339,广东省造贰毫,AU,58,1921,coindata
1211206341,广东省造贰毫,AU,58,1921,coindata
1211206343,广东省造贰毫,AU,58,1921,coindata
1211206345,广东省造贰毫,AU,58,1921,coindata
1211206587,广东省造贰毫,AU,58,1920,coindata
1211206589,广东省造贰毫,AU,58,1920,coindata
1211206591,广东省造贰毫,AU,58,1920,coindata
1211206593,广东省造贰毫,AU,58,1920,coindata
1211206595,广东省造贰毫,AU,58,1920,coindata
1211206597,广东省造贰毫,AU,58,1920,coindata
1211206599,广东省造贰毫,AU,58,1920,coindata
1211206601,广东省造贰毫,AU,58,1920,coindata
1211206603,广东省造贰毫,AU,58,1920,coindata
1211206605,广东省造贰毫,AU,58,1920,coindata
1211206607,广东省造贰毫,AU,58,1920,coindata
1211206609,广东省造贰毫,AU,58,1920,coindata
1211206611,广东省造贰毫,AU,58,1920,coindata
1211206613,广东省造贰毫,AU,58,1920,coindata
1211206615,广东省造贰毫,AU,58,1920,coindata
1211206617,广东省造贰毫,AU,58,1920,coindata
1211206619,广东省造贰毫,AU,58,1920,coindata
1211206621,广东省造贰毫,AU,58,1920,coindata
1211206623,广东省造贰毫,AU,58,1920,coindata
1211206625,广东省造贰毫,AU,58,1920,coindata
1211206627,广东省造贰毫,AU,58,1920,coindata
1211206629,广东省造贰毫,AU,58,1920,coindata
1211206631,广东省造贰毫,AU,58,1920,coindata
1211206633,广东省造贰毫,AU,58,1920,coindata
1211206635,广东省造贰毫,AU,58,1920,coindata
1211206637,广东省造贰毫,AU,58,1920,coindata
1211206639,广东省造贰毫,AU,58,1920,coindata
1211206641,广东省造贰毫,AU,58,1920,coindata
1211206643,广东省造贰毫,AU,58,1920,coindata
1211206645,广东省造贰毫,AU,58,1920,coindata
1211206647,广东省造贰毫,AU,58,1920,coindata
1211206649,广东省造贰毫,AU,58,1920,coindata
1211206651,广东省造贰毫,AU,58,1920,coindata
1211206653,广东省造贰毫,AU,58,1920,coindata
1211206655,广东省造贰毫,AU,58,1920,coindata
1211206657,广东省造贰毫,AU,58,1920,coindata
1211206659,广东省造贰毫,AU,58,1920,coindata
1211206661,广东省造贰毫,AU,58,1920,coindata
1211206663,广东省造贰毫,AU,58,1922,coindata
1211206665,广东省造贰毫,AU,58,1922,coindata
1211206667,广东省造贰毫,AU,58,1922,coindata
1211206669,广东省造贰毫,AU,58,1922,coindata
1211206671,广东省造贰毫,AU,58,1922,coindata
1211206673,广东省造贰毫,AU,58,1922,coindata
1211206675,广东省造贰毫,AU,58,1922,coindata
1211206677,广东省造贰毫,AU,58,1922,coindata
1211206679,广东省造贰毫,AU,58,1922,coindata
1211206681,广东省造贰毫,AU,58,1922,coindata
1211206683,广东省造贰毫,AU,58,1922,coindata
1211206685,广东省造贰毫,AU,58,1922,coindata
1211206687,广东省造贰毫,AU,58,1922,coindata
1211206689,广东省造贰毫,AU,58,1922,coindata
1211206691,广东省造贰毫,AU,58,1922,coindata
1211206693,广东省造贰毫,AU,58,1922,coindata
1211206695,广东省造贰毫,AU,58,1922,coindata
1211206697,广东省造贰毫,AU,58,1922,coindata
1211206699,广东省造贰毫,AU,58,1922,coindata
1211206701,广东省造贰毫,AU,58,1922,coindata
1211206703,广东省造贰毫,AU,58,1922,coindata
1211206705,广东省造贰毫,AU,58,1922,coindata
1211206707,广东省造贰毫,AU,58,1922,coindata
1211206709,广东省造贰毫,AU,58,1922,coindata
1211206711,广东省造贰毫,AU,58,1922,coindata
1211206713,广东省造贰毫,AU,58,1922,coindata
1211206715,广东省造贰毫,AU,58,1922,coindata
1211206717,广东省造贰毫,AU,58,1922,coindata
1211206719,广东省造贰毫,AU,58,1922,coindata
1211206721,广东省造贰毫,AU,58,1922,coindata
1211206723,广东省造贰毫,AU,58,1922,coindata
1211206725,广东省造贰毫,AU,58,1922,coindata
1211206727,广东省造贰毫,AU,58,1922,coindata
1211206729,广东省造贰毫,AU,58,1922,coindata
1211206731,广东省造贰毫,AU,58,1922,coindata
1211206941,开国纪念壹圆,AU,55,1927,coindata
1211206981,孙中山像壹圆,AU,58,1934,coindata
1211206983,孙中山像壹圆,AU,58,1934,coindata
1211206991,袁世凯像壹圆,AU,55,1921,coindata
1211206993,袁世凯像壹圆,AU,55,1914,coindata
1211207015,开国纪念壹圆,AU,55,1927,coindata
1211207025,开国纪念壹圆,AU,58,1927,coindata
1211207027,开国纪念壹圆,AU,55,1927,coindata
1211207031,开国纪念壹圆,AU,58,1927,coindata
1211207033,开国纪念壹圆,AU,55,1927,coindata
1211207153,广东省造贰毫,AU,58,1919,coindata
1211207155,广东省造贰毫,AU,58,1920,coindata
1211207157,广东省造贰毫,AU,58,1920,coindata
1211207159,广东省造贰毫,AU,58,1920,coindata
1211207161,广东省造贰毫,AU,58,1920,coindata
1211207163,广东省造贰毫,AU,58,1921,coindata
1211207165,广东省造贰毫,AU,58,1922,coindata
1211207175,袁世凯像壹圆,AU,55,1914,coindata
1211207177,袁世凯像壹圆,AU,58,1914,coindata
1211207183,袁世凯像壹圆,AU,58,1914,coindata
1211207187,袁世凯像壹圆,AU,58,1914,coindata
1211207189,袁世凯像壹圆,AU,55,1914,coindata
1211207199,云南省造半圆,AU,58,1932,coindata
1211207201,云南省造半圆,AU,58,1932,coindata
1211207203,云南省造半圆,AU,58,1932,coindata
1211207205,云南省造半圆,AU,58,1932,coindata
1211207207,云南省造半圆,AU,55,1932,coindata
1211207209,云南省造半圆,AU,55,1932,coindata
1211207245,袁世凯像壹圆,AU,58,1914,coindata
1211207381,云南省造半圆,AU,55,1911,coindata
1211207397,四川省造卢比,AU,58,1906,coindata
1211207399,四川省造卢比,AU,58,1906,coindata
1211207421,福建官局贰毫,AU,55,1912,coindata
1211207423,福建官局贰毫,AU,55,1912,coindata
1211207425,福建官局贰毫,AU,55,1912,coindata
1211207427,福建官局贰毫,AU,55,1912,coindata
1211207457,袁世凯像贰角,AU,58,1914,coindata
1211207459,袁世凯像贰角,AU,58,1914,coindata
1211207461,袁世凯像贰角,AU,58,1914,coindata
1211207463,袁世凯像贰角,AU,58,1914,coindata
1211207467,袁世凯像贰角,AU,58,1914,coindata
1211207489,广东省造一角,AU,58,1890,coindata
1211207491,广东省造一角,AU,58,1890,coindata
1211207493,广东省造一角,AU,58,1890,coindata
1211207495,广东省造一角,AU,58,1890,coindata
1211207497,广东省造一角,AU,58,1890,coindata
1211207499,广东省造一角,AU,58,1890,coindata
1211207501,广东省造一角,AU,58,1890,coindata
1211207503,广东省造一角,AU,58,1890,coindata
1211207505,广东省造一角,AU,58,1890,coindata
1211207507,广东省造一角,AU,55,1890,coindata
1211207509,广东省造一角,AU,55,1890,coindata
1211207511,广东省造一角,AU,55,1890,coindata
1211207513,广东省造一角,AU,55,1890,coindata
1211207515,广东省造一角,AU,55,1890,coindata
1211207517,广东省造一角,AU,55,1890,coindata
1211207519,广东省造一角,AU,55,1890,coindata
1211207521,广东省造一角,AU,55,1890,coindata
1211207523,湖北省造一角,AU,55,1895,coindata
1211207525,湖北省造一角,AU,55,1895,coindata
1211207549,西藏章嘎嘎布,AU,55,1912,coindata
1211207605,开国纪念壹圆,AU,58,1927,coindata
1211207637,袁世凯像壹圆,AU,58,1914,coindata
1211207647,袁世凯像壹圆,AU,55,1914,coindata
1211207683,袁世凯像壹圆,AU,55,1914,coindata
1211207887,东三省造二角,AU,58,1914,coindata
1211208047,广东省造二角,AU,55,1890,coindata
1211208129,袁世凯像壹圆,AU,55,1914,coindata
1211208149,开国纪念壹圆,AU,55,1927,coindata
1211208177,广东省造贰毫,AU,58,1920,coindata
1211208179,广东省造贰毫,AU,58,1920,coindata
1211208181,广东省造贰毫,AU,58,1920,coindata
1211208257,广东省造贰毫,AU,55,1923,coindata
1211208259,广西省造贰毫,AU,58,1927,coindata
1211208297,袁世凯像壹圆,AU,55,1920,coindata
1211208301,孙中山像壹圆,AU,55,1934,coindata
1211208333,孙中山像壹圆,AU,55,1934,coindata
1211208361,袁世凯像壹圆,AU,55,1921,coindata
1211208395,云南省造半圆,AU,55,1911,coindata
1211208397,云南省造半圆,AU,58,1911,coindata
1211208407,袁世凯像壹圆,AU,55,1921,coindata
1211208433,云南省造半圆,AU,55,1911,coindata
1211208447,孙中山像壹圆,AU,58,1934,coindata
1211208669,袁世凯像壹圆,AU,58,1914,coindata
1211208735,开国纪念壹圆,AU,55,1927,coindata
1211208739,开国纪念壹圆,AU,58,1927,coindata
1211208905,云南省造贰角,AU,58,1932,coindata
1211208979,西藏章嘎嘎布,AU,58,1912,coindata
1211208981,西藏章嘎嘎布,AU,55,1912,coindata
1211208983,西藏章嘎嘎布,AU,55,1912,coindata
1211208985,西藏章嘎嘎布,AU,55,1912,coindata
1211208987,西藏章嘎嘎布,AU,55,1912,coindata
1211208989,西藏章嘎嘎布,AU,55,1912,coindata
1211209113,孙中山像贰毫,AU,55,1929,coindata
1211209221,云南省造半圆,AU,58,1908,coindata
1211209223,云南省造半圆,AU,58,1908,coindata
1211209225,云南省造半圆,AU,58,1908,coindata
1211209227,云南省造半圆,AU,55,1908,coindata
1211209229,云南省造半圆,AU,55,1908,coindata
1211209275,云南省造半圆,AU,58,1908,coindata
1211209277,云南省造半圆,AU,58,1908,coindata
1211209279,云南省造半圆,AU,58,1908,coindata
1211209281,云南省造半圆,AU,58,1908,coindata
1211209283,云南省造半圆,AU,58,1908,coindata
1211209285,云南省造半圆,AU,58,1908,coindata
1211209287,云南省造半圆,AU,58,1908,coindata
1211209289,云南省造半圆,AU,58,1908,coindata
1211209291,云南省造半圆,AU,58,1908,coindata
1211209293,云南省造半圆,AU,58,1908,coindata
1211209295,云南省造半圆,AU,58,1908,coindata
1211209297,云南省造半圆,AU,58,1908,coindata
1211209299,云南省造半圆,AU,58,1908,coindata
1211209301,云南省造半圆,AU,58,1908,coindata
1211209303,云南省造半圆,AU,58,1908,coindata
1211209305,云南省造半圆,AU,58,1908,coindata
1211209307,云南省造半圆,AU,58,1908,coindata
1211209309,云南省造半圆,AU,58,1908,coindata
1211209311,云南省造半圆,AU,58,1908,coindata
1211209313,云南省造半圆,AU,58,1908,coindata
1211209315,云南省造半圆,AU,58,1908,coindata
1211209317,云南省造半圆,AU,58,1908,coindata
1211209319,云南省造半圆,AU,58,1908,coindata
1211209321,云南省造半圆,AU,58,1908,coindata
1211209323,云南省造半圆,AU,58,1908,coindata
1211209325,云南省造半圆,AU,58,1908,coindata
1211209327,云南省造半圆,AU,58,1908,coindata
1211209329,云南省造半圆,AU,58,1908,coindata
1211209331,云南省造半圆,AU,55,1908,coindata
1211209333,云南省造半圆,AU,55,1908,coindata
1211209335,云南省造半圆,AU,55,1908,coindata
1211209337,云南省造半圆,AU,55,1908,coindata
1211209339,云南省造半圆,AU,55,1908,coindata
1211209341,云南省造半圆,AU,55,1908,coindata
1211209343,云南省造半圆,AU,55,1908,coindata
1211209345,云南省造半圆,AU,55,1908,coindata
1211209347,云南省造半圆,AU,55,1908,coindata
1211209349,云南省造半圆,AU,55,1908,coindata
1211209351,云南省造半圆,AU,55,1908,coindata
1211209353,云南省造半圆,AU,55,1908,coindata
1211209355,云南省造半圆,AU,55,1908,coindata
1211209357,云南省造半圆,AU,55,1908,coindata
1211209359,云南省造半圆,AU,55,1908,coindata
1211209361,云南省造半圆,AU,55,1908,coindata
1211209363,云南省造半圆,AU,55,1908,coindata
1211209365,云南省造半圆,AU,55,1908,coindata
1211209367,云南省造半圆,AU,55,1908,coindata
1211209369,云南省造半圆,AU,55,1908,coindata
1211209371,云南省造半圆,AU,55,1908,coindata
1211209429,云南省造半圆,AU,55,1911,coindata
1211209595,袁世凯像贰角,AU,55,1916,coindata
1211209607,袁世凯像壹圆,AU,55,1921,coindata
1211209617,西藏银币五两,AU,55,1953,coindata
1211209671,袁世凯像壹圆,AU,55,1920,coindata
1211209679,孙中山像壹圆,AU,58,1933,coindata
1211209681,袁世凯像壹圆,AU,55,1921,coindata
1211209723,大清银币壹圆,AU,58,1911,coindata
1211209895,孙中山像壹圆,AU,58,1934,coindata
1211209945,袁世凯像壹圆,AU,58,1921,coindata
1211209997,云南省造半圆,AU,58,1932,coindata
1211301655,广东省造二角,AU,55,1890,coindata
1211301657,广东省造二角,AU,55,1890,coindata
1211301659,广东省造二角,AU,55,1890,coindata
1211301661,广东省造二角,AU,55,1890,coindata
1211301663,广东省造二角,AU,55,1890,coindata
1211301665,广东省造二角,AU,55,1890,coindata
1211301667,广东省造二角,AU,55,1890,coindata
1211301669,广东省造二角,AU,58,1890,coindata
1211301671,广东省造二角,AU,58,1890,coindata
1211301673,广东省造二角,AU,58,1890,coindata
1211301675,广东省造二角,AU,58,1890,coindata
1211301677,广东省造二角,AU,58,1890,coindata
1211301679,广东省造二角,AU,58,1890,coindata
1211301681,广东省造二角,AU,58,1890,coindata
1211301683,广东省造二角,AU,58,1890,coindata
1211301685,广东省造二角,AU,58,1890,coindata
1211301687,广东省造二角,AU,58,1890,coindata
1211301689,广东省造二角,AU,58,1890,coindata
1211301737,袁世凯像壹圆,AU,58,1914,coindata
1211301741,袁世凯像壹圆,AU,55,1914,coindata
1211301743,袁世凯像壹圆,AU,55,1914,coindata
1211301745,袁世凯像壹圆,AU,55,1914,coindata
1211301767,袁世凯像壹圆,AU,58,1914,coindata
1211301895,袁世凯像壹圆,AU,58,1921,coindata
1211301961,广东省造二角,AU,55,1909,coindata
1211301999,广东省造贰毫,AU,55,1920,coindata
1211302029,东三省造二角,AU,55,1907,coindata
1211302033,东三省造二角,AU,55,1914,coindata
1211302043,东三省造二角,AU,55,1914,coindata
1211302095,唐继尧像半圆,AU,55,1919,coindata
1211302107,广东省造贰毫,AU,58,1912,coindata
1211302171,云南省造半圆,AU,55,1911,coindata
1211302263,江南省造一圆,AU,58,1904,coindata
1211302335,袁世凯像壹圆,AU,58,1920,coindata
1211302355,云南省造贰角,AU,58,1932,coindata
1211302361,云南省造半圆,AU,55,1911,coindata
1211302397,袁世凯像壹圆,AU,58,1914,coindata
1211302933,袁世凯像壹圆,AU,55,1920,coindata
1211303019,云南省造半圆,AU,55,1932,coindata
1211303067,袁世凯像壹圆,AU,55,1921,coindata
1211303073,袁世凯像壹圆,AU,55,1920,coindata
1211303083,北洋局造一圆,AU,55,1908,coindata
1211303087,开国纪念壹圆,AU,55,1927,coindata
1211303101,开国纪念壹圆,AU,55,1927,coindata
1211303129,唐继尧像半圆,AU,58,1919,coindata
1211303169,广东省造二角,AU,55,1890,coindata
1211303171,广东省造二角,AU,55,1890,coindata
1211303173,广东省造二角,AU,55,1890,coindata
1211303175,孙中山像贰毫,AU,55,1929,coindata
1211303177,孙中山像贰毫,AU,55,1929,coindata
1211303179,孙中山像贰毫,AU,55,1929,coindata
1211303181,孙中山像贰毫,AU,55,1929,coindata
1211303183,孙中山像贰毫,AU,55,1929,coindata
1211303185,孙中山像贰毫,AU,55,1929,coindata
1211303187,孙中山像贰毫,AU,55,1929,coindata
1211303189,孙中山像贰毫,AU,55,1929,coindata
1211303191,孙中山像贰毫,AU,55,1929,coindata
1211303193,孙中山像贰毫,AU,55,1929,coindata
1211303195,孙中山像贰毫,AU,55,1929,coindata
1211303197,孙中山像贰毫,AU,55,1929,coindata
1211303199,孙中山像贰毫,AU,58,1929,coindata
1211303201,孙中山像贰毫,AU,58,1929,coindata
1211303203,广东省造二角,AU,58,1890,coindata
1211303217,袁世凯像壹圆,AU,55,1914,coindata
1211303289,开国纪念壹圆,AU,55,1927,coindata
1211303301,孙中山像壹圆,AU,55,1934,coindata
1211303303,袁世凯像壹圆,AU,58,1914,coindata
1211303361,袁世凯像壹圆,AU,58,1914,coindata
1211303947,云南省造半圆,AU,58,1911,coindata
1211303951,云南省造半圆,AU,58,1911,coindata
1211303959,云南省造半圆,AU,58,1911,coindata
1211303961,云南省造半圆,AU,55,1911,coindata
1211303965,云南省造半圆,AU,58,1911,coindata
1211303973,云南省造贰角,AU,58,1932,coindata
1211304025,云南省造贰角,AU,55,1932,coindata
1211304059,云南省造半圆,AU,55,1932,coindata
1211304061,云南省造半圆,AU,55,1932,coindata
1211304063,云南省造半圆,AU,55,1932,coindata
1211304065,云南省造半圆,AU,55,1932,coindata
1211304067,云南省造半圆,AU,55,1932,coindata
1211304069,云南省造半圆,AU,55,1932,coindata
1211304071,云南省造半圆,AU,55,1932,coindata
1211304073,云南省造半圆,AU,55,1932,coindata
1211304075,云南省造半圆,AU,55,1932,coindata
1211304077,云南省造半圆,AU,55,1932,coindata
1211304079,云南省造半圆,AU,55,1932,coindata
1211304081,云南省造半圆,AU,58,1932,coindata
1211304083,云南省造半圆,AU,58,1932,coindata
1211304085,云南省造半圆,AU,58,1932,coindata
1211304087,云南省造半圆,AU,58,1932,coindata
1211304129,孙中山像贰毫,MS,60,1929,coindata
1211304143,袁世凯像壹圆,AU,58,1914,coindata
1211304149,开国纪念壹圆,AU,55,1927,coindata
1211304173,孙中山像壹圆,AU,55,1933,coindata
1211304175,孙中山像壹圆,AU,55,1933,coindata
1211304199,袁世凯像壹圆,AU,55,1921,coindata
1211304211,袁世凯像壹圆,AU,55,1921,coindata
1211304469,云南省造半圆,AU,55,1911,coindata
1211304471,云南省造半圆,AU,58,1911,coindata
1211304477,云南省造半圆,AU,58,1911,coindata
1211304489,云南省造半圆,AU,55,1911,coindata
1211304497,云南省造半圆,AU,58,1911,coindata
1211304501,云南省造半圆,AU,55,1932,coindata
1211304503,云南省造半圆,AU,55,1932,coindata
1211304505,云南省造半圆,AU,55,1932,coindata
1211304507,云南省造半圆,AU,58,1932,coindata
1211304509,云南省造半圆,AU,58,1932,coindata
1211304513,云南省造半圆,AU,58,1932,coindata
1211304517,云南省造半圆,AU,58,1932,coindata
1211304525,云南省造半圆,AU,58,1932,coindata
1211304527,唐继尧像半圆,AU,58,1919,coindata
1211304529,云南省造贰角,AU,58,1949,coindata
1211304531,云南省造贰角,AU,55,1949,coindata
1211304615,广东省造贰毫,AU,55,1922,coindata
1211304623,孙中山像壹圆,AU,55,1934,coindata
1211304661,袁世凯像壹圆,AU,55,1920,coindata
1211304663,袁世凯像壹圆,AU,55,1920,coindata
1211304665,袁世凯像壹圆,AU,55,1920,coindata
1211304681,袁世凯像壹圆,AU,55,1920,coindata
1211304753,云南省造贰角,AU,55,1932,coindata
1211304755,云南省造贰角,AU,58,1932,coindata
1211304769,云南省造半圆,AU,55,1911,coindata
1211304773,云南省造半圆,AU,55,1911,coindata
1211304775,云南省造半圆,AU,58,1911,coindata
1211304793,云南省造半圆,AU,58,1911,coindata
1211304795,云南省造半圆,AU,58,1911,coindata
1211304941,孙中山像壹圆,AU,55,1934,coindata
1211304943,孙中山像壹圆,AU,58,1934,coindata
1211304953,袁世凯像壹圆,AU,58,1914,coindata
1211304955,袁世凯像壹圆,AU,55,1914,coindata
1211304957,袁世凯像壹圆,AU,58,1914,coindata
1211304973,四川银币五角,AU,55,1912,coindata
1211304989,袁世凯像壹圆,AU,55,1914,coindata
1211305087,袁世凯像壹圆,AU,55,1914,coindata
1211305135,云南省造半圆,AU,58,1911,coindata
1211305169,孙中山像壹圆,AU,55,1934,coindata
1211305175,袁世凯像壹圆,AU,55,1914,coindata
1211305297,云南省造半圆,AU,58,1932,coindata
1211305299,云南省造半圆,AU,55,1932,coindata
1211305301,云南省造半圆,AU,55,1932,coindata
1211305339,云南省造半圆,AU,55,1911,coindata
1211305343,云南省造半圆,AU,58,1911,coindata
1211305351,云南省造半圆,AU,55,1911,coindata
1211305353,云南省造半圆,AU,55,1911,coindata
1211305357,云南省造半圆,AU,58,1911,coindata
1211305383,袁世凯像壹圆,AU,55,1914,coindata
1211305557,云南省造半圆,AU,55,1911,coindata
1211305655,广东省造贰毫,AU,55,1924,coindata
1211305659,广东省造贰毫,MS,60,1914,coindata
1211305759,袁世凯像壹圆,AU,58,1921,coindata
1211305767,袁世凯像壹圆,AU,55,1914,coindata
1211305769,袁世凯像壹圆,AU,58,1914,coindata
1211305863,孙中山像壹圆,AU,58,1934,coindata
1211306159,袁世凯像贰角,AU,58,1914,coindata
1211306165,西藏银币三两,AU,58,1937,coindata
1211306171,袁世凯像壹圆,AU,58,1914,coindata
1211306191,孙中山像壹圆,AU,58,1933,coindata
1211306217,开国纪念壹圆,AU,58,1927,coindata
1211306305,开国纪念壹圆,AU,55,1927,coindata
1211306309,开国纪念壹圆,AU,55,1927,coindata
1211306421,福建省造二角,AU,58,1923,coindata
1211306425,孙中山像贰毫,AU,55,1929,coindata
1211306427,孙中山像贰毫,AU,58,1929,coindata
1211306431,孙中山像贰毫,AU,55,1929,coindata
1211306433,孙中山像贰毫,AU,58,1929,coindata
1211306439,孙中山像贰毫,AU,58,1929,coindata
1211306441,孙中山像贰毫,AU,58,1929,coindata
1211306443,孙中山像贰毫,AU,58,1929,coindata
1211306447,孙中山像贰毫,AU,58,1929,coindata
1211306453,孙中山像贰毫,AU,55,1929,coindata
1211306461,孙中山像贰毫,AU,58,1929,coindata
1211306463,孙中山像贰毫,AU,55,1929,coindata
1211306465,孙中山像贰毫,AU,58,1929,coindata
1211306467,孙中山像贰毫,AU,58,1929,coindata
1211306471,孙中山像贰毫,AU,58,1929,coindata
1211306481,云南省造一圆,AU,58,1908,coindata
1211306495,东三省造二角,AU,55,1914,coindata
1211306531,袁世凯像壹圆,AU,55,1914,coindata
1211306533,袁世凯像壹圆,AU,55,1914,coindata
1211306539,袁世凯像壹圆,AU,58,1914,coindata
1211306585,云南省造半圆,AU,58,1911,coindata
1211306637,袁世凯像壹圆,AU,55,1921,coindata
1211306653,袁世凯像壹圆,AU,55,1914,coindata
1211306669,开国纪念壹圆,AU,55,1927,coindata
1211306701,袁世凯像壹圆,AU,58,1914,coindata
1211306747,开国纪念壹圆,AU,58,1927,coindata
1211306795,开国纪念壹圆,AU,55,1927,coindata
1211306801,袁世凯像壹圆,AU,58,1914,coindata
1211306815,云南省造半圆,AU,55,1932,coindata
1211306817,云南省造半圆,AU,55,1932,coindata
1211306819,云南省造半圆,AU,55,1932,coindata
1211306821,云南省造半圆,AU,55,1932,coindata
1211306823,云南省造半圆,AU,55,1932,coindata
1211306825,云南省造半圆,AU,55,1932,coindata
1211306827,云南省造半圆,AU,55,1932,coindata
1211306829,云南省造半圆,AU,55,1932,coindata
1211306831,云南省造半圆,AU,55,1932,coindata
1211306833,云南省造半圆,AU,55,1932,coindata
1211306835,云南省造半圆,AU,55,1932,coindata
1211306837,云南省造半圆,AU,55,1932,coindata
1211306839,云南省造半圆,AU,55,1932,coindata
1211306841,云南省造半圆,AU,55,1932,coindata
1211306843,云南省造半圆,AU,55,1932,coindata
1211306845,云南省造半圆,AU,55,1932,coindata
1211306847,云南省造半圆,AU,58,1932,coindata
1211306849,云南省造半圆,AU,58,1932,coindata
1211306851,云南省造半圆,AU,58,1932,coindata
1211306853,云南省造半圆,AU,58,1932,coindata
1211306855,云南省造半圆,AU,58,1932,coindata
1211307109,东三省造二角,AU,58,1912,coindata
1211307153,袁世凯像壹圆,AU,58,1914,coindata
1211307157,开国纪念壹圆,AU,55,1927,coindata
1211307163,袁世凯像壹圆,AU,58,1920,coindata
1211307165,袁世凯像壹圆,AU,55,1920,coindata
1211307265,袁世凯像壹圆,AU,55,1920,coindata
1211307297,袁世凯像壹圆,AU,55,1921,coindata
1211307369,袁世凯像壹圆,AU,55,1914,coindata
1211307411,袁世凯像壹圆,MS,60,1914,coindata
1211307415,袁世凯像壹圆,AU,55,1920,coindata
1211307435,孙中山像壹圆,AU,55,1934,coindata
1211307517,云南省造半圆,AU,55,1911,coindata
1211307519,云南省造半圆,AU,55,1911,coindata
1211307521,云南省造半圆,AU,55,1911,coindata
1211307523,云南省造半圆,AU,55,1911,coindata
1211307525,云南省造半圆,AU,55,1911,coindata
1211307527,云南省造半圆,AU,55,1911,coindata
1211307529,云南省造半圆,AU,55,1911,coindata
1211307531,云南省造半圆,AU,55,1911,coindata
1211307533,云南省造半圆,AU,55,1911,coindata
1211307535,云南省造半圆,AU,55,1911,coindata
1211307537,云南省造半圆,AU,55,1911,coindata
1211307539,云南省造半圆,AU,55,1911,coindata
1211307541,云南省造半圆,AU,55,1911,coindata
1211307543,云南省造半圆,AU,55,1911,coindata
1211307545,云南省造半圆,AU,55,1911,coindata
1211307867,富字一两正银,AU,55,1943,coindata
1211307913,袁世凯像壹圆,AU,55,1920,coindata
1211307921,袁世凯像壹圆,AU,58,1914,coindata
1211307943,袁世凯像壹圆,AU,58,1920,coindata
1211307971,孙中山像伍角,AU,55,1949,coindata
1211307973,孙中山像伍角,MS,60,1949,coindata
1211307975,孙中山像伍角,MS,60,1949,coindata
1211307977,孙中山像伍角,MS,60,1949,coindata
1211307979,孙中山像伍角,MS,60,1949,coindata
1211307993,广东省造壹毫,AU,58,1913,coindata
1211308005,开国纪念壹圆,AU,58,1912,coindata
1211308009,开国纪念壹圆,AU,58,1912,coindata
1211308013,袁世凯像壹圆,AU,58,1920,coindata
1211308017,孙中山像壹圆,AU,55,1934,coindata
1211308019,孙中山像壹圆,AU,58,1934,coindata
1211308021,孙中山像壹圆,AU,58,1934,coindata
1211308095,开国纪念壹圆,AU,58,1927,coindata
1211308295,袁世凯像壹圆,AU,58,1921,coindata
1211308297,袁世凯像壹圆,AU,58,1921,coindata
1211308299,袁世凯像壹圆,AU,58,1914,coindata
1211308301,袁世凯像壹圆,AU,58,1914,coindata
1211308303,孙中山像壹圆,AU,58,1934,coindata
1211308305,袁世凯像壹圆,AU,55,1914,coindata
1211308307,袁世凯像壹圆,AU,55,1914,coindata
1211308309,袁世凯像壹圆,AU,55,1914,coindata
1211308311,袁世凯像壹圆,AU,55,1914,coindata
1211308313,袁世凯像壹圆,AU,55,1914,coindata
1211308315,袁世凯像壹圆,AU,55,1914,coindata
1211308317,袁世凯像壹圆,AU,55,1914,coindata
1211308319,袁世凯像壹圆,AU,55,1921,coindata
1211308321,孙中山像壹圆,AU,55,1934,coindata
1211308323,孙中山像壹圆,AU,55,1934,coindata
1211308325,孙中山像壹圆,AU,55,1934,coindata
1211308327,孙中山像壹圆,AU,55,1934,coindata
1211308385,袁世凯像壹圆,AU,55,1914,coindata
1211308407,袁世凯像壹圆,AU,55,1920,coindata
1211308409,袁世凯像壹圆,AU,55,1921,coindata
1211308413,袁世凯像壹圆,AU,58,1921,coindata
1211308415,袁世凯像壹圆,AU,58,1921,coindata
1211308627,东三省造二角,AU,55,1912,coindata
1211308631,东三省造二角,AU,55,1912,coindata
1211308635,云南省造贰角,AU,55,1932,coindata
1211308641,广东省造二角,AU,58,1890,coindata
1211308649,云南省造半圆,AU,55,1911,coindata
1211308669,云南省造半圆,AU,55,1911,coindata
1211308675,云南省造半圆,AU,55,1911,coindata
1211308677,云南省造半圆,AU,55,1911,coindata
1211308679,云南省造半圆,AU,55,1911,coindata
1211308687,云南省造半圆,MS,60,1911,coindata
1211308689,云南省造半圆,AU,58,1911,coindata
1211308691,云南省造半圆,AU,55,1911,coindata
1211308695,云南省造半圆,AU,55,1911,coindata
1211308697,云南省造半圆,AU,58,1911,coindata
1211308699,云南省造半圆,AU,55,1911,coindata
1211308715,云南省造半圆,AU,55,1911,coindata
1211308717,云南省造半圆,AU,58,1911,coindata
1211309063,开国纪念壹圆,AU,55,1927,coindata
1211309065,开国纪念壹圆,AU,55,1927,coindata
1211309067,开国纪念壹圆,AU,55,1927,coindata
1211309069,开国纪念壹圆,AU,55,1927,coindata
1211309071,开国纪念壹圆,AU,55,1927,coindata
1211309073,开国纪念壹圆,AU,55,1927,coindata
1211309075,开国纪念壹圆,AU,55,1927,coindata
1211309077,开国纪念壹圆,AU,55,1927,coindata
1211309079,开国纪念壹圆,AU,55,1927,coindata
1211309081,开国纪念壹圆,AU,55,1927,coindata
1211309083,开国纪念壹圆,AU,55,1927,coindata
1211309423,广东省造贰毫,AU,55,1921,coindata
1211309427,广东省造贰毫,AU,58,1920,coindata
1211309429,广东省造贰毫,AU,55,1920,coindata
1211309697,孙中山像贰毫,AU,58,1929,coindata
1211309699,孙中山像贰毫,AU,58,1929,coindata
1211309701,孙中山像贰毫,AU,58,1929,coindata
1211309703,孙中山像贰毫,AU,58,1929,coindata
1211309705,孙中山像贰毫,AU,58,1929,coindata
1211309707,孙中山像贰毫,AU,58,1929,coindata
1211309709,孙中山像贰毫,AU,58,1929,coindata
1211309711,孙中山像贰毫,AU,58,1929,coindata
1211309713,孙中山像贰毫,AU,58,1929,coindata
1211309715,孙中山像贰毫,AU,58,1929,coindata
1211309745,云南省造贰角,AU,55,1932,coindata
1211309749,云南省造贰角,AU,58,1932,coindata
1211309751,云南省造贰角,AU,55,1932,coindata
1211309759,云南省造贰角,AU,55,1932,coindata
1211309769,云南省造贰角,AU,55,1932,coindata
1211309781,开国纪念壹圆,AU,55,1927,coindata
1211309825,袁世凯像壹圆,AU,55,1914,coindata
1211309843,孙中山像壹圆,AU,55,1934,coindata
1211309857,袁世凯像壹圆,AU,55,1921,coindata
1211309863,袁世凯像壹圆,AU,55,1914,coindata
1211309865,袁世凯像壹圆,AU,58,1914,coindata
1211401629,东三省造二角,AU,55,1914,coindata
1211401639,东三省造二角,AU,58,1914,coindata
1211401649,广东省造二角,AU,55,1890,coindata
1211401655,东三省造二角,AU,58,1914,coindata
1211401675,东三省造二角,AU,55,1909,coindata
1211401693,湖北省造一角,AU,55,1895,coindata
1211401695,东三省造二角,AU,55,1912,coindata
1211401699,东三省造二角,AU,58,1912,coindata
1211401719,孙中山像壹圆,AU,55,1934,coindata
1211401789,开国纪念壹圆,AU,58,1927,coindata
1211401843,开国纪念壹圆,AU,55,1927,coindata
1211401867,开国纪念壹圆,AU,55,1927,coindata
1211401879,开国纪念壹圆,AU,55,1927,coindata
1211401923,孙中山像壹圆,AU,58,1933,coindata
1211401935,西藏银币十两,AU,55,1948,coindata
1211401945,西藏章嘎嘎布,AU,55,1912,coindata
1211402087,吉林省造半圆,AU,58,1902,coindata
1211402227,开国纪念壹圆,AU,58,1927,coindata
1211402251,福建中华二角,AU,55,1923,coindata
1211402281,开国纪念壹圆,AU,58,1927,coindata
1211402337,孙中山像壹圆,AU,55,1933,coindata
1211402341,袁世凯像壹圆,AU,55,1914,coindata
1211402363,孙中山像壹圆,AU,55,1934,coindata
1211402369,云南省造半圆,AU,55,1911,coindata
1211402455,袁世凯像壹圆,AU,55,1914,coindata
1211402471,袁世凯像壹圆,AU,55,1920,coindata
1211402555,袁世凯像壹圆,AU,58,1921,coindata
1211402593,袁世凯像壹圆,AU,55,1914,coindata
1211402621,云南省造二角,AU,58,1911,coindata
1211402701,袁世凯像壹圆,AU,55,1914,coindata
1211402753,孙中山像壹圆,AU,55,1934,coindata
1211402773,广东省造贰毫,AU,58,1922,coindata
1211402967,袁世凯像壹圆,AU,55,1914,coindata
1211402971,袁世凯像壹圆,AU,55,1921,coindata
1211403883,袁世凯像壹圆,AU,55,1914,coindata
1211403991,广东省造二角,AU,58,1890,coindata
1211404101,开国纪念壹圆,AU,58,1927,coindata
1211404195,袁世凯像壹圆,AU,58,1914,coindata
1211404197,袁世凯像壹圆,AU,58,1914,coindata
1211404199,袁世凯像壹圆,AU,58,1914,coindata
1211404201,袁世凯像壹圆,AU,58,1914,coindata
1211404203,袁世凯像壹圆,AU,58,1914,coindata
1211404205,袁世凯像壹圆,AU,55,1914,coindata
1211404209,袁世凯像壹圆,AU,58,1914,coindata
1211404213,袁世凯像壹圆,AU,58,1914,coindata
1211404223,袁世凯像壹圆,AU,55,1914,coindata
1211404225,袁世凯像壹圆,AU,58,1914,coindata
1211404229,袁世凯像壹圆,AU,55,1914,coindata
1211404235,袁世凯像壹圆,AU,55,1914,coindata
1211404243,袁世凯像壹圆,AU,55,1914,coindata
1211404263,袁世凯像壹圆,AU,58,1914,coindata
1211404389,开国纪念壹圆,AU,58,1927,coindata
1211404411,开国纪念壹圆,AU,58,1927,coindata
1211404447,广东省造贰毫,AU,55,1920,coindata
1211404513,袁世凯像壹圆,AU,55,1920,coindata
1211404605,云南省造半圆,AU,55,1911,coindata
1211404607,云南省造半圆,AU,55,1911,coindata
1211404699,孙中山像壹圆,AU,58,1934,coindata
1211404707,云南省造半圆,AU,55,1932,coindata
1211404743,西藏章嘎嘎布,AU,55,1912,coindata
1211404745,西藏章嘎嘎布,AU,55,1912,coindata
1211404747,西藏章嘎嘎布,AU,55,1912,coindata
1211404749,西藏章嘎嘎布,AU,55,1912,coindata
1211404751,西藏章嘎嘎布,AU,55,1912,coindata
1211404753,西藏章嘎嘎布,AU,55,1912,coindata
1211404755,西藏章嘎嘎布,AU,55,1912,coindata
1211404757,西藏章嘎嘎布,AU,58,1912,coindata
1211404759,西藏章嘎嘎布,AU,58,1912,coindata
1211404761,西藏章嘎嘎布,AU,58,1912,coindata
1211404763,西藏章嘎嘎布,AU,58,1912,coindata
1211404765,西藏章嘎嘎布,AU,58,1912,coindata
1211404767,西藏章嘎嘎布,AU,58,1912,coindata
1211404769,西藏章嘎嘎布,AU,58,1912,coindata
1211404771,西藏章嘎嘎布,AU,58,1912,coindata
1211404773,西藏章嘎嘎布,AU,58,1912,coindata
1211404775,西藏章嘎嘎布,AU,58,1912,coindata
1211404777,西藏章嘎嘎布,AU,58,1912,coindata
1211404829,袁世凯像壹圆,AU,58,1921,coindata
1211404839,袁世凯像壹圆,AU,58,1921,coindata
1211404841,袁世凯像壹圆,AU,58,1921,coindata
1211404849,袁世凯像壹圆,AU,58,1921,coindata
1211404851,袁世凯像壹圆,AU,58,1921,coindata
1211404867,袁世凯像壹圆,AU,58,1914,coindata
1211404869,袁世凯像壹圆,AU,58,1914,coindata
1211404871,袁世凯像壹圆,AU,55,1914,coindata
1211404883,袁世凯像壹圆,AU,58,1914,coindata
1211404885,袁世凯像壹圆,AU,58,1914,coindata
1211404887,袁世凯像壹圆,AU,58,1914,coindata
1211404889,袁世凯像壹圆,AU,58,1914,coindata
1211404891,袁世凯像壹圆,AU,58,1914,coindata
1211404893,袁世凯像壹圆,AU,58,1914,coindata
1211404901,袁世凯像壹圆,AU,55,1914,coindata
1211404905,袁世凯像壹圆,AU,55,1914,coindata
1211404907,袁世凯像壹圆,AU,55,1914,coindata
1211404909,袁世凯像壹圆,AU,55,1914,coindata
1211404911,袁世凯像壹圆,AU,55,1914,coindata
1211404913,袁世凯像壹圆,AU,55,1914,coindata
1211404915,袁世凯像壹圆,AU,55,1914,coindata
1211404917,袁世凯像壹圆,AU,55,1914,coindata
1211404919,袁世凯像壹圆,AU,55,1914,coindata
1211404921,袁世凯像壹圆,AU,55,1914,coindata
1211404923,袁世凯像壹圆,AU,55,1914,coindata
1211404925,袁世凯像壹圆,AU,55,1914,coindata
1211404927,袁世凯像壹圆,AU,55,1914,coindata
1211404959,袁世凯像壹圆,AU,58,1914,coindata
1211404963,孙中山像壹圆,AU,58,1934,coindata
1211404967,孙中山像壹圆,AU,58,1934,coindata
1211404971,袁世凯像壹圆,AU,58,1920,coindata
1211405037,孙中山像壹圆,AU,55,1933,coindata
1211405129,开国纪念壹圆,AU,55,1927,coindata
1211405133,开国纪念壹圆,AU,58,1927,coindata
1211405143,开国纪念壹圆,AU,55,1927,coindata
1211405145,开国纪念壹圆,AU,55,1927,coindata
1211405153,袁世凯像壹圆,AU,55,1920,coindata
1211405159,孙中山像壹圆,AU,55,1934,coindata
1211405161,孙中山像壹圆,AU,58,1934,coindata
1211405217,西藏章嘎嘎布,AU,55,1912,coindata
1211405219,西藏章嘎嘎布,AU,55,1912,coindata
1211405221,西藏章嘎嘎布,AU,58,1912,coindata
1211405259,孙中山像壹圆,AU,55,1934,coindata
1211405299,云南省造半圆,AU,58,1908,coindata
1211405305,云南省造半圆,AU,58,1908,coindata
1211405307,云南省造半圆,AU,58,1908,coindata
1211405309,云南省造半圆,AU,58,1908,coindata
1211405327,袁世凯像壹圆,AU,58,1914,coindata
1211405335,袁世凯像壹圆,AU,55,1914,coindata
1211405403,开国纪念壹圆,AU,58,1912,coindata
1211405465,新疆迪化壹两,AU,55,1918,coindata
1211405479,开国纪念壹圆,AU,55,1927,coindata
1211405543,袁世凯像壹圆,AU,55,1914,coindata
1211405575,湖北省造一圆,AU,55,1909,coindata
1211405623,北洋局造一圆,AU,55,1908,coindata
1211405691,云南省造半圆,AU,58,1932,coindata
1211405693,云南省造半圆,AU,55,1932,coindata
1211405699,西藏银币三两,AU,58,1937,coindata
1211405701,西藏银币三两,AU,55,1936,coindata
1211405703,西藏银币三两,AU,55,1937,coindata
1211405761,西藏银币一两五钱,AU,55,1938,coindata
1211405809,云南省造半圆,AU,55,1932,coindata
1211405811,广东省造二角,AU,58,1890,coindata
1211405813,广东省造二角,AU,58,1890,coindata
1211405847,大清银币壹圆,AU,55,1911,coindata
1211405851,吉林省造二角,AU,58,1903,coindata
1211405853,袁世凯像壹圆,AU,58,1920,coindata
1211405855,云南省造贰角,AU,55,1949,coindata
1211405857,孙中山像壹圆,AU,55,1933,coindata
1211405865,袁世凯像壹圆,AU,55,1914,coindata
1211405933,袁世凯像壹圆,AU,55,1914,coindata
1211405935,袁世凯像壹圆,AU,55,1914,coindata
1211405937,袁世凯像壹圆,AU,58,1914,coindata
1211405955,袁世凯像壹圆,AU,58,1921,coindata
1211405981,袁世凯像壹圆,AU,55,1921,coindata
1211406001,开国纪念壹圆,AU,55,1927,coindata
1211406009,孙中山像壹圆,AU,55,1934,coindata
1211406067,西藏章嘎嘎布,AU,58,1912,coindata
1211406071,云南省造半圆,AU,55,1911,coindata
1211406081,西藏银币一两五钱,AU,58,1937,coindata
1211406091,孙中山像壹圆,AU,55,1934,coindata
1211406115,云南省造半圆,AU,58,1911,coindata
1211406129,孙中山像壹圆,AU,55,1934,coindata
1211406131,孙中山像壹圆,AU,55,1934,coindata
1211406135,孙中山像壹圆,AU,55,1934,coindata
1211406137,孙中山像壹圆,AU,55,1934,coindata
1211406143,孙中山像壹圆,AU,55,1934,coindata
1211406145,孙中山像壹圆,AU,55,1934,coindata
1211406151,开国纪念壹圆,AU,58,1927,coindata
1211406153,开国纪念壹圆,AU,55,1927,coindata
1211406155,开国纪念壹圆,AU,55,1927,coindata
1211406159,开国纪念壹圆,AU,55,1927,coindata
1211406221,开国纪念壹圆,MS,60,1912,coindata
1211406255,孙中山像壹圆,AU,58,1934,coindata
1211406289,云南省造贰角,AU,55,1932,coindata
1211406337,袁世凯像壹圆,AU,55,1920,coindata
1211406339,袁世凯像壹圆,AU,58,1914,coindata
1211406351,袁世凯像壹圆,AU,55,1914,coindata
1211406427,东三省造二角,AU,58,1912,coindata
1211406429,东三省造二角,AU,58,1914,coindata
1211406455,孙中山像壹圆,AU,58,1934,coindata
1211406457,孙中山像伍角,AU,58,1949,coindata
1211406461,袁世凯像壹圆,AU,58,1914,coindata
1211406463,开国纪念壹圆,AU,55,1927,coindata
1211406489,大清银币壹圆,AU,55,1911,coindata
1211406529,广东省造二角,AU,55,1890,coindata
1211406535,袁世凯像壹圆,AU,55,1914,coindata
1211406583,开国纪念壹圆,AU,55,1927,coindata
1211406669,云南省造半圆,AU,55,1911,coindata
1211406677,孙中山像壹圆,AU,55,1934,coindata
1211406683,孙中山像贰毫,AU,55,1929,coindata
1211406733,广东省造贰毫,AU,55,1929,coindata
1211406775,袁世凯像壹圆,AU,55,1920,coindata
1211406861,孙中山像壹圆,AU,58,1933,coindata
1211407103,云南省造半圆,AU,55,1932,coindata
1211407127,孙中山像壹圆,AU,55,1933,coindata
1211407199,袁世凯像壹圆,AU,55,1921,coindata
1211407201,袁世凯像壹圆,AU,55,1920,coindata
1211407239,孙中山像贰毫,AU,55,1929,coindata
1211407241,孙中山像贰毫,AU,58,1929,coindata
1211407247,孙中山像贰毫,AU,55,1929,coindata
1211407279,孙中山像壹圆,AU,55,1934,coindata
1211407347,孙中山像伍角,AU,55,1949,coindata
1211407357,西藏章嘎嘎布,AU,58,1912,coindata
1211407509,唐继尧像半圆,AU,55,1919,coindata
1211407515,西藏银币一两五钱,AU,55,1936,coindata
1211407557,孙中山像壹毫,AU,58,1929,coindata
1211407583,孙中山像壹圆,AU,55,1933,coindata
1211407605,西藏银币一两五钱,AU,55,1936,coindata
1211407641,孙中山像伍角,AU,58,1949,coindata
1211407643,孙中山像伍角,AU,58,1949,coindata
1211407645,孙中山像伍角,AU,58,1949,coindata
1211407647,孙中山像伍角,AU,58,1949,coindata
1211407649,孙中山像伍角,AU,58,1949,coindata
1211407651,孙中山像伍角,AU,58,1949,coindata
1211407653,孙中山像伍角,AU,58,1949,coindata
1211407675,孙中山像伍角,AU,55,1949,coindata
1211407689,孙中山像伍角,AU,58,1949,coindata
1211407753,孙中山像伍角,AU,58,1949,coindata
1211407761,孙中山像伍角,AU,58,1949,coindata
1211407771,孙中山像伍角,AU,58,1949,coindata
1211407895,云南省造半圆,AU,58,1932,coindata
1211407897,云南省造半圆,AU,58,1932,coindata
1211407899,云南省造半圆,AU,58,1932,coindata
1211407901,云南省造半圆,AU,58,1932,coindata
1211407903,云南省造半圆,AU,58,1932,coindata
1211407905,云南省造半圆,AU,58,1932,coindata
1211407907,云南省造半圆,AU,58,1932,coindata
1211407909,云南省造半圆,AU,58,1932,coindata
1211407911,云南省造半圆,AU,58,1932,coindata
1211407913,云南省造半圆,AU,58,1932,coindata
1211407915,云南省造半圆,AU,58,1932,coindata
1211407917,云南省造半圆,AU,58,1932,coindata
1211407919,云南省造半圆,AU,58,1932,coindata
1211407921,云南省造半圆,AU,55,1932,coindata
1211407923,云南省造半圆,AU,55,1932,coindata
1211407925,云南省造半圆,AU,55,1932,coindata
1211407927,云南省造半圆,AU,55,1932,coindata
1211407929,云南省造半圆,AU,55,1932,coindata
1211407931,云南省造半圆,AU,55,1932,coindata
1211407933,云南省造半圆,AU,55,1932,coindata
1211407949,西藏银币十两,AU,58,1950,coindata
1211407961,西藏银币十两,AU,58,1948,coindata
1211407963,西藏银币十两,AU,58,1950,coindata
1211407965,西藏银币十两,AU,58,1952,coindata
1211407995,袁世凯像壹圆,AU,58,1920,coindata
1211408005,袁世凯像贰角,AU,58,1916,coindata
1211408015,福建中华二角,AU,55,1923,coindata
1211408041,袁世凯像壹圆,AU,55,1920,coindata
1211408045,袁世凯像壹圆,AU,58,1920,coindata
1211408047,袁世凯像壹圆,AU,55,1921,coindata
1211408049,袁世凯像壹圆,AU,55,1921,coindata
1211408141,袁世凯像壹圆,AU,55,1920,coindata
1211408163,孙中山像壹圆,AU,58,1934,coindata
1211408201,袁世凯像壹圆,AU,58,1914,coindata
1211408237,孙中山像贰毫,AU,55,1929,coindata
1211408399,云南省造半圆,AU,58,1911,coindata
1211408483,云南省造贰角,AU,55,1949,coindata
1211408521,袁世凯像壹圆,AU,55,1914,coindata
1211408525,袁世凯像壹圆,AU,55,1914,coindata
1211408549,袁世凯像壹圆,AU,55,1920,coindata
1211408639,云南省造半圆,AU,55,1911,coindata
1211408641,云南省造半圆,AU,58,1911,coindata
1211408667,云南省造半圆,AU,58,1911,coindata
1211408683,云南省造半圆,AU,55,1911,coindata
1211408685,云南省造半圆,AU,55,1911,coindata
1211408917,孙中山像伍角,AU,58,1949,coindata
1211408919,广西省造贰毫,AU,55,1927,coindata
1211408925,袁世凯像壹圆,AU,55,1914,coindata
1211408969,东三省造二角,AU,58,1912,coindata
1211408991,袁世凯像壹圆,AU,55,1920,coindata
1211409175,孙中山像壹圆,AU,55,1933,coindata
1211409309,袁世凯像壹圆,AU,55,1914,coindata
1211409317,袁世凯像壹圆,AU,55,1919,coindata
1211409325,湖北省造一圆,AU,58,1895,coindata
1211409357,云南省造半圆,AU,55,1911,coindata
1211409371,孙中山像壹圆,AU,58,1934,coindata
1211409373,开国纪念壹圆,AU,58,1927,coindata
1211409385,云南省造半圆,AU,58,1911,coindata
1211409395,开国纪念壹圆,AU,55,1927,coindata
1211409397,开国纪念壹圆,AU,58,1927,coindata
1211409401,开国纪念壹圆,AU,55,1927,coindata
1211409413,东三省造二角,AU,58,1909,coindata
1211409465,孙中山像壹圆,AU,55,1934,coindata
1211409493,唐继尧像半圆,MS,60,1919,coindata
1211409511,孙中山像壹圆,AU,58,1934,coindata
1211409515,袁世凯像壹圆,AU,55,1914,coindata
1211409617,孙中山像壹圆,AU,58,1934,coindata
1211409619,孙中山像壹圆,AU,58,1934,coindata
1211409621,孙中山像壹圆,AU,55,1934,coindata
1211409625,孙中山像壹圆,AU,55,1934,coindata
1211409655,孙中山像壹圆,AU,55,1933,coindata
1211409705,袁世凯像壹圆,AU,55,1914,coindata
1211409707,袁世凯像壹圆,AU,55,1914,coindata
1211409709,袁世凯像壹圆,AU,55,1914,coindata
1211409711,袁世凯像壹圆,AU,55,1921,coindata
1211409713,袁世凯像壹圆,AU,55,1921,coindata
1211409743,袁世凯像壹圆,AU,55,1921,coindata
1211409745,袁世凯像壹圆,AU,55,1921,coindata
1211409763,袁世凯像壹圆,AU,58,1914,coindata
1211409765,袁世凯像壹圆,AU,55,1914,coindata
1211409769,袁世凯像壹圆,AU,55,1914,coindata
1211409771,袁世凯像壹圆,AU,55,1914,coindata
1211409781,云南省造贰角,AU,58,1949,coindata
1211409789,孙中山像伍角,AU,55,1949,coindata
1211409791,孙中山像伍角,AU,58,1949,coindata
1211409793,孙中山像伍角,AU,58,1949,coindata
1211409795,孙中山像伍角,AU,58,1949,coindata
1211409797,孙中山像伍角,AU,58,1949,coindata
1211501665,云南省造半圆,AU,55,1911,coindata
1211501667,云南省造半圆,AU,58,1911,coindata
1211501899,广东省造贰毫,AU,55,1919,coindata
1211501901,广东省造贰毫,AU,55,1921,coindata
1211501919,云南省造半圆,AU,55,1932,coindata
1211501921,云南省造半圆,AU,55,1911,coindata
1211501939,孙中山像壹圆,AU,58,1934,coindata
1211502005,广东省造二角,AU,58,1890,coindata
1211502047,袁世凯像壹圆,AU,55,1919,coindata
1211502093,袁世凯像壹圆,AU,55,1920,coindata
1211502225,孙中山像壹圆,AU,55,1934,coindata
1211502227,孙中山像壹圆,AU,58,1934,coindata
1211502251,袁世凯像壹圆,AU,58,1914,coindata
1211502281,袁世凯像壹圆,AU,55,1914,coindata
1211502291,袁世凯像壹圆,AU,55,1914,coindata
1211502293,袁世凯像壹圆,AU,55,1914,coindata
1211502295,袁世凯像壹圆,AU,55,1914,coindata
1211502297,袁世凯像壹圆,AU,55,1914,coindata
1211502299,袁世凯像壹圆,AU,55,1914,coindata
1211502301,袁世凯像壹圆,AU,55,1914,coindata
1211502303,袁世凯像壹圆,AU,55,1914,coindata
1211502305,袁世凯像壹圆,AU,55,1914,coindata
1211502307,袁世凯像壹圆,AU,55,1914,coindata
1211502335,袁世凯像壹圆,AU,55,1914,coindata
1211502355,袁世凯像壹圆,AU,55,1920,coindata
1211502415,开国纪念壹圆,AU,55,1927,coindata
1211502417,开国纪念壹圆,AU,58,1927,coindata
1211502455,袁世凯像壹圆,AU,55,1914,coindata
1211502457,袁世凯像壹圆,AU,55,1914,coindata
1211502459,袁世凯像壹圆,AU,55,1914,coindata
1211502461,袁世凯像壹圆,AU,55,1914,coindata
1211502463,袁世凯像壹圆,AU,55,1914,coindata
1211502465,袁世凯像壹圆,AU,55,1921,coindata
1211502469,袁世凯像壹圆,AU,55,1921,coindata
1211502471,袁世凯像壹圆,AU,58,1921,coindata
1211502473,袁世凯像壹圆,AU,58,1921,coindata
1211502475,袁世凯像壹圆,AU,58,1914,coindata
1211502477,袁世凯像壹圆,AU,58,1914,coindata
1211502479,袁世凯像壹圆,AU,58,1914,coindata
1211502481,袁世凯像壹圆,AU,58,1914,coindata
1211502483,孙中山像壹圆,AU,58,1934,coindata
1211502485,袁世凯像壹圆,AU,58,1921,coindata
1211502487,袁世凯像壹圆,AU,58,1921,coindata
1211502493,袁世凯像壹圆,MS,60,1921,coindata
1211502495,袁世凯像壹圆,AU,58,1920,coindata
1211502499,袁世凯像壹圆,AU,55,1921,coindata
1211502503,袁世凯像壹圆,AU,55,1914,coindata
1211502507,袁世凯像壹圆,MS,60,1914,coindata
1211502509,袁世凯像壹圆,AU,55,1914,coindata
1211502511,袁世凯像壹圆,AU,55,1921,coindata
1211502513,袁世凯像壹圆,AU,55,1921,coindata
1211502595,孙中山像壹圆,AU,55,1934,coindata
1211502715,袁世凯像壹圆,AU,55,1921,coindata
1211502827,开国纪念壹圆,AU,58,1927,coindata
1211502829,开国纪念壹圆,AU,58,1927,coindata
1211502831,开国纪念壹圆,AU,58,1927,coindata
1211502833,开国纪念壹圆,AU,55,1927,coindata
1211502835,开国纪念壹圆,AU,58,1927,coindata
1211502837,开国纪念壹圆,AU,58,1927,coindata
1211502845,开国纪念壹圆,AU,58,1927,coindata
1211502847,开国纪念壹圆,AU,58,1927,coindata
1211502857,开国纪念壹圆,AU,55,1927,coindata
1211502859,开国纪念壹圆,AU,55,1927,coindata
1211502861,开国纪念壹圆,AU,55,1927,coindata
1211502863,开国纪念壹圆,AU,55,1927,coindata
1211502875,袁世凯像壹圆,AU,55,1920,coindata
1211503151,袁世凯像壹圆,AU,55,1914,coindata
1211503157,开国纪念壹圆,AU,55,1927,coindata
1211503207,袁世凯像壹圆,AU,55,1920,coindata
1211503225,孙中山像壹圆,AU,55,1933,coindata
1211503239,云南省造半圆,AU,55,1932,coindata
1211503279,广东省造壹毫,AU,58,1914,coindata
1211503281,广东省造壹毫,AU,55,1913,coindata
1211503283,广东省造壹毫,AU,55,1914,coindata
1211503293,广东省造5分,AU,55,1890,coindata
1211503295,广东省造5分,AU,55,1890,coindata
1211503307,云南省造贰角,AU,55,1932,coindata
1211503309,福建官局贰毫,AU,55,1912,coindata
1211503313,云南省造贰角,AU,55,1932,coindata
1211503321,云南省造贰角,AU,58,1932,coindata
1211503323,云南省造贰角,AU,58,1932,coindata
1211503325,广东省造壹毫,AU,58,1914,coindata
1211503333,浙江省造壹毫,AU,55,1924,coindata
1211503335,福建官局一角,AU,55,1902,coindata
1211503343,广东省造5分,AU,55,1890,coindata
1211503375,孙中山像伍角,AU,58,1949,coindata
1211503377,孙中山像伍角,AU,58,1949,coindata
1211503379,孙中山像伍角,AU,58,1949,coindata
1211503383,孙中山像伍角,AU,58,1949,coindata
1211503385,孙中山像伍角,AU,58,1949,coindata
1211503411,孙中山像伍角,AU,58,1949,coindata
1211503489,袁世凯像壹圆,AU,58,1921,coindata
1211503491,袁世凯像壹圆,AU,55,1921,coindata
1211503531,袁世凯像壹圆,AU,55,1921,coindata
1211503555,袁世凯像壹圆,AU,55,1921,coindata
1211503565,开国纪念壹圆,AU,55,1927,coindata
1211503641,袁世凯像壹圆,AU,58,1914,coindata
1211503651,袁世凯像壹圆,AU,55,1920,coindata
1211503655,袁世凯像壹圆,AU,55,1921,coindata
1211503663,袁世凯像壹圆,AU,55,1921,coindata
1211503675,开国纪念壹圆,AU,55,1927,coindata
1211503679,开国纪念壹圆,AU,58,1927,coindata
1211503697,开国纪念壹圆,AU,58,1927,coindata
1211503767,袁世凯像壹圆,AU,55,1914,coindata
1211503771,袁世凯像壹圆,AU,58,1921,coindata
1211503789,袁世凯像壹圆,AU,58,1914,coindata
1211503889,袁世凯像壹圆,AU,58,1914,coindata
1211504053,开国纪念壹圆,MS,60,1927,coindata
1211504167,袁世凯像壹圆,AU,55,1920,coindata
1211504171,开国纪念壹圆,AU,58,1927,coindata
1211504193,唐继尧像半圆,AU,58,1919,coindata
1211504241,孙中山像壹圆,AU,58,1933,coindata
1211504243,开国纪念壹圆,AU,58,1927,coindata
1211504513,孙中山像贰毫,AU,55,1929,coindata
1211504517,孙中山像贰毫,AU,55,1929,coindata
1211504519,孙中山像贰毫,AU,58,1929,coindata
1211504521,孙中山像贰毫,AU,55,1929,coindata
1211504531,孙中山像贰毫,AU,58,1929,coindata
1211504533,孙中山像贰毫,AU,58,1929,coindata
1211504543,开国纪念壹圆,AU,55,1927,coindata
1211504739,袁世凯像壹圆,AU,55,1914,coindata
1211504777,唐继尧像半圆,AU,55,1919,coindata
1211504831,袁世凯像壹圆,AU,55,1914,coindata
1211504931,四川省造卢比,AU,55,1906,coindata
1211504955,孙中山像伍角,AU,55,1949,coindata
1211504973,广东省造贰毫,AU,55,1921,coindata
1211504975,广东省造贰毫,AU,55,1921,coindata
1211504977,广东省造贰毫,AU,55,1922,coindata
1211504979,广东省造贰毫,MS,60,1922,coindata
1211504981,广东省造二角,AU,55,1890,coindata
1211504983,广东省造二角,AU,55,1890,coindata
1211504985,广东省造二角,AU,55,1890,coindata
1211504987,广东省造二角,AU,55,1890,coindata
1211504989,广东省造二角,AU,55,1890,coindata
1211504991,广东省造二角,AU,55,1890,coindata
1211504995,广东省造贰毫,AU,58,1919,coindata
1211505067,孙中山像壹圆,AU,58,1934,coindata
1211505151,吉林省造二角,AU,55,1901,coindata
1211505215,袁世凯像壹圆,AU,55,1920,coindata
1211505299,云南省造半圆,AU,55,1932,coindata
1211505301,云南省造半圆,AU,55,1911,coindata
1211505391,袁世凯像壹圆,AU,55,1914,coindata
1211505431,东三省造二角,AU,58,1914,coindata
1211505437,袁世凯像壹圆,AU,55,1921,coindata
1211505789,四川银币壹圆,AU,55,1912,coindata
1211505847,广东省造二角,AU,55,1890,coindata
1211505849,广东省造二角,AU,55,1890,coindata
1211505851,广东省造二角,AU,58,1890,coindata
1211505875,开国纪念壹圆,AU,58,1927,coindata
1211505915,袁世凯像壹圆,AU,58,1914,coindata
1211505949,云南省造半圆,AU,55,1932,coindata
1211505979,开国纪念壹圆,AU,58,1927,coindata
1211506149,澳门银币伍圆,AU,55,1971,coindata
1211506277,开国纪念壹圆,AU,55,1927,coindata
1211506337,孙中山像壹圆,AU,55,1934,coindata
1211506423,袁世凯像壹圆,AU,58,1914,coindata
1211506453,袁世凯像中圆,AU,55,1914,coindata
1211506891,袁世凯像壹圆,AU,58,1920,coindata
1211506929,孙中山像壹圆,AU,58,1934,coindata
1211506931,孙中山像壹圆,AU,58,1934,coindata
1211506939,孙中山像壹圆,AU,55,1934,coindata
1211506941,孙中山像壹圆,AU,58,1934,coindata
1211506947,孙中山像壹圆,AU,55,1934,coindata
1211506951,袁世凯像壹圆,AU,55,1914,coindata
1211506965,袁世凯像壹圆,AU,55,1921,coindata
1211507001,袁世凯像壹圆,AU,55,1914,coindata
1211507009,袁世凯像壹圆,AU,58,1921,coindata
1211507011,袁世凯像壹圆,AU,58,1921,coindata
1211507091,袁世凯像壹圆,AU,58,1921,coindata
1211507129,袁世凯像壹圆,AU,58,1914,coindata
1211507137,孙中山像壹圆,AU,58,1933,coindata
1211507139,孙中山像壹圆,AU,55,1933,coindata
1211507585,孙中山像壹圆,AU,55,1934,coindata
1211507601,黎元洪像壹圆,AU,58,1912,coindata
1211507605,云南省造半圆,AU,58,1911,coindata
1211507613,云南省造半圆,AU,55,1911,coindata
1211507615,云南省造半圆,AU,55,1911,coindata
1211507617,云南省造半圆,AU,55,1911,coindata
1211507619,云南省造半圆,AU,55,1911,coindata
1211507621,云南省造半圆,AU,55,1911,coindata
1211507623,云南省造半圆,AU,55,1911,coindata
1211507625,云南省造半圆,AU,55,1911,coindata
1211507631,云南省造半圆,AU,58,1911,coindata
1211507633,云南省造半圆,AU,58,1911,coindata
1211507635,云南省造半圆,AU,58,1911,coindata
1211507637,云南省造半圆,AU,58,1911,coindata
1211507747,袁世凯像壹圆,AU,58,1914,coindata
1211507753,四川省造10文,AU,58,1904,coindata
1211507757,四川大清10文,AU,55,1909,coindata
1211507875,江南省造一角,AU,55,1898,coindata
1211507895,湖北省造二角,AU,55,1895,coindata
1211507913,福建省造二角,AU,55,1894,coindata
1211507981,吉林省造二角,AU,55,1908,coindata
1211508013,袁世凯像壹圆,AU,55,1920,coindata
1211508043,江南省造一圆,AU,55,1904,coindata
1211508057,孙中山像壹圆,AU,55,1933,coindata
1211508119,湖南省造一角,AU,58,1898,coindata
1211508121,福建省造二角,AU,58,1931,coindata
1211508129,孙中山像贰毫,AU,58,1929,coindata
1211508149,袁世凯像壹圆,AU,55,1921,coindata
1211508197,广东省造贰毫,AU,58,1920,coindata
1211508201,广东省造贰毫,AU,55,1921,coindata
1211508443,袁世凯像壹圆,AU,55,1921,coindata
1211508477,东三省造二角,AU,55,1909,coindata
1211508673,袁世凯像壹圆,AU,58,1921,coindata
1211508675,袁世凯像壹圆,AU,58,1921,coindata
1211508677,袁世凯像壹圆,AU,58,1921,coindata
1211508689,袁世凯像壹圆,AU,55,1921,coindata
1211508691,袁世凯像壹圆,AU,55,1921,coindata
1211508693,袁世凯像壹圆,AU,55,1921,coindata
1211508695,孙中山像壹圆,AU,55,1934,coindata
1211508725,袁世凯像壹圆,AU,58,1914,coindata
1211508727,袁世凯像壹圆,AU,58,1914,coindata
1211508729,袁世凯像壹圆,AU,58,1914,coindata
1211508731,袁世凯像壹圆,AU,58,1914,coindata
1211508733,袁世凯像壹圆,AU,58,1914,coindata
1211508735,袁世凯像壹圆,AU,58,1914,coindata
1211508737,袁世凯像壹圆,AU,58,1914,coindata
1211508739,开国纪念壹圆,AU,58,1927,coindata
1211508741,开国纪念壹圆,AU,58,1927,coindata
1211508743,开国纪念壹圆,AU,58,1927,coindata
1211508745,开国纪念壹圆,AU,58,1927,coindata
1211508747,开国纪念壹圆,AU,58,1927,coindata
1211508749,开国纪念壹圆,AU,58,1927,coindata
1211508757,开国纪念壹圆,AU,55,1927,coindata
1211508769,开国纪念壹圆,AU,55,1927,coindata
1211508771,开国纪念壹圆,AU,55,1927,coindata
1211508773,开国纪念壹圆,AU,55,1927,coindata
1211508775,开国纪念壹圆,AU,55,1927,coindata
1211508777,开国纪念壹圆,AU,55,1927,coindata
1211508779,开国纪念壹圆,AU,55,1927,coindata
1211508783,袁世凯像壹圆,AU,55,1914,coindata
1211508787,袁世凯像壹圆,AU,55,1914,coindata
1211508789,袁世凯像壹圆,AU,55,1914,coindata
1211508791,袁世凯像壹圆,AU,55,1914,coindata
1211508793,袁世凯像壹圆,AU,55,1914,coindata
1211508795,袁世凯像壹圆,AU,55,1914,coindata
1211508853,唐继尧像半圆,AU,55,1919,coindata
1211508885,袁世凯像壹圆,AU,58,1914,coindata
1211508923,开国纪念壹圆,AU,55,1927,coindata
1211508997,袁世凯像壹圆,AU,55,1914,coindata
1211509009,唐继尧像半圆,AU,55,1919,coindata
1211509041,四川银币壹圆,AU,55,1912,coindata
1211509059,孙中山像壹圆,AU,55,1933,coindata
1211509063,孙中山像壹圆,AU,55,1934,coindata
1211509097,开国纪念壹圆,AU,55,1927,coindata
1211509161,云南省造半圆,AU,55,1911,coindata
1211509189,云南省造半圆,AU,55,1911,coindata
1211509191,云南省造半圆,AU,55,1911,coindata
1211509365,袁世凯像壹圆,AU,55,1920,coindata
1211509367,袁世凯像壹圆,AU,55,1920,coindata
1211509369,袁世凯像壹圆,AU,55,1920,coindata
1211509371,袁世凯像壹圆,AU,55,1920,coindata
1211509397,袁世凯像壹圆,AU,58,1914,coindata
1211509423,广东省造二角,AU,55,1909,coindata
1211509425,广东省造贰毫,AU,58,1920,coindata
1211509477,澳门银币伍圆,AU,58,1952,coindata
1211509479,澳门银币伍圆,AU,58,1952,coindata
1211509631,孙中山像壹圆,AU,55,1934,coindata
1211509661,开国纪念壹圆,AU,55,1927,coindata
1211509719,东三省造二角,AU,55,1909,coindata
1211509777,袁世凯像壹圆,AU,58,1914,coindata
1211509795,云南省造半圆,AU,55,1911,coindata
1211509797,云南省造半圆,AU,58,1911,coindata
1211509807,云南省造半圆,AU,55,1911,coindata
1211509827,云南省造半圆,AU,55,1911,coindata
1211509835,云南省造半圆,AU,55,1911,coindata
1211509849,云南省造半圆,AU,55,1911,coindata
1211509851,云南省造半圆,AU,55,1911,coindata
1211509855,云南省造半圆,AU,55,1911,coindata
1211509863,云南省造半圆,AU,55,1911,coindata
1211509881,云南省造半圆,AU,55,1911,coindata
1211509889,云南省造半圆,AU,55,1911,coindata
1211509925,广东省造贰毫,AU,55,1914,coindata
1211509993,云南省造一圆,AU,55,1911,coindata
1211601613,袁世凯像壹圆,AU,58,1914,coindata
1211601685,云南省造半圆,AU,55,1932,coindata
1211601691,袁世凯像壹圆,AU,58,1914,coindata
1211601703,孙中山像壹圆,AU,55,1933,coindata
1211601827,袁世凯像壹圆,AU,55,1919,coindata
1211601869,袁世凯像壹圆,AU,58,1914,coindata
1211601931,四川银币壹圆,AU,55,1912,coindata
1211601945,袁世凯像壹圆,AU,58,1920,coindata
1211601965,孙中山像贰毫,AU,55,1929,coindata
1211601969,孙中山像贰毫,AU,55,1929,coindata
1211601979,孙中山像贰毫,AU,58,1929,coindata
1211601989,孙中山像贰毫,AU,55,1929,coindata
1211601991,孙中山像贰毫,AU,55,1929,coindata
1211602005,孙中山像贰毫,AU,55,1929,coindata
1211602007,孙中山像贰毫,AU,55,1929,coindata
1211602103,袁世凯像壹圆,AU,55,1914,coindata
1211602109,大清银币壹圆,AU,58,1911,coindata
1211602147,云南省造半圆,AU,58,1932,coindata
1211602181,西藏银币三两,AU,55,1937,coindata
1211602231,开国纪念壹圆,AU,55,1927,coindata
1211602253,开国纪念壹圆,AU,58,1927,coindata
1211602325,袁世凯像壹圆,AU,55,1921,coindata
1211602529,开国纪念壹圆,AU,58,1927,coindata
1211602543,广东省造贰毫,AU,58,1919,coindata
1211602549,袁世凯像壹圆,AU,55,1914,coindata
1211602555,袁世凯像壹圆,AU,58,1914,coindata
1211602557,袁世凯像壹圆,AU,58,1914,coindata
1211602559,袁世凯像壹圆,AU,58,1914,coindata
1211602677,袁世凯像壹圆,AU,58,1914,coindata
1211602697,北洋局造一圆,AU,55,1908,coindata
1211602701,开国纪念壹圆,AU,58,1927,coindata
1211602827,袁世凯像壹圆,AU,55,1921,coindata
1211602829,云南省造半圆,AU,58,1911,coindata
1211602837,云南省造半圆,AU,55,1911,coindata
1211602839,云南省造半圆,AU,55,1911,coindata
1211602841,云南省造半圆,AU,55,1911,coindata
1211602843,云南省造半圆,AU,55,1911,coindata
1211602845,云南省造半圆,AU,55,1911,coindata
1211603031,西藏章嘎嘎布,AU,58,1912,coindata
1211603033,西藏章嘎嘎布,AU,58,1912,coindata
1211603035,西藏章嘎嘎布,AU,58,1912,coindata
1211603037,西藏章嘎嘎布,AU,58,1912,coindata
1211603039,西藏章嘎嘎布,AU,58,1912,coindata
1211603041,西藏章嘎嘎布,AU,58,1912,coindata
1211603043,西藏章嘎嘎布,AU,58,1912,coindata
1211603045,西藏章嘎嘎布,AU,58,1912,coindata
1211603047,西藏章嘎嘎布,AU,58,1912,coindata
1211603049,西藏章嘎嘎布,AU,58,1912,coindata
1211603051,西藏章嘎嘎布,AU,58,1912,coindata
1211603053,西藏章嘎嘎布,AU,58,1912,coindata
1211603055,西藏章嘎嘎布,AU,58,1912,coindata
1211603057,西藏章嘎嘎布,AU,58,1912,coindata
1211603059,西藏章嘎嘎布,AU,58,1912,coindata
1211603061,西藏章嘎嘎布,AU,58,1912,coindata
1211603063,西藏章嘎嘎布,AU,58,1912,coindata
1211603065,西藏章嘎嘎布,AU,58,1912,coindata
1211603067,西藏章嘎嘎布,AU,58,1912,coindata
1211603069,西藏章嘎嘎布,AU,58,1912,coindata
1211603071,西藏章嘎嘎布,AU,58,1912,coindata
1211603073,西藏章嘎嘎布,AU,58,1912,coindata
1211603075,西藏章嘎嘎布,AU,58,1912,coindata
1211603077,西藏章嘎嘎布,AU,58,1912,coindata
1211603079,西藏章嘎嘎布,AU,58,1912,coindata
1211603081,西藏章嘎嘎布,AU,58,1912,coindata
1211603083,西藏章嘎嘎布,AU,58,1912,coindata
1211603085,西藏章嘎嘎布,AU,58,1912,coindata
1211603087,西藏章嘎嘎布,AU,58,1912,coindata
1211603089,西藏章嘎嘎布,AU,58,1912,coindata
1211603091,西藏章嘎嘎布,AU,58,1912,coindata
1211603093,西藏章嘎嘎布,AU,58,1912,coindata
1211603095,西藏章嘎嘎布,AU,58,1912,coindata
1211603097,西藏章嘎嘎布,AU,58,1912,coindata
1211603099,西藏章嘎嘎布,AU,58,1912,coindata
1211603101,西藏章嘎嘎布,AU,58,1912,coindata
1211603103,西藏章嘎嘎布,AU,58,1912,coindata
1211603105,西藏章嘎嘎布,AU,58,1912,coindata
1211603107,西藏章嘎嘎布,AU,58,1912,coindata
1211603109,西藏章嘎嘎布,AU,58,1912,coindata
1211603111,西藏章嘎嘎布,AU,58,1912,coindata
1211603113,西藏章嘎嘎布,AU,58,1912,coindata
1211603115,西藏章嘎嘎布,AU,58,1912,coindata
1211603117,西藏章嘎嘎布,AU,55,1912,coindata
1211603119,西藏章嘎嘎布,AU,55,1912,coindata
1211603121,西藏章嘎嘎布,AU,55,1912,coindata
1211603123,西藏章嘎嘎布,AU,55,1912,coindata
1211603125,西藏章嘎嘎布,AU,55,1912,coindata
1211603127,西藏章嘎嘎布,AU,55,1912,coindata
1211603129,西藏章嘎嘎布,AU,55,1912,coindata
1211603131,西藏章嘎嘎布,AU,55,1912,coindata
1211603133,西藏章嘎嘎布,AU,55,1912,coindata
1211603135,西藏章嘎嘎布,AU,55,1912,coindata
1211603137,西藏章嘎嘎布,AU,55,1912,coindata
1211603139,西藏章嘎嘎布,AU,55,1912,coindata
1211603141,西藏章嘎嘎布,AU,55,1912,coindata
1211603143,西藏章嘎嘎布,AU,55,1912,coindata
1211603145,西藏章嘎嘎布,AU,55,1912,coindata
1211603147,西藏章嘎嘎布,AU,55,1912,coindata
1211603149,西藏章嘎嘎布,AU,55,1912,coindata
1211603151,西藏章嘎嘎布,AU,55,1912,coindata
1211603153,西藏章嘎嘎布,AU,55,1912,coindata
1211603155,西藏章嘎嘎布,AU,55,1912,coindata
1211603323,开国纪念壹圆,AU,58,1927,coindata
1211603541,袁世凯像壹圆,AU,58,1914,coindata
1211603543,袁世凯像壹圆,AU,58,1914,coindata
1211603551,开国纪念壹圆,AU,58,1927,coindata
1211603553,袁世凯像壹圆,AU,58,1914,coindata
1211603561,袁世凯像壹圆,AU,55,1914,coindata
1211603563,袁世凯像壹圆,AU,55,1914,coindata
1211603565,袁世凯像壹圆,AU,55,1914,coindata
1211603567,袁世凯像壹圆,AU,55,1914,coindata
1211603569,袁世凯像壹圆,AU,55,1914,coindata
1211603571,袁世凯像壹圆,AU,55,1914,coindata
1211603573,袁世凯像壹圆,AU,55,1914,coindata
1211603575,袁世凯像壹圆,AU,55,1914,coindata
1211603577,袁世凯像壹圆,AU,55,1914,coindata
1211603579,袁世凯像壹圆,AU,55,1914,coindata
1211603581,开国纪念壹圆,AU,55,1927,coindata
1211603583,开国纪念壹圆,AU,55,1927,coindata
1211603585,开国纪念壹圆,AU,55,1927,coindata
1211603739,袁世凯像壹圆,AU,55,1920,coindata
1211603769,西藏银币三两,AU,55,1937,coindata
1211603825,袁世凯像壹圆,AU,55,1920,coindata
1211603829,袁世凯像壹圆,AU,55,1920,coindata
1211603831,孙中山像壹圆,AU,55,1934,coindata
1211603847,云南省造半圆,AU,58,1932,coindata
1211604041,袁世凯像壹圆,AU,58,1921,coindata
1211604049,桂林代用币,AU,58,20,coindata
1211604053,开国纪念壹圆,AU,58,1927,coindata
1211604085,袁世凯像壹圆,AU,58,1914,coindata
1211604113,开国纪念壹圆,AU,58,1927,coindata
1211604169,东三省造二角,AU,58,1914,coindata
1211604171,东三省造二角,AU,58,1914,coindata
1211604215,袁世凯像壹圆,AU,55,1920,coindata
1211604219,袁世凯像壹圆,AU,55,1920,coindata
1211604223,袁世凯像壹圆,AU,55,1921,coindata
1211604227,袁世凯像壹圆,AU,55,1921,coindata
1211604233,袁世凯像壹圆,AU,55,1921,coindata
1211604251,袁世凯像壹圆,AU,55,1914,coindata
1211604253,袁世凯像壹圆,AU,58,1914,coindata
1211604255,袁世凯像壹圆,AU,55,1914,coindata
1211604257,袁世凯像壹圆,AU,58,1914,coindata
1211604259,袁世凯像壹圆,AU,55,1914,coindata
1211604293,袁世凯像壹圆,AU,55,1914,coindata
1211604301,孙中山像壹圆,AU,58,1934,coindata
1211604431,袁世凯像壹圆,AU,55,1914,coindata
1211604433,袁世凯像壹圆,AU,55,1914,coindata
1211604435,袁世凯像壹圆,AU,55,1914,coindata
1211604437,袁世凯像壹圆,AU,55,1914,coindata
1211604439,袁世凯像壹圆,AU,55,1914,coindata
1211604441,袁世凯像壹圆,AU,55,1914,coindata
1211604443,袁世凯像壹圆,AU,55,1914,coindata
1211604445,袁世凯像壹圆,AU,55,1914,coindata
1211604447,袁世凯像壹圆,AU,55,1921,coindata
1211604449,袁世凯像壹圆,AU,55,1921,coindata
1211604461,袁世凯像壹圆,AU,55,1921,coindata
1211604485,袁世凯像壹圆,AU,55,1914,coindata
1211604501,袁世凯像壹圆,AU,58,1920,coindata
1211604503,袁世凯像壹圆,AU,55,1920,coindata
1211604505,袁世凯像壹圆,AU,58,1921,coindata
1211604519,孙中山像壹圆,MS,60,1934,coindata
1211604521,孙中山像壹圆,AU,58,1934,coindata
1211604529,孙中山像壹圆,AU,55,1934,coindata
1211604531,孙中山像壹圆,AU,55,1934,coindata
1211604533,孙中山像壹圆,AU,58,1934,coindata
1211604535,孙中山像壹圆,AU,55,1934,coindata
1211604543,开国纪念壹圆,AU,55,1927,coindata
1211604647,开国纪念壹圆,AU,58,1927,coindata
1211605051,云南省造半圆,AU,58,1911,coindata
1211605073,北洋局造一圆,AU,58,1908,coindata
1211605241,袁世凯像壹圆,AU,58,1921,coindata
1211605259,袁世凯像壹圆,AU,55,1921,coindata
1211605261,袁世凯像壹圆,AU,55,1921,coindata
1211605267,开国纪念壹圆,AU,58,1927,coindata
1211605291,云南省造一圆,AU,55,1911,coindata
1211605327,孙中山像壹圆,AU,58,1934,coindata
1211605375,袁世凯像壹圆,AU,55,1921,coindata
1211605379,袁世凯像壹圆,AU,58,1921,coindata
1211605387,袁世凯像壹圆,AU,55,1914,coindata
1211605421,袁世凯像壹圆,AU,55,1914,coindata
1211605477,袁世凯像壹圆,AU,55,1914,coindata
1211605495,袁世凯像壹圆,AU,55,1920,coindata
1211605499,袁世凯像壹圆,AU,55,1920,coindata
1211605543,开国纪念壹圆,AU,58,1927,coindata
1211605569,袁世凯像壹圆,AU,55,1914,coindata
1211605571,袁世凯像壹圆,AU,55,1920,coindata
1211605681,孙中山像壹圆,AU,55,1934,coindata
1211605693,孙中山像壹圆,AU,58,1934,coindata
1211605695,广东省造贰毫,MS,60,1921,coindata
1211605705,广东省造贰毫,MS,60,1922,coindata
1211605781,孙中山像壹圆,AU,58,1934,coindata
1211605849,广东省造贰毫,AU,55,1921,coindata
1211605851,广东省造贰毫,AU,58,1919,coindata
1211605873,袁世凯像壹圆,AU,55,1921,coindata
1211605975,广东省造二角,AU,55,1890,coindata
1211605977,广东省造二角,AU,55,1890,coindata
1211605979,广东省造二角,AU,55,1890,coindata
1211605981,广东省造二角,AU,55,1890,coindata
1211605983,广东省造二角,AU,55,1890,coindata
1211605985,广东省造二角,AU,55,1890,coindata
1211605987,广东省造二角,AU,55,1890,coindata
1211605989,广东省造二角,AU,55,1890,coindata
1211605991,广东省造二角,AU,55,1890,coindata
1211605993,广东省造二角,AU,55,1890,coindata
1211605995,广东省造二角,AU,55,1890,coindata
1211605997,广东省造二角,AU,55,1890,coindata
1211605999,广东省造二角,AU,55,1890,coindata
1211606001,广东省造二角,AU,55,1890,coindata
1211606003,广东省造二角,AU,55,1890,coindata
1211606005,广东省造二角,AU,55,1890,coindata
1211606007,广东省造二角,AU,55,1890,coindata
1211606009,广东省造二角,AU,55,1890,coindata
1211606011,广东省造二角,AU,55,1890,coindata
1211606013,广东省造二角,AU,55,1890,coindata
1211606015,广东省造二角,AU,55,1890,coindata
1211606017,广东省造二角,AU,55,1890,coindata
1211606019,广东省造二角,AU,55,1890,coindata
1211606021,广东省造二角,AU,55,1890,coindata
1211606023,广东省造二角,AU,55,1890,coindata
1211606025,广东省造二角,AU,55,1890,coindata
1211606027,广东省造二角,AU,55,1890,coindata
1211606029,广东省造二角,AU,55,1890,coindata
1211606099,广东省造二角,AU,58,1890,coindata
1211606101,广东省造二角,AU,58,1890,coindata
1211606103,广东省造二角,AU,58,1890,coindata
1211606105,广东省造二角,AU,58,1890,coindata
1211606107,广东省造二角,AU,58,1890,coindata
1211606109,广东省造二角,AU,58,1890,coindata
1211606111,广东省造二角,AU,58,1890,coindata
1211606113,广东省造二角,AU,58,1890,coindata
1211606115,广东省造二角,AU,58,1890,coindata
1211606117,广东省造二角,AU,58,1890,coindata
1211606119,广东省造二角,AU,58,1890,coindata
1211606121,广东省造二角,AU,58,1890,coindata
1211606123,广东省造二角,AU,58,1890,coindata
1211606125,广东省造二角,AU,58,1890,coindata
1211606127,广东省造二角,AU,58,1890,coindata
1211606129,广东省造二角,AU,58,1890,coindata
1211606131,广东省造二角,AU,58,1890,coindata
1211606133,广东省造二角,AU,58,1890,coindata
1211606135,广东省造二角,AU,58,1890,coindata
1211606137,广东省造二角,AU,58,1890,coindata
1211606139,广东省造二角,AU,58,1890,coindata
1211606141,广东省造二角,AU,58,1890,coindata
1211606143,广东省造二角,AU,58,1890,coindata
1211606145,广东省造二角,AU,58,1890,coindata
1211606147,广东省造二角,AU,58,1890,coindata
1211606149,广东省造二角,AU,58,1890,coindata
1211606151,广东省造二角,AU,58,1890,coindata
1211606153,广东省造二角,AU,58,1890,coindata
1211606155,广东省造二角,AU,58,1890,coindata
1211606157,广东省造二角,AU,58,1890,coindata
1211606159,广东省造二角,AU,58,1890,coindata
1211606161,广东省造二角,AU,58,1890,coindata
1211606163,广东省造二角,AU,58,1890,coindata
1211606193,开国纪念壹圆,AU,58,1927,coindata
1211606195,开国纪念壹圆,MS,60,1927,coindata
1211606197,开国纪念壹圆,AU,58,1927,coindata
1211606199,孙中山像壹圆,MS,60,1934,coindata
1211606223,孙中山像壹圆,AU,58,1934,coindata
1211606263,广东省造二角,AU,58,1890,coindata
1211606265,广东省造二角,AU,58,1890,coindata
1211606267,广东省造二角,AU,58,1890,coindata
1211606269,广东省造二角,AU,58,1890,coindata
1211606271,广东省造二角,AU,58,1890,coindata
1211606273,广东省造二角,AU,58,1890,coindata
1211606275,广东省造二角,AU,58,1890,coindata
1211606277,广东省造二角,AU,58,1890,coindata
1211606279,广东省造二角,AU,58,1890,coindata
1211606281,广东省造二角,AU,58,1890,coindata
1211606283,广东省造二角,AU,58,1890,coindata
1211606285,广东省造二角,AU,58,1890,coindata
1211606287,广东省造二角,AU,58,1890,coindata
1211606289,广东省造二角,AU,58,1890,coindata
1211606291,广东省造二角,AU,58,1890,coindata
1211606293,广东省造二角,AU,58,1890,coindata
1211606295,广东省造二角,AU,58,1890,coindata
1211606297,广东省造二角,AU,58,1890,coindata
1211606299,广东省造二角,AU,58,1890,coindata
1211606301,广东省造二角,AU,58,1890,coindata
1211606303,广东省造二角,AU,58,1890,coindata
1211606305,广东省造二角,AU,55,1890,coindata
1211606307,广东省造二角,AU,55,1890,coindata
1211606309,广东省造二角,AU,55,1890,coindata
1211606311,广东省造二角,AU,55,1890,coindata
1211606313,广东省造二角,AU,55,1890,coindata
1211606315,广东省造二角,AU,55,1890,coindata
1211606317,广东省造二角,AU,55,1890,coindata
1211606319,广东省造二角,AU,55,1890,coindata
1211606321,广东省造二角,AU,55,1890,coindata
1211606323,广东省造二角,AU,55,1890,coindata
1211606325,广东省造二角,AU,55,1890,coindata
1211606327,广东省造二角,AU,55,1890,coindata
1211606329,广东省造二角,AU,55,1890,coindata
1211606331,广东省造二角,AU,55,1890,coindata
1211606333,广东省造二角,AU,55,1890,coindata
1211606335,广东省造二角,AU,55,1890,coindata
1211606337,广东省造二角,AU,55,1890,coindata
1211606339,广东省造二角,AU,55,1890,coindata
1211606341,广东省造二角,AU,55,1890,coindata
1211606343,广东省造二角,AU,55,1890,coindata
1211606455,广东省造贰毫,AU,55,1929,coindata
1211606487,云南省造半圆,AU,58,1911,coindata
1211606519,云南省造半圆,AU,55,1911,coindata
1211606555,云南省造半圆,AU,55,1911,coindata
1211606563,云南省造半圆,AU,55,1911,coindata
1211606585,云南省造半圆,AU,55,1911,coindata
1211606647,开国纪念壹圆,AU,58,1927,coindata
1211606659,袁世凯像壹圆,AU,58,1914,coindata
1211606781,袁世凯像壹圆,AU,55,1914,coindata
1211606787,袁世凯像壹圆,AU,55,1920,coindata
1211606805,西藏银币一两五钱,AU,58,1936,coindata
1211606829,开国纪念壹圆,AU,55,1927,coindata
1211606837,广西省造贰毫,AU,58,1927,coindata
1211606839,广西省造贰毫,AU,58,1927,coindata
1211606845,东三省造二角,AU,55,1909,coindata
1211606857,福建官局二角,AU,55,1902,coindata
1211606861,东三省造二角,AU,55,1909,coindata
1211606863,福建官局二角,AU,55,1902,coindata
1211606865,福建官局二角,AU,55,1902,coindata
1211606873,广西省造贰毫,AU,55,1926,coindata
1211606899,东三省造二角,AU,55,1909,coindata
1211606903,东三省造二角,AU,58,1907,coindata
1211606907,东三省造二角,AU,58,1909,coindata
1211606931,孙中山像壹圆,AU,55,1934,coindata
1211606945,东三省造二角,AU,55,1914,coindata
1211606981,福建省造二角,AU,55,1928,coindata
1211606983,福建省造二角,AU,55,1928,coindata
1211606985,福建省造二角,AU,55,1928,coindata
1211606987,福建省造二角,AU,55,1928,coindata
1211606989,福建省造二角,AU,55,1928,coindata
1211606991,福建省造二角,AU,55,1928,coindata
1211606993,福建省造二角,AU,55,1928,coindata
1211606997,福建省造二角,AU,55,1931,coindata
1211606999,福建省造二角,AU,55,1931,coindata
1211607011,福建省造二角,AU,58,1928,coindata
1211607013,福建省造二角,AU,55,1928,coindata
1211607015,福建省造二角,AU,58,1928,coindata
1211607017,福建省造二角,AU,58,1928,coindata
1211607019,福建省造二角,AU,58,1931,coindata
1211607021,福建省造二角,AU,58,1931,coindata
1211607025,福建省造二角,AU,55,1931,coindata
1211607033,广东省造二角,AU,58,1909,coindata
1211607035,广东省造二角,AU,58,1909,coindata
1211607037,广东省造二角,AU,58,1909,coindata
1211607053,广东省造二角,AU,55,1909,coindata
1211607071,袁世凯像壹圆,AU,55,1914,coindata
1211607081,开国纪念壹圆,AU,55,1927,coindata
1211607151,西藏银币三两,AU,55,1936,coindata
1211607245,广东省造二角,AU,55,1890,coindata
1211607295,新疆迪化壹两,AU,55,1917,coindata
1211607297,袁世凯像壹圆,AU,58,1914,coindata
1211607303,西藏银币一两五钱,AU,55,1937,coindata
1211607383,广西省造贰毫,AU,55,1926,coindata
1211607391,袁世凯像壹圆,AU,58,1914,coindata
1211607541,广东省造壹毫,AU,58,1914,coindata
1211607545,福建省造二角,AU,55,1928,coindata
1211607613,袁世凯像壹圆,AU,55,1920,coindata
1211607617,开国纪念壹圆,AU,55,1927,coindata
1211607641,广东省造壹毫,AU,55,1914,coindata
1211607647,广东省造二角,AU,58,1909,coindata
1211607689,西藏银币三两,AU,55,1937,coindata
1211607691,西藏银币一两五钱,AU,55,1936,coindata
1211607703,云南省造半圆,AU,58,1911,coindata
1211607721,孙中山像壹圆,AU,55,1933,coindata
1211607755,开国纪念壹圆,AU,55,1927,coindata
1211607777,上海银饼壹两,AU,55,1856,coindata
1211607809,吉林省造半圆,AU,55,1900,coindata
1211607815,开国纪念壹圆,AU,55,1927,coindata
1211607817,开国纪念壹圆,AU,58,1927,coindata
1211607823,袁世凯像壹圆,AU,58,1921,coindata
1211607825,袁世凯像壹圆,AU,55,1921,coindata
1211607829,袁世凯像壹圆,AU,58,1914,coindata
1211608015,孙中山像壹圆,AU,58,1934,coindata
1211608053,孙中山像贰毫,AU,58,1929,coindata
1211608133,孙中山像贰毫,AU,55,1929,coindata
1211608219,开国纪念壹圆,AU,58,1927,coindata
1211608251,西藏章嘎嘎布,AU,58,1912,coindata
1211608293,孙中山像壹圆,AU,58,1934,coindata
1211608431,袁世凯像壹圆,MS,60,1920,coindata
1211608465,袁世凯像壹圆,AU,55,1920,coindata
1211608501,袁世凯像壹圆,AU,55,1920,coindata
1211608503,孙中山像壹圆,AU,55,1933,coindata
1211608537,西藏章嘎嘎布,AU,58,1912,coindata
1211608539,西藏章嘎嘎布,AU,58,1912,coindata
1211608541,西藏章嘎嘎布,AU,58,1912,coindata
1211608543,西藏章嘎嘎布,AU,58,1912,coindata
1211608545,西藏章嘎嘎布,AU,58,1912,coindata
1211608547,西藏章嘎嘎布,AU,58,1912,coindata
1211608549,西藏章嘎嘎布,AU,58,1912,coindata
1211608551,西藏章嘎嘎布,AU,58,1912,coindata
1211608553,西藏章嘎嘎布,AU,55,1912,coindata
1211608555,西藏章嘎嘎布,AU,55,1912,coindata
1211608557,西藏章嘎嘎布,AU,55,1912,coindata
1211608559,西藏章嘎嘎布,AU,55,1912,coindata
1211608561,西藏章嘎嘎布,AU,55,1912,coindata
1211608563,西藏章嘎嘎布,AU,55,1912,coindata
1211608565,西藏章嘎嘎布,AU,55,1912,coindata
1211608645,开国纪念壹圆,AU,58,1927,coindata
1211608671,西藏章嘎嘎布,AU,58,1912,coindata
1211608679,袁世凯像壹圆,AU,55,1920,coindata
1211608715,孙中山像壹圆,AU,58,1934,coindata
1211608725,开国纪念壹圆,AU,55,1927,coindata
1211608789,云南省造半圆,AU,58,1911,coindata
1211608983,云南省造贰角,AU,55,1932,coindata
1211608985,云南省造贰角,AU,55,1932,coindata
1211608997,云南省造贰角,AU,55,1932,coindata
1211609041,西藏章嘎嘎布,AU,55,1912,coindata
1211609089,云南省造贰角,AU,58,1932,coindata
1211609101,西藏章嘎嘎布,AU,58,1912,coindata
1211609103,西藏章嘎嘎布,AU,58,1912,coindata
1211609105,西藏章嘎嘎布,AU,58,1912,coindata
1211609107,西藏章嘎嘎布,AU,55,1912,coindata
1211609109,西藏章嘎嘎布,AU,55,1912,coindata
1211609111,西藏章嘎嘎布,AU,55,1912,coindata
1211609113,西藏章嘎嘎布,AU,55,1912,coindata
1211609115,西藏章嘎嘎布,AU,55,1912,coindata
1211609117,西藏章嘎嘎布,AU,55,1912,coindata
1211609119,西藏章嘎嘎布,AU,55,1912,coindata
1211609121,西藏章嘎嘎布,AU,55,1912,coindata
1211609201,开国纪念壹圆,AU,55,1927,coindata
1211609395,孙中山像壹圆,AU,58,1933,coindata
1211609399,开国纪念壹圆,AU,55,1927,coindata
1211609409,袁世凯像壹圆,MS,60,1914,coindata
1211609413,开国纪念壹圆,AU,55,1927,coindata
1211609433,袁世凯像壹圆,AU,58,1914,coindata
1211609483,开国纪念壹圆,AU,55,1927,coindata
1211609509,广东省造贰毫,AU,58,1914,coindata
1211609551,袁世凯像贰角,AU,55,1914,coindata
1211609617,西藏章嘎嘎布,AU,55,1912,coindata
1211609659,开国纪念壹圆,AU,58,1927,coindata
1211609747,大清银币壹圆,AU,55,1911,coindata
1211609749,大清银币壹圆,AU,55,1911,coindata
1211609751,大清银币壹圆,AU,55,1911,coindata
1211609753,大清银币壹圆,AU,55,1911,coindata
1211609755,大清银币壹圆,AU,55,1911,coindata
1211609765,大清银币壹圆,AU,58,1911,coindata
1211609873,孙中山像贰毫,AU,58,1929,coindata
1211609883,孙中山像贰毫,AU,55,1929,coindata
1211609885,孙中山像贰毫,AU,55,1929,coindata
1211609953,西藏章嘎嘎布,AU,58,1912,coindata
1211609955,西藏章嘎嘎布,AU,58,1912,coindata
1211609957,西藏章嘎嘎布,AU,58,1912,coindata
1211609959,西藏章嘎嘎布,AU,58,1912,coindata
1211609961,西藏章嘎嘎布,AU,58,1912,coindata
1211609963,西藏章嘎嘎布,AU,58,1912,coindata
1211609965,西藏章嘎嘎布,AU,58,1912,coindata
1211609967,西藏章嘎嘎布,AU,58,1912,coindata
1211609969,西藏章嘎嘎布,AU,58,1912,coindata
1211609971,西藏章嘎嘎布,AU,58,1912,coindata
1211609973,西藏章嘎嘎布,AU,58,1912,coindata
1211609975,西藏章嘎嘎布,AU,58,1912,coindata
1211609977,西藏章嘎嘎布,AU,58,1912,coindata
1211609979,西藏章嘎嘎布,AU,55,1912,coindata
1211609981,西藏章嘎嘎布,AU,55,1912,coindata
1211609983,西藏章嘎嘎布,AU,55,1912,coindata
1211609985,西藏章嘎嘎布,AU,55,1912,coindata
1211609987,西藏章嘎嘎布,AU,55,1912,coindata
1211609989,西藏章嘎嘎布,AU,55,1912,coindata
1211609991,西藏章嘎嘎布,AU,55,1912,coindata
1211609993,西藏章嘎嘎布,AU,55,1912,coindata
1211609995,西藏章嘎嘎布,AU,55,1912,coindata
1211701645,开国纪念壹圆,AU,58,1927,coindata
1211701739,云南省造半圆,AU,55,1911,coindata
1211701741,云南省造半圆,AU,55,1911,coindata
1211701743,云南省造半圆,AU,55,1911,coindata
1211701803,袁世凯像壹圆,AU,55,1914,coindata
1211701819,袁世凯像壹圆,AU,58,1920,coindata
1211701837,云南省造半圆,AU,55,1911,coindata
1211701881,袁世凯像壹圆,AU,58,1914,coindata
1211701931,开国纪念壹圆,AU,58,1927,coindata
1211701933,开国纪念壹圆,AU,55,1927,coindata
1211701937,开国纪念壹圆,AU,58,1927,coindata
1211701939,开国纪念壹圆,AU,55,1927,coindata
1211701941,开国纪念壹圆,AU,58,1927,coindata
1211701943,开国纪念壹圆,AU,55,1927,coindata
1211701959,袁世凯像壹圆,AU,58,1914,coindata
1211701983,开国纪念壹圆,AU,55,1927,coindata
1211701985,孙中山像壹圆,AU,55,1934,coindata
1211702003,云南省造半圆,AU,58,1932,coindata
1211702013,云南省造半圆,AU,55,1932,coindata
1211702015,云南省造半圆,AU,55,1932,coindata
1211702017,云南省造半圆,AU,55,1932,coindata
1211702049,袁世凯像壹角,AU,55,1914,coindata
1211702051,福建省造二角,AU,55,1931,coindata
1211702053,开国纪念壹圆,AU,58,1927,coindata
1211702055,云南省造半圆,AU,58,1911,coindata
1211702057,江南省造一圆,AU,58,1904,coindata
1211702059,江南省造二角,AU,58,1899,coindata
1211702061,北洋局造一圆,AU,58,1908,coindata
1211702073,开国纪念壹圆,AU,58,1927,coindata
1211702075,开国纪念壹圆,AU,58,1927,coindata
1211702077,袁世凯像壹圆,AU,58,1921,coindata
1211702079,袁世凯像壹圆,AU,58,1914,coindata
1211702119,孙中山像壹圆,AU,58,1933,coindata
1211702149,袁世凯像壹圆,AU,58,1914,coindata
1211702229,袁世凯像壹圆,AU,55,1920,coindata
1211702255,广西省造贰毫,AU,55,1927,coindata
1211702265,西藏银币十两,AU,55,1952,coindata
1211702311,袁世凯像壹圆,AU,55,1919,coindata
1211702313,袁世凯像壹圆,AU,55,1920,coindata
1211702315,开国纪念壹圆,AU,55,1927,coindata
1211702317,开国纪念壹圆,AU,55,1927,coindata
1211702319,孙中山像壹圆,AU,58,1934,coindata
1211702365,广东省造贰毫,AU,55,1922,coindata
1211702377,东三省造二角,AU,58,1909,coindata
1211702387,袁世凯像壹圆,AU,55,1920,coindata
1211702513,孙中山像壹角,AU,55,1949,coindata
1211702515,孙中山像壹角,AU,55,1949,coindata
1211702517,孙中山像壹角,AU,55,1949,coindata
1211702519,孙中山像壹角,AU,55,1949,coindata
1211702521,孙中山像壹角,AU,55,1949,coindata
1211702523,孙中山像壹角,AU,55,1949,coindata
1211702525,孙中山像壹角,AU,55,1949,coindata
1211702527,孙中山像壹角,AU,55,1949,coindata
1211702529,孙中山像壹角,AU,55,1949,coindata
1211702531,孙中山像壹角,AU,55,1949,coindata
1211702533,孙中山像壹角,AU,55,1949,coindata
1211702535,孙中山像壹角,AU,55,1949,coindata
1211702537,孙中山像壹角,AU,55,1949,coindata
1211702539,孙中山像壹角,AU,55,1949,coindata
1211702541,孙中山像壹角,AU,55,1949,coindata
1211702543,孙中山像壹角,AU,55,1949,coindata
1211702545,孙中山像壹角,AU,55,1949,coindata
1211702547,孙中山像壹角,AU,55,1949,coindata
1211702549,孙中山像壹角,AU,55,1949,coindata
1211702551,孙中山像壹角,AU,55,1949,coindata
1211702553,孙中山像壹角,AU,55,1949,coindata
1211702555,孙中山像壹角,AU,55,1949,coindata
1211702557,孙中山像壹角,AU,55,1949,coindata
1211702559,孙中山像壹角,AU,55,1949,coindata
1211702561,孙中山像壹角,AU,55,1949,coindata
1211702563,孙中山像壹角,AU,55,1949,coindata
1211702565,孙中山像壹角,AU,55,1949,coindata
1211702567,孙中山像壹角,AU,55,1949,coindata
1211702569,孙中山像壹角,AU,55,1949,coindata
1211702571,孙中山像壹角,AU,55,1949,coindata
1211702573,孙中山像壹角,AU,55,1949,coindata
1211702575,孙中山像壹角,AU,55,1949,coindata
1211702577,孙中山像壹角,AU,58,1949,coindata
1211702579,孙中山像壹角,AU,58,1949,coindata
1211702581,孙中山像壹角,AU,58,1949,coindata
1211702583,孙中山像壹角,AU,58,1949,coindata
1211702585,孙中山像壹角,AU,58,1949,coindata
1211702587,孙中山像壹角,AU,58,1949,coindata
1211702589,孙中山像壹角,AU,58,1949,coindata
1211702591,孙中山像壹角,AU,58,1949,coindata
1211702593,孙中山像壹角,AU,58,1949,coindata
1211702595,孙中山像壹角,AU,58,1949,coindata
1211702597,孙中山像壹角,AU,58,1949,coindata
1211702599,孙中山像壹角,AU,58,1949,coindata
1211702797,云南省造半圆,AU,58,1911,coindata
1211702799,云南省造半圆,AU,55,1911,coindata
1211702801,云南省造半圆,AU,55,1911,coindata
1211702803,云南省造半圆,AU,55,1911,coindata
1211702939,云南省造半圆,AU,55,1911,coindata
1211702941,云南省造半圆,AU,55,1911,coindata
1211702943,云南省造半圆,AU,55,1911,coindata
1211703071,云南省造半圆,AU,58,1911,coindata
1211703073,云南省造半圆,AU,58,1911,coindata
1211703087,袁世凯像壹圆,AU,55,1920,coindata
1211703169,江南省造一圆,AU,58,1904,coindata
1211703173,孙中山像壹角,AU,58,1949,coindata
1211703175,孙中山像壹角,AU,58,1949,coindata
1211703177,孙中山像壹角,AU,58,1949,coindata
1211703179,孙中山像壹角,AU,58,1949,coindata
1211703181,孙中山像壹角,AU,58,1949,coindata
1211703183,孙中山像壹角,AU,58,1949,coindata
1211703185,孙中山像壹角,AU,58,1949,coindata
1211703187,孙中山像壹角,AU,58,1949,coindata
1211703189,孙中山像壹角,AU,58,1949,coindata
1211703191,孙中山像壹角,AU,58,1949,coindata
1211703193,孙中山像壹角,AU,58,1949,coindata
1211703195,孙中山像壹角,AU,58,1949,coindata
1211703197,孙中山像壹角,AU,58,1949,coindata
1211703199,孙中山像壹角,AU,58,1949,coindata
1211703201,孙中山像壹角,AU,58,1949,coindata
1211703203,孙中山像壹角,AU,58,1949,coindata
1211703205,孙中山像壹角,AU,58,1949,coindata
1211703207,孙中山像壹角,AU,58,1949,coindata
1211703209,孙中山像壹角,AU,58,1949,coindata
1211703211,孙中山像壹角,AU,58,1949,coindata
1211703213,孙中山像壹角,AU,58,1949,coindata
1211703215,孙中山像壹角,AU,58,1949,coindata
1211703217,孙中山像壹角,AU,58,1949,coindata
1211703219,孙中山像壹角,AU,58,1949,coindata
1211703221,孙中山像壹角,AU,58,1949,coindata
1211703223,孙中山像壹角,AU,58,1949,coindata
1211703225,孙中山像壹角,AU,58,1949,coindata
1211703227,孙中山像壹角,AU,58,1949,coindata
1211703229,孙中山像壹角,AU,58,1949,coindata
1211703231,孙中山像壹角,AU,58,1949,coindata
1211703233,孙中山像壹角,AU,58,1949,coindata
1211703235,孙中山像壹角,AU,58,1949,coindata
1211703237,孙中山像壹角,AU,58,1949,coindata
1211703239,孙中山像壹角,AU,58,1949,coindata
1211703241,孙中山像壹角,AU,58,1949,coindata
1211703243,孙中山像壹角,AU,58,1949,coindata
1211703245,孙中山像壹角,AU,58,1949,coindata
1211703247,孙中山像壹角,AU,58,1949,coindata
1211703249,孙中山像壹角,AU,58,1949,coindata
1211703251,孙中山像壹角,AU,58,1949,coindata
1211703253,孙中山像壹角,AU,58,1949,coindata
1211703255,孙中山像壹角,AU,58,1949,coindata
1211703257,孙中山像壹角,AU,58,1949,coindata
1211703259,孙中山像壹角,AU,58,1949,coindata
1211703261,孙中山像壹角,AU,58,1949,coindata
1211703263,孙中山像壹角,AU,58,1949,coindata
1211703265,孙中山像壹角,AU,58,1949,coindata
1211703267,孙中山像壹角,AU,58,1949,coindata
1211703269,孙中山像壹角,AU,58,1949,coindata
1211703271,孙中山像壹角,AU,58,1949,coindata
1211703273,孙中山像壹角,AU,58,1949,coindata
1211703275,孙中山像壹角,AU,58,1949,coindata
1211703277,孙中山像壹角,AU,58,1949,coindata
1211703279,孙中山像壹角,AU,58,1949,coindata
1211703281,孙中山像壹角,AU,58,1949,coindata
1211703283,孙中山像壹角,AU,58,1949,coindata
1211703285,孙中山像壹角,AU,58,1949,coindata
1211703287,孙中山像壹角,AU,58,1949,coindata
1211703289,孙中山像壹角,AU,58,1949,coindata
1211703291,孙中山像壹角,AU,58,1949,coindata
1211703293,孙中山像壹角,AU,58,1949,coindata
1211703295,孙中山像壹角,AU,58,1949,coindata
1211703297,孙中山像壹角,AU,58,1949,coindata
1211703299,孙中山像壹角,AU,58,1949,coindata
1211703301,孙中山像壹角,AU,58,1949,coindata
1211703303,孙中山像壹角,AU,58,1949,coindata
1211703305,孙中山像壹角,AU,58,1949,coindata
1211703307,孙中山像壹角,AU,58,1949,coindata
1211703309,孙中山像壹角,AU,58,1949,coindata
1211703311,孙中山像壹角,AU,58,1949,coindata
1211703313,孙中山像壹角,AU,58,1949,coindata
1211703315,孙中山像壹角,AU,55,1949,coindata
1211703317,孙中山像壹角,AU,55,1949,coindata
1211703319,孙中山像壹角,AU,55,1949,coindata
1211703321,孙中山像壹角,AU,55,1949,coindata
1211703323,孙中山像壹角,AU,55,1949,coindata
1211703325,孙中山像壹角,AU,55,1949,coindata
1211703327,孙中山像壹角,AU,55,1949,coindata
1211703329,孙中山像壹角,AU,55,1949,coindata
1211703331,孙中山像壹角,AU,55,1949,coindata
1211703333,孙中山像壹角,AU,55,1949,coindata
1211703335,孙中山像壹角,AU,55,1949,coindata
1211703337,孙中山像壹角,AU,55,1949,coindata
1211703339,孙中山像壹角,AU,55,1949,coindata
1211703341,孙中山像壹角,AU,55,1949,coindata
1211703343,孙中山像壹角,AU,55,1949,coindata
1211703345,孙中山像壹角,AU,55,1949,coindata
1211703347,孙中山像壹角,AU,55,1949,coindata
1211703349,孙中山像壹角,AU,55,1949,coindata
1211703351,孙中山像壹角,AU,55,1949,coindata
1211703353,孙中山像壹角,AU,55,1949,coindata
1211703355,孙中山像壹角,AU,55,1949,coindata
1211703357,孙中山像壹角,AU,55,1949,coindata
1211703359,孙中山像壹角,AU,55,1949,coindata
1211703361,孙中山像壹角,AU,55,1949,coindata
1211703363,孙中山像壹角,AU,55,1949,coindata
1211703365,孙中山像壹角,AU,55,1949,coindata
1211703367,孙中山像壹角,AU,55,1949,coindata
1211703369,孙中山像壹角,AU,55,1949,coindata
1211703371,孙中山像壹角,AU,55,1949,coindata
1211703373,孙中山像壹角,AU,55,1949,coindata
1211703375,孙中山像壹角,AU,55,1949,coindata
1211703377,孙中山像壹角,AU,55,1949,coindata
1211703379,孙中山像壹角,AU,55,1949,coindata
1211703381,孙中山像壹角,AU,55,1949,coindata
1211703383,孙中山像壹角,AU,55,1949,coindata
1211703385,孙中山像壹角,AU,55,1949,coindata
1211703387,孙中山像壹角,AU,55,1949,coindata
1211703389,孙中山像壹角,AU,55,1949,coindata
1211703391,孙中山像壹角,AU,55,1949,coindata
1211703393,孙中山像壹角,AU,55,1949,coindata
1211703395,孙中山像壹角,AU,55,1949,coindata
1211703397,孙中山像壹角,AU,55,1949,coindata
1211703399,孙中山像壹角,AU,55,1949,coindata
1211703683,云南省造半圆,AU,55,1911,coindata
1211703685,云南省造半圆,AU,55,1911,coindata
1211703687,云南省造半圆,AU,55,1911,coindata
1211703733,云南省造贰角,AU,55,1932,coindata
1211703797,开国纪念壹圆,AU,55,1927,coindata
1211703799,孙中山像壹圆,AU,55,1934,coindata
1211703801,袁世凯像壹圆,AU,55,1921,coindata
1211703803,袁世凯像壹圆,AU,55,1921,coindata
1211703805,袁世凯像壹圆,AU,55,1914,coindata
1211703807,袁世凯像壹圆,AU,55,1920,coindata
1211703809,袁世凯像壹圆,AU,55,1914,coindata
1211703811,袁世凯像壹圆,AU,55,1914,coindata
1211703813,袁世凯像壹圆,AU,55,1921,coindata
1211703815,袁世凯像壹圆,AU,55,1914,coindata
1211703817,袁世凯像壹圆,AU,55,1921,coindata
1211703819,袁世凯像壹圆,AU,55,1914,coindata
1211703821,袁世凯像壹圆,AU,55,1920,coindata
1211703823,袁世凯像壹圆,AU,55,1914,coindata
1211703825,袁世凯像壹圆,AU,58,1921,coindata
1211703827,袁世凯像壹圆,AU,58,1914,coindata
1211703829,袁世凯像壹圆,AU,58,1914,coindata
1211208755,奉天省造二角,XF,45,1904,coins.csv
1211209443,喀什宣统元宝伍钱,XF,45,1911,coins.csv
1211209447,新疆饷银五钱,XF,45,1905,coins.csv
1211209567,丝路银币,XF,45,中世纪,coins.csv
1211208755,奉天省造二角,XF,45,1904,coins.csv
1211209447,新疆饷银五钱,XF,45,1905,coins.csv
1211209443,喀什宣统元宝伍钱,XF,45,1911,coins.csv
1211209491,,,,,raw_only
1211508421,,,,,raw_only
1211609223,,,,,raw_only
